{"type":"FeatureCollection","features":[{"type":"Feature","geometry":{"type":"Point","coordinates":[8.02,45.15]},"properties":{"edcs_id":"EDCS-00380245","findspot":"Monteu da Po / Industria","raw_text":"[C(aius)] Cocceius [3 f(ilius)] / Pollia / Quarta Iovonia / Terti f(ilia) / posuit Salvius / Cocceius C(ai) f(ilius)","date_from":1,"date_to":50,"marker_gender":"mixed","is_individual":false,"edcs_url":"https://edcs.hist.uzh.ch/en/document?edcs-id=EDCS-00380245","persons":[{"nomen":"Cocceius","gender":"male","raw_name":"C. Cocceius","praenomen":"Gaius"},{"nomen":"Iovonia","gender":"female","raw_name":"Quarta Iovonia Terti f.","cognomen":"Quarta","status":"filia Terti","cluster_id":532,"cluster_size":2},{"nomen":"Cocceius","gender":"male","raw_name":"Salvius Cocceius C. f.","cognomen":"Salvius","status":"filius Cai","cluster_id":533,"cluster_size":2}]}},{"type":"Feature","geometry":{"type":"Point","coordinates":[8.21,44.9]},"properties":{"edcs_id":"EDCS-00380248","findspot":"Asti / Hasta","raw_text":"C(aius) Genucius C(ai) f(ilius) IIvir a<e=I>d(ilis) / Otatia P(ubli) f(ilia) Tertia uxor / C(aius) Genucius C(ai) f(ilius) f(ilius?) / Sabinus IIvir a<e=I>d(ilis)","date_from":1,"date_to":50,"marker_gender":"mixed","is_individual":false,"edcs_url":"https://edcs.hist.uzh.ch/en/document?edcs-id=EDCS-00380248","persons":[{"nomen":"Genucius","gender":"male","raw_name":"C. Genucius C. f. IIvir a<e=I>d.","praenomen":"Caius","status":"IIvir, aedilis"},{"nomen":"Otatia","gender":"female","raw_name":"Otatia P. f. Tertia","cognomen":"Tertia","status":"filia Publi, uxor"},{"nomen":"Genucius","gender":"male","raw_name":"C. Genucius C. f. f. Sabinus IIvir a<e=I>d.","praenomen":"Caius","cognomen":"Sabinus","status":"filius?, IIvir, aedilis"}]}},{"type":"Feature","geometry":{"type":"Point","coordinates":[8.03,44.69]},"properties":{"edcs_id":"EDCS-02900273","findspot":"Alba / Alba Pompeia","raw_text":"Vennonia / P(ubli) f(ilia) Prima","date_from":1,"date_to":50,"marker_gender":"female","is_individual":false,"edcs_url":"https://edcs.hist.uzh.ch/en/document?edcs-id=EDCS-02900273","persons":[{"nomen":"Vennonia","gender":"female","raw_name":"Vennonia P. f. Prima","cognomen":"Prima","status":"filia Publi"}]}},{"type":"Feature","geometry":{"type":"Point","coordinates":[8.45,45.14]},"properties":{"edcs_id":"EDCS-03000329","findspot":"Casale Monferrato / Vardagate / Vardacate","raw_text":"L(ucio) Herennio L(uci) f(ilio) Pol(lia) / [","date_from":51,"date_to":100,"marker_gender":"male","is_individual":false,"edcs_url":"https://edcs.hist.uzh.ch/en/document?edcs-id=EDCS-03000329","persons":[{"nomen":"Herennius","gender":"male","raw_name":"L. Herennio L. f. Pol.","praenomen":"Lucius","status":"tribus: Pollia"}]}},{"type":"Feature","geometry":{"type":"Point","coordinates":[7.89,44.52]},"properties":{"edcs_id":"EDCS-03000331","findspot":"Piozzo / Augusta Bagiennorum","raw_text":"C(aius) Nev{v}ius / C(ai) f(ilius) V(o)l(tinia) Asus / leg(ionis) IIII","date_from":71,"date_to":150,"marker_gender":"male","is_individual":true,"edcs_url":"https://edcs.hist.uzh.ch/en/document?edcs-id=EDCS-03000331","persons":[{"nomen":"Nevius","gender":"male","raw_name":"C. Nevius C. f. Vl. Asus","praenomen":"Gaius","cognomen":"Asus","status":"tribus: Voltinia, miles legionis IV"}]}},{"type":"Feature","geometry":null,"properties":{"edcs_id":"EDCS-03000417","findspot":"Frossasco / Forum Vibii Caburrum","raw_text":"Aiacis","date_from":null,"date_to":null,"marker_gender":"male","is_individual":true,"edcs_url":"https://edcs.hist.uzh.ch/en/document?edcs-id=EDCS-03000417","persons":[{"nomen":"","gender":"male","raw_name":"Aiacis","cognomen":"Aiax"}]}},{"type":"Feature","geometry":{"type":"Point","coordinates":[8.87,44.9]},"properties":{"edcs_id":"EDCS-03300213","findspot":"Tortona / Dertona","raw_text":"Cn(aeus) Ateius","date_from":null,"date_to":null,"marker_gender":"male","is_individual":false,"edcs_url":"https://edcs.hist.uzh.ch/en/document?edcs-id=EDCS-03300213","persons":[{"nomen":"Ateius","gender":"male","raw_name":"Cn. Ateius","praenomen":"Gnaeus"}]}},{"type":"Feature","geometry":{"type":"Point","coordinates":[8.87,44.9]},"properties":{"edcs_id":"EDCS-03300214","findspot":"Tortona / Dertona","raw_text":"Cn(aei) Atei Eros","date_from":null,"date_to":null,"marker_gender":"male","is_individual":false,"edcs_url":"https://edcs.hist.uzh.ch/en/document?edcs-id=EDCS-03300214","persons":[{"nomen":"Ateius","gender":"male","raw_name":"Cn. Atei Eros","cognomen":"Eros"}]}},{"type":"Feature","geometry":{"type":"Point","coordinates":[8.87,44.9]},"properties":{"edcs_id":"EDCS-03300215","findspot":"Tortona / Dertona","raw_text":"Cn(aei) Atei Sabinus","date_from":null,"date_to":null,"marker_gender":"male","is_individual":false,"edcs_url":"https://edcs.hist.uzh.ch/en/document?edcs-id=EDCS-03300215","persons":[{"nomen":"Ateius","gender":"male","raw_name":"Cn. Atei Sabinus","cognomen":"Sabinus"}]}},{"type":"Feature","geometry":{"type":"Point","coordinates":[8.87,44.9]},"properties":{"edcs_id":"EDCS-03300216","findspot":"Tortona / Dertona","raw_text":"Cn(aeus) Atei(us) Zoilus","date_from":null,"date_to":null,"marker_gender":"male","is_individual":false,"edcs_url":"https://edcs.hist.uzh.ch/en/document?edcs-id=EDCS-03300216","persons":[{"nomen":"Ateius","gender":"male","raw_name":"Cn. Atei(us) Zoilus","praenomen":"Gnaeus","cognomen":"Zoilus"}]}},{"type":"Feature","geometry":{"type":"Point","coordinates":[8.87,44.9]},"properties":{"edcs_id":"EDCS-03300217","findspot":"Tortona / Dertona","raw_text":"Auctus","date_from":null,"date_to":null,"marker_gender":"male","is_individual":false,"edcs_url":"https://edcs.hist.uzh.ch/en/document?edcs-id=EDCS-03300217","persons":[{"nomen":"","gender":"male","raw_name":"Auctus","cognomen":"Auctus"}]}},{"type":"Feature","geometry":{"type":"Point","coordinates":[8.87,44.9]},"properties":{"edcs_id":"EDCS-03300218","findspot":"Tortona / Dertona","raw_text":"Camurius","date_from":null,"date_to":null,"marker_gender":"male","is_individual":false,"edcs_url":"https://edcs.hist.uzh.ch/en/document?edcs-id=EDCS-03300218","persons":[{"nomen":"Camurius","gender":"male","raw_name":"Camurius"}]}},{"type":"Feature","geometry":{"type":"Point","coordinates":[8.87,44.9]},"properties":{"edcs_id":"EDCS-03300219","findspot":"Tortona / Dertona","raw_text":"Primus Carpi","date_from":null,"date_to":null,"marker_gender":"male","is_individual":false,"edcs_url":"https://edcs.hist.uzh.ch/en/document?edcs-id=EDCS-03300219","persons":[{"nomen":"","gender":"male","raw_name":"Primus","cognomen":"Primus","cluster_id":1210,"cluster_size":4,"cluster_confidence":"low"},{"nomen":"","gender":"male","raw_name":"Carpi","cognomen":"Carpus"}]}},{"type":"Feature","geometry":{"type":"Point","coordinates":[8.87,44.9]},"properties":{"edcs_id":"EDCS-03300220","findspot":"Tortona / Dertona","raw_text":"Clemens","date_from":null,"date_to":null,"marker_gender":"male","is_individual":false,"edcs_url":"https://edcs.hist.uzh.ch/en/document?edcs-id=EDCS-03300220","persons":[{"nomen":"","gender":"male","raw_name":"Clemens","cognomen":"Clemens","cluster_id":1212,"cluster_size":2,"cluster_confidence":"low"}]}},{"type":"Feature","geometry":{"type":"Point","coordinates":[8.87,44.9]},"properties":{"edcs_id":"EDCS-03300221","findspot":"Tortona / Dertona","raw_text":"Crestus","date_from":null,"date_to":null,"marker_gender":"male","is_individual":false,"edcs_url":"https://edcs.hist.uzh.ch/en/document?edcs-id=EDCS-03300221","persons":[{"nomen":"","gender":"male","raw_name":"Crestus","cognomen":"Crestus"}]}},{"type":"Feature","geometry":{"type":"Point","coordinates":[8.87,44.9]},"properties":{"edcs_id":"EDCS-03300222","findspot":"Tortona / Dertona","raw_text":"Dasius","date_from":null,"date_to":null,"marker_gender":"male","is_individual":false,"edcs_url":"https://edcs.hist.uzh.ch/en/document?edcs-id=EDCS-03300222","persons":[{"nomen":"","gender":"male","raw_name":"Dasius","cognomen":"Dasius"}]}},{"type":"Feature","geometry":{"type":"Point","coordinates":[8.87,44.9]},"properties":{"edcs_id":"EDCS-03300223","findspot":"Tortona / Dertona","raw_text":"L(ucius) Gellius","date_from":null,"date_to":null,"marker_gender":"male","is_individual":false,"edcs_url":"https://edcs.hist.uzh.ch/en/document?edcs-id=EDCS-03300223","persons":[{"nomen":"Gellius","gender":"male","raw_name":"L. Gellius","praenomen":"Lucius"}]}},{"type":"Feature","geometry":{"type":"Point","coordinates":[8.87,44.9]},"properties":{"edcs_id":"EDCS-03300224","findspot":"Tortona / Dertona","raw_text":"Hilarus","date_from":null,"date_to":null,"marker_gender":"male","is_individual":false,"edcs_url":"https://edcs.hist.uzh.ch/en/document?edcs-id=EDCS-03300224","persons":[{"nomen":"","gender":"male","raw_name":"Hilarus","cognomen":"Hilarus"}]}},{"type":"Feature","geometry":{"type":"Point","coordinates":[8.87,44.9]},"properties":{"edcs_id":"EDCS-03300225","findspot":"Tortona / Dertona","raw_text":"Q(uintus) L() E()","date_from":null,"date_to":null,"marker_gender":"male","is_individual":false,"edcs_url":"https://edcs.hist.uzh.ch/en/document?edcs-id=EDCS-03300225","persons":[{"nomen":"","gender":"male","raw_name":"Q. L() E()","praenomen":"Quintus"}]}},{"type":"Feature","geometry":{"type":"Point","coordinates":[8.87,44.9]},"properties":{"edcs_id":"EDCS-03300226","findspot":"Tortona / Dertona","raw_text":"Lucrio","date_from":null,"date_to":null,"marker_gender":"male","is_individual":false,"edcs_url":"https://edcs.hist.uzh.ch/en/document?edcs-id=EDCS-03300226","persons":[{"nomen":"","gender":"male","raw_name":"Lucrio","cognomen":"Lucrio"}]}},{"type":"Feature","geometry":{"type":"Point","coordinates":[8.87,44.9]},"properties":{"edcs_id":"EDCS-03300227","findspot":"Tortona / Dertona","raw_text":"C(aius) Murrius Primigenius","date_from":null,"date_to":null,"marker_gender":"male","is_individual":false,"edcs_url":"https://edcs.hist.uzh.ch/en/document?edcs-id=EDCS-03300227","persons":[{"nomen":"Murrius","gender":"male","raw_name":"C. Murrius Primigenius","praenomen":"Gaius","cognomen":"Primigenius"}]}},{"type":"Feature","geometry":{"type":"Point","coordinates":[8.87,44.9]},"properties":{"edcs_id":"EDCS-03300228","findspot":"Tortona / Dertona","raw_text":"Nico","date_from":null,"date_to":null,"marker_gender":"male","is_individual":false,"edcs_url":"https://edcs.hist.uzh.ch/en/document?edcs-id=EDCS-03300228","persons":[{"nomen":"","gender":"male","raw_name":"Nico","cognomen":"Nico"}]}},{"type":"Feature","geometry":{"type":"Point","coordinates":[8.87,44.9]},"properties":{"edcs_id":"EDCS-03300229","findspot":"Tortona / Dertona","raw_text":"C(aius) P() P()","date_from":null,"date_to":null,"marker_gender":"male","is_individual":false,"edcs_url":"https://edcs.hist.uzh.ch/en/document?edcs-id=EDCS-03300229","persons":[{"nomen":"","gender":"male","raw_name":"C. P() P()","praenomen":"Gaius"}]}},{"type":"Feature","geometry":{"type":"Point","coordinates":[8.87,44.9]},"properties":{"edcs_id":"EDCS-03300230","findspot":"Tortona / Dertona","raw_text":"Pass(ius) Telamo","date_from":null,"date_to":null,"marker_gender":"male","is_individual":false,"edcs_url":"https://edcs.hist.uzh.ch/en/document?edcs-id=EDCS-03300230","persons":[{"nomen":"Passius","gender":"male","raw_name":"Pass. Telamo","cognomen":"Telamo"}]}},{"type":"Feature","geometry":{"type":"Point","coordinates":[8.87,44.9]},"properties":{"edcs_id":"EDCS-03300231","findspot":"Tortona / Dertona","raw_text":"M(arcus) Perennius Crescens","date_from":null,"date_to":null,"marker_gender":"male","is_individual":false,"edcs_url":"https://edcs.hist.uzh.ch/en/document?edcs-id=EDCS-03300231","persons":[{"nomen":"Perennius","gender":"male","raw_name":"M. Perennius Crescens","praenomen":"Marcus","cognomen":"Crescens"}]}},{"type":"Feature","geometry":{"type":"Point","coordinates":[8.87,44.9]},"properties":{"edcs_id":"EDCS-03300233","findspot":"Tortona / Dertona","raw_text":"Philomusus","date_from":null,"date_to":null,"marker_gender":"male","is_individual":false,"edcs_url":"https://edcs.hist.uzh.ch/en/document?edcs-id=EDCS-03300233","persons":[{"nomen":"","gender":"male","raw_name":"Philomusus","cognomen":"Philomusus"}]}},{"type":"Feature","geometry":{"type":"Point","coordinates":[8.87,44.9]},"properties":{"edcs_id":"EDCS-03300234","findspot":"Tortona / Dertona","raw_text":"Primus","date_from":null,"date_to":null,"marker_gender":"male","is_individual":false,"edcs_url":"https://edcs.hist.uzh.ch/en/document?edcs-id=EDCS-03300234","persons":[{"nomen":"","gender":"male","raw_name":"Primus","cognomen":"Primus","cluster_id":1210,"cluster_size":4,"cluster_confidence":"low"}]}},{"type":"Feature","geometry":{"type":"Point","coordinates":[8.87,44.9]},"properties":{"edcs_id":"EDCS-03300235","findspot":"Tortona / Dertona","raw_text":"L() Roman(us?)","date_from":null,"date_to":null,"marker_gender":"male","is_individual":false,"edcs_url":"https://edcs.hist.uzh.ch/en/document?edcs-id=EDCS-03300235","persons":[{"nomen":"Romanus","gender":"male","raw_name":"L() Roman(us?)","praenomen":"Lucius"}]}},{"type":"Feature","geometry":{"type":"Point","coordinates":[8.87,44.9]},"properties":{"edcs_id":"EDCS-03300236","findspot":"Tortona / Dertona","raw_text":"L(ucius) Ruf(ius?) Acer","date_from":null,"date_to":null,"marker_gender":"male","is_individual":false,"edcs_url":"https://edcs.hist.uzh.ch/en/document?edcs-id=EDCS-03300236","persons":[{"nomen":"Rufius","gender":"male","raw_name":"L(ucius) Ruf(ius?) Acer","praenomen":"Lucius","cognomen":"Acer"}]}},{"type":"Feature","geometry":{"type":"Point","coordinates":[8.87,44.9]},"properties":{"edcs_id":"EDCS-03300237","findspot":"Tortona / Dertona","raw_text":"Saturninus","date_from":null,"date_to":null,"marker_gender":"male","is_individual":false,"edcs_url":"https://edcs.hist.uzh.ch/en/document?edcs-id=EDCS-03300237","persons":[{"nomen":"","gender":"male","raw_name":"Saturninus","cognomen":"Saturninus"}]}},{"type":"Feature","geometry":{"type":"Point","coordinates":[8.87,44.9]},"properties":{"edcs_id":"EDCS-03300238","findspot":"Tortona / Dertona","raw_text":"Seleucus","date_from":null,"date_to":null,"marker_gender":"male","is_individual":false,"edcs_url":"https://edcs.hist.uzh.ch/en/document?edcs-id=EDCS-03300238","persons":[{"nomen":"","gender":"male","raw_name":"Seleucus","cognomen":"Seleucus"}]}},{"type":"Feature","geometry":{"type":"Point","coordinates":[8.87,44.9]},"properties":{"edcs_id":"EDCS-03300239","findspot":"Tortona / Dertona","raw_text":"C(aius) Sertorius Ocella","date_from":null,"date_to":null,"marker_gender":"male","is_individual":false,"edcs_url":"https://edcs.hist.uzh.ch/en/document?edcs-id=EDCS-03300239","persons":[{"nomen":"Sertorius","gender":"male","raw_name":"C. Sertorius Ocella","praenomen":"Gaius","cognomen":"Ocella"}]}},{"type":"Feature","geometry":{"type":"Point","coordinates":[8.87,44.9]},"properties":{"edcs_id":"EDCS-03300240","findspot":"Tortona / Dertona","raw_text":"Q(uintus) Sertorius","date_from":null,"date_to":null,"marker_gender":"male","is_individual":false,"edcs_url":"https://edcs.hist.uzh.ch/en/document?edcs-id=EDCS-03300240","persons":[{"nomen":"Sertorius","gender":"male","raw_name":"Q. Sertorius","praenomen":"Quintus"}]}},{"type":"Feature","geometry":{"type":"Point","coordinates":[8.87,44.9]},"properties":{"edcs_id":"EDCS-03300241","findspot":"Tortona / Dertona","raw_text":"A(ulus) Sestius Dama","date_from":null,"date_to":null,"marker_gender":"male","is_individual":false,"edcs_url":"https://edcs.hist.uzh.ch/en/document?edcs-id=EDCS-03300241","persons":[{"nomen":"Sestius","gender":"male","raw_name":"A. Sestius Dama","praenomen":"Aulus","cognomen":"Dama"}]}},{"type":"Feature","geometry":{"type":"Point","coordinates":[8.87,44.9]},"properties":{"edcs_id":"EDCS-03300242","findspot":"Tortona / Dertona","raw_text":"Severus","date_from":null,"date_to":null,"marker_gender":"male","is_individual":false,"edcs_url":"https://edcs.hist.uzh.ch/en/document?edcs-id=EDCS-03300242","persons":[{"nomen":"","gender":"male","raw_name":"Severus","cognomen":"Severus","cluster_id":1209,"cluster_size":2,"cluster_confidence":"low"}]}},{"type":"Feature","geometry":{"type":"Point","coordinates":[8.87,44.9]},"properties":{"edcs_id":"EDCS-03300243","findspot":"Tortona / Dertona","raw_text":"C(aius) T() A()","date_from":null,"date_to":null,"marker_gender":"male","is_individual":false,"edcs_url":"https://edcs.hist.uzh.ch/en/document?edcs-id=EDCS-03300243","persons":[{"nomen":"","gender":"male","raw_name":"C. T() A()","praenomen":"Gaius"}]}},{"type":"Feature","geometry":{"type":"Point","coordinates":[8.87,44.9]},"properties":{"edcs_id":"EDCS-03300244","findspot":"Tortona / Dertona","raw_text":"Fes(tus) C() T()","date_from":null,"date_to":null,"marker_gender":"male","is_individual":false,"edcs_url":"https://edcs.hist.uzh.ch/en/document?edcs-id=EDCS-03300244","persons":[{"nomen":"","gender":"male","raw_name":"Fes(tus) C() T()","cognomen":"Festus"}]}},{"type":"Feature","geometry":{"type":"Point","coordinates":[8.87,44.9]},"properties":{"edcs_id":"EDCS-03300245","findspot":"Tortona / Dertona","raw_text":"C(aius) T() P()","date_from":null,"date_to":null,"marker_gender":"male","is_individual":false,"edcs_url":"https://edcs.hist.uzh.ch/en/document?edcs-id=EDCS-03300245","persons":[{"nomen":"","gender":"male","raw_name":"C. T() P()","praenomen":"Gaius"}]}},{"type":"Feature","geometry":{"type":"Point","coordinates":[8.87,44.9]},"properties":{"edcs_id":"EDCS-03300246","findspot":"Tortona / Dertona","raw_text":"A(ulus) Tinius","date_from":null,"date_to":null,"marker_gender":"male","is_individual":false,"edcs_url":"https://edcs.hist.uzh.ch/en/document?edcs-id=EDCS-03300246","persons":[{"nomen":"Tinius","gender":"male","raw_name":"A. Tinius","praenomen":"Aulus"}]}},{"type":"Feature","geometry":{"type":"Point","coordinates":[8.87,44.9]},"properties":{"edcs_id":"EDCS-03300247","findspot":"Tortona / Dertona","raw_text":"T(iti) Turi","date_from":null,"date_to":null,"marker_gender":"male","is_individual":false,"edcs_url":"https://edcs.hist.uzh.ch/en/document?edcs-id=EDCS-03300247","persons":[{"nomen":"Turius","gender":"male","raw_name":"T. Turi"}]}},{"type":"Feature","geometry":{"type":"Point","coordinates":[8.87,44.9]},"properties":{"edcs_id":"EDCS-03300248","findspot":"Tortona / Dertona","raw_text":"Vibienus","date_from":null,"date_to":null,"marker_gender":"male","is_individual":false,"edcs_url":"https://edcs.hist.uzh.ch/en/document?edcs-id=EDCS-03300248","persons":[{"nomen":"Vibienus","gender":"male","raw_name":"Vibienus"}]}},{"type":"Feature","geometry":{"type":"Point","coordinates":[8.87,44.9]},"properties":{"edcs_id":"EDCS-03300249","findspot":"Tortona / Dertona","raw_text":"Diomedes Vibi","date_from":null,"date_to":null,"marker_gender":"male","is_individual":false,"edcs_url":"https://edcs.hist.uzh.ch/en/document?edcs-id=EDCS-03300249","persons":[{"nomen":"","gender":"male","raw_name":"Diomedes","cognomen":"Diomedes"},{"nomen":"Vibius","gender":"male","raw_name":"Vibi"}]}},{"type":"Feature","geometry":{"type":"Point","coordinates":[8.87,44.9]},"properties":{"edcs_id":"EDCS-03300250","findspot":"Tortona / Dertona","raw_text":"L(ucius) Vic()","date_from":null,"date_to":null,"marker_gender":"male","is_individual":false,"edcs_url":"https://edcs.hist.uzh.ch/en/document?edcs-id=EDCS-03300250","persons":[{"nomen":"","gender":"male","raw_name":"L. Vic()","praenomen":"Lucius"}]}},{"type":"Feature","geometry":{"type":"Point","coordinates":[8.87,44.9]},"properties":{"edcs_id":"EDCS-03300251","findspot":"Tortona / Dertona","raw_text":"Passienus(?)","date_from":null,"date_to":null,"marker_gender":"male","is_individual":false,"edcs_url":"https://edcs.hist.uzh.ch/en/document?edcs-id=EDCS-03300251","persons":[{"nomen":"Passienus","gender":"male","raw_name":"Passienus"}]}},{"type":"Feature","geometry":{"type":"Point","coordinates":[8.87,44.9]},"properties":{"edcs_id":"EDCS-03300252","findspot":"Tortona / Dertona","raw_text":"Salvetu(s) / Vitalis","date_from":null,"date_to":null,"marker_gender":"male","is_individual":false,"edcs_url":"https://edcs.hist.uzh.ch/en/document?edcs-id=EDCS-03300252","persons":[{"nomen":"","gender":"male","raw_name":"Salvetu(s)","cognomen":"Salvetus"},{"nomen":"","gender":"male","raw_name":"Vitalis","cognomen":"Vitalis"}]}},{"type":"Feature","geometry":{"type":"Point","coordinates":[8.05,45.05]},"properties":{"edcs_id":"EDCS-03300255","findspot":"Piova Massaia","raw_text":"] Vertius Sp(uri) f(ilius) Pol(lia) Nig[er] / anno(rum) XXXX / C(aius) Vertius Nigri f(ilius) / anno(rum) V","date_from":-30,"date_to":30,"marker_gender":"male","is_individual":true,"edcs_url":"https://edcs.hist.uzh.ch/en/document?edcs-id=EDCS-03300255","persons":[{"nomen":"Vertius","gender":"male","raw_name":"Vertius Sp. f. Pol. Nig[er]","cognomen":"Niger","status":"tribus: Pollia"},{"nomen":"Vertius","gender":"male","raw_name":"C. Vertius Nigri f.","praenomen":"Gaius","status":"filius Nigri"}]}},{"type":"Feature","geometry":{"type":"Point","coordinates":[7.98,44.43]},"properties":{"edcs_id":"EDCS-03300259","findspot":"Castellino Tanaro","raw_text":"[3] Caelius(?) / M(arci) f(ilius) Pob(lilia) / Calvisio","date_from":1,"date_to":50,"marker_gender":"male","is_individual":false,"edcs_url":"https://edcs.hist.uzh.ch/en/document?edcs-id=EDCS-03300259","persons":[{"nomen":"Caelius","gender":"male","raw_name":"Caelius(?) M. f. Pob. Calvisio","cognomen":"Calvisio","status":"filia Marci"}]}},{"type":"Feature","geometry":{"type":"Point","coordinates":[7.71,44.42]},"properties":{"edcs_id":"EDCS-03300261","findspot":"Morozzo / Augusta Bagiennorum","raw_text":"]AM[3] / P(ubli) f(ilius) Cam(ilia) [3] / Optat[us","date_from":71,"date_to":200,"marker_gender":"male","is_individual":false,"edcs_url":"https://edcs.hist.uzh.ch/en/document?edcs-id=EDCS-03300261","persons":[{"nomen":"","gender":"male","raw_name":"Optat[us","cognomen":"Optatus","status":"tribus: Camilia"}]}},{"type":"Feature","geometry":{"type":"Point","coordinates":[7.6,43.79]},"properties":{"edcs_id":"EDCS-03300264","findspot":"Ventimiglia / Albintimilium","raw_text":"Di(s) M(anibus) NONIECA[3] / fili(a)e v<i=E>rgini MEI[3]","date_from":null,"date_to":null,"marker_gender":"female","is_individual":false,"edcs_url":"https://edcs.hist.uzh.ch/en/document?edcs-id=EDCS-03300264","persons":[{"nomen":"Nonia","gender":"female","raw_name":"NONIECA[3] fili(a)e","status":"filia"}]}},{"type":"Feature","geometry":{"type":"Point","coordinates":[8.88,44.98]},"properties":{"edcs_id":"EDCS-03700268","findspot":"Castelnuovo Scrivia / Dertona","raw_text":"[D(is)] M(anibus) / [C]n(aei) Atti / [Iul]iani(?) / [","date_from":151,"date_to":300,"marker_gender":"male","is_individual":true,"edcs_url":"https://edcs.hist.uzh.ch/en/document?edcs-id=EDCS-03700268","persons":[{"nomen":"Attius","gender":"male","raw_name":"[D. M.] [C]n. Atti [Iul]iani(?)","praenomen":"Gnaeus","cognomen":"Iulianus"}]}},{"type":"Feature","geometry":{"type":"Point","coordinates":[7.59,44.46]},"properties":{"edcs_id":"EDCS-03700271","findspot":"Roata Chiusani","raw_text":"Vireia M(arci) f(ilia) / Secunda","date_from":1,"date_to":50,"marker_gender":"female","is_individual":true,"edcs_url":"https://edcs.hist.uzh.ch/en/document?edcs-id=EDCS-03700271","persons":[{"nomen":"Vireia","gender":"female","raw_name":"Vireia M. f. Secunda","cognomen":"Secunda","status":"filia Marci"}]}},{"type":"Feature","geometry":{"type":"Point","coordinates":[8.02,44.2]},"properties":{"edcs_id":"EDCS-03700272","findspot":"Garessio","raw_text":"] / T(itus) L(ucius) Valeri / C(ai?) f(ilii?)","date_from":1,"date_to":100,"marker_gender":"male","is_individual":false,"edcs_url":"https://edcs.hist.uzh.ch/en/document?edcs-id=EDCS-03700272","persons":[{"nomen":"Valerius","gender":"male","raw_name":"T. L. Valeri C. f.","praenomen":"Titus"}]}},{"type":"Feature","geometry":{"type":"Point","coordinates":[7.86,44.65]},"properties":{"edcs_id":"EDCS-03700273","findspot":"Pontarotto, Cherasco / Augusta Bagiennorum","raw_text":"Sex(ti) Messi L(uci) f(ilii) v(ivi?) / Cam(ilia) Veltavi / Sex(ti) Messi Sex(ti) f(ilii) / Cam(ilia) Maxsumi(!) / Vibia T(iti) f(ilia) Polla / ux{s}or","date_from":1,"date_to":100,"marker_gender":"mixed","is_individual":false,"edcs_url":"https://edcs.hist.uzh.ch/en/document?edcs-id=EDCS-03700273","persons":[{"nomen":"Messius","gender":"male","raw_name":"Sex. Messi Veltavi","praenomen":"Sextus","cognomen":"Veltavus","status":"tribus: Camilia"},{"nomen":"Messius","gender":"male","raw_name":"Sex. Messi Maxsumi","praenomen":"Sextus","cognomen":"Maxsumus","status":"tribus: Camilia"},{"nomen":"Vibia","gender":"female","raw_name":"Vibia T. f. Polla","cognomen":"Polla","status":"filia Titi, uxor"}]}},{"type":"Feature","geometry":{"type":"Point","coordinates":[7.83,44.54]},"properties":{"edcs_id":"EDCS-03700274","findspot":"Bene Vagienna / Augusta Bagiennorum","raw_text":"Mantia C(ai) f(ilia) / Prisca M(arco) [3] / Mantis fratri / fili[o e]t [","date_from":1,"date_to":200,"marker_gender":"mixed","is_individual":false,"edcs_url":"https://edcs.hist.uzh.ch/en/document?edcs-id=EDCS-03700274","persons":[{"nomen":"Mantia","gender":"female","raw_name":"Mantia C. f. Prisca","praenomen":"Gaius","cognomen":"Prisca","status":"frater Mantis"},{"nomen":"","gender":"male","raw_name":"Mantis","cognomen":"Mantis","status":"frater"}]}},{"type":"Feature","geometry":{"type":"Point","coordinates":[7.83,44.54]},"properties":{"edcs_id":"EDCS-03700275","findspot":"Bene Vagienna / Augusta Bagiennorum","raw_text":"C(aius) Antonius / [3] Cam(ilia) / [Qu]intellus(?) / [","date_from":1,"date_to":200,"marker_gender":"male","is_individual":false,"edcs_url":"https://edcs.hist.uzh.ch/en/document?edcs-id=EDCS-03700275","persons":[{"nomen":"Antonius","gender":"male","raw_name":"C. Antonius Cam. Quintellus(?)","praenomen":"Gaius","status":"tribus: Camilia"}]}},{"type":"Feature","geometry":{"type":"Point","coordinates":[7.48,44.52]},"properties":{"edcs_id":"EDCS-03700278","findspot":"Stura / Augusta Bagiennorum","raw_text":"[Cons(ulatu) Opilio]nis(?) v(iri) c(larissimi) / [3]O s(u)b ac(tore) / [3 S]abino c(onductore)","date_from":null,"date_to":null,"marker_gender":"male","is_individual":false,"edcs_url":"https://edcs.hist.uzh.ch/en/document?edcs-id=EDCS-03700278","persons":[{"nomen":"","gender":"male","raw_name":"[Cons. Opilio]nis","cognomen":"Opilio","status":"vir clarissimus"},{"nomen":"","gender":"male","raw_name":"[S]abino","cognomen":"Sabinus","status":"conductor"}]}},{"type":"Feature","geometry":{"type":"Point","coordinates":[7.6,43.79]},"properties":{"edcs_id":"EDCS-04900310","findspot":"Ventimiglia / Albintimilium","raw_text":"D(is) M(anibus) / Aemilius Sec/undinus Aemi/lio Thelonic(o) / ob m(erita) f(ecit)","date_from":1,"date_to":200,"marker_gender":"male","is_individual":false,"edcs_url":"https://edcs.hist.uzh.ch/en/document?edcs-id=EDCS-04900310","persons":[{"nomen":"Aemilius","gender":"male","raw_name":"Aemilius Secundinus","cognomen":"Secundinus","cluster_id":817,"cluster_size":2},{"nomen":"Aemilius","gender":"male","raw_name":"Aemilio Thelonic(o)","cognomen":"Thelonicus","cluster_id":818,"cluster_size":2}]}},{"type":"Feature","geometry":{"type":"Point","coordinates":[7.6,43.79]},"properties":{"edcs_id":"EDCS-04900315","findspot":"Ventimiglia / Albintimilium","raw_text":"[D(is)] M(anibus) / [1 Fl]avio / [Lu]cretia/no marito ca/rissimo Iulia Fu/[sc]ina u[xo]r fecit","date_from":101,"date_to":300,"marker_gender":"mixed","is_individual":false,"edcs_url":"https://edcs.hist.uzh.ch/en/document?edcs-id=EDCS-04900315","persons":[{"nomen":"Flavius","gender":"male","raw_name":"[Fl]avio [Lu]cretiano","cognomen":"Lucretianus","status":"maritus"},{"nomen":"Iulia","gender":"female","raw_name":"Iulia Fu[sc]ina","cognomen":"Fuscina","status":"uxor"}]}},{"type":"Feature","geometry":{"type":"Point","coordinates":[7.6,43.79]},"properties":{"edcs_id":"EDCS-04900318","findspot":"Ventimiglia / Albintimilium","raw_text":"Liciniae / Amoenae","date_from":1,"date_to":200,"marker_gender":"female","is_individual":false,"edcs_url":"https://edcs.hist.uzh.ch/en/document?edcs-id=EDCS-04900318","persons":[{"nomen":"Licinia","gender":"female","raw_name":"Liciniae Amoenae","cognomen":"Amoena","cluster_id":801,"cluster_size":2}]}},{"type":"Feature","geometry":{"type":"Point","coordinates":[7.6,43.79]},"properties":{"edcs_id":"EDCS-04900322","findspot":"Ventimiglia / Albintimilium","raw_text":"[No]vicia [3] / d(is) M(anibus) / [con]iugi m[e]/[r]enti Sex(to?) S() / [I]anuario","date_from":201,"date_to":300,"marker_gender":"mixed","is_individual":false,"edcs_url":"https://edcs.hist.uzh.ch/en/document?edcs-id=EDCS-04900322","persons":[{"nomen":"","gender":"female","raw_name":"[No]vicia","cognomen":"Novicia","cluster_id":1316,"cluster_size":2,"cluster_confidence":"low"},{"nomen":"","gender":"male","raw_name":"Sex. [I]anuario","praenomen":"Sextus","cognomen":"Ianuarius","cluster_id":1317,"cluster_size":2,"cluster_confidence":"low"}]}},{"type":"Feature","geometry":{"type":"Point","coordinates":[7.6,43.79]},"properties":{"edcs_id":"EDCS-04900324","findspot":"Ventimiglia / Albintimilium","raw_text":"D(is) M(anibus) / [S]extiliae Paternae / coniugi pientissim(a)e / qu(a)e vixit ann(is) XXVIIII / mensibus III dieb(us) V / horis VIIII","date_from":151,"date_to":250,"marker_gender":"female","is_individual":false,"edcs_url":"https://edcs.hist.uzh.ch/en/document?edcs-id=EDCS-04900324","persons":[{"nomen":"Sextilia","gender":"female","raw_name":"[S]extiliae Paternae","cognomen":"Paterna","status":"coniux, pia","cluster_id":802,"cluster_size":2}]}},{"type":"Feature","geometry":{"type":"Point","coordinates":[7.59,44.09]},"properties":{"edcs_id":"EDCS-04900648","findspot":"Tende / Albintimilium","raw_text":"Ditio Betu(s) / pedicatus","date_from":31,"date_to":100,"marker_gender":"male","is_individual":true,"edcs_url":"https://edcs.hist.uzh.ch/en/document?edcs-id=EDCS-04900648","persons":[{"nomen":"","gender":"male","raw_name":"Ditio","cognomen":"Ditio"},{"nomen":"","gender":"male","raw_name":"Betu(s)","cognomen":"Betus"}]}},{"type":"Feature","geometry":{"type":"Point","coordinates":[7.82,45.01]},"properties":{"edcs_id":"EDCS-05000261","findspot":"Chieri / Carreum Potentia","raw_text":"Volta Tatia T(iti) l(iberta)","date_from":-100,"date_to":-1,"marker_gender":"female","is_individual":false,"edcs_url":"https://edcs.hist.uzh.ch/en/document?edcs-id=EDCS-05000261","persons":[{"nomen":"Volta","gender":"female","raw_name":"Volta Tatia T. l.","cognomen":"Tatia","status":"liberta Titi","cluster_id":410,"cluster_size":2}]}},{"type":"Feature","geometry":{"type":"Point","coordinates":[8.47,44.68]},"properties":{"edcs_id":"EDCS-05000266","findspot":"Acqui Terme / Aquae Statiellae","raw_text":"Mercurio / Aug(usto) / Q(uintus) Salvius / Germanius / v(otum) s(olvit) l(ibens) m(erito)","date_from":1,"date_to":50,"marker_gender":"male","is_individual":false,"edcs_url":"https://edcs.hist.uzh.ch/en/document?edcs-id=EDCS-05000266","persons":[{"nomen":"Salvius","gender":"male","raw_name":"Q. Salvius Germanius","praenomen":"Quintus","cognomen":"Germanius","status":"votum solvit libens merito"}]}},{"type":"Feature","geometry":{"type":"Point","coordinates":[8.51,44.34]},"properties":{"edcs_id":"EDCS-05000269","findspot":"Albisola Superiore / Albisola / Alba Docilia","raw_text":"M(arcus) Cotius / Terti f(ilius) / sibi et suis / viv<u=O>s fecit","date_from":-100,"date_to":-1,"marker_gender":"male","is_individual":true,"edcs_url":"https://edcs.hist.uzh.ch/en/document?edcs-id=EDCS-05000269","persons":[{"nomen":"Cotius","gender":"male","raw_name":"M. Cotius Terti f. sibi et suis viv<u=O>s fecit","praenomen":"Marcus"}]}},{"type":"Feature","geometry":{"type":"Point","coordinates":[7.82,44.39]},"properties":{"edcs_id":"EDCS-05200230","findspot":"Mondovi","raw_text":"T(itus) Voconi(us) T(iti) f(ilius) Iucun(dus) / vi(xit) a(nnos) XV","date_from":51,"date_to":200,"marker_gender":"male","is_individual":false,"edcs_url":"https://edcs.hist.uzh.ch/en/document?edcs-id=EDCS-05200230","persons":[{"nomen":"Voconius","gender":"male","raw_name":"T. Voconius T. f. Iucundus","praenomen":"Titus","cognomen":"Iucundus","status":"filius Titi","cluster_id":573,"cluster_size":2}]}},{"type":"Feature","geometry":{"type":"Point","coordinates":[8.22,44.05]},"properties":{"edcs_id":"EDCS-05200232","findspot":"Albenga / Albingaunum","raw_text":"S(an)c(tu)s [3] fecit","date_from":null,"date_to":null,"marker_gender":"unknown","is_individual":false,"edcs_url":"https://edcs.hist.uzh.ch/en/document?edcs-id=EDCS-05200232","persons":[{"nomen":"","gender":"unknown","raw_name":"Sanctus","cognomen":"Sanctus"}]}},{"type":"Feature","geometry":{"type":"Point","coordinates":[7.6,43.78]},"properties":{"edcs_id":"EDCS-05200240","findspot":"Ventimiglia / Albintimilium","raw_text":"Antonia / Anoptenis l(iberta) / Isias","date_from":-31,"date_to":200,"marker_gender":"female","is_individual":false,"edcs_url":"https://edcs.hist.uzh.ch/en/document?edcs-id=EDCS-05200240","persons":[{"nomen":"Antonia","gender":"female","raw_name":"Antonia Anoptenis l. Isias","cognomen":"Isias","status":"liberta Anoptenis"}]}},{"type":"Feature","geometry":{"type":"Point","coordinates":[7.6,43.78]},"properties":{"edcs_id":"EDCS-05200241","findspot":"Ventimiglia / Albintimilium","raw_text":"L(ucius) Flavius / L(uci) l(ibertus) / Primigenius","date_from":71,"date_to":200,"marker_gender":"male","is_individual":false,"edcs_url":"https://edcs.hist.uzh.ch/en/document?edcs-id=EDCS-05200241","persons":[{"nomen":"Flavius","gender":"male","raw_name":"L. Flavius L. l. Primigenius","praenomen":"Lucius","cognomen":"Primigenius","status":"libertus Lucii"}]}},{"type":"Feature","geometry":{"type":"Point","coordinates":[7.6,43.78]},"properties":{"edcs_id":"EDCS-05200242","findspot":"Ventimiglia / Albintimilium","raw_text":"M(arcus) Mallo/nius Lalus / sibi et suis / et Aureliae Synemne uxori v(ivus) f(ecit)","date_from":51,"date_to":200,"marker_gender":"mixed","is_individual":false,"edcs_url":"https://edcs.hist.uzh.ch/en/document?edcs-id=EDCS-05200242","persons":[{"nomen":"Mallonius","gender":"male","raw_name":"M. Mallonius Lalus","praenomen":"Marcus","cognomen":"Lalus"},{"nomen":"Aurelia","gender":"female","raw_name":"Aureliae Synemne","cognomen":"Synemne","status":"uxor"}]}},{"type":"Feature","geometry":{"type":"Point","coordinates":[7.6,43.78]},"properties":{"edcs_id":"EDCS-05200243","findspot":"Ventimiglia / Albintimilium","raw_text":"M(arcus) Plautius La[3]tianus fec(it)","date_from":51,"date_to":200,"marker_gender":"male","is_individual":false,"edcs_url":"https://edcs.hist.uzh.ch/en/document?edcs-id=EDCS-05200243","persons":[{"nomen":"Plautius","gender":"male","raw_name":"M. Plautius La[3]tianus","praenomen":"Marcus","cognomen":"Latianus"}]}},{"type":"Feature","geometry":{"type":"Point","coordinates":[8.02,45.15]},"properties":{"edcs_id":"EDCS-05400395","findspot":"Monteu da Po / Industria","raw_text":"Genio / M(arci) Cassii / M(arcus) Satrius / Vitulus h(eres) c(uravit)","date_from":101,"date_to":200,"marker_gender":"male","is_individual":false,"edcs_url":"https://edcs.hist.uzh.ch/en/document?edcs-id=EDCS-05400395","persons":[{"nomen":"Cassius","gender":"male","raw_name":"M. Cassii","praenomen":"Marcus"},{"nomen":"Satrius","gender":"male","raw_name":"M. Satrius Vitulus","praenomen":"Marcus","cognomen":"Vitulus","status":"heres"}]}},{"type":"Feature","geometry":{"type":"Point","coordinates":[8.02,45.15]},"properties":{"edcs_id":"EDCS-05400396","findspot":"Monteu da Po / Industria","raw_text":"G(enio) Meropis / n(ostri) / Trophimus / ser(vus)","date_from":101,"date_to":200,"marker_gender":"male","is_individual":false,"edcs_url":"https://edcs.hist.uzh.ch/en/document?edcs-id=EDCS-05400396","persons":[{"nomen":"","gender":"male","raw_name":"Trophimus","cognomen":"Trophimus","status":"servus","cluster_id":1145,"cluster_size":2,"cluster_confidence":"low"}]}},{"type":"Feature","geometry":{"type":"Point","coordinates":[8.02,45.15]},"properties":{"edcs_id":"EDCS-05400409","findspot":"Monteu da Po / Industria","raw_text":"M(arco) Cocceio M(arci) f(ilio) / Pol(lia) Severo / prim(o) pilo leg(ionis) VIIII / Hispanae / praefecto leg(ionis) X Geminae / Cinnamus l(ibertus)","date_from":101,"date_to":200,"marker_gender":"male","is_individual":false,"edcs_url":"https://edcs.hist.uzh.ch/en/document?edcs-id=EDCS-05400409","persons":[{"nomen":"Cocceius","gender":"male","raw_name":"M. Cocceio M. f. Pol. Severo","praenomen":"Marcus","cognomen":"Severus","status":"tribus: Pollia, primus pilus legionis VIIII Hispanae, praefectus legionis X Geminae"},{"nomen":"","gender":"male","raw_name":"Cinnamus","cognomen":"Cinnamus","status":"libertus"}]}},{"type":"Feature","geometry":{"type":"Point","coordinates":[7.83,44.54]},"properties":{"edcs_id":"EDCS-05400410","findspot":"Bene Vagienna / Augusta Bagiennorum","raw_text":"M(arco) Coelio C(ai) f(ilio) / Cam(ilia) Clementi / mil(iti) c(o)hort(is) VI pr(aetoriae) / optioni evoc(ato) Aug(usti) / centurioni leg(ionis) / IIII Flav(iae) Felic(is) M<oe=Y>s(ia) / superior(e) aras parentib(us) / suis et propinq(uis) t(estamento) f(ieri) i(ussit) / quod opus faciend(um) / curavit C(aius) Petronius / Firmus / scri<p=B>(sit) C(aius) Pompeius","date_from":null,"date_to":null,"marker_gender":"male","is_individual":false,"edcs_url":"https://edcs.hist.uzh.ch/en/document?edcs-id=EDCS-05400410","persons":[{"nomen":"Coelius","gender":"male","raw_name":"M. Coelio C. f. Cam. Clementi mil. coh. VI pr. optioni evoc. Aug. centurioni leg. IIII Flav. Fel. Moesia superiore","praenomen":"Marcus","cognomen":"Clemens","status":"tribus: Camilia, miles cohortis VI praetoriae, option, evocatus Augusti, centurio legionis IIII Flaviae Felicis Moesia superioris"},{"nomen":"","gender":"male","raw_name":"C. Petronius Firmus","cognomen":"Firmus","cluster_id":998,"cluster_size":2,"cluster_confidence":"low"},{"nomen":"Pompeius","gender":"male","raw_name":"C. Pompeius","praenomen":"Gaius"}]}},{"type":"Feature","geometry":{"type":"Point","coordinates":[7.47,44.52]},"properties":{"edcs_id":"EDCS-05400426","findspot":"Busca / Forum Germanorum","raw_text":"V(ivus) f(ecit) / [A]ttius Primae l(ibertus) / Peregrinus sibi / et Attiae Primae / patronae Iuliae / Primigeniae uxori / Attiae Severae matri / Attiae Peregrinae sorori / M(arco) Iul(io) Philocali lib(erto) / Primigenio","date_from":101,"date_to":200,"marker_gender":"mixed","is_individual":false,"edcs_url":"https://edcs.hist.uzh.ch/en/document?edcs-id=EDCS-05400426","persons":[{"nomen":"Attius","gender":"male","raw_name":"[A]ttius Primae l. Peregrinus","cognomen":"Peregrinus","status":"libertus Primae, vivus fecit"},{"nomen":"Attia","gender":"female","raw_name":"Attiae Peregrinae","cognomen":"Peregrina","status":"soror"},{"nomen":"Iulius","gender":"male","raw_name":"M. Iul. Philocali","praenomen":"Marcus","cognomen":"Philocali","status":"libertus"},{"nomen":"Attia","gender":"female","raw_name":"Attiae Primae Iuliae Primigeniae","cognomen":"Primigenia","status":"patronae, uxor"},{"nomen":"Attia","gender":"female","raw_name":"Attiae Severae","status":"matri"}]}},{"type":"Feature","geometry":{"type":"Point","coordinates":[7.37,44.79]},"properties":{"edcs_id":"EDCS-05400587","findspot":"Cavour / Cavorre / Forum Vibii Caburrum","raw_text":"Vennonius Clemens (S)uperi f(ilius) / Victor(iae) v(otum) s(olvit) [l(ibens)] m(erito)","date_from":1,"date_to":100,"marker_gender":"male","is_individual":false,"edcs_url":"https://edcs.hist.uzh.ch/en/document?edcs-id=EDCS-05400587","persons":[{"nomen":"","gender":"male","raw_name":"Clemens (S)uperi f. Victor(iae) v. s. [l.] m.","cognomen":"Clemens","status":"libertus Superi, v(otum) s(olvit) [l(ibens)] m(erito)","is_deity":true,"cluster_confidence":"excluded"}]}},{"type":"Feature","geometry":{"type":"Point","coordinates":[7.37,44.79]},"properties":{"edcs_id":"EDCS-05400588","findspot":"Cavour / Cavorre / Forum Vibii Caburrum","raw_text":"Aemilius / Monninus / Induti f(ilius) / Firmus Mon/ninus Aemili / f(ilius)","date_from":1,"date_to":100,"marker_gender":"male","is_individual":false,"edcs_url":"https://edcs.hist.uzh.ch/en/document?edcs-id=EDCS-05400588","persons":[{"nomen":"Aemilius","gender":"male","raw_name":"Aemilius Monninus","cognomen":"Monninus"},{"nomen":"Aemilius","gender":"male","raw_name":"Induti f. Firmus Monninus","cognomen":"Firmus Monninus"}]}},{"type":"Feature","geometry":{"type":"Point","coordinates":[7.37,44.79]},"properties":{"edcs_id":"EDCS-05400589","findspot":"Cavour / Cavorre / Forum Vibii Caburrum","raw_text":"T(itus) Vettius L(uci) f(ilius) / Pol(lia) aedilis / Vettia T(iti) f(ilia) Secunda / uxor fecit","date_from":1,"date_to":50,"marker_gender":"mixed","is_individual":false,"edcs_url":"https://edcs.hist.uzh.ch/en/document?edcs-id=EDCS-05400589","persons":[{"nomen":"Vettius","gender":"male","raw_name":"T. Vettius L. f. Pol. aedilis","praenomen":"Titus","status":"tribus: Pollia, aedilis"},{"nomen":"Vettia","gender":"female","raw_name":"Vettia T. f. Secunda","cognomen":"Secunda","status":"filia Titi, uxor"}]}},{"type":"Feature","geometry":{"type":"Point","coordinates":[7.37,44.79]},"properties":{"edcs_id":"EDCS-05400590","findspot":"Cavour / Cavorre / Forum Vibii Caburrum","raw_text":"T(itus) Moninus / M(arci) f(ilius) Pol(lia) / Tertius / veteranus / T(ito) Monino T(iti) f(ilio) / Pol(lia) Maxsimo(!) / Pont{t}iae |(mulieris) l(ibertae) / Hospitae ux{s}ori / t(estamento) f(ieri) i(ussit) / in f(ronte) p(edes) XXX in a(gro) p(edes) XX","date_from":1,"date_to":100,"marker_gender":"mixed","is_individual":false,"edcs_url":"https://edcs.hist.uzh.ch/en/document?edcs-id=EDCS-05400590","persons":[{"nomen":"Moninus","gender":"male","raw_name":"T. Moninus M. f. Pol. Tertius","praenomen":"Titus","cognomen":"Tertius","status":"veteranus"},{"nomen":"Moninus","gender":"male","raw_name":"T. Monino T. f. Pol. Maxsimo(!)","praenomen":"Titus","cognomen":"Maxsimus","status":"tribus: Pol(lia)"},{"nomen":"Pontia","gender":"female","raw_name":"Pont{t}iae |(mulieris) l. Hospitae","cognomen":"Hospita","status":"mulieris libertus, uxor"}]}},{"type":"Feature","geometry":{"type":"Point","coordinates":[7.37,44.79]},"properties":{"edcs_id":"EDCS-05400592","findspot":"Cavour / Cavorre / Forum Vibii Caburrum","raw_text":"Blaesio / Cosaciacus / Solici[3]f / Ter[3]or","date_from":null,"date_to":null,"marker_gender":"male","is_individual":false,"edcs_url":"https://edcs.hist.uzh.ch/en/document?edcs-id=EDCS-05400592","persons":[{"nomen":"","gender":"male","raw_name":"Blaesio","cognomen":"Blaesius"},{"nomen":"","gender":"male","raw_name":"Cosaciacus","cognomen":"Cosaciacus"},{"nomen":"","gender":"unknown","raw_name":"Solici[3]f","cognomen":"Solici"},{"nomen":"","gender":"unknown","raw_name":"Ter[3]or","cognomen":"Ter"}]}},{"type":"Feature","geometry":{"type":"Point","coordinates":[7.37,44.79]},"properties":{"edcs_id":"EDCS-05400593","findspot":"Cavour / Cavorre / Forum Vibii Caburrum","raw_text":"C(aius) Bruttius M(ani) f(ilius) / Ste(llatina) / Vibius / Bruimus C(ai) f(ilius) Ste(llatina)","date_from":null,"date_to":null,"marker_gender":"male","is_individual":false,"edcs_url":"https://edcs.hist.uzh.ch/en/document?edcs-id=EDCS-05400593","persons":[{"nomen":"Bruttius","gender":"male","raw_name":"C. Bruttius M. f. Ste. Vibius Bruimus C. f. Ste.","praenomen":"Gaius","cognomen":"Bruimus","status":"tribus: Stellatina"}]}},{"type":"Feature","geometry":{"type":"Point","coordinates":[7.37,44.79]},"properties":{"edcs_id":"EDCS-05400594","findspot":"Cavour / Cavorre / Forum Vibii Caburrum","raw_text":"[Atti]a(?) M(arci) f(ilia) Secunda Aspri / [flam]inica divae Drusillae / [balne]um(?) et piscinam solo suo / [muni]cipibus suis dedit","date_from":38,"date_to":41,"marker_gender":"female","is_individual":false,"edcs_url":"https://edcs.hist.uzh.ch/en/document?edcs-id=EDCS-05400594","persons":[{"nomen":"Attia","gender":"female","raw_name":"[Atti]a(?) M. f. Secunda Aspri","cognomen":"Secunda","status":"filia Marci, filia Aspri, flaminica divae Drusillae"}]}},{"type":"Feature","geometry":{"type":"Point","coordinates":[7.37,44.79]},"properties":{"edcs_id":"EDCS-05400595","findspot":"Cavour / Cavorre / Forum Vibii Caburrum","raw_text":"Q(uintus) Mannius / Rufi f(ilius) Ste(llatina) / sibi et / Primo filio / t(estamento) f(ieri) i(ussit)","date_from":1,"date_to":50,"marker_gender":"male","is_individual":false,"edcs_url":"https://edcs.hist.uzh.ch/en/document?edcs-id=EDCS-05400595","persons":[{"nomen":"Mannius","gender":"male","raw_name":"Q. Mannius Rufi f. Ste.","praenomen":"Quintus","status":"tribus: Stellatina"},{"nomen":"","gender":"male","raw_name":"Primo","cognomen":"Primus","status":"filius"}]}},{"type":"Feature","geometry":{"type":"Point","coordinates":[7.37,44.79]},"properties":{"edcs_id":"EDCS-05400596","findspot":"Cavour / Cavorre / Forum Vibii Caburrum","raw_text":"VIIVCI[3]I /IDI S P S / OP MVS O / Veioiatiac S / SCF Secunda / et sibi / P F F","date_from":null,"date_to":null,"marker_gender":"female","is_individual":false,"edcs_url":"https://edcs.hist.uzh.ch/en/document?edcs-id=EDCS-05400596","persons":[{"nomen":"","gender":"female","raw_name":"SCF Secunda","cognomen":"Secunda"}]}},{"type":"Feature","geometry":{"type":"Point","coordinates":[7.37,44.79]},"properties":{"edcs_id":"EDCS-05400597","findspot":"Cavour / Cavorre / Forum Vibii Caburrum","raw_text":"]iae / viliciae","date_from":null,"date_to":null,"marker_gender":"female","is_individual":false,"edcs_url":"https://edcs.hist.uzh.ch/en/document?edcs-id=EDCS-05400597","persons":[{"nomen":"Vilicia","gender":"female","raw_name":"viliciae"}]}},{"type":"Feature","geometry":{"type":"Point","coordinates":[7.37,44.79]},"properties":{"edcs_id":"EDCS-05400598","findspot":"Cavour / Cavorre / Forum Vibii Caburrum","raw_text":"D(is) M(anibus) L(ucio) / Veltio / Avitiano / Vera Blaio/nia coniu/gi suo caris/simo se vi/vente posuit / titulum et / loricam cum / fili(i)s suis adiu/vantibus","date_from":1,"date_to":200,"marker_gender":"mixed","is_individual":false,"edcs_url":"https://edcs.hist.uzh.ch/en/document?edcs-id=EDCS-05400598","persons":[{"nomen":"Veltius","gender":"male","raw_name":"L. Veltio Avitiano","praenomen":"Lucius","cognomen":"Avitianus"},{"nomen":"","gender":"female","raw_name":"Vera Blaionia","cognomen":"Vera","status":"conugi"}]}},{"type":"Feature","geometry":{"type":"Point","coordinates":[9.01,44.99]},"properties":{"edcs_id":"EDCS-05400609","findspot":"Voghera / Forum Iulii Iriensium","raw_text":"Votio / Davera / virgini sarcophago","date_from":null,"date_to":null,"marker_gender":"female","is_individual":false,"edcs_url":"https://edcs.hist.uzh.ch/en/document?edcs-id=EDCS-05400609","persons":[{"nomen":"","gender":"female","raw_name":"Davera","cognomen":"Davera","status":"virgo"}]}},{"type":"Feature","geometry":{"type":"Point","coordinates":[8.86,44.9]},"properties":{"edcs_id":"EDCS-05400611","findspot":"Tortona / Dertona","raw_text":"[D(eo)] S(oli) M(ithrae) I(nvicto) / [3] IIIIIIvir / [3] et / [3]i l(ibertus?) / [3] l(ibertus?) / [3] l(ibertus?) / [3] A(uli) f(ilius) / [","date_from":1,"date_to":100,"marker_gender":"male","is_individual":false,"edcs_url":"https://edcs.hist.uzh.ch/en/document?edcs-id=EDCS-05400611","persons":[{"nomen":"","gender":"male","raw_name":"A(uli) f(ilius)","praenomen":"Aulus","status":"filius"}]}},{"type":"Feature","geometry":{"type":"Point","coordinates":[8.87,44.9]},"properties":{"edcs_id":"EDCS-05400613","findspot":"Tortona / Dertona","raw_text":"Silvano / C(aius) Secundus / Hermes / v(otum) s(olvit) l(ibens) m(erito)","date_from":null,"date_to":null,"marker_gender":"male","is_individual":false,"edcs_url":"https://edcs.hist.uzh.ch/en/document?edcs-id=EDCS-05400613","persons":[{"nomen":"","gender":"male","raw_name":"C(aius) Secundus","praenomen":"Gaius","cognomen":"Secundus"},{"nomen":"","gender":"male","raw_name":"Hermes","cognomen":"Hermes"}]}},{"type":"Feature","geometry":{"type":"Point","coordinates":[8.86,44.9]},"properties":{"edcs_id":"EDCS-05400614","findspot":"Tortona / Dertona","raw_text":"C(aius) Maius / Verecund(us) / nomine L(uci) Cassi / Caesenniani / d(onum) d(edit) d(edicavit)","date_from":101,"date_to":150,"marker_gender":"male","is_individual":false,"edcs_url":"https://edcs.hist.uzh.ch/en/document?edcs-id=EDCS-05400614","persons":[{"nomen":"Maius","gender":"male","raw_name":"C(aius) Maius Verecund(us)","praenomen":"Gaius","cognomen":"Verecundus"},{"nomen":"Cassius","gender":"male","raw_name":"L(uci) Cassi Caesenniani","praenomen":"Lucius","cognomen":"Caesennianus"}]}},{"type":"Feature","geometry":{"type":"Point","coordinates":[8.86,44.9]},"properties":{"edcs_id":"EDCS-05400615","findspot":"Tortona / Dertona","raw_text":"Aurel(ius) Vetera/nus benef(iciarius) lati/clavi(i) leg(ionis) XIII Ge/min(ae) aci{a}e desi/deratus qui vi/xit annis(!) XXVI / menses VII dies / XV Aurel(ius) Secu/ndianus ima/ginifer leg(ionis) s(upra) s(criptae) con/s<o=V>brino bene / merenti memo/riam posuit","date_from":251,"date_to":300,"marker_gender":"male","is_individual":false,"edcs_url":"https://edcs.hist.uzh.ch/en/document?edcs-id=EDCS-05400615","persons":[{"nomen":"Aurelius","gender":"male","raw_name":"Aurel(ius) Veteranus","cognomen":"Veteranus","status":"beneficiarius laticlavii legionis XIII Geminae, desideratus","cluster_confidence":"low"},{"nomen":"Aurelius","gender":"male","raw_name":"Aurel(ius) Secundianus","cognomen":"Secundianus","status":"imaginifer legionis XIII Geminae, consobrinus","cluster_confidence":"low"}]}},{"type":"Feature","geometry":{"type":"Point","coordinates":[8.86,44.9]},"properties":{"edcs_id":"EDCS-05400616","findspot":"Tortona / Dertona","raw_text":"Aure(lia) Emerita vixit annos XXI / et Aure(lia) Ianuaria vixit annos / IIII menses VI Aure(lius) Ianuarius / tesserarius leg(ionis) XIII coniu/gi et filiae bene meritis Aure(lius) / Emeritus [nu]rae et nepti bene / meritis","date_from":251,"date_to":300,"marker_gender":"mixed","is_individual":false,"edcs_url":"https://edcs.hist.uzh.ch/en/document?edcs-id=EDCS-05400616","persons":[{"nomen":"Aurelia","gender":"female","raw_name":"Aure(lia) Emerita","cognomen":"Emerita","status":"coniunx","cluster_id":740,"cluster_size":2},{"nomen":"Aurelia","gender":"female","raw_name":"Aure(lia) Ianuaria","cognomen":"Ianuaria","status":"filia","cluster_id":741,"cluster_size":2},{"nomen":"Aurelius","gender":"male","raw_name":"Aure(lius) Ianuarius","cognomen":"Ianuarius","status":"tesserarius legionis XIII","cluster_id":741,"cluster_size":2},{"nomen":"Aurelius","gender":"male","raw_name":"Aure(lius) Emeritus","cognomen":"Emeritus","cluster_id":740,"cluster_size":2}]}},{"type":"Feature","geometry":{"type":"Point","coordinates":[8.86,44.9]},"properties":{"edcs_id":"EDCS-05400617","findspot":"Tortona / Dertona","raw_text":"D(is) M(anibus) / et perpetu(a)e / felicitati / Aur(eliae) Vitelliae / Aur(elius) Quintia/nus [m]e(n)sor / leg(ionis) V M(acedonicae) coni/ugi carissim(a)e / qu(a)e vixit ann(os) / X[3] / R[","date_from":251,"date_to":300,"marker_gender":"mixed","is_individual":false,"edcs_url":"https://edcs.hist.uzh.ch/en/document?edcs-id=EDCS-05400617","persons":[{"nomen":"Aurelia","gender":"female","raw_name":"Aur(eliae) Vitelliae","cognomen":"Vitellia","status":"coniunx"},{"nomen":"Aurelius","gender":"male","raw_name":"Aur(elius) Quintianus","cognomen":"Quintianus","status":"mensor legionis V Macedonicae","cluster_confidence":"low"}]}},{"type":"Feature","geometry":{"type":"Point","coordinates":[8.86,44.9]},"properties":{"edcs_id":"EDCS-05400622","findspot":"Tortona / Dertona","raw_text":"C(aio) Mario Iuliano eq(uiti) flam(ini) Dert(onae) qui vix(it) a(nnos) XXIIII m(enses) VII / C(aius) Marius Aelianus iudex inter selec(tos) ex V dec(uriis) / praef(ectus) fab(rum) IIIIvir i(ure) d(icundo) Vercel(lis) et flam(en) IIvir Dert(onae) / flam(en) et pont(ifex) decur(io) Genuae et flam(en) pater filio / et Iuliae Thetidi uxori et sibi viv(us) po(suit)","date_from":101,"date_to":200,"marker_gender":"mixed","is_individual":false,"edcs_url":"https://edcs.hist.uzh.ch/en/document?edcs-id=EDCS-05400622","persons":[{"nomen":"Marius","gender":"male","raw_name":"C(aio) Mario Iuliano eq(uiti) flam(ini) Dert(onae)","praenomen":"Gaius","cognomen":"Iulianus","status":"eques, flamen Dertonae"},{"nomen":"Marius","gender":"male","raw_name":"C(aius) Marius Aelianus","praenomen":"Gaius","cognomen":"Aelianus","status":"iudex selectus, praefectus fabrum, IIvir, flamen, pontifex, decurio, pater"},{"nomen":"Iulia","gender":"female","raw_name":"Iuliae Thetidi","cognomen":"Thetis","status":"uxor"}]}},{"type":"Feature","geometry":{"type":"Point","coordinates":[8.86,44.9]},"properties":{"edcs_id":"EDCS-05400624","findspot":"Tortona / Dertona","raw_text":"C(aio) Metilio / C(ai) fil(io) Pomp(tina) / Marcellino / eq(uiti) R(omano) eq(uo) p(ublico) / iudici ex V dec(uriis) / inter selectos IIvir(o) / q(uin)q(uennali) flam(ini) divi Traiani / patrono collegiorum / omnium patrono colo/niae Foro Iuli Iriensium / patron(o) causar(um) fidelissimo / ob insignem circa singu/los universosque cives / innocentiam ac fidem / homini optimo civi abstinen/tissimo coll(egium) fabr(um) Dert(onae) patrono / ob merita d(ecreto) d(ecurionum) d(edit)","date_from":131,"date_to":230,"marker_gender":"male","is_individual":false,"edcs_url":"https://edcs.hist.uzh.ch/en/document?edcs-id=EDCS-05400624","persons":[{"nomen":"Metilius","gender":"male","raw_name":"C(aio) Metilio C(ai) fil(io) Pomp(tina) Marcellino","praenomen":"Gaius","cognomen":"Marcellinus","status":"tribus: Pomptina, eques Romanus, iudex, IIvir quinquennalis, flamen divi Traiani, patronus"}]}},{"type":"Feature","geometry":{"type":"Point","coordinates":[8.86,44.9]},"properties":{"edcs_id":"EDCS-05400626","findspot":"Tortona / Dertona","raw_text":"C(aius) Curtius |(mulieris) l(ibertus) / Valens / materiarius","date_from":1,"date_to":100,"marker_gender":"male","is_individual":false,"edcs_url":"https://edcs.hist.uzh.ch/en/document?edcs-id=EDCS-05400626","persons":[{"nomen":"Curtius","gender":"male","raw_name":"C. Curtius |(mulieris) l. Valens","praenomen":"Gaius","cognomen":"Valens","status":"mulieris libertus, materiarius"}]}},{"type":"Feature","geometry":{"type":"Point","coordinates":[8.87,44.9]},"properties":{"edcs_id":"EDCS-05400627","findspot":"Tortona / Dertona","raw_text":"C(aius) Sulpicius L(uci) [f(ilius)] / Pom(ptina) Fusc[us] / vestiari(i) et [3] / in fr(onte) p(edes) XIIII in ag(ro) [3]","date_from":null,"date_to":null,"marker_gender":"male","is_individual":false,"edcs_url":"https://edcs.hist.uzh.ch/en/document?edcs-id=EDCS-05400627","persons":[{"nomen":"Sulpicius","gender":"male","raw_name":"C. Sulpicius L. [f.] Pom. Fusc[us]","praenomen":"Gaius","cognomen":"Fuscus","status":"tribus: Pomptina, vestiarius"}]}},{"type":"Feature","geometry":{"type":"Point","coordinates":[8.86,44.9]},"properties":{"edcs_id":"EDCS-05400628","findspot":"Tortona / Dertona","raw_text":"M(arco) Petronio M(arci) f(ilio) / Quarto vestiar(io) / Severus l(ibertus) / v(ivus) f(ecit)","date_from":1,"date_to":100,"marker_gender":"male","is_individual":false,"edcs_url":"https://edcs.hist.uzh.ch/en/document?edcs-id=EDCS-05400628","persons":[{"nomen":"Petronius","gender":"male","raw_name":"M. Petronio M. f. Quarto","praenomen":"Marcus","cognomen":"Quartus","status":"vestiarius"},{"nomen":"","gender":"male","raw_name":"Severus","cognomen":"Severus","status":"libertus","cluster_id":1209,"cluster_size":2,"cluster_confidence":"low"}]}},{"type":"Feature","geometry":{"type":"Point","coordinates":[8.86,44.9]},"properties":{"edcs_id":"EDCS-05400629","findspot":"Tortona / Dertona","raw_text":"P(ublio) Aelio Sabino q(ui) vixit annos XXIIII dies XLV / Antonia Thisipho mater filio pientissimo","date_from":251,"date_to":300,"marker_gender":"mixed","is_individual":false,"edcs_url":"https://edcs.hist.uzh.ch/en/document?edcs-id=EDCS-05400629","persons":[{"nomen":"Aelius","gender":"male","raw_name":"P. Aelio Sabino","praenomen":"Publius","cognomen":"Sabinus"},{"nomen":"Antonia","gender":"female","raw_name":"Antonia Thisipho","cognomen":"Thisipho","status":"mater"}]}},{"type":"Feature","geometry":{"type":"Point","coordinates":[8.86,44.9]},"properties":{"edcs_id":"EDCS-05400630","findspot":"Tortona / Dertona","raw_text":"]stloc[3] / P(ubli) Arri P(ubli) l(iberti) / Viatoris / P(ublius) Arrius P(ubli) [3] / Severus hi[c] / situs est in / fron(te) p(edes) XI[3] / in agrum p(edes) X[3]","date_from":1,"date_to":50,"marker_gender":"male","is_individual":false,"edcs_url":"https://edcs.hist.uzh.ch/en/document?edcs-id=EDCS-05400630","persons":[{"nomen":"Arrius","gender":"male","raw_name":"P. Arri P. l. Viatoris","praenomen":"Publius","cognomen":"Viator","status":"libertus"},{"nomen":"Arrius","gender":"male","raw_name":"P. Arrius P. [3] Severus","praenomen":"Publius","cognomen":"Severus"}]}},{"type":"Feature","geometry":{"type":"Point","coordinates":[8.86,44.9]},"properties":{"edcs_id":"EDCS-05400631","findspot":"Tortona / Dertona","raw_text":"Aureliae Luciae / karissimae feminae / et innocentissimae / cum qua vixit / [","date_from":201,"date_to":300,"marker_gender":"female","is_individual":false,"edcs_url":"https://edcs.hist.uzh.ch/en/document?edcs-id=EDCS-05400631","persons":[{"nomen":"Aurelia","gender":"female","raw_name":"Aureliae Luciae","cognomen":"Lucia","status":"karissima, femina, innocentissima"}]}},{"type":"Feature","geometry":{"type":"Point","coordinates":[8.86,44.9]},"properties":{"edcs_id":"EDCS-05400632","findspot":"Tortona / Dertona","raw_text":"] / quae vixit / annis XIIII / die(bu)s XIII Au/relia Pau/lina mater / filiae dul/cissimae / memori/am posuit","date_from":151,"date_to":230,"marker_gender":"female","is_individual":false,"edcs_url":"https://edcs.hist.uzh.ch/en/document?edcs-id=EDCS-05400632","persons":[{"nomen":"Aurelia","gender":"female","raw_name":"Aurelia Paulina","cognomen":"Paulina","status":"mater"}]}},{"type":"Feature","geometry":{"type":"Point","coordinates":[8.87,44.9]},"properties":{"edcs_id":"EDCS-05400633","findspot":"Tortona / Dertona","raw_text":"Capitulatia |(mulieris) l(iberta) Fidelis / sibi et / Blesidiae A(uli) f(iliae) Priscae / A(ulo) Blesidio Sal(vi) f(ilio) Felici / Caesiae C(ai) l(ibertae) Primae / in f(ronte) p(edes) XII / in agr(o) p(edes) XIIII","date_from":null,"date_to":null,"marker_gender":"mixed","is_individual":false,"edcs_url":"https://edcs.hist.uzh.ch/en/document?edcs-id=EDCS-05400633","persons":[{"nomen":"Capitulatia","gender":"female","raw_name":"Capitulatia |(mulieris) l. Fidelis","cognomen":"Fidelis","status":"mulieris liberta"},{"nomen":"Blesidia","gender":"female","raw_name":"Blesidiae A. f. Priscae","cognomen":"Prisca","status":"filia Auli"},{"nomen":"Blesidius","gender":"male","raw_name":"A. Blesidio Sal. f. Felici","praenomen":"Aulus","cognomen":"Felix","status":"filius Salvi"},{"nomen":"Caesia","gender":"female","raw_name":"Caesiae C. l. Primae","cognomen":"Prima","status":"liberta Gai"}]}},{"type":"Feature","geometry":{"type":"Point","coordinates":[8.86,44.9]},"properties":{"edcs_id":"EDCS-05400634","findspot":"Tortona / Dertona","raw_text":"Quart(us) Cominius / C(ai) f(ilius) sibi et / Tertiae Petroniae / M(arci) f(iliae) uxori et / L(ucio) Cominio C(ai) f(ilio) et / C(aio) Cominio C(ai) f(ilio) et / fratribus et / Tertiae Cominiae / sorori et / [A]mpliato et Felici lib(ertis)","date_from":1,"date_to":50,"marker_gender":"mixed","is_individual":false,"edcs_url":"https://edcs.hist.uzh.ch/en/document?edcs-id=EDCS-05400634","persons":[{"nomen":"Cominius","gender":"male","raw_name":"Quartus Cominius C. f.","cognomen":"Quartus"},{"nomen":"Petronia","gender":"female","raw_name":"Tertiae Petroniae M. f.","cognomen":"Tertia","status":"filia Marci, uxor"},{"nomen":"Cominius","gender":"male","raw_name":"L. Cominio C. f.","praenomen":"Lucius","status":"filius Gai"},{"nomen":"Cominius","gender":"male","raw_name":"C. Cominio C. f.","praenomen":"Gaius","status":"filius Gai"},{"nomen":"Cominia","gender":"female","raw_name":"Tertiae Cominiae","cognomen":"Tertia","status":"soror"},{"nomen":"","gender":"male","raw_name":"[A]mpliato","cognomen":"Ampliatus","status":"libertus"},{"nomen":"","gender":"male","raw_name":"Felici","cognomen":"Felix","status":"libertus"}]}},{"type":"Feature","geometry":{"type":"Point","coordinates":[8.86,44.9]},"properties":{"edcs_id":"EDCS-05400635","findspot":"Tortona / Dertona","raw_text":"Coriscus / Egnati Frontonis / et Iuliae / Eutychi liberti / filius / ann(os) XVI hic / adquiescit","date_from":101,"date_to":200,"marker_gender":"mixed","is_individual":false,"edcs_url":"https://edcs.hist.uzh.ch/en/document?edcs-id=EDCS-05400635","persons":[{"nomen":"","gender":"male","raw_name":"Coriscus","cognomen":"Coriscus","status":"libertus Egnati Frontonis et Iuliae Eutychi, filius"},{"nomen":"Egnatia","gender":"female","raw_name":"Egnati Frontonis","cognomen":"Frontonia"},{"nomen":"Iulia","gender":"female","raw_name":"Iuliae"}]}},{"type":"Feature","geometry":{"type":"Point","coordinates":[8.86,44.9]},"properties":{"edcs_id":"EDCS-05400637","findspot":"Tortona / Dertona","raw_text":"P(ublius) Latinius P(ubli) f(ilius) Primus / sibi et Summiae T(iti) f(iliae) / Secundae matri et / P(ublio) Latin[io] Lepido patri / t(estamento) f(ieri) i(ussit) / in f(ronte) p(edes) XII in agr(o) p(edes) XIIII","date_from":1,"date_to":100,"marker_gender":"mixed","is_individual":false,"edcs_url":"https://edcs.hist.uzh.ch/en/document?edcs-id=EDCS-05400637","persons":[{"nomen":"Latinius","gender":"male","raw_name":"P. Latinius P. f. Primus","praenomen":"Publius","cognomen":"Primus","status":"filius Publi"},{"nomen":"Summia","gender":"female","raw_name":"Summiae T. f. Secundae","cognomen":"Secunda","status":"filia Titi, mater"},{"nomen":"Latinius","gender":"male","raw_name":"P. Latin[io] Lepido","praenomen":"Publius","cognomen":"Lepidus","status":"pater"}]}},{"type":"Feature","geometry":{"type":"Point","coordinates":[8.86,44.9]},"properties":{"edcs_id":"EDCS-05400638","findspot":"Tortona / Dertona","raw_text":"] / Manilia Victrix / coniug(i) ben(e) m(erenti)","date_from":101,"date_to":200,"marker_gender":"female","is_individual":false,"edcs_url":"https://edcs.hist.uzh.ch/en/document?edcs-id=EDCS-05400638","persons":[{"nomen":"Manilia","gender":"female","raw_name":"Manilia Victrix","cognomen":"Victrix"}]}},{"type":"Feature","geometry":{"type":"Point","coordinates":[8.86,44.9]},"properties":{"edcs_id":"EDCS-05400639","findspot":"Tortona / Dertona","raw_text":"Loc(us) / L(uci) Manli Felic(is) / in fr(onte) p(edes) XVI / in ag(ro) p(edes) XIIX / E P S S H","date_from":31,"date_to":70,"marker_gender":"male","is_individual":false,"edcs_url":"https://edcs.hist.uzh.ch/en/document?edcs-id=EDCS-05400639","persons":[{"nomen":"Manlius","gender":"male","raw_name":"L. Manli Felic(is)","praenomen":"Lucius","cognomen":"Felix"}]}},{"type":"Feature","geometry":{"type":"Point","coordinates":[8.86,44.9]},"properties":{"edcs_id":"EDCS-05400640","findspot":"Tortona / Dertona","raw_text":"] V HIIIVS / [3] f(ilius) Maximus / [3]uriia P F(?) P / [3]a uxor / [3]O P P / [3] p(edes) XXX","date_from":1,"date_to":100,"marker_gender":"male","is_individual":false,"edcs_url":"https://edcs.hist.uzh.ch/en/document?edcs-id=EDCS-05400640","persons":[{"nomen":"","gender":"male","raw_name":"[3] f. Maximus","cognomen":"Maximus","status":"filius"}]}},{"type":"Feature","geometry":{"type":"Point","coordinates":[8.86,44.9]},"properties":{"edcs_id":"EDCS-05400641","findspot":"Tortona / Dertona","raw_text":"C(aius) Plinius Damophilus / Vibia Flora hic / adquiescunt","date_from":101,"date_to":200,"marker_gender":"mixed","is_individual":false,"edcs_url":"https://edcs.hist.uzh.ch/en/document?edcs-id=EDCS-05400641","persons":[{"nomen":"Plinius","gender":"male","raw_name":"C. Plinius Damophilus","praenomen":"Gaius","cognomen":"Damophilus"},{"nomen":"Vibia","gender":"female","raw_name":"Vibia Flora","cognomen":"Flora"}]}},{"type":"Feature","geometry":{"type":"Point","coordinates":[8.86,44.9]},"properties":{"edcs_id":"EDCS-05400642","findspot":"Tortona / Dertona","raw_text":"D(ecimus) Rubrius / D(ecimi) [f(ilius)] Cas[t]us / sibi et Rubriae D(ecimi) [f(iliae) ] / [","date_from":1,"date_to":100,"marker_gender":"mixed","is_individual":false,"edcs_url":"https://edcs.hist.uzh.ch/en/document?edcs-id=EDCS-05400642","persons":[{"nomen":"Rubrius","gender":"male","raw_name":"D. Rubrius D. [f.] Cas[t]us","praenomen":"Decimus","cognomen":"Castus"},{"nomen":"Rubria","gender":"female","raw_name":"Rubriae D. [f. ]","status":"filia Decimi"}]}},{"type":"Feature","geometry":{"type":"Point","coordinates":[8.86,44.9]},"properties":{"edcs_id":"EDCS-05400643","findspot":"Tortona / Dertona","raw_text":"Loc(us) / L(uci) Tulli L(uci) l(iberti) Fidelis / in fr(onte) p(edes) XII / in agr(o) p(edes) XIIII","date_from":1,"date_to":100,"marker_gender":"male","is_individual":false,"edcs_url":"https://edcs.hist.uzh.ch/en/document?edcs-id=EDCS-05400643","persons":[{"nomen":"Tullius","gender":"male","raw_name":"L. Tulli L. l. Fidelis","praenomen":"Lucius","cognomen":"Fidelis","status":"libertus Luci"}]}},{"type":"Feature","geometry":{"type":"Point","coordinates":[8.86,44.9]},"properties":{"edcs_id":"EDCS-05400644","findspot":"Tortona / Dertona","raw_text":"D(is) M(anibus) / L(uci) Vari Ploti / Alfia Afrodi/te co(n)iunx{s} / cum qua vixit / annos XXV / piet(at)is causa","date_from":101,"date_to":200,"marker_gender":"mixed","is_individual":false,"edcs_url":"https://edcs.hist.uzh.ch/en/document?edcs-id=EDCS-05400644","persons":[{"nomen":"Varius","gender":"male","raw_name":"L. Vari Ploti","praenomen":"Lucius","cognomen":"Plotus"},{"nomen":"Alfia","gender":"female","raw_name":"Alfia Afrodite","cognomen":"Afrodite","status":"coniunx"}]}},{"type":"Feature","geometry":{"type":"Point","coordinates":[8.86,44.9]},"properties":{"edcs_id":"EDCS-05400645","findspot":"Tortona / Dertona","raw_text":"P(ublius) Vassidius / Cosmus / sibi et Vassidiae Galene / et P(ublio) Vassidio Nedimo / et P(ublio) Vassidio Geloti / et Curtiae Tertiae uxori / test(amento) suo poni iussit","date_from":1,"date_to":100,"marker_gender":"mixed","is_individual":false,"edcs_url":"https://edcs.hist.uzh.ch/en/document?edcs-id=EDCS-05400645","persons":[{"nomen":"Vassidius","gender":"male","raw_name":"P. Vassidius Cosmus","praenomen":"Publius","cognomen":"Cosmus"},{"nomen":"Vassidia","gender":"female","raw_name":"Vassidiae Galene","cognomen":"Galene"},{"nomen":"Vassidius","gender":"male","raw_name":"P. Vassidio Nedimo","praenomen":"Publius","cognomen":"Nedimus"},{"nomen":"Vassidius","gender":"male","raw_name":"P. Vassidio Geloti","praenomen":"Publius","cognomen":"Gelotus"},{"nomen":"Curtia","gender":"female","raw_name":"Curtiae Tertiae","cognomen":"Tertia","status":"uxor"}]}},{"type":"Feature","geometry":{"type":"Point","coordinates":[8.86,44.9]},"properties":{"edcs_id":"EDCS-05400646","findspot":"Tortona / Dertona","raw_text":"C(aius) Vettius / Cn(aei) f(ilius) sibi et / L(ucio) Vettio / [","date_from":-50,"date_to":30,"marker_gender":"male","is_individual":false,"edcs_url":"https://edcs.hist.uzh.ch/en/document?edcs-id=EDCS-05400646","persons":[{"nomen":"Vettius","gender":"male","raw_name":"C. Vettius Cn. f.","praenomen":"Gaius"},{"nomen":"Vettius","gender":"male","raw_name":"L. Vettio","praenomen":"Lucius"}]}},{"type":"Feature","geometry":{"type":"Point","coordinates":[8.87,44.9]},"properties":{"edcs_id":"EDCS-05400653","findspot":"Tortona / Dertona","raw_text":"B(onae) m(emoriae) / quot merui vitam moriens quot et / ipse rogavi coniugis o grati redditur ecce / fides sit licet inferne noctis tristissimus / horror me tamen vestre credo iacere domo / Aurelia Eusebia Cerellio Proculino v(iro) p(erfectissimo) coniugi / dulcissimo qui vixit ann(os) XLV m(enses) VIIII d(ies) V et vixit / cum coniugem suam ann(os) XXIII contra votum m(e)m(oriam) fec(it)","date_from":null,"date_to":null,"marker_gender":"mixed","is_individual":false,"edcs_url":"https://edcs.hist.uzh.ch/en/document?edcs-id=EDCS-05400653","persons":[{"nomen":"Aurelia","gender":"female","raw_name":"Aurelia Eusebia","cognomen":"Eusebia"},{"nomen":"Cerellius","gender":"male","raw_name":"Cerellio Proculino","cognomen":"Proculinus","status":"vir perfectissimus, coniunx"}]}},{"type":"Feature","geometry":{"type":"Point","coordinates":[8.86,44.9]},"properties":{"edcs_id":"EDCS-05400654","findspot":"Tortona / Dertona","raw_text":"B(onae) m(emoriae) / Ulpio Candido viro laudabili patri / ex p(rae)p(osito) et clerico qui vixit annos / LXXVII m(enses) V d(ies) XV et Aur(eliae) Valeri(a)e matri / dulcissim(a)e et Munati(a)e Spic(a)e / Fl(avius) Candidus m(aritus) f(ecit)","date_from":301,"date_to":600,"marker_gender":"mixed","is_individual":false,"edcs_url":"https://edcs.hist.uzh.ch/en/document?edcs-id=EDCS-05400654","persons":[{"nomen":"Ulpius","gender":"male","raw_name":"Ulpio Candido","cognomen":"Candidus","status":"vir laudabilis, pater, ex praeposito, clericus"},{"nomen":"Aurelia","gender":"female","raw_name":"Aur(eliae) Valeri(a)e","cognomen":"Valeria","status":"mater"},{"nomen":"Munatia","gender":"female","raw_name":"Munati(a)e Spic(a)e","cognomen":"Spica"},{"nomen":"Flavius","gender":"male","raw_name":"Fl. Candidus","cognomen":"Candidus","status":"maritus"}]}},{"type":"Feature","geometry":{"type":"Point","coordinates":[8.87,44.9]},"properties":{"edcs_id":"EDCS-05400657","findspot":"Tortona / Dertona","raw_text":"] / CV[3] / recessit sub d[ie 3] / Kal(endas) Mai(as) Boethio iuniore / v(iro) c(larissimo) cons(u)l(e) / simul etiam req(ui)es(c)i{e}t in pace / neptis eius R() Claudia qu(ae) / vixit ann(os) II et mens(es) VIII / rec(essit) sub die XIIII Kal(endas) Novembr(es) / Eutharico v(iro) c(larissimo) cons(u)l(e)","date_from":null,"date_to":null,"marker_gender":"female","is_individual":false,"edcs_url":"https://edcs.hist.uzh.ch/en/document?edcs-id=EDCS-05400657","persons":[{"nomen":"Claudia","gender":"female","raw_name":"R() Claudia","cognomen":"R","status":"neptis"}]}},{"type":"Feature","geometry":{"type":"Point","coordinates":[8.86,44.9]},"properties":{"edcs_id":"EDCS-05400660","findspot":"Tortona / Dertona","raw_text":"B(onae) m(emoriae) / Fl(avia) Roccasa in loco / quiescit qu(a)e vixit / ann(os) XXII m(enses) VIII d(ies) X / Florentinus contra votum / posuit","date_from":301,"date_to":600,"marker_gender":"mixed","is_individual":false,"edcs_url":"https://edcs.hist.uzh.ch/en/document?edcs-id=EDCS-05400660","persons":[{"nomen":"Flavia","gender":"female","raw_name":"Fl. Roccasa","cognomen":"Roccasa"},{"nomen":"","gender":"male","raw_name":"Florentinus","cognomen":"Florentinus"}]}},{"type":"Feature","geometry":{"type":"Point","coordinates":[8.86,44.9]},"properties":{"edcs_id":"EDCS-05400661","findspot":"Tortona / Dertona","raw_text":"Hic requiesc<i=E>t / innocens / Martinianus / in p(a)ce q(ui) v(ixit) an(nos) III [","date_from":301,"date_to":600,"marker_gender":"male","is_individual":false,"edcs_url":"https://edcs.hist.uzh.ch/en/document?edcs-id=EDCS-05400661","persons":[{"nomen":"","gender":"male","raw_name":"Martinianus","cognomen":"Martinianus","status":"innocens"}]}},{"type":"Feature","geometry":{"type":"Point","coordinates":[8.87,44.9]},"properties":{"edcs_id":"EDCS-05400662","findspot":"Tortona / Dertona","raw_text":"B(onae) m(emoriae) / hic requiesc<i=E>t / in pace Persevera/ndus v(ir) r(everendus) pen(itens) qui / vix<i=E>t in s(aeculo) an(nos) pl(us) m(inus) / LXV <r=S>ec(es)s(it) s(ub) d(ie) XI K(a)l(endas) / [3 con]s(ulis) Rustic[i]","date_from":null,"date_to":null,"marker_gender":"male","is_individual":false,"edcs_url":"https://edcs.hist.uzh.ch/en/document?edcs-id=EDCS-05400662","persons":[{"nomen":"","gender":"male","raw_name":"Perseverandus","cognomen":"Perseverandus","status":"vir reverendus, penitens"}]}},{"type":"Feature","geometry":{"type":"Point","coordinates":[8.86,44.9]},"properties":{"edcs_id":"EDCS-05400663","findspot":"Tortona / Dertona","raw_text":"[B(onae)] m(emoriae)/ [hic] requi/[esci]t in / [p]ace Pro/iecta qui(!) / vixit an(nos) / pl(us) m(inus) LV","date_from":301,"date_to":600,"marker_gender":"female","is_individual":false,"edcs_url":"https://edcs.hist.uzh.ch/en/document?edcs-id=EDCS-05400663","persons":[{"nomen":"","gender":"female","raw_name":"Proiecta","cognomen":"Proiecta"}]}},{"type":"Feature","geometry":{"type":"Point","coordinates":[8.87,44.9]},"properties":{"edcs_id":"EDCS-05400664","findspot":"Tortona / Dertona","raw_text":"B(onae) m(emoriae) / hic requiescit / in pace Sende/fara qui vixit an(nos) / plus m(i)n(u)s XXX / recessit sub / die Idus Ianu/(a)rias Basilio / iuniore v(iro) c(larissimo) con(sule)","date_from":null,"date_to":null,"marker_gender":"male","is_individual":false,"edcs_url":"https://edcs.hist.uzh.ch/en/document?edcs-id=EDCS-05400664","persons":[{"nomen":"","gender":"male","raw_name":"Sendefara","cognomen":"Sendefara"}]}},{"type":"Feature","geometry":{"type":"Point","coordinates":[8.86,44.71]},"properties":{"edcs_id":"EDCS-05400673","findspot":"Serravalle Scrivia / Libarna","raw_text":"Matronis / C(aius) Trebius / Nepos v(otum) s(olvit) l(ibens) m(erito)","date_from":null,"date_to":null,"marker_gender":"male","is_individual":false,"edcs_url":"https://edcs.hist.uzh.ch/en/document?edcs-id=EDCS-05400673","persons":[{"nomen":"Trebius","gender":"male","raw_name":"C. Trebius Nepos","praenomen":"Gaius","cognomen":"Nepos","status":"votum solvit libens merito"}]}},{"type":"Feature","geometry":{"type":"Point","coordinates":[8.85,44.73]},"properties":{"edcs_id":"EDCS-05400675","findspot":"Serravalle Scrivia / Libarna","raw_text":"Q(uinto) Attio T(iti) f(ilio) / Maec(ia) Prisco / aed(ili) IIvir(o) quinq(uennali) / flam(ini) Aug(usti) pontif(ici) / praef(ecto) fabr(um) praef(ecto) coh(ortis) I / Hispanorum et coh(ortis) I / Montanorum et coh(ortis) I / Lusitanor(um) trib(uno) mil(itum) leg(ionis) I / Adiutric(is) donis donato / ab Imp(eratore) Nerva Caesare Aug(usto) / Germ(anico) bello Suebic(o) coron(a) / aurea hasta pura vexill(is) / praef(ecto) alae I Aug(ustae) Thracum / ple<b=P>s urbana","date_from":98,"date_to":117,"marker_gender":"male","is_individual":false,"edcs_url":"https://edcs.hist.uzh.ch/en/document?edcs-id=EDCS-05400675","persons":[{"nomen":"Attius","gender":"male","raw_name":"Q. Attio T. f. Maec. Prisco aed. IIvir quinq. flam. Aug. pontif. praef. fabr. praef. coh. trib. mil. leg. I Adiutric.","praenomen":"Quintus","cognomen":"Priscus","status":"tribus: Maecia, aedilis, IIvir quinquennalis, flamen Augusti, pontifex, praefectus fabrum, praefectus cohortis, tribunus militum, donis donatus"}]}},{"type":"Feature","geometry":{"type":"Point","coordinates":[8.85,44.73]},"properties":{"edcs_id":"EDCS-05400676","findspot":"Serravalle Scrivia / Libarna","raw_text":"Fausta / h(ic) s(ita) e(st) ann(orum) / XXXXV / L(ucius) Valer(ius) Felix / |(centurio) coh(ortis) Lig(urum) f(ecit)","date_from":1,"date_to":50,"marker_gender":"mixed","is_individual":false,"edcs_url":"https://edcs.hist.uzh.ch/en/document?edcs-id=EDCS-05400676","persons":[{"nomen":"","gender":"female","raw_name":"Fausta","cognomen":"Fausta"},{"nomen":"Valerius","gender":"male","raw_name":"L. Valer. Felix","praenomen":"Lucius","cognomen":"Felix","status":"centurio cohortis Ligurum"}]}},{"type":"Feature","geometry":{"type":"Point","coordinates":[8.85,44.73]},"properties":{"edcs_id":"EDCS-05400677","findspot":"Serravalle Scrivia / Libarna","raw_text":"C(aius) Atilius C(ai) f(ilius) Bradua / pecunia sua fecit / idem forum lapide quadrat(o) / stravit","date_from":1,"date_to":50,"marker_gender":"male","is_individual":false,"edcs_url":"https://edcs.hist.uzh.ch/en/document?edcs-id=EDCS-05400677","persons":[{"nomen":"Atilius","gender":"male","raw_name":"C. Atilius C. f. Bradua","praenomen":"Gaius","cognomen":"Bradua"}]}},{"type":"Feature","geometry":{"type":"Point","coordinates":[8.85,44.73]},"properties":{"edcs_id":"EDCS-05400678","findspot":"Serravalle Scrivia / Libarna","raw_text":"Cn(aeus) Atilius / Cn(aei) f(ilius) Serranus / flam(en) A[ug(usti) p]atr(onus) / co[llegii(?)]","date_from":101,"date_to":150,"marker_gender":"male","is_individual":false,"edcs_url":"https://edcs.hist.uzh.ch/en/document?edcs-id=EDCS-05400678","persons":[{"nomen":"Atilius","gender":"male","raw_name":"Cn. Atilius Cn. f. Serranus","praenomen":"Gnaeus","cognomen":"Serranus","status":"flamen Augusti, patronus"}]}},{"type":"Feature","geometry":{"type":"Point","coordinates":[8.85,44.73]},"properties":{"edcs_id":"EDCS-05400680","findspot":"Serravalle Scrivia / Libarna","raw_text":"C(aio) Catio L(uci) f(ilio) Maec(ia) / Martiali scribae / vixit ann(os) XVIII / L(ucio) Catio C(ai) f(ilio) Severo / patri / C(aio) Virio C(ai) f(ilio) Fido / avo / Muciae P(ubli) f(iliae) Quartae / aviae / C(aius) Lucretius Genialis / amicus / sibi et / Valeriae uxori // f(aciendum) c(uravit) // tu qui legisti nomina / nostra vale","date_from":101,"date_to":150,"marker_gender":"mixed","is_individual":false,"edcs_url":"https://edcs.hist.uzh.ch/en/document?edcs-id=EDCS-05400680","persons":[{"nomen":"Catius","gender":"male","raw_name":"C. Catio L. f. Maec. Martiali","praenomen":"Gaius","cognomen":"Martialis","status":"tribus: Maecia, scriba"},{"nomen":"Catius","gender":"male","raw_name":"L. Catio C. f. Severo","praenomen":"Lucius","cognomen":"Severus","status":"pater"},{"nomen":"Virius","gender":"male","raw_name":"C. Virio C. f. Fido","praenomen":"Gaius","cognomen":"Fidus","status":"avus"},{"nomen":"Mucia","gender":"female","raw_name":"Muciae P. f. Quartae","cognomen":"Quarta","status":"filia Publi, avia"},{"nomen":"Lucretius","gender":"male","raw_name":"C. Lucretius Genialis","praenomen":"Gaius","cognomen":"Genialis","status":"amicus"},{"nomen":"Valeria","gender":"female","raw_name":"Valeriae","status":"uxor"}]}},{"type":"Feature","geometry":{"type":"Point","coordinates":[8.86,44.71]},"properties":{"edcs_id":"EDCS-05400681","findspot":"Serravalle Scrivia / Libarna","raw_text":"] / Gr[3] / M M[3] / Ampliati / v[i]xit / [3]ios / [","date_from":null,"date_to":null,"marker_gender":"male","is_individual":false,"edcs_url":"https://edcs.hist.uzh.ch/en/document?edcs-id=EDCS-05400681","persons":[{"nomen":"","gender":"male","raw_name":"Ampliati","cognomen":"Ampliatus"}]}},{"type":"Feature","geometry":{"type":"Point","coordinates":[8.86,44.71]},"properties":{"edcs_id":"EDCS-05400682","findspot":"Serravalle Scrivia / Libarna","raw_text":"] / Lucretius Verinae / et filius Liviae Iulius Ennius f(aciendum) c(uraverunt)","date_from":null,"date_to":null,"marker_gender":"male","is_individual":false,"edcs_url":"https://edcs.hist.uzh.ch/en/document?edcs-id=EDCS-05400682","persons":[{"nomen":"Lucretius","gender":"male","raw_name":"Lucretius"},{"nomen":"Iulius","gender":"male","raw_name":"Iulius Ennius","cognomen":"Ennius","status":"filius Liviae"}]}},{"type":"Feature","geometry":{"type":"Point","coordinates":[8.86,44.71]},"properties":{"edcs_id":"EDCS-05400683","findspot":"Serravalle Scrivia / Libarna","raw_text":"P(ublius) Manlius P(ubli) l(ibertus) / [3]us","date_from":null,"date_to":null,"marker_gender":"male","is_individual":false,"edcs_url":"https://edcs.hist.uzh.ch/en/document?edcs-id=EDCS-05400683","persons":[{"nomen":"Manlius","gender":"male","raw_name":"P. Manlius P. l. [3]us","praenomen":"Publius","status":"libertus Publi"}]}},{"type":"Feature","geometry":{"type":"Point","coordinates":[8.86,44.71]},"properties":{"edcs_id":"EDCS-05400684","findspot":"Serravalle Scrivia / Libarna","raw_text":"C(aius) Octavius / Obsequens / et Prudens / Potitae / matri","date_from":null,"date_to":null,"marker_gender":"mixed","is_individual":false,"edcs_url":"https://edcs.hist.uzh.ch/en/document?edcs-id=EDCS-05400684","persons":[{"nomen":"Octavius","gender":"male","raw_name":"C. Octavius Obsequens","praenomen":"Gaius","cognomen":"Obsequens"},{"nomen":"","gender":"male","raw_name":"Prudens","cognomen":"Prudens"},{"nomen":"","gender":"female","raw_name":"Potitae","cognomen":"Potita","status":"mater"}]}},{"type":"Feature","geometry":{"type":"Point","coordinates":[8.86,44.71]},"properties":{"edcs_id":"EDCS-05400685","findspot":"Serravalle Scrivia / Libarna","raw_text":"Secunda / filiae / f(aciendum) <c=Q>(uravit)","date_from":null,"date_to":null,"marker_gender":"female","is_individual":false,"edcs_url":"https://edcs.hist.uzh.ch/en/document?edcs-id=EDCS-05400685","persons":[{"nomen":"","gender":"female","raw_name":"Secunda","cognomen":"Secunda"}]}},{"type":"Feature","geometry":{"type":"Point","coordinates":[8.86,44.71]},"properties":{"edcs_id":"EDCS-05400686","findspot":"Serravalle Scrivia / Libarna","raw_text":"P(ublio) Valerio P(ubli) l(iberto) / Prim[3] / T(itus) Nonius [3] / Potitu[s] p(osuit)","date_from":null,"date_to":null,"marker_gender":"male","is_individual":false,"edcs_url":"https://edcs.hist.uzh.ch/en/document?edcs-id=EDCS-05400686","persons":[{"nomen":"Valerius","gender":"male","raw_name":"P. Valerio P. l. Prim[3]","praenomen":"Publius","status":"libertus Publi"},{"nomen":"Nonius","gender":"male","raw_name":"T. Nonius [3] Potitu[s]","praenomen":"Titus","cognomen":"Potitus"}]}},{"type":"Feature","geometry":{"type":"Point","coordinates":[8.85,44.73]},"properties":{"edcs_id":"EDCS-05400687","findspot":"Serravalle Scrivia / Libarna","raw_text":"D(is) M(anibus) / Vetti Hermadio/nis / qui vixit annos XVI / menses III et Hermio/nis / quae vixit annos VIII et / Hermetis qui vixit ann(os) VII / quorum labor humanita/tis et status pietatis in / matrem suam abreptus est / hunc titulum Albia / Aphrodisia mater fili(i)s / pientissimis [","date_from":101,"date_to":150,"marker_gender":"mixed","is_individual":false,"edcs_url":"https://edcs.hist.uzh.ch/en/document?edcs-id=EDCS-05400687","persons":[{"nomen":"Vettius","gender":"male","raw_name":"Vetti Hermadionis","cognomen":"Hermadio"},{"nomen":"","gender":"male","raw_name":"Hermionis","cognomen":"Hermio"},{"nomen":"","gender":"male","raw_name":"Hermetis","cognomen":"Hermes"},{"nomen":"Albia","gender":"female","raw_name":"Albia Aphrodisia","cognomen":"Aphrodisia","status":"mater"}]}},{"type":"Feature","geometry":{"type":"Point","coordinates":[8.65,45.01]},"properties":{"edcs_id":"EDCS-05400693","findspot":"Valenza / Forum Fulvii","raw_text":"M(arco) Vibio Q(uinti) f(ilio) Pom(ptina) / veter(ano) leg(ionis) IX / Hispanienis / Herenniae M(arci) f(iliae) Salin[ae] / ux{s}ori / Sal(vio) Vibio M(arci) f(ilio) Po[m(ptina)] / Clementi","date_from":1,"date_to":100,"marker_gender":"mixed","is_individual":false,"edcs_url":"https://edcs.hist.uzh.ch/en/document?edcs-id=EDCS-05400693","persons":[{"nomen":"Vibius","gender":"male","raw_name":"M. Vibio Q. f. Pom.","praenomen":"Marcus","status":"tribus: Pomptina, filius Quinti, veteranus legionis IX Hispanienis"},{"nomen":"Herennia","gender":"female","raw_name":"Herenniae M. f. Salin[ae]","cognomen":"Salina","status":"filia Marci, uxor"},{"nomen":"Salvius","gender":"male","raw_name":"Sal(vio) Vibio M. f. Po[m.] Clementi","cognomen":"Vibius Clemens","status":"tribus: Pomptina, filius Marci"}]}},{"type":"Feature","geometry":{"type":"Point","coordinates":[8.65,45.01]},"properties":{"edcs_id":"EDCS-05400694","findspot":"Valenza / Forum Fulvii","raw_text":"Locus / L(uci) M(arci) Catiorum Sex(ti) f(ilii) / et Terentiae M(arci) f(iliae) Secund(ae?) / et Titiae L(uci) f(iliae) Postumae / et M(arci) Cati L(uci) f(ilii) / in front(e) p(edes) XXXXV / in agr(o) p(edes) XXXV","date_from":null,"date_to":null,"marker_gender":"mixed","is_individual":false,"edcs_url":"https://edcs.hist.uzh.ch/en/document?edcs-id=EDCS-05400694","persons":[{"nomen":"Catius","gender":"male","raw_name":"L. Cati Sex. f.","praenomen":"Lucius","status":"filius Sexti"},{"nomen":"Catius","gender":"male","raw_name":"M. Cati Sex. f.","praenomen":"Marcus","status":"filius Sexti"},{"nomen":"Terentia","gender":"female","raw_name":"Terentiae M. f. Secund(ae?)","cognomen":"Secunda","status":"filia Marci"},{"nomen":"Titia","gender":"female","raw_name":"Titiae L. f. Postumae","cognomen":"Postuma","status":"filia Luci"},{"nomen":"Catius","gender":"male","raw_name":"M. Cati L. f.","praenomen":"Marcus","status":"filius Luci"}]}},{"type":"Feature","geometry":{"type":"Point","coordinates":[8.65,45.01]},"properties":{"edcs_id":"EDCS-05400695","findspot":"Valenza / Forum Fulvii","raw_text":"P(ublio) Cornelio P(ubli) f(ilio) / Solicio Pom(ptina) / Urvinae L(uci) f(iliae) / Exsomnae / L(ucius) Cornelius P(ubli) f(ilius) / Solicius / patri et matri fecit","date_from":null,"date_to":null,"marker_gender":"mixed","is_individual":false,"edcs_url":"https://edcs.hist.uzh.ch/en/document?edcs-id=EDCS-05400695","persons":[{"nomen":"Cornelius","gender":"male","raw_name":"P. Cornelio P. f. Solicio Pom.","praenomen":"Publius","cognomen":"Solicius","status":"tribus: Pomptina, filius Publii"},{"nomen":"Urvina","gender":"female","raw_name":"Urvinae L. f. Exsomnae","cognomen":"Exsomna","status":"filia Luci"},{"nomen":"Cornelius","gender":"male","raw_name":"L. Cornelius P. f. Solicius","praenomen":"Lucius","cognomen":"Solicius","status":"filius Publii"}]}},{"type":"Feature","geometry":{"type":"Point","coordinates":[8.65,45.01]},"properties":{"edcs_id":"EDCS-05400696","findspot":"Valenza / Forum Fulvii","raw_text":"Q(uintus) Mettius / Sp(uri) f(ilius) Stabilio / vix{s}i(t) F[r]ugi / Primmep","date_from":null,"date_to":null,"marker_gender":"male","is_individual":false,"edcs_url":"https://edcs.hist.uzh.ch/en/document?edcs-id=EDCS-05400696","persons":[{"nomen":"Mettius","gender":"male","raw_name":"Q. Mettius Sp. f. Stabilio","praenomen":"Quintus","cognomen":"Stabilio","status":"filius Spurii"}]}},{"type":"Feature","geometry":{"type":"Point","coordinates":[8.65,45.01]},"properties":{"edcs_id":"EDCS-05400698","findspot":"Valenza / Forum Fulvii","raw_text":"M(arco) Vibio M(arci) f(ilio) Pom(ptina) patri / Trebiae Q(uinti) f(iliae) Posillae matri / Lusiae C(ai) f(iliae) Verae uxori / M(arcus) Vibius M(arci) f(ilius) Homuncio / sibi et suis v(ivus) f(ecit)","date_from":1,"date_to":50,"marker_gender":"mixed","is_individual":false,"edcs_url":"https://edcs.hist.uzh.ch/en/document?edcs-id=EDCS-05400698","persons":[{"nomen":"Vibius","gender":"male","raw_name":"M. Vibio M. f. Pom.","praenomen":"Marcus","status":"tribus: Pomptina, filius Marci, pater"},{"nomen":"Trebia","gender":"female","raw_name":"Trebiae Q. f. Posillae","cognomen":"Posilla","status":"filia Quinti, mater"},{"nomen":"Lusia","gender":"female","raw_name":"Lusiae C. f. Verae","cognomen":"Vera","status":"filia Caii, uxor"},{"nomen":"Vibius","gender":"male","raw_name":"M. Vibius M. f. Homuncio","praenomen":"Marcus","cognomen":"Homuncio","status":"filius Marci"}]}},{"type":"Feature","geometry":{"type":"Point","coordinates":[8.51,45.06]},"properties":{"edcs_id":"EDCS-05400699","findspot":"Occimiano / Vardagate / Vardacate","raw_text":"Eyafeus / Saerus / Firmanoru(m) / vilicus / et C<hr=RH>oni(us) Iovi / v(otum) s(olverunt) l(ibentes) m(erito)","date_from":51,"date_to":100,"marker_gender":"male","is_individual":false,"edcs_url":"https://edcs.hist.uzh.ch/en/document?edcs-id=EDCS-05400699","persons":[{"nomen":"","gender":"male","raw_name":"Eyafeus","cognomen":"Eyafeus","status":"vilicus"},{"nomen":"","gender":"male","raw_name":"Saerus","cognomen":"Saerus","status":"vilicus"},{"nomen":"Chronius","gender":"male","raw_name":"C<hr=RH>oni(us)"}]}},{"type":"Feature","geometry":{"type":"Point","coordinates":[8.51,45.06]},"properties":{"edcs_id":"EDCS-05400700","findspot":"Occimiano / Vardagate / Vardacate","raw_text":"D(is) M(anibus) / M(arco) Sullio M(arci) f(ilio) Marcel/lo IIIIvir(o) a(edilicia) p(otestate) IIII(viro) i(ure) d(icundo) quae(stori) / et Marciae Victoris fil(iae) / Severae parentib(us) piissim(is) / M(arcus) Sullius Verus IIIIvir t(estamento) f(ieri) i(ussit) / qui et vicanis Iadatinis / HS CCCC legavit ut de re/ditu eorum quodquod / annis rosam ponant paren/tibus et sibi","date_from":1,"date_to":150,"marker_gender":"mixed","is_individual":false,"edcs_url":"https://edcs.hist.uzh.ch/en/document?edcs-id=EDCS-05400700","persons":[{"nomen":"Sullius","gender":"male","raw_name":"M. Sullio M. f. Marcello IIIIvir a. p. IIIIvir i. d. quae.","praenomen":"Marcus","cognomen":"Marcellus","status":"IIIIvir, aedilicia potestate, IIIIvir iure dicundo, quaestor"},{"nomen":"Marcia","gender":"female","raw_name":"Marciae Victoris fil. Severae","cognomen":"Severa","status":"filia Victoris"},{"nomen":"Sullius","gender":"male","raw_name":"M. Sullius Verus IIIIvir","praenomen":"Marcus","cognomen":"Verus","status":"IIIIvir"}]}},{"type":"Feature","geometry":{"type":"Point","coordinates":[8.45,45.14]},"properties":{"edcs_id":"EDCS-05400701","findspot":"Casale Monferrato / Vardagate / Vardacate","raw_text":"L(ucio) Ursio L(uci) l(iberto) / Boeto / nato in Asia / qui hic requiescit / et / Suafeiae L(uci) f(iliae) Bassae / uxori / Sex(tus) Suafeius Sex(ti) f(ilius) / Pol(lia) Celer / C(aius) Suafeius Sex(ti) f(ilius) / Pol(lia) Fuscus / Suafeia L(uci) f(ilia) Bassa uxor / heredes posuere / et / Suafeiae L(uci) f(iliae) Faustae / in fr(onte) p(edes) XV / in agr(o) p(edes) XX","date_from":null,"date_to":null,"marker_gender":"mixed","is_individual":false,"edcs_url":"https://edcs.hist.uzh.ch/en/document?edcs-id=EDCS-05400701","persons":[{"nomen":"Ursius","gender":"male","raw_name":"L. Ursio L. l. Boeto","praenomen":"Lucius","cognomen":"Boetus","status":"libertus, nato in Asia"},{"nomen":"Suafeia","gender":"female","raw_name":"Suafeiae L. f. Bassae","cognomen":"Bassa","status":"filia Luci, uxor","cluster_id":336,"cluster_size":2},{"nomen":"Suafeius","gender":"male","raw_name":"Sex. Suafeius Sex. f. Pol. Celer","praenomen":"Sextus","cognomen":"Celer","status":"tribus: Pollia"},{"nomen":"Suafeius","gender":"male","raw_name":"C. Suafeius Sex. f. Pol. Fuscus","praenomen":"Gaius","cognomen":"Fuscus","status":"tribus: Pollia"},{"nomen":"Suafeia","gender":"female","raw_name":"Suafeia L. f. Bassa","cognomen":"Bassa","status":"filia Luci, uxor","cluster_id":336,"cluster_size":2},{"nomen":"Suafeia","gender":"female","raw_name":"Suafeiae L. f. Faustae","cognomen":"Fausta"}]}},{"type":"Feature","geometry":null,"properties":{"edcs_id":"EDCS-05400702","findspot":"Camagna Monferrato / Vardagate / Vardacate","raw_text":"C(aio) Avilio Severo / et Aviliae C(ai) f(iliae) / Severae c(ollegium) c(entonariorum) / Vard(agatensium) d(e) p(ecunia) s(ua) f(ecit)","date_from":null,"date_to":null,"marker_gender":"mixed","is_individual":true,"edcs_url":"https://edcs.hist.uzh.ch/en/document?edcs-id=EDCS-05400702","persons":[{"nomen":"Avilius","gender":"male","raw_name":"C. Avilio Severo","praenomen":"Caius","cognomen":"Severus"},{"nomen":"Avilia","gender":"female","raw_name":"Aviliae C. f. Severae","cognomen":"Severa","status":"filia Cai"}]}},{"type":"Feature","geometry":null,"properties":{"edcs_id":"EDCS-05400703","findspot":"Camagna Monferrato / Vardagate / Vardacate","raw_text":"D(is) M(anibus) / et memoriae / Simplici {h}ave / Statiliae / Tigridis / vixit ann(os) XXXVI / o formosa nimis semperque pudica maritis / duobus recubuisti toris ubi duos natos dedisti amoris / qui primus ille fuit si potuisset vincere fata / hunc titulum laudis posuisset ille tibi / sed ego infelix qui te talem carui ecce modo / frunitus sexdecim annis castitate et amore tui / v(ivus) p(osuit) P(ublius) Vibius / Verissimus / coniugi incomparabili et sibi / Euphilus Simplicio","date_from":null,"date_to":null,"marker_gender":"mixed","is_individual":true,"edcs_url":"https://edcs.hist.uzh.ch/en/document?edcs-id=EDCS-05400703","persons":[{"nomen":"","gender":"male","raw_name":"Simplici","cognomen":"Simplici","status":"memoriae"},{"nomen":"Statilia","gender":"female","raw_name":"Statiliae Tigridis","cognomen":"Tigris"},{"nomen":"Vibius","gender":"male","raw_name":"P. Vibius Verissimus","praenomen":"Publius","cognomen":"Verissimus","status":"vivus posuit, coniugi incomparabili et sibi"},{"nomen":"","gender":"male","raw_name":"Euphilus","cognomen":"Euphilus","status":"coniunx"},{"nomen":"","gender":"male","raw_name":"Simplicio","cognomen":"Simplicio","status":"coniunx"}]}},{"type":"Feature","geometry":{"type":"Point","coordinates":[8.31,45.04]},"properties":{"edcs_id":"EDCS-05400704","findspot":"Grazzano Badoglio / Vardagate / Vardacate","raw_text":"V(ivus) f(ecit) / T(itus) Vettius / T(iti) l(ibertus) Hermes / seplasiarius / mater genuit / materq(ue) recepit / hi horti ita uti o(ptimi) m(aximi)/que sunt cineribus / servite meis nam cu/ratores substituam / uti vescantur ex ho/rum hortorum redi/tu natale meo et per(!) / rosam in perpetuo / hos hortos neque divi/di volo neq(ue) abalienari","date_from":1,"date_to":150,"marker_gender":"male","is_individual":true,"edcs_url":"https://edcs.hist.uzh.ch/en/document?edcs-id=EDCS-05400704","persons":[{"nomen":"Vettius","gender":"male","raw_name":"T. Vettius T. l. Hermes","praenomen":"Titus","cognomen":"Hermes","status":"Titi libertus, seplasiarius"}]}},{"type":"Feature","geometry":{"type":"Point","coordinates":[8.27,45.05]},"properties":{"edcs_id":"EDCS-05400705","findspot":"Moncalvo / Vardagate / Vardacate","raw_text":"Irria Sal(vi) / fil(ia) Secunda / sibi et / C(aio) Sulpicio / Severo / viro suo / VIvir(o) et Aug(ustali) / [","date_from":1,"date_to":150,"marker_gender":"mixed","is_individual":true,"edcs_url":"https://edcs.hist.uzh.ch/en/document?edcs-id=EDCS-05400705","persons":[{"nomen":"Irria","gender":"female","raw_name":"Irria Sal. fil. Secunda","cognomen":"Secunda","status":"filia Salvii"},{"nomen":"Sulpicius","gender":"male","raw_name":"C. Sulpicio Severo VIvir. et Aug.","praenomen":"Gaius","cognomen":"Severus","status":"VIvir, Augustalis"}]}},{"type":"Feature","geometry":{"type":"Point","coordinates":[8.19,45.02]},"properties":{"edcs_id":"EDCS-05400706","findspot":"Tonco / Hasta","raw_text":"P(ublius) Equinius P(ubli) f(ilius) Popita / Cominia St(ati) f(ilia) uxor / P(ublius) Equinius P(ubli) f(ilius) Pol(lia) / Ingenu<u=O>s / [3] Equinius P(ubli) f(ilius) Pol(lia) filius / sexvir","date_from":1,"date_to":200,"marker_gender":"mixed","is_individual":true,"edcs_url":"https://edcs.hist.uzh.ch/en/document?edcs-id=EDCS-05400706","persons":[{"nomen":"Equinius","gender":"male","raw_name":"P. Equinius P. f. Popita","praenomen":"Publius","cognomen":"Popita","status":"filius Publi"},{"nomen":"Cominia","gender":"female","raw_name":"Cominia St. f.","status":"filia Stati, uxor"},{"nomen":"Equinius","gender":"male","raw_name":"P. Equinius P. f. Pol. Ingenuus","praenomen":"Publius","cognomen":"Ingenuus","status":"filius Publi, tribus: Pollia"},{"nomen":"Equinius","gender":"male","raw_name":"[3] Equinius P. f. Pol.","status":"filius Publi, tribus: Pollia, sexvir"}]}},{"type":"Feature","geometry":{"type":"Point","coordinates":[8.03,44.95]},"properties":{"edcs_id":"EDCS-05400707","findspot":"Roatto / Hasta","raw_text":"Neptuno sac(rum) / L(ucius) Gessius / Optatus / l(ibens) l(aetus) m(erito)","date_from":98,"date_to":117,"marker_gender":"male","is_individual":true,"edcs_url":"https://edcs.hist.uzh.ch/en/document?edcs-id=EDCS-05400707","persons":[{"nomen":"Gessius","gender":"male","raw_name":"L. Gessius Optatus","praenomen":"Lucius","cognomen":"Optatus","status":"libens laetus merito"}]}},{"type":"Feature","geometry":{"type":"Point","coordinates":[9.01,44.83]},"properties":{"edcs_id":"EDCS-05400708","findspot":"Casasco / Hasta","raw_text":"C(aio) Hirpidi[o] / C(ai) f(ilio) Memori / praef(ecto) fabr(um) iud(ici) ex / V dec(uriis) tr(ibuno) mil(itum) leg(ionis) III Aug(ustae) / praef(ecto) i(ure) d(icundo) Imper(atoris) Nervae / Traiani Caes(aris) Aug(usti) Ger(manici) Dac(ici) / flam(ini) perpet(uo) / [divi Vesp]asiani divi Nervae / [item divi] Traiani / [3 pa]tr(ono)","date_from":117,"date_to":125,"marker_gender":"male","is_individual":true,"edcs_url":"https://edcs.hist.uzh.ch/en/document?edcs-id=EDCS-05400708","persons":[{"nomen":"Hirpidius","gender":"male","raw_name":"C. Hirpidi[o] C. f. Memori","praenomen":"Gaius","cognomen":"Memorius","status":"praefectus fabrum, iudex ex V decuriis, tribunus militum legionis III Augustae, praefectus iure dicundo Imperatoris Nervae Traiani Caesaris Augusti Germanici Dacici, flaminis perpetuo"}]}},{"type":"Feature","geometry":{"type":"Point","coordinates":[8.14,45.01]},"properties":{"edcs_id":"EDCS-05400709","findspot":"Villa San Secondo / Hasta","raw_text":"L(ucius) Accaedius / Clemens / Iovi / votum solvit","date_from":1,"date_to":200,"marker_gender":"male","is_individual":true,"edcs_url":"https://edcs.hist.uzh.ch/en/document?edcs-id=EDCS-05400709","persons":[{"nomen":"Accaedius","gender":"male","raw_name":"L. Accaedius Clemens","praenomen":"Lucius","cognomen":"Clemens"}]}},{"type":"Feature","geometry":{"type":"Point","coordinates":[8.07,45.03]},"properties":{"edcs_id":"EDCS-05400710","findspot":"Piea / Hasta","raw_text":"L(ucius) Cominius / L(uci) l(ibertus) Cervicla / L(ucius) Cominius L(uci) l(ibertus) / Fuscus l(ibentes) d(ederunt)","date_from":101,"date_to":200,"marker_gender":"male","is_individual":true,"edcs_url":"https://edcs.hist.uzh.ch/en/document?edcs-id=EDCS-05400710","persons":[{"nomen":"Cominius","gender":"male","raw_name":"L. Cominius L. l. Cervicla","praenomen":"Lucius","cognomen":"Cervicla","status":"libertus Lucii"},{"nomen":"Cominius","gender":"male","raw_name":"L. Cominius L. l. Fuscus","praenomen":"Lucius","cognomen":"Fuscus","status":"libertus Lucii"}]}},{"type":"Feature","geometry":{"type":"Point","coordinates":[8.1,45.04]},"properties":{"edcs_id":"EDCS-05400711","findspot":"Ponengo / Hasta","raw_text":"Iovi / O(ptimo) M(aximo) / Licinius / Agatho / l(ibens) m(erito)","date_from":101,"date_to":200,"marker_gender":"male","is_individual":true,"edcs_url":"https://edcs.hist.uzh.ch/en/document?edcs-id=EDCS-05400711","persons":[{"nomen":"Licinius","gender":"male","raw_name":"Licinius Agatho","cognomen":"Agatho","status":"libens merito"}]}},{"type":"Feature","geometry":{"type":"Point","coordinates":[8.1,45.04]},"properties":{"edcs_id":"EDCS-05400712","findspot":"Cunico / Hasta","raw_text":"C(aius) Fulvius C(ai) l(ibertus) Philologus / mag(ister) Minervalis / Pulfennia T(iti) f(ilia) Sabina ux{s}or / C(aius) Fulvius C(ai) f(ilius) Pol(lia) Sabinus / filius","date_from":101,"date_to":200,"marker_gender":"mixed","is_individual":true,"edcs_url":"https://edcs.hist.uzh.ch/en/document?edcs-id=EDCS-05400712","persons":[{"nomen":"Fulvius","gender":"male","raw_name":"C. Fulvius C. l. Philologus","praenomen":"Gaius","cognomen":"Philologus","status":"libertus Gai, magister Minervalis"},{"nomen":"Pulfennia","gender":"female","raw_name":"Pulfennia T. f. Sabina","cognomen":"Sabina","status":"filia Titi, uxor"},{"nomen":"Fulvius","gender":"male","raw_name":"C. Fulvius C. f. Pol. Sabinus","praenomen":"Gaius","cognomen":"Sabinus","status":"tribus: Pollia, filius"}]}},{"type":"Feature","geometry":{"type":"Point","coordinates":[8.1,45.06]},"properties":{"edcs_id":"EDCS-05400713","findspot":"Montiglio Monferrato / Montiglio / Industria","raw_text":"Vitalis Tertius / Quartus Fir/mus Mari[i] / L(uci) f(ilii) fratres / Ma(rti) v(otum) s(olverunt) l(ibentes) l(aeti)","date_from":151,"date_to":200,"marker_gender":"male","is_individual":true,"edcs_url":"https://edcs.hist.uzh.ch/en/document?edcs-id=EDCS-05400713","persons":[{"nomen":"","gender":"male","raw_name":"Vitalis","cognomen":"Vitalis","status":"frater"},{"nomen":"","gender":"male","raw_name":"Tertius","cognomen":"Tertius","status":"frater"},{"nomen":"","gender":"male","raw_name":"Quartus","cognomen":"Quartus","status":"frater"},{"nomen":"","gender":"male","raw_name":"Firmus","cognomen":"Firmus","status":"frater"},{"nomen":"Marius","gender":"male","raw_name":"Mari[i]","status":"pater"}]}},{"type":"Feature","geometry":null,"properties":{"edcs_id":"EDCS-05400714","findspot":"Odalengo / Industria","raw_text":"T(itus) Lollius T(iti) l(ibertus) / Masculus / IIIIIIvir / Bodincomagensis / positus propter / viam ut dicant / praeterientes / Lolli ave","date_from":null,"date_to":null,"marker_gender":"male","is_individual":true,"edcs_url":"https://edcs.hist.uzh.ch/en/document?edcs-id=EDCS-05400714","persons":[{"nomen":"Lollius","gender":"male","raw_name":"T. Lollius T. l. Masculus","praenomen":"Titus","cognomen":"Masculus","status":"libertus, IIIIIIvir, Bodincomagensis"}]}},{"type":"Feature","geometry":{"type":"Point","coordinates":[7.93,45.07]},"properties":{"edcs_id":"EDCS-05400715","findspot":"Moncucco Torinese / Carreum Potentia","raw_text":"C(aio) Bruttio Praes(e)nte II Sext/o Quintil(i)o Condiano / co(n)s(ulibus) P(ublius) Popilius Priscinu/s sev(i)r sol(o) s(uo) se vi(v)o posu(e)runt f(ilii) e/t nep(o)tes pos(uerunt) P(ubli) Pop(ili) Pri(scine) ave be/ne v<a=O>leas quisq(uis) es viator / [ne]q(u)e vale(at) qui me amove(rit)","date_from":180,"date_to":180,"marker_gender":"male","is_individual":true,"edcs_url":"https://edcs.hist.uzh.ch/en/document?edcs-id=EDCS-05400715","persons":[{"nomen":"Bruttius","gender":"male","raw_name":"C. Bruttio Praesente","praenomen":"Gaius","cognomen":"Praesens","status":"consul"},{"nomen":"Quintilius","gender":"male","raw_name":"Sexto Quintilio Condiano","praenomen":"Sextus","cognomen":"Condianus","status":"consul"},{"nomen":"Popilius","gender":"male","raw_name":"P. Popilius Priscinus","praenomen":"Publius","cognomen":"Priscinus","status":"sevir"}]}},{"type":"Feature","geometry":{"type":"Point","coordinates":[7.97,45.08]},"properties":{"edcs_id":"EDCS-05400716","findspot":"Albugnano / Industria","raw_text":"Sex(tus) Octavius / Sex(ti) f(ilius) Pol(lia) Cel/sus Cassianus / t(estamento) f(ieri) i(ussit) / vixit annos XXI","date_from":1,"date_to":100,"marker_gender":"male","is_individual":false,"edcs_url":"https://edcs.hist.uzh.ch/en/document?edcs-id=EDCS-05400716","persons":[{"nomen":"Octavius","gender":"male","raw_name":"Sex. Octavius Sex. f. Pol. Celsus Cassianus","praenomen":"Sextus","cognomen":"Celsus Cassianus","status":"tribus: Pollia"}]}},{"type":"Feature","geometry":{"type":"Point","coordinates":[7.97,45.08]},"properties":{"edcs_id":"EDCS-05400717","findspot":"Albugnano / Industria","raw_text":"] C(aius?) Iul[ius(?)","date_from":null,"date_to":null,"marker_gender":"male","is_individual":false,"edcs_url":"https://edcs.hist.uzh.ch/en/document?edcs-id=EDCS-05400717","persons":[{"nomen":"Iulius","gender":"male","raw_name":"C. Iul[ius","praenomen":"Gaius"}]}},{"type":"Feature","geometry":{"type":"Point","coordinates":[8.02,45.15]},"properties":{"edcs_id":"EDCS-05400718","findspot":"Monteu da Po / Industria","raw_text":"Genio et Honor(i) / L(uci) Pompei L(uci) f(ilii) Pol(lia) Heren/niani eq(uitis) Rom(ani) eq(uo) pub(lico) / q(uaestoris) aer(arii) p(ublici) et alim(entorum) aedil(is) / IIviro(!) curatori / kalendarior(um) rei p(ublicae) / collegium pasto/phororum Indus/triensium patro/no ob merita / T(itus) Grae() Trophimus Ind(ustriensis) fac(iebat)","date_from":101,"date_to":200,"marker_gender":"male","is_individual":false,"edcs_url":"https://edcs.hist.uzh.ch/en/document?edcs-id=EDCS-05400718","persons":[{"nomen":"Pompeius","gender":"male","raw_name":"L. Pompei L. f. Pol. Herenniani","praenomen":"Lucius","cognomen":"Herennianus","status":"tribus: Pollia, eques Romanus, equo publico, quaestor aerarii publici et alimentorum, aedilis, IIvir, curator kalendariorum rei publicae, patronus"},{"nomen":"","gender":"male","raw_name":"T. Grae. Trophimus Ind.","praenomen":"Titus","cognomen":"Trophimus","status":"Industriensis","cluster_id":1145,"cluster_size":2,"cluster_confidence":"low"}]}},{"type":"Feature","geometry":{"type":"Point","coordinates":[8.02,45.15]},"properties":{"edcs_id":"EDCS-05400719","findspot":"Monteu da Po / Industria","raw_text":"Genio / Q(uinti) Sertori Syner/gi iunioris et / Genio / Q(uinti) Sertori Se/veri patro/norum / c(ollegium) f(abrum) Ind(ustriensium)","date_from":101,"date_to":150,"marker_gender":"male","is_individual":false,"edcs_url":"https://edcs.hist.uzh.ch/en/document?edcs-id=EDCS-05400719","persons":[{"nomen":"Sertorius","gender":"male","raw_name":"Q. Sertori Synergi","praenomen":"Quintus","cognomen":"Synergus","status":"iunior, patronus"},{"nomen":"Sertorius","gender":"male","raw_name":"Q. Sertori Severi","praenomen":"Quintus","cognomen":"Severus","status":"patronus"}]}},{"type":"Feature","geometry":{"type":"Point","coordinates":[8.02,45.15]},"properties":{"edcs_id":"EDCS-05400721","findspot":"Monteu da Po / Industria","raw_text":"G(enio) Q(uinti) n(ostri) / Moschus ser(vus)","date_from":101,"date_to":200,"marker_gender":"male","is_individual":false,"edcs_url":"https://edcs.hist.uzh.ch/en/document?edcs-id=EDCS-05400721","persons":[{"nomen":"","gender":"male","raw_name":"Moschus","cognomen":"Moschus","status":"servus"}]}},{"type":"Feature","geometry":{"type":"Point","coordinates":[8.02,45.15]},"properties":{"edcs_id":"EDCS-05400722","findspot":"Monteu da Po / Industria","raw_text":"Iunoni Iuliae n(ostrae) / Q(uintus) Lollius Eusebes et / Acutia Prepusa","date_from":101,"date_to":200,"marker_gender":"mixed","is_individual":false,"edcs_url":"https://edcs.hist.uzh.ch/en/document?edcs-id=EDCS-05400722","persons":[{"nomen":"Lollius","gender":"male","raw_name":"Q. Lollius Eusebes","praenomen":"Quintus","cognomen":"Eusebes"},{"nomen":"Acutia","gender":"female","raw_name":"Acutia Prepusa","cognomen":"Prepusa"}]}},{"type":"Feature","geometry":{"type":"Point","coordinates":[8.02,45.15]},"properties":{"edcs_id":"EDCS-05400723","findspot":"Monteu da Po / Industria","raw_text":"Minervae / pro salute / Destici Iubae c(larissimi) v(iri) / et Destici Sal[l]us/[ti] Iubae cl(arissimi) iuvenis / et I(ubae) fil(iae) Sallustiae / Plotinae clariss(imae) / [G]allus ser(vus) actor / v(otum) s(olvit) l(ibens) m(erito)","date_from":null,"date_to":null,"marker_gender":"mixed","is_individual":false,"edcs_url":"https://edcs.hist.uzh.ch/en/document?edcs-id=EDCS-05400723","persons":[{"nomen":"Desticius","gender":"male","raw_name":"Destici Iubae","cognomen":"Iuba","status":"clarissimus vir"},{"nomen":"Desticius","gender":"male","raw_name":"Destici Sal[l]us[ti] Iubae","cognomen":"Sallustius Iuba","status":"clarissimus iuvenis"},{"nomen":"Sallustia","gender":"female","raw_name":"Sallustiae Plotinae","cognomen":"Plotina","status":"filia Iubae, clarissima"},{"nomen":"","gender":"male","raw_name":"[G]allus","cognomen":"Gallus","status":"servus, actor"}]}},{"type":"Feature","geometry":{"type":"Point","coordinates":[8.02,45.15]},"properties":{"edcs_id":"EDCS-05400724","findspot":"Monteu da Po / Industria","raw_text":"[D(eo)] I(nvicto) M(ithrae) / C(aius) Indus/trius / Verus / d(onum) d(edit)","date_from":151,"date_to":200,"marker_gender":"male","is_individual":false,"edcs_url":"https://edcs.hist.uzh.ch/en/document?edcs-id=EDCS-05400724","persons":[{"nomen":"Industrius","gender":"male","raw_name":"C. Industrius Verus","praenomen":"Gaius","cognomen":"Verus"}]}},{"type":"Feature","geometry":{"type":"Point","coordinates":[8.02,45.15]},"properties":{"edcs_id":"EDCS-05400728","findspot":"Monteu da Po / Industria","raw_text":"C(aio) Avilio L(uci) f(ilio) / Pol(lia) Gaviano / flamin(i) divi / Caesar(is) perpetuo / patrono municipi(i) / trib(uno) milit(um) leg(ionis) III / Gallicae / d(ecreto) d(ecurionum) / quo honore contentus / impensam remis{s}it","date_from":1,"date_to":50,"marker_gender":"male","is_individual":false,"edcs_url":"https://edcs.hist.uzh.ch/en/document?edcs-id=EDCS-05400728","persons":[{"nomen":"Avilius","gender":"male","raw_name":"C. Avilio L. f. Pol. Gaviano","praenomen":"Gaius","cognomen":"Gavianus","status":"tribus: Pollia, flamen divi Caesaris perpetuus, patronus municipii, tribunus militum legionis III Gallicae"}]}},{"type":"Feature","geometry":{"type":"Point","coordinates":[8.02,45.15]},"properties":{"edcs_id":"EDCS-05400729","findspot":"Monteu da Po / Industria","raw_text":"C(aio) Aulio / Optato / IIIIvir(o) a(edilicia) p(otestate) / L(ucius) Lucretius / Primi f(ilius)","date_from":1,"date_to":100,"marker_gender":"male","is_individual":false,"edcs_url":"https://edcs.hist.uzh.ch/en/document?edcs-id=EDCS-05400729","persons":[{"nomen":"Aulius","gender":"male","raw_name":"C. Aulio Optato","praenomen":"Gaius","cognomen":"Optatus","status":"IIIIvir, aedilicia potestate"},{"nomen":"Lucretius","gender":"male","raw_name":"L. Lucretius Primi f.","praenomen":"Lucius","status":"filius Primi"}]}},{"type":"Feature","geometry":{"type":"Point","coordinates":[8.02,45.15]},"properties":{"edcs_id":"EDCS-05400730","findspot":"Monteu da Po / Industria","raw_text":"Tertio Bresio Autonis f(ilio) / VIvir(o) / Miniciae St(ati) f(iliae) Iovincae / Salvius f(ilius) VIvir / Marcus f(ilius) VIvir / v(ivi) f(ecerunt)","date_from":1,"date_to":50,"marker_gender":"mixed","is_individual":false,"edcs_url":"https://edcs.hist.uzh.ch/en/document?edcs-id=EDCS-05400730","persons":[{"nomen":"Bresius","gender":"male","raw_name":"Tertio Bresio Autonis f.","cognomen":"Tertius","status":"filius Autonis, VIvir"},{"nomen":"Minicia","gender":"female","raw_name":"Miniciae St. f. Iovincae","cognomen":"Iovinca","status":"filia Statii"},{"nomen":"","gender":"male","raw_name":"Salvius","cognomen":"Salvius","status":"filius, VIvir"},{"nomen":"","gender":"male","raw_name":"Marcus","praenomen":"Marcus","status":"filius, VIvir"}]}},{"type":"Feature","geometry":{"type":"Point","coordinates":[8.02,45.15]},"properties":{"edcs_id":"EDCS-05400731","findspot":"Monteu da Po / Industria","raw_text":"M(arco) Minio A(uli) f(ilio) Pol(lia) / de decem paternis / primo pro praef(ecto) eq(uitum) / IIvir(o) quinq(uennali) / honoris caus{s}a locus / ex d(ecreto) d(ecurionum) datus v(ivus) f(ecit) / sibi et / Miniae N(umeri) f(iliae) Tertullae / ux{s}ori","date_from":null,"date_to":null,"marker_gender":"mixed","is_individual":false,"edcs_url":"https://edcs.hist.uzh.ch/en/document?edcs-id=EDCS-05400731","persons":[{"nomen":"Minius","gender":"male","raw_name":"M. Minio A. f. Pol.","praenomen":"Marcus","status":"tribus: Pollia, de decem paternis, primus pro praefecto equitum, IIvir quinquennalis"},{"nomen":"Minia","gender":"female","raw_name":"Miniae N. f. Tertullae","cognomen":"Tertulla","status":"filia Numerii, uxor"}]}},{"type":"Feature","geometry":{"type":"Point","coordinates":[8.02,45.15]},"properties":{"edcs_id":"EDCS-05400734","findspot":"Monteu da Po / Industria","raw_text":"A(ulo) Hostilio A(uli) f(ilio) / Pap(iria) patrono","date_from":-27,"date_to":14,"marker_gender":"male","is_individual":false,"edcs_url":"https://edcs.hist.uzh.ch/en/document?edcs-id=EDCS-05400734","persons":[{"nomen":"Hostilius","gender":"male","raw_name":"A. Hostilio A. f. Pap.","praenomen":"Aulus","status":"tribus: Papiria, patronus"}]}},{"type":"Feature","geometry":{"type":"Point","coordinates":[8.02,45.15]},"properties":{"edcs_id":"EDCS-05400735","findspot":"Monteu da Po / Industria","raw_text":"C(aio) Lollio / C(ai) lib(erto) Pal(atina) / Agraulo / colleg(ium) / centonar(iorum) / q(uo) h(onore) c(ontentus) i(mpensam) r(emisit)","date_from":101,"date_to":200,"marker_gender":"male","is_individual":false,"edcs_url":"https://edcs.hist.uzh.ch/en/document?edcs-id=EDCS-05400735","persons":[{"nomen":"Lollius","gender":"male","raw_name":"C. Lollio C. lib. Pal. Agraulo","praenomen":"Gaius","cognomen":"Agraulus","status":"libertus, tribus: Palatina, collegium centonariorum","cluster_id":495,"cluster_size":2}]}},{"type":"Feature","geometry":{"type":"Point","coordinates":[8.02,45.15]},"properties":{"edcs_id":"EDCS-05400736","findspot":"Monteu da Po / Industria","raw_text":"C(aio) Lollio C(ai) lib(erto) / Pal(atina) Agraulo / VIvir(o) et Aug(ustali) / C(aius) Lollius / Heliodorus / colliberto","date_from":101,"date_to":200,"marker_gender":"male","is_individual":false,"edcs_url":"https://edcs.hist.uzh.ch/en/document?edcs-id=EDCS-05400736","persons":[{"nomen":"Lollius","gender":"male","raw_name":"C. Lollio C. lib. Pal. Agraulo VIvir. et Aug.","praenomen":"Gaius","cognomen":"Agraulus","status":"libertus, tribus: Palatina, VIvir, Augustalis","cluster_id":495,"cluster_size":2},{"nomen":"Lollius","gender":"male","raw_name":"C. Lollius Heliodorus","praenomen":"Gaius","cognomen":"Heliodorus","status":"collibertus"}]}},{"type":"Feature","geometry":{"type":"Point","coordinates":[8.02,45.15]},"properties":{"edcs_id":"EDCS-05400738","findspot":"Monteu da Po / Industria","raw_text":"Avilia Amabilis / v(otum) s(olvit)","date_from":101,"date_to":200,"marker_gender":"female","is_individual":false,"edcs_url":"https://edcs.hist.uzh.ch/en/document?edcs-id=EDCS-05400738","persons":[{"nomen":"Avilia","gender":"female","raw_name":"Avilia Amabilis","cognomen":"Amabilis"}]}},{"type":"Feature","geometry":{"type":"Point","coordinates":[8.02,45.15]},"properties":{"edcs_id":"EDCS-05400739","findspot":"Monteu da Po / Industria","raw_text":"L(ucius) Fulfennius T(iti) f(ilius) sibi / et L(ucio) Fulfennio L(uci) f(ilio) Firn() / et L(ucio) Fulfennio L(uci) f(ilio) Secund(o?) / filiis suis v(ivus) f(ecit)","date_from":1,"date_to":100,"marker_gender":"male","is_individual":false,"edcs_url":"https://edcs.hist.uzh.ch/en/document?edcs-id=EDCS-05400739","persons":[{"nomen":"Fulfennius","gender":"male","raw_name":"L. Fulfennius T. f.","praenomen":"Lucius","status":"filius Titi"},{"nomen":"Fulfennius","gender":"male","raw_name":"L. Fulfennio L. f. Firn()","praenomen":"Lucius","cognomen":"Firnius","status":"filius Luci"},{"nomen":"Fulfennius","gender":"male","raw_name":"L. Fulfennio L. f. Secund(o?)","praenomen":"Lucius","cognomen":"Secundus","status":"filius Luci"}]}},{"type":"Feature","geometry":{"type":"Point","coordinates":[8.02,45.15]},"properties":{"edcs_id":"EDCS-05400741","findspot":"Monteu da Po / Industria","raw_text":"C(aius) Papirius P(ubli) f(ilius) / Pol(lia) / Cassia L(uci) l(iberta) Fausta / Papiria C(ai) f(ilia) Prima","date_from":1,"date_to":50,"marker_gender":"mixed","is_individual":false,"edcs_url":"https://edcs.hist.uzh.ch/en/document?edcs-id=EDCS-05400741","persons":[{"nomen":"Papirius","gender":"male","raw_name":"C. Papirius P. f. Pol.","praenomen":"Gaius","status":"filius Publii, tribus: Pollia"},{"nomen":"Cassia","gender":"female","raw_name":"Cassia L. l. Fausta","cognomen":"Fausta","status":"liberta Luci"},{"nomen":"Papiria","gender":"female","raw_name":"Papiria C. f. Prima","cognomen":"Prima","status":"filia Gai"}]}},{"type":"Feature","geometry":{"type":"Point","coordinates":[7.82,45.01]},"properties":{"edcs_id":"EDCS-05400743","findspot":"Chieri / Carreum Potentia","raw_text":"[Fon]ti(?) [Dia]nae Victoriae / T(itus) Sextius [3 f(ilius) B]asiliscus Aug(ustalis) Claudialis / nomine suo et / Sextiae T(iti) l(ibertae) Irenes uxoris et / T(iti) Sexti Fausti fili(i) et / Sextiae Marcellae filiae / solo suo inter quattuor terminos / v(otum) s(olvit) l(ibens) l(aetus) m(erito)","date_from":54,"date_to":70,"marker_gender":"mixed","is_individual":false,"edcs_url":"https://edcs.hist.uzh.ch/en/document?edcs-id=EDCS-05400743","persons":[{"nomen":"Sextius","gender":"male","raw_name":"T. Sextius [3 f. B]asiliscus","praenomen":"Titus","cognomen":"Basiliscus","status":"Augustalis Claudialis"},{"nomen":"Sextia","gender":"female","raw_name":"Sextiae T. l. Irenes","cognomen":"Irene","status":"liberta Titi, uxor"},{"nomen":"Sextius","gender":"male","raw_name":"T. Sexti Fausti","praenomen":"Titus","cognomen":"Faustus","status":"filius"},{"nomen":"Sextia","gender":"female","raw_name":"Sextiae Marcellae","cognomen":"Marcella","status":"filia"}]}},{"type":"Feature","geometry":{"type":"Point","coordinates":[7.82,45.01]},"properties":{"edcs_id":"EDCS-05400745","findspot":"Chieri / Carreum Potentia","raw_text":"L(ucius) Coelius Q(uinti) f(ilius) / miles leg(ionis) VIIII / signifer ob / virtutes phalaris / torquibus / armillis don[atus","date_from":-50,"date_to":-1,"marker_gender":"male","is_individual":false,"edcs_url":"https://edcs.hist.uzh.ch/en/document?edcs-id=EDCS-05400745","persons":[{"nomen":"Coelius","gender":"male","raw_name":"L. Coelius Q. f.","praenomen":"Lucius","status":"filius Quinti, miles legionis VIIII, signifer"}]}},{"type":"Feature","geometry":{"type":"Point","coordinates":[7.82,45.01]},"properties":{"edcs_id":"EDCS-05400746","findspot":"Chieri / Carreum Potentia","raw_text":"T(ito) Aebutio T(iti) l(iberto) / Leonae / VIvir(o) et Aug(ustali) / I() Arrei f(iliae) Industriae / h(onore) <u=I>(so) r(emissa) i(mpensa)","date_from":null,"date_to":null,"marker_gender":"mixed","is_individual":false,"edcs_url":"https://edcs.hist.uzh.ch/en/document?edcs-id=EDCS-05400746","persons":[{"nomen":"Aebutius","gender":"male","raw_name":"T. Aebutio T. l. Leonae","praenomen":"Titus","cognomen":"Leo","status":"libertus Titi, VIvir, Augustalis"},{"nomen":"Arria","gender":"female","raw_name":"I. Arrei f. Industriae","cognomen":"Industria","status":"filia I., uxor"}]}},{"type":"Feature","geometry":{"type":"Point","coordinates":[7.82,45.01]},"properties":{"edcs_id":"EDCS-05400748","findspot":"Chieri / Carreum Potentia","raw_text":"V(ivus) f(ecit) / L(ucius) Vennonius / |(mulieris) l(ibertus) Onesimus / VIvir Aug(ustalis) sibi et / [","date_from":null,"date_to":null,"marker_gender":"male","is_individual":false,"edcs_url":"https://edcs.hist.uzh.ch/en/document?edcs-id=EDCS-05400748","persons":[{"nomen":"Vennonius","gender":"male","raw_name":"L. Vennonius |(mulieris) l. Onesimus","praenomen":"Lucius","cognomen":"Onesimus","status":"mulieris libertus, VIvir Augustalis"}]}},{"type":"Feature","geometry":{"type":"Point","coordinates":[7.82,45.01]},"properties":{"edcs_id":"EDCS-05400749","findspot":"Chieri / Carreum Potentia","raw_text":"D(is) M(anibus) / M(arci) Alboni / Callistini / Albonia / Epagatho / filio piissim(o) / et Alboniae / Cale / patronae / optim(ae) et sibi","date_from":null,"date_to":null,"marker_gender":"mixed","is_individual":false,"edcs_url":"https://edcs.hist.uzh.ch/en/document?edcs-id=EDCS-05400749","persons":[{"nomen":"Albonius","gender":"male","raw_name":"M. Alboni Callistini","praenomen":"Marcus","cognomen":"Callistinus"},{"nomen":"Albonia","gender":"female","raw_name":"Albonia Epagatho","cognomen":"Epagatho","status":"filio piissimo"},{"nomen":"Albonia","gender":"female","raw_name":"Alboniae Cale","cognomen":"Cale","status":"patrona optima"}]}},{"type":"Feature","geometry":{"type":"Point","coordinates":[7.82,45.01]},"properties":{"edcs_id":"EDCS-05400750","findspot":"Chieri / Carreum Potentia","raw_text":"Cominia / M(arci) f(ilia) Pupa t(estamento) f(ieri) i(ussit) / M(arco) Ennio T(iti) f(ilio) Supero / T(ito) Ennio T(iti) [f(ilio)] Stab[i]lioni / Molotae matri","date_from":null,"date_to":null,"marker_gender":"mixed","is_individual":false,"edcs_url":"https://edcs.hist.uzh.ch/en/document?edcs-id=EDCS-05400750","persons":[{"nomen":"Cominia","gender":"female","raw_name":"Cominia M. f. Pupa","status":"filia Marci, tribus: Pupa"},{"nomen":"Ennius","gender":"male","raw_name":"M. Ennio T. f. Supero","praenomen":"Marcus","cognomen":"Super","status":"filius Titi"},{"nomen":"Ennius","gender":"male","raw_name":"T. Ennio T. [f.] Stab[i]lioni","praenomen":"Titus","cognomen":"Stabilio","status":"filius Titi"},{"nomen":"","gender":"female","raw_name":"Molotae","cognomen":"Molota","status":"mater"}]}},{"type":"Feature","geometry":{"type":"Point","coordinates":[7.82,45.01]},"properties":{"edcs_id":"EDCS-05400751","findspot":"Chieri / Carreum Potentia","raw_text":"Valeria C(ai) l(iberta) Aretusa / sibi et / Cn(aeo) Pompeio Cn(aei) f(ilio) Quirina / Laevino viro et / Cn(aeo) Pompeio Cn(aei) f(ilio) Laevinulo / filio v(iva) f(ecit) Novarie(n)sis","date_from":null,"date_to":null,"marker_gender":"mixed","is_individual":false,"edcs_url":"https://edcs.hist.uzh.ch/en/document?edcs-id=EDCS-05400751","persons":[{"nomen":"Valeria","gender":"female","raw_name":"Valeria C. l. Aretusa","cognomen":"Aretusa","status":"liberta Caii"},{"nomen":"Pompeius","gender":"male","raw_name":"Cn. Pompeio Cn. f. Quirina Laevino","praenomen":"Gnaeus","cognomen":"Laevinus","status":"filius Gnaei, tribus: Quirina, vir","cluster_id":431,"cluster_size":2},{"nomen":"Pompeius","gender":"male","raw_name":"Cn. Pompeio Cn. f. Laevinulo","praenomen":"Gnaeus","cognomen":"Laevinulus","status":"filius Gnaei, filius","cluster_id":431,"cluster_size":2}]}},{"type":"Feature","geometry":{"type":"Point","coordinates":[7.82,45.01]},"properties":{"edcs_id":"EDCS-05400752","findspot":"Chieri / Carreum Potentia","raw_text":"T(itus) Vettius / Stati fil(ius) Pol(lia) / t(estamento) f(ieri) i(ussit) / Ennius et / Catonia / f(aciendum) c(uraverunt)","date_from":null,"date_to":null,"marker_gender":"mixed","is_individual":false,"edcs_url":"https://edcs.hist.uzh.ch/en/document?edcs-id=EDCS-05400752","persons":[{"nomen":"Vettius","gender":"male","raw_name":"T. Vettius Stati fil. Pol.","praenomen":"Titus","status":"filius Stati, tribus: Pollia"},{"nomen":"Ennius","gender":"male","raw_name":"Ennius"},{"nomen":"Catonia","gender":"female","raw_name":"Catonia"}]}},{"type":"Feature","geometry":{"type":"Point","coordinates":[8.47,44.68]},"properties":{"edcs_id":"EDCS-05400754","findspot":"Acqui Terme / Aquae Statiellae","raw_text":"P(ublius) Vimivinus L(uci) f(ilius) Clarus / Dormino et Suetai(!) / v(otum) s(olvit) l(ibens) m(erito)","date_from":1,"date_to":100,"marker_gender":"male","is_individual":false,"edcs_url":"https://edcs.hist.uzh.ch/en/document?edcs-id=EDCS-05400754","persons":[{"nomen":"Vimivinus","gender":"male","raw_name":"P. Vimivinus L. f. Clarus","praenomen":"Publius","cognomen":"Clarus","status":"votum solvit libens merito"}]}},{"type":"Feature","geometry":{"type":"Point","coordinates":[8.47,44.68]},"properties":{"edcs_id":"EDCS-05400755","findspot":"Acqui Terme / Aquae Statiellae","raw_text":"Genio / P(ubli) n(ostri) / Thallus / Thallio / Agathio / lib(erti)","date_from":51,"date_to":150,"marker_gender":"male","is_individual":false,"edcs_url":"https://edcs.hist.uzh.ch/en/document?edcs-id=EDCS-05400755","persons":[{"nomen":"","gender":"male","raw_name":"Thallus","cognomen":"Thallus","status":"libertus"},{"nomen":"","gender":"male","raw_name":"Thallio","cognomen":"Thallio","status":"libertus"},{"nomen":"","gender":"male","raw_name":"Agathio","cognomen":"Agathio","status":"libertus"}]}},{"type":"Feature","geometry":{"type":"Point","coordinates":[8.47,44.68]},"properties":{"edcs_id":"EDCS-05400758","findspot":"Acqui Terme / Aquae Statiellae","raw_text":"M(arcus) Fl(avius) Accius / si(tus) e(st) / mil(es) leg(ionis) XXII","date_from":101,"date_to":200,"marker_gender":"male","is_individual":false,"edcs_url":"https://edcs.hist.uzh.ch/en/document?edcs-id=EDCS-05400758","persons":[{"nomen":"Flavius","gender":"male","raw_name":"M. Fl. Accius mil. leg. XXII","praenomen":"Marcus","cognomen":"Accius","status":"miles legionis XXII"}]}},{"type":"Feature","geometry":{"type":"Point","coordinates":[8.47,44.68]},"properties":{"edcs_id":"EDCS-05400759","findspot":"Acqui Terme / Aquae Statiellae","raw_text":"Pollia M(arci) f(ilia) Marcella / M(arco) Pollio M(arci) l(iberto) Certo patri / Aufidiae T(iti) f(iliae) Titullae matri / L(ucio) et L(ucio) et T(ito) et Proculae Vibullis fili(i)s / L(ucio) Vibullio Montano viro / VIvir(o) Aug(ustali) Flaviali v(iva) f(ecit)","date_from":79,"date_to":200,"marker_gender":"mixed","is_individual":false,"edcs_url":"https://edcs.hist.uzh.ch/en/document?edcs-id=EDCS-05400759","persons":[{"nomen":"Pollia","gender":"female","raw_name":"Pollia M. f. Marcella","cognomen":"Marcella","status":"filia Marci"},{"nomen":"Pollio","gender":"male","raw_name":"M. Pollio M. l. Certo","praenomen":"Marcus","cognomen":"Certo","status":"libertus, pater"},{"nomen":"Aufidia","gender":"female","raw_name":"Aufidiae T. f. Titullae","cognomen":"Titulla","status":"filia Titi, matri"},{"nomen":"Vibullius","gender":"male","raw_name":"L. Vibullio Montano","praenomen":"Lucius","cognomen":"Montanus","status":"filius, VIviro Augustali Flaviali"}]}},{"type":"Feature","geometry":{"type":"Point","coordinates":[8.47,44.68]},"properties":{"edcs_id":"EDCS-05400760","findspot":"Acqui Terme / Aquae Statiellae","raw_text":"M(arco) Valerio M(arci) f(ilio) / Tromentina / Crescenti / VIviro patri / et Baebiae C(ai) f(iliae) / Tertiae aviae / Valeria M(arci) f(ilia) / Marcella / d(e) s(uo) p(osuit)","date_from":1,"date_to":100,"marker_gender":"mixed","is_individual":false,"edcs_url":"https://edcs.hist.uzh.ch/en/document?edcs-id=EDCS-05400760","persons":[{"nomen":"Valerius","gender":"male","raw_name":"M. Valerio M. f. Tromentina Crescenti VIviro","praenomen":"Marcus","cognomen":"Crescens","status":"tribus: Tromentina, VIviro, pater"},{"nomen":"Baebia","gender":"female","raw_name":"Baebiae C. f. Tertiae","cognomen":"Tertia","status":"filia Cai, aviae"},{"nomen":"Valeria","gender":"female","raw_name":"Valeria M. f. Marcella","cognomen":"Marcella","status":"filia Marci","cluster_id":26,"cluster_size":2}]}},{"type":"Feature","geometry":{"type":"Point","coordinates":[8.47,44.68]},"properties":{"edcs_id":"EDCS-05400761","findspot":"Acqui Terme / Aquae Statiellae","raw_text":"C(aius) Valerius |(mulieris) l(ibertus) / Sceptus / VIvir Aug(ustalis) Flavialis / sibi et / Vettiae L(uci) f(iliae) Romulae uxori / v(ivus) f(ecit)","date_from":79,"date_to":150,"marker_gender":"mixed","is_individual":false,"edcs_url":"https://edcs.hist.uzh.ch/en/document?edcs-id=EDCS-05400761","persons":[{"nomen":"Valerius","gender":"male","raw_name":"C. Valerius |(mulieris) l. Sceptus","praenomen":"Gaius","cognomen":"Sceptus","status":"mulieris libertus, VIvir Augustalis Flavialis"},{"nomen":"Vettia","gender":"female","raw_name":"Vettiae L. f. Romulae","cognomen":"Romula","status":"filia Luci, uxor"}]}},{"type":"Feature","geometry":{"type":"Point","coordinates":[8.47,44.68]},"properties":{"edcs_id":"EDCS-05400762","findspot":"Acqui Terme / Aquae Statiellae","raw_text":"Vibio / Asiatico / et / Viriae Sulpiciae / M(arcus) Coelius Mansu/etus et / Latinia Dextra et / Procula filia","date_from":51,"date_to":150,"marker_gender":"mixed","is_individual":false,"edcs_url":"https://edcs.hist.uzh.ch/en/document?edcs-id=EDCS-05400762","persons":[{"nomen":"Vibius","gender":"male","raw_name":"Vibio Asiatico","cognomen":"Asiaticus","cluster_id":29,"cluster_size":2},{"nomen":"Viria","gender":"female","raw_name":"Viriae Sulpiciae","cognomen":"Sulpicia"},{"nomen":"Coelius","gender":"male","raw_name":"M. Coelius Mansuetus","praenomen":"Marcus","cognomen":"Mansuetus"},{"nomen":"Latinia","gender":"female","raw_name":"Latinia Dextra","cognomen":"Dextra"},{"nomen":"","gender":"female","raw_name":"Procula","cognomen":"Procula","status":"filia"}]}},{"type":"Feature","geometry":{"type":"Point","coordinates":[8.47,44.68]},"properties":{"edcs_id":"EDCS-05400763","findspot":"Acqui Terme / Aquae Statiellae","raw_text":"C(aio) Vibio C(ai) f(ilio) / Asiatico / L(ucius) Aebutius / Proculus","date_from":51,"date_to":150,"marker_gender":"male","is_individual":false,"edcs_url":"https://edcs.hist.uzh.ch/en/document?edcs-id=EDCS-05400763","persons":[{"nomen":"Vibius","gender":"male","raw_name":"C. Vibio C. f. Asiatico","praenomen":"Gaius","cognomen":"Asiaticus","cluster_id":29,"cluster_size":2},{"nomen":"Aebutius","gender":"male","raw_name":"L. Aebutius Proculus","praenomen":"Lucius","cognomen":"Proculus"}]}},{"type":"Feature","geometry":{"type":"Point","coordinates":[8.47,44.68]},"properties":{"edcs_id":"EDCS-05400764","findspot":"Acqui Terme / Aquae Statiellae","raw_text":"Genio / Asiatici / L(ucius) Ennius / Secundus / et Super et Ter(tius?) / fili(i) / amico optimo","date_from":51,"date_to":150,"marker_gender":"male","is_individual":false,"edcs_url":"https://edcs.hist.uzh.ch/en/document?edcs-id=EDCS-05400764","persons":[{"nomen":"Ennius","gender":"male","raw_name":"L. Ennius Secundus","praenomen":"Lucius","cognomen":"Secundus","status":"amicus optimus"},{"nomen":"","gender":"male","raw_name":"Super","cognomen":"Super","status":"filius"},{"nomen":"","gender":"male","raw_name":"Ter. fili(i)","cognomen":"Tertius","status":"filius"}]}},{"type":"Feature","geometry":{"type":"Point","coordinates":[8.47,44.68]},"properties":{"edcs_id":"EDCS-05400767","findspot":"Acqui Terme / Aquae Statiellae","raw_text":"M(arcus) Octavius Optatus / d(e) s(uo) d(edit)","date_from":1,"date_to":50,"marker_gender":"male","is_individual":false,"edcs_url":"https://edcs.hist.uzh.ch/en/document?edcs-id=EDCS-05400767","persons":[{"nomen":"Octavius","gender":"male","raw_name":"M. Octavius Optatus d. s. d.","praenomen":"Marcus","cognomen":"Optatus","status":"dedit de suo"}]}},{"type":"Feature","geometry":{"type":"Point","coordinates":[8.47,44.68]},"properties":{"edcs_id":"EDCS-05400768","findspot":"Acqui Terme / Aquae Statiellae","raw_text":"Iuliae C(ai) f(iliae) / Iustae / Alypus / Terpusa / Nebris / Natalis / Spatale / libert(i)","date_from":51,"date_to":200,"marker_gender":"mixed","is_individual":false,"edcs_url":"https://edcs.hist.uzh.ch/en/document?edcs-id=EDCS-05400768","persons":[{"nomen":"Iulia","gender":"female","raw_name":"Iuliae C. f. Iustae","cognomen":"Iusta","status":"filia"},{"nomen":"","gender":"male","raw_name":"Alypus","cognomen":"Alypus","status":"libertus"},{"nomen":"","gender":"female","raw_name":"Terpusa","cognomen":"Terpusa","status":"liberta"},{"nomen":"","gender":"female","raw_name":"Nebris","cognomen":"Nebris","status":"liberta"},{"nomen":"","gender":"male","raw_name":"Natalis","cognomen":"Natalis","status":"libertus"},{"nomen":"","gender":"female","raw_name":"Spatale","cognomen":"Spatale","status":"liberta"}]}},{"type":"Feature","geometry":{"type":"Point","coordinates":[8.47,44.68]},"properties":{"edcs_id":"EDCS-05400769","findspot":"Acqui Terme / Aquae Statiellae","raw_text":"V(ivus) f(ecit) / L(ucius) Livius / |(mulieris) l(ibertus) Eurytus / sibi et / Aebutiae / Adiutric(i)","date_from":null,"date_to":null,"marker_gender":"mixed","is_individual":false,"edcs_url":"https://edcs.hist.uzh.ch/en/document?edcs-id=EDCS-05400769","persons":[{"nomen":"Livius","gender":"male","raw_name":"L. Livius |(mulieris) l. Eurytus","praenomen":"Lucius","cognomen":"Eurytus","status":"mulieris libertus"},{"nomen":"Aebutia","gender":"female","raw_name":"Aebutiae Adiutric(i)","cognomen":"Adiutrix"}]}},{"type":"Feature","geometry":{"type":"Point","coordinates":[8.47,44.68]},"properties":{"edcs_id":"EDCS-05400770","findspot":"Acqui Terme / Aquae Statiellae","raw_text":"L(ucio) Mettio L(uci) f(ilio) // L(ucio) Attio St(ati) f(ilio) / Varieno // Rubria C(ai) f(ilia) Secunda // filio viro sibi v(iva) f(ecit)","date_from":1,"date_to":50,"marker_gender":"mixed","is_individual":false,"edcs_url":"https://edcs.hist.uzh.ch/en/document?edcs-id=EDCS-05400770","persons":[{"nomen":"Mettius","gender":"male","raw_name":"L. Mettio L. f.","praenomen":"Lucius"},{"nomen":"Attius","gender":"male","raw_name":"L. Attio St. f. Varieno","praenomen":"Lucius","cognomen":"Varienus"},{"nomen":"Rubria","gender":"female","raw_name":"Rubria C. f. Secunda","cognomen":"Secunda","status":"filio viro sibi viva fecit"}]}},{"type":"Feature","geometry":{"type":"Point","coordinates":[8.47,44.68]},"properties":{"edcs_id":"EDCS-05400771","findspot":"Acqui Terme / Aquae Statiellae","raw_text":"Petronia L(uci) l(iberta) / Grata sibi et / Petroniae L(uci) l(ibertae) / Gratae matri / t(estamento) f(ieri) i(ussit)","date_from":101,"date_to":150,"marker_gender":"female","is_individual":false,"edcs_url":"https://edcs.hist.uzh.ch/en/document?edcs-id=EDCS-05400771","persons":[{"nomen":"Petronia","gender":"female","raw_name":"Petronia L. l. Grata","cognomen":"Grata","status":"liberta","cluster_id":94,"cluster_size":2},{"nomen":"Petronia","gender":"female","raw_name":"Petroniae L. l. Gratae matri","cognomen":"Grata","status":"liberta, matri","cluster_id":94,"cluster_size":2}]}},{"type":"Feature","geometry":{"type":"Point","coordinates":[8.47,44.68]},"properties":{"edcs_id":"EDCS-05400772","findspot":"Acqui Terme / Aquae Statiellae","raw_text":"] / amico / [3]IIIA Ter() f(ilia) Prisca / ux{s}or p(osuit?)","date_from":null,"date_to":null,"marker_gender":"female","is_individual":false,"edcs_url":"https://edcs.hist.uzh.ch/en/document?edcs-id=EDCS-05400772","persons":[{"nomen":"","gender":"female","raw_name":"[3]IIIA Ter() f. Prisca","cognomen":"Prisca","status":"uxor"}]}},{"type":"Feature","geometry":{"type":"Point","coordinates":[8.47,44.68]},"properties":{"edcs_id":"EDCS-05400773","findspot":"Acqui Terme / Aquae Statiellae","raw_text":"]us / [3]um() Sex(ti) f(ilio) et / [3] Secund(o) et / [3]umae et / [v(ivus)] f(ecit) / [in fron]t(e) p(edes) XXXXV / [in agr(o)] p(edes) XXXV","date_from":null,"date_to":null,"marker_gender":"male","is_individual":false,"edcs_url":"https://edcs.hist.uzh.ch/en/document?edcs-id=EDCS-05400773","persons":[{"nomen":"","gender":"male","raw_name":"[3] Secund(o)","cognomen":"Secundus"}]}},{"type":"Feature","geometry":{"type":"Point","coordinates":[8.47,44.68]},"properties":{"edcs_id":"EDCS-05400774","findspot":"Acqui Terme / Aquae Statiellae","raw_text":"Dis / Manibus / Septiciae / Surae / L(ucius) Petronius / Melior","date_from":101,"date_to":150,"marker_gender":"mixed","is_individual":false,"edcs_url":"https://edcs.hist.uzh.ch/en/document?edcs-id=EDCS-05400774","persons":[{"nomen":"Septicia","gender":"female","raw_name":"Septiciae Surae","cognomen":"Sura"},{"nomen":"Petronius","gender":"male","raw_name":"L. Petronius Melior","praenomen":"Lucius","cognomen":"Melior"}]}},{"type":"Feature","geometry":{"type":"Point","coordinates":[8.47,44.68]},"properties":{"edcs_id":"EDCS-05400775","findspot":"Acqui Terme / Aquae Statiellae","raw_text":"Valeriae M(arci) l(ibertae) Alete / Spendia Moschis filia","date_from":null,"date_to":null,"marker_gender":"female","is_individual":false,"edcs_url":"https://edcs.hist.uzh.ch/en/document?edcs-id=EDCS-05400775","persons":[{"nomen":"Valeria","gender":"female","raw_name":"Valeriae M. l. Alete","cognomen":"Aleta","status":"liberta"},{"nomen":"","gender":"female","raw_name":"Spendia","cognomen":"Spendia"},{"nomen":"","gender":"female","raw_name":"Moschis filia","cognomen":"Moschis","status":"filia"}]}},{"type":"Feature","geometry":{"type":"Point","coordinates":[8.47,44.68]},"properties":{"edcs_id":"EDCS-05400776","findspot":"Acqui Terme / Aquae Statiellae","raw_text":"Vesidiae M(ani) f(iliae) Rufae / Mettiae Comavi f(iliae) matri / Vesidiae M(ani) f(iliae) Tertiae / C(aius) L(ucius) v(ivi) f(ecerunt) sibi et suis","date_from":1,"date_to":100,"marker_gender":"mixed","is_individual":false,"edcs_url":"https://edcs.hist.uzh.ch/en/document?edcs-id=EDCS-05400776","persons":[{"nomen":"Vesidia","gender":"female","raw_name":"Vesidiae M. f. Rufae","cognomen":"Rufa","status":"filia Mani"},{"nomen":"Mettia","gender":"female","raw_name":"Mettiae Comavi f. matri","cognomen":"Comava","status":"filia, matri"},{"nomen":"Vesidia","gender":"female","raw_name":"Vesidiae M. f. Tertiae","cognomen":"Tertia","status":"filia Mani"},{"nomen":"","gender":"male","raw_name":"C. L. v. f. sibi et suis","praenomen":"Gaius","status":"vivus fecit sibi et suis"}]}},{"type":"Feature","geometry":{"type":"Point","coordinates":[8.47,44.68]},"properties":{"edcs_id":"EDCS-05400777","findspot":"Acqui Terme / Aquae Statiellae","raw_text":"P(ublio) Ulatt(io) P(ubli) f(ilio) / Calpurnia C(ai) f(ilia) / ux{s}or","date_from":1,"date_to":100,"marker_gender":"mixed","is_individual":false,"edcs_url":"https://edcs.hist.uzh.ch/en/document?edcs-id=EDCS-05400777","persons":[{"nomen":"Ulattius","gender":"male","raw_name":"P. Ulatt(io) P. f.","praenomen":"Publius"},{"nomen":"Calpurnia","gender":"female","raw_name":"Calpurnia C. f. ux{s}or","praenomen":"Gaius","status":"filia, uxor"}]}},{"type":"Feature","geometry":{"type":"Point","coordinates":[8.47,44.68]},"properties":{"edcs_id":"EDCS-05400778","findspot":"Acqui Terme / Aquae Statiellae","raw_text":"]ditarius [epi]scopus Aquen[sis] / [rec]essit sub d(ie) VII / [K]al(endas) Febr(uarias) D[i]nami(o) / et Sifidi(o) vv(iris) cc(larissimis) / consulibus","date_from":null,"date_to":null,"marker_gender":"unknown","is_individual":false,"edcs_url":"https://edcs.hist.uzh.ch/en/document?edcs-id=EDCS-05400778","persons":[{"nomen":"","gender":"unknown","raw_name":"[epi]scopus Aquen[sis]   [rec]essit sub d(ie) VII   [K]al(endas) Febr(uarias) D[i]nami(o)","cognomen":"Dindarius","status":"episcopus, recessit sub die VII Kalendas Februarias"}]}},{"type":"Feature","geometry":{"type":"Point","coordinates":[8.47,44.68]},"properties":{"edcs_id":"EDCS-05400779","findspot":"Acqui Terme / Aquae Statiellae","raw_text":"Hic requiescit in pace / b(onae) m(emoriae) Maria qui vixit / in hoc s(a)ec<u=O>lo annos LI / m(enses) XI recessit sub d(ie) VI / Id(us) Ianuarii(!)","date_from":null,"date_to":null,"marker_gender":"female","is_individual":false,"edcs_url":"https://edcs.hist.uzh.ch/en/document?edcs-id=EDCS-05400779","persons":[{"nomen":"","gender":"female","raw_name":"Maria qui vixit   in hoc s(a)ec<u=O>lo annos LI   m(enses) XI recessit sub d(ie) VI   Id(us) Ianuarii(!)","cognomen":"Maria","status":"bona memoriae, vixit in hoc saeculo annos LI menses XI recessit sub die VI Idus Ianuarii"}]}},{"type":"Feature","geometry":{"type":"Point","coordinates":[8.47,44.68]},"properties":{"edcs_id":"EDCS-05400780","findspot":"Acqui Terme / Aquae Statiellae","raw_text":"Hic requiesc<i=E>t in pace / bene memoriae Disi/derius comitiacos / qui vixit in s(a)ec<u=O>lo / annos XL reces(s)<i=E>t sub / die III Nonas Marti(as) / consulat<u=O> Aeti et / Valeri{o} vv(irorum) cc(larissimorum)","date_from":null,"date_to":null,"marker_gender":"male","is_individual":false,"edcs_url":"https://edcs.hist.uzh.ch/en/document?edcs-id=EDCS-05400780","persons":[{"nomen":"","gender":"male","raw_name":"Disi derius comitiacos   qui vixit in s(a)ec<u=O>lo   annos XL reces(s)<i=E>t sub   die III Nonas Marti(as)","cognomen":"Desiderius","status":"bene memoriae, comitiacos qui vixit in saeculo annos XL recessit sub die III Nonas Martias"}]}},{"type":"Feature","geometry":{"type":"Point","coordinates":[8.47,44.68]},"properties":{"edcs_id":"EDCS-05400781","findspot":"Acqui Terme / Aquae Statiellae","raw_text":"B(onae) m(emoriae) / hic requies/c<i=E>t in pace / Vigilia h(onesta) p(uella) / quae vixit / in s(a)eculo an(nos) / p(lus) m(inus) XVIII r(ecessit) sub / d(ie) K(alendas) Ian(uarias) p(ost) con(sulatum) / <i=E>terum Longi/ni et Fausti vv(irorum) / cc(larissimorum) ind(ictione) XV","date_from":null,"date_to":null,"marker_gender":"female","is_individual":false,"edcs_url":"https://edcs.hist.uzh.ch/en/document?edcs-id=EDCS-05400781","persons":[{"nomen":"","gender":"female","raw_name":"Vigilia h(onesta) p(uella)   quae vixit   in s(a)eculo an(nos)   p(lus) m(inus) XVIII r(ecessit) sub   d(ie) K(alendas) Ian(uarias) p(ost) con(sulatum)   <i=E>terum Longi ni et Fausti","cognomen":"Vigilia","status":"bonae memoriae, hic requiescit in pace, honesta puella, quae vixit in saeculo annos plus minus XVIII recessit sub die Kalendas Ianuarias post consulatum iterum Longini et Fausti"}]}},{"type":"Feature","geometry":{"type":"Point","coordinates":[8.53,44.89]},"properties":{"edcs_id":"EDCS-05400782","findspot":"Villa del Foro / Forum Fulvii / Valentia","raw_text":"Gen(io) Petron(i)","date_from":null,"date_to":null,"marker_gender":"male","is_individual":false,"edcs_url":"https://edcs.hist.uzh.ch/en/document?edcs-id=EDCS-05400782","persons":[{"nomen":"Petronius","gender":"male","raw_name":"Petron(i)"}]}},{"type":"Feature","geometry":{"type":"Point","coordinates":[8.53,44.89]},"properties":{"edcs_id":"EDCS-05400783","findspot":"Villa del Foro / Forum Fulvii / Valentia","raw_text":"T(itus) Calventius / |(mulieris) libertus Primitius / Pap(iria) IIIIIIvir in suo / v(ivus) f(ecit)","date_from":101,"date_to":300,"marker_gender":"male","is_individual":false,"edcs_url":"https://edcs.hist.uzh.ch/en/document?edcs-id=EDCS-05400783","persons":[{"nomen":"Calventius","gender":"male","raw_name":"T. Calventius |(mulieris) libertus Primitius Pap.","praenomen":"Titus","cognomen":"Primitius","status":"mulieris libertus, tribus: Papiria, IIIIIIvir"}]}},{"type":"Feature","geometry":{"type":"Point","coordinates":[8.53,44.89]},"properties":{"edcs_id":"EDCS-05400784","findspot":"Villa del Foro / Forum Fulvii / Valentia","raw_text":"M(arco) Baebio / P(ubli) f(ilio) / veter(ano?) / Lucretiae / C(ai) f(iliae) Tertiae / P(ublius) Baebius / M(arci) f(ilius) fili(us)","date_from":null,"date_to":null,"marker_gender":"mixed","is_individual":false,"edcs_url":"https://edcs.hist.uzh.ch/en/document?edcs-id=EDCS-05400784","persons":[{"nomen":"Baebius","gender":"male","raw_name":"M. Baebio P. f. veter(ano)","status":"filius Publii, veteranus"},{"nomen":"Lucretia","gender":"female","raw_name":"Lucretiae C. f. Tertiae","cognomen":"Tertia","status":"filia Caii"},{"nomen":"Baebius","gender":"male","raw_name":"P. Baebius M. f. fili(us)","status":"filius Marci"}]}},{"type":"Feature","geometry":{"type":"Point","coordinates":[8.53,44.89]},"properties":{"edcs_id":"EDCS-05400785","findspot":"Villa del Foro / Forum Fulvii / Valentia","raw_text":"Calpurniae P(ubli) f(iliae) Ruf() / matri / L(ucius) Curtius Sp(uri) f(ilius) / Salvius / loc(us) in front(e) p(edes) XII","date_from":1,"date_to":50,"marker_gender":"mixed","is_individual":false,"edcs_url":"https://edcs.hist.uzh.ch/en/document?edcs-id=EDCS-05400785","persons":[{"nomen":"Calpurnia","gender":"female","raw_name":"Calpurniae P. f. Ruf()","cognomen":"Rufus","status":"filia Publii, mater"},{"nomen":"Curtius","gender":"male","raw_name":"L. Curtius Sp. f. Salvius","praenomen":"Lucius","cognomen":"Salvius","status":"filius Spurii"}]}},{"type":"Feature","geometry":{"type":"Point","coordinates":[8.53,44.89]},"properties":{"edcs_id":"EDCS-05400786","findspot":"Villa del Foro / Forum Fulvii / Valentia","raw_text":"]nia M(arci) f(ilia) Oria / [3]nia Q(uinti) l(iberta) Iucunda a[ve(?)]","date_from":151,"date_to":200,"marker_gender":"female","is_individual":false,"edcs_url":"https://edcs.hist.uzh.ch/en/document?edcs-id=EDCS-05400786","persons":[{"nomen":"Onia","gender":"female","raw_name":"]nia M. f. Oria","cognomen":"Oria","status":"filia Marci"},{"nomen":"Onia","gender":"female","raw_name":"[3]nia Q. l. Iucunda a[ve(?)]","cognomen":"Iucunda","status":"liberta Quinti"}]}},{"type":"Feature","geometry":{"type":"Point","coordinates":[9.05,44.71]},"properties":{"edcs_id":"EDCS-05400787","findspot":"Rocchetta Ligure","raw_text":"M(arco) Cominio / M(arci) f(ilio) Secundo / Cam(ilia) Commelio / a(nnorum) LXXXV / et Terentiae Pr(imi) f(iliae) / Clarae / parentibus fili(i) s(ui) p(osuerunt) / Primus et M(arcus) et C(aius) / et M(arco) Cominio M(arci) f(ilio) Celeri / et Q(uinto) Cominio M(arci) f(ilio) / fratribus / discitis crescentes / pietate(m) red(d)ere / vostris","date_from":71,"date_to":130,"marker_gender":"mixed","is_individual":true,"edcs_url":"https://edcs.hist.uzh.ch/en/document?edcs-id=EDCS-05400787","persons":[{"nomen":"Cominius","gender":"male","raw_name":"M. Cominio M. f. Secundo Cam.","praenomen":"Marcus","cognomen":"Secundus","status":"tribus: Camilia, filius Marci"},{"nomen":"Terentia","gender":"female","raw_name":"Terentiae Pr. f. Clarae","cognomen":"Clara","status":"filia Primi"},{"nomen":"","gender":"male","raw_name":"Primus","cognomen":"Primus","status":"filius"},{"nomen":"","gender":"male","raw_name":"M.","praenomen":"Marcus","status":"filius"},{"nomen":"","gender":"male","raw_name":"C.","praenomen":"Gaius","status":"filius"},{"nomen":"Cominius","gender":"male","raw_name":"M. Cominio M. f. Celeri","praenomen":"Marcus","cognomen":"Celer","status":"filius Marci"},{"nomen":"Cominius","gender":"male","raw_name":"Q. Cominio M. f.","praenomen":"Quintus","status":"filius Marci"}]}},{"type":"Feature","geometry":{"type":"Point","coordinates":[8.29,44.72]},"properties":{"edcs_id":"EDCS-05400788","findspot":"Canelli / Fello","raw_text":"M(arco) Cestio / C(ai) f(ilio) Caran/tiae M(arci) f(iliae) Ru/fae posue/runt C(aius) L(ucius) M(arcus) / fili(i)","date_from":1,"date_to":100,"marker_gender":"mixed","is_individual":false,"edcs_url":"https://edcs.hist.uzh.ch/en/document?edcs-id=EDCS-05400788","persons":[{"nomen":"Cestius","gender":"male","raw_name":"M. Cestio C. f. Carantiae","praenomen":"Marcus","cognomen":"Carantius"},{"nomen":"Cestius","gender":"female","raw_name":"M. f. Rufae","praenomen":"Marcus","cognomen":"Rupha"},{"nomen":"","gender":"male","raw_name":"Caius","praenomen":"Caius","status":"filius"},{"nomen":"","gender":"male","raw_name":"Lucius","praenomen":"Lucius","status":"filius"},{"nomen":"","gender":"male","raw_name":"Marcus","praenomen":"Marcus","status":"filius"}]}},{"type":"Feature","geometry":{"type":"Point","coordinates":[8.29,44.72]},"properties":{"edcs_id":"EDCS-05400789","findspot":"Canelli / Fello","raw_text":"Plotiae M(arci) f(iliae) / Primae an/norum nata / XIII nupta / fuit dies C / M(arcus) Plotius C(ai) f(ilius) / pater et Egnatia / M(arci) f(ilia) mater / posuerunt","date_from":1,"date_to":50,"marker_gender":"mixed","is_individual":false,"edcs_url":"https://edcs.hist.uzh.ch/en/document?edcs-id=EDCS-05400789","persons":[{"nomen":"Plotia","gender":"female","raw_name":"Plotiae M. f. Primae annorum nata XIII nupta fuit dies C","cognomen":"Prima","status":"filia Marci, nata annorum XIII nupta fuit dies C"},{"nomen":"Plotius","gender":"male","raw_name":"Marcus Plotius C. f.","praenomen":"Marcus","status":"pater"},{"nomen":"Egnatia","gender":"female","raw_name":"Egnatia M. f.","status":"mater"}]}},{"type":"Feature","geometry":{"type":"Point","coordinates":[8.29,44.72]},"properties":{"edcs_id":"EDCS-05400790","findspot":"Canelli / Fello","raw_text":"M(arco) Calvisio / M(arci) f(ilio) Tro(mentina) / Veltovi / ex / testamento","date_from":1,"date_to":100,"marker_gender":"male","is_individual":false,"edcs_url":"https://edcs.hist.uzh.ch/en/document?edcs-id=EDCS-05400790","persons":[{"nomen":"Calvisius","gender":"male","raw_name":"M. Calvisio M. f. Tro. Veltovi","praenomen":"Marcus","cognomen":"Veltovius","status":"tribus: Tromentina"}]}},{"type":"Feature","geometry":{"type":"Point","coordinates":[8.33,44.54]},"properties":{"edcs_id":"EDCS-05400793","findspot":"Spigno Monferrato / Alba Pompeia","raw_text":"M(arco) Ennio / Sex(ti) f(ilio) Cam(ilia) / vet(e)rano patrono / ob merita et Vibiae / Q(uinti) l(ibertae) Faustae matri / et Enniae M(arci) [f(iliae)] / Quartae sorori v(ivae) / M(arcus) Ennius M(arci) f(ilius) / Germanus v(ivus) f(ecit)","date_from":71,"date_to":200,"marker_gender":"mixed","is_individual":false,"edcs_url":"https://edcs.hist.uzh.ch/en/document?edcs-id=EDCS-05400793","persons":[{"nomen":"Ennius","gender":"male","raw_name":"M. Ennio Sex. f. Cam. vet. patrono","praenomen":"Marcus","status":"tribus: Camilia, veteranus, patronus"},{"nomen":"Vibia","gender":"female","raw_name":"Vibiae Q. l. Faustae","cognomen":"Fausta","status":"liberta Quinti, mater"},{"nomen":"Ennia","gender":"female","raw_name":"Enniae M. f. Quartae","cognomen":"Quarta","status":"filia Marci, soror"},{"nomen":"Ennius","gender":"male","raw_name":"M. Ennius M. f. Germanus","praenomen":"Marcus","cognomen":"Germanus","status":"tribus: Camilia"}]}},{"type":"Feature","geometry":{"type":"Point","coordinates":[8.33,44.54]},"properties":{"edcs_id":"EDCS-05400794","findspot":"Spigno Monferrato / Alba Pompeia","raw_text":"Q(uintus) Licinius M(arci) f(ilius) Cam(ilia) / aed(ilis) q(uaestor) / sibi et / Sex(to) P(ublio) fratribus / |(centurionibus) leg(ionis) VI t(estamento) f(ieri) i(ussit)","date_from":-27,"date_to":14,"marker_gender":"male","is_individual":false,"edcs_url":"https://edcs.hist.uzh.ch/en/document?edcs-id=EDCS-05400794","persons":[{"nomen":"Licinius","gender":"male","raw_name":"Q. Licinius M. f. Cam. aed. q.","praenomen":"Quintus","status":"tribus: Camilia, aedilis, quaestor"}]}},{"type":"Feature","geometry":{"type":"Point","coordinates":[8.33,44.54]},"properties":{"edcs_id":"EDCS-05400795","findspot":"Spigno Monferrato / Alba Pompeia","raw_text":"P(ublio) Sertorio P(ubli) l(iberto) / Tullo patrono / VIviro v(ivus) f(ecit) / P(ublius) Sertorius P(ubli) l(ibertus) / Largus / VIvir et Aug(ustalis) / Sertoriae Severae / uxori / Candido l(iberto) / Urbano l(iberto) / Hermeti l(iberto)","date_from":1,"date_to":100,"marker_gender":"mixed","is_individual":false,"edcs_url":"https://edcs.hist.uzh.ch/en/document?edcs-id=EDCS-05400795","persons":[{"nomen":"Sertorius","gender":"male","raw_name":"P. Sertorio P. l. Tullo patrono VIviro","praenomen":"Publius","cognomen":"Tullus","status":"libertus Publii, patronus, VIvir"},{"nomen":"Sertorius","gender":"male","raw_name":"P. Sertorius P. l. Largus VIvir et Aug.","praenomen":"Publius","cognomen":"Largus","status":"libertus Publii, VIvir, Augustalis"},{"nomen":"Sertoria","gender":"female","raw_name":"Sertoriae Severae","cognomen":"Severa","status":"uxor"},{"nomen":"","gender":"male","raw_name":"Candido l.","cognomen":"Candidus","status":"libertus"},{"nomen":"","gender":"male","raw_name":"Urbano l.","cognomen":"Urbanus","status":"libertus"},{"nomen":"","gender":"male","raw_name":"Hermeti l.","cognomen":"Hermes","status":"libertus"}]}},{"type":"Feature","geometry":{"type":"Point","coordinates":[8.33,44.54]},"properties":{"edcs_id":"EDCS-05400796","findspot":"Spigno Monferrato / Alba Pompeia","raw_text":"C(aio) Attio Sp(uri) f(ilio) / Tr(omentina) Livia[n]o / lapidem / posuerunt / [","date_from":null,"date_to":null,"marker_gender":"male","is_individual":false,"edcs_url":"https://edcs.hist.uzh.ch/en/document?edcs-id=EDCS-05400796","persons":[{"nomen":"Attius","gender":"male","raw_name":"C. Attio Sp. f. Tr. Livia[n]o","praenomen":"Gaius","cognomen":"Livianus","status":"tribus: Tromentina"}]}},{"type":"Feature","geometry":{"type":"Point","coordinates":[8.27,44.59]},"properties":{"edcs_id":"EDCS-05400797","findspot":"Roccaverano","raw_text":"L(ucio) Caninio P(ubli) f(ilio) / Valenti / procuratori IIII / publicor(um) Africae / P(ublius) Caninius C(ai) f(ilius) pater / sibi et filio v(ivus) f(ecit)","date_from":1,"date_to":100,"marker_gender":"male","is_individual":true,"edcs_url":"https://edcs.hist.uzh.ch/en/document?edcs-id=EDCS-05400797","persons":[{"nomen":"Caninius","gender":"male","raw_name":"L. Caninio P. f. Valenti","praenomen":"Lucius","cognomen":"Valens","status":"filius Publi, procurator IIII publicorum Africae"},{"nomen":"Caninius","gender":"male","raw_name":"P. Caninius C. f.","praenomen":"Publius","status":"filius Gai, pater"}]}},{"type":"Feature","geometry":{"type":"Point","coordinates":[8.19,44.54]},"properties":{"edcs_id":"EDCS-05400798","findspot":"Pezzolo Valle Uzzone / Torre Uzzone","raw_text":"L(ucius) Marius / [","date_from":101,"date_to":200,"marker_gender":"male","is_individual":true,"edcs_url":"https://edcs.hist.uzh.ch/en/document?edcs-id=EDCS-05400798","persons":[{"nomen":"Marius","gender":"male","raw_name":"L. Marius","praenomen":"Lucius"}]}},{"type":"Feature","geometry":{"type":"Point","coordinates":[8.18,44.62]},"properties":{"edcs_id":"EDCS-05400799","findspot":"Castino / Alba Pompeia","raw_text":"Mar/ciae / L(uci) f(iliae) Quar/tae p(arentes) f(ecerunt)","date_from":71,"date_to":200,"marker_gender":"female","is_individual":false,"edcs_url":"https://edcs.hist.uzh.ch/en/document?edcs-id=EDCS-05400799","persons":[{"nomen":"Marcia","gender":"female","raw_name":"Marciae L. f. Quartae","cognomen":"Quarta"}]}},{"type":"Feature","geometry":{"type":"Point","coordinates":[8.18,44.62]},"properties":{"edcs_id":"EDCS-05400800","findspot":"Castino / Alba Pompeia","raw_text":"[3] Vibius Sex(ti) f(ilius) / [C]am(ilia) / [an]n(orum) XXVIII oc(c)i/sus","date_from":1,"date_to":50,"marker_gender":"male","is_individual":false,"edcs_url":"https://edcs.hist.uzh.ch/en/document?edcs-id=EDCS-05400800","persons":[{"nomen":"Vibius","gender":"male","raw_name":"[3] Vibius Sex. f. [C]am. [an]n. XXVIII oc.","status":"tribus: Camilia, annorum XXVIII occisus"}]}},{"type":"Feature","geometry":{"type":"Point","coordinates":[8.12,44.47]},"properties":{"edcs_id":"EDCS-05400801","findspot":"Monesiglio","raw_text":"L(ucius) Didius M(arci) f(ilius) / Cam(ilia) Scaeva / Attia C(ai) f(ilia) / Prima / ux{s}or v(ivi)","date_from":1,"date_to":150,"marker_gender":"mixed","is_individual":false,"edcs_url":"https://edcs.hist.uzh.ch/en/document?edcs-id=EDCS-05400801","persons":[{"nomen":"Didius","gender":"male","raw_name":"L. Didius M. f. Cam. Scaeva","praenomen":"Lucius","cognomen":"Scaeva","status":"tribus: Camilia, filius Marci"},{"nomen":"Attia","gender":"female","raw_name":"Attia C. f. Prima ux{s}or","cognomen":"Prima","status":"filia Cai, uxor"}]}},{"type":"Feature","geometry":{"type":"Point","coordinates":[8.12,44.47]},"properties":{"edcs_id":"EDCS-05400802","findspot":"Monesiglio","raw_text":"T(itus?) Cassius / A(uli) f(ilius) Cam(ilia) et / Valeria M(arci) f(ilia) / Quarta / ux{s}or / [","date_from":1,"date_to":50,"marker_gender":"mixed","is_individual":false,"edcs_url":"https://edcs.hist.uzh.ch/en/document?edcs-id=EDCS-05400802","persons":[{"nomen":"Cassius","gender":"male","raw_name":"T. Cassius A. f. Cam.","praenomen":"Titus","status":"tribus: Camilia, filius Auli"},{"nomen":"Valeria","gender":"female","raw_name":"Valeria M. f. Quarta ux{s}or","cognomen":"Quarta","status":"filia Marci, uxor"}]}},{"type":"Feature","geometry":{"type":"Point","coordinates":[8.2,44.37]},"properties":{"edcs_id":"EDCS-05400803","findspot":"Millesimo / Alba Pompeia","raw_text":"M() V() s(acrum) / C(aius) Mettius C(ai) f(ilius) Cam(ilia) / Verecundus Alba / |(centurio) leg(ionis) X Gem(inae) P(iae) F(idelis) / l(ibens) l(aetus) m(erito)","date_from":101,"date_to":200,"marker_gender":"male","is_individual":true,"edcs_url":"https://edcs.hist.uzh.ch/en/document?edcs-id=EDCS-05400803","persons":[{"nomen":"Mettius","gender":"male","raw_name":"C. Mettius C. f. Cam. Verecundus Alba |(centurio) leg. X Gem. P. F.","praenomen":"Gaius","cognomen":"Verecundus","status":"tribus: Camilia, Alba, centurio legionis X Geminae, Pius, Fidelis, libens laetus merito"}]}},{"type":"Feature","geometry":{"type":"Point","coordinates":[8.21,44.9]},"properties":{"edcs_id":"EDCS-05400805","findspot":"Asti / Hasta","raw_text":"Concordiae / coll(egii) fab(rum) Hastens(ium) / M(arcus) Vettius Secundus / in memoriam / Vettiae Civitatis sorori","date_from":null,"date_to":null,"marker_gender":"mixed","is_individual":false,"edcs_url":"https://edcs.hist.uzh.ch/en/document?edcs-id=EDCS-05400805","persons":[{"nomen":"Vettius","gender":"male","raw_name":"M. Vettius Secundus","praenomen":"Marcus","cognomen":"Secundus","status":"coll(egii) fab(rum) Hastens(ium)"},{"nomen":"Vettia","gender":"female","raw_name":"Vettiae Civitatis","cognomen":"Civitatis","status":"soror"}]}},{"type":"Feature","geometry":{"type":"Point","coordinates":[8.21,44.9]},"properties":{"edcs_id":"EDCS-05400807","findspot":"Asti / Hasta","raw_text":"C(aio) Stertinio M(arci) f(ilio) Maxumo(!) / Xvir(o) stlitibus iudican(dis) / q(uaestori) tr(ibuno) pleb(is) pr(aetori) praef(ecto) / aerari(i) mil(itaris) [","date_from":null,"date_to":null,"marker_gender":"male","is_individual":false,"edcs_url":"https://edcs.hist.uzh.ch/en/document?edcs-id=EDCS-05400807","persons":[{"nomen":"Stertinus","gender":"male","raw_name":"C. Stertinio M. f. Maxumo","praenomen":"Gaius","cognomen":"Maxumus","status":"Xvir(o) stlitibus iudican(dis), quaestor, tribunus plebis, praetor, praefectus aerarii militaris"}]}},{"type":"Feature","geometry":{"type":"Point","coordinates":[8.21,44.9]},"properties":{"edcs_id":"EDCS-05400808","findspot":"Asti / Hasta","raw_text":"C(aius) Arrius P(ubli) f(ilius) / veteran(us) / leg(ionis) XIII / Geminae / sibi et Baebiae / Ampliatae / ux{s}ori / t(estamento) f(ieri) i(ussit)","date_from":1,"date_to":200,"marker_gender":"mixed","is_individual":false,"edcs_url":"https://edcs.hist.uzh.ch/en/document?edcs-id=EDCS-05400808","persons":[{"nomen":"Arrius","gender":"male","raw_name":"C. Arrius P. f.","praenomen":"Gaius","status":"filius Publii, veteranus, miles legionis XIII Geminae"},{"nomen":"Baebia","gender":"female","raw_name":"Baebiae Ampliatae","cognomen":"Ampliata","status":"uxor","cluster_id":108,"cluster_size":2}]}},{"type":"Feature","geometry":{"type":"Point","coordinates":[8.21,44.9]},"properties":{"edcs_id":"EDCS-05400809","findspot":"Asti / Hasta","raw_text":"C(aius) [T]illius M(arci) f(ilius) / Pol(lia) Vital() / (H)ast(a) vetera/[n]us militavit / in [leg(ione) 3]I ann(orum) / XXII[3]II[3] be/n[ef]i[ci]arius tr[i]/buni [l]a[tic]lavi / ann(orum) XXI men(sium) VI","date_from":31,"date_to":70,"marker_gender":"male","is_individual":false,"edcs_url":"https://edcs.hist.uzh.ch/en/document?edcs-id=EDCS-05400809","persons":[{"nomen":"Tillius","gender":"male","raw_name":"C. [T]illius M. f. Pol. Vital() (H)ast(a) vetera [n]us","praenomen":"Gaius","status":"tribus: Pollla, veteranus, hastatus veteranus, beneficiarius tribuni laticlavi"}]}},{"type":"Feature","geometry":{"type":"Point","coordinates":[8.21,44.9]},"properties":{"edcs_id":"EDCS-05400810","findspot":"Asti / Hasta","raw_text":"D(is) M(anibus) / L(uci) Titi L(uci) fil(ii) Flav(ia) / Solva Tiniani / |(centurionis) leg(ionis) I Adiut(ricis) / |(centurionis) leg(ionis) [III] Aug(ustae) / |(centurionis) leg(ionis) [3] Gem(inae) / [","date_from":null,"date_to":null,"marker_gender":"male","is_individual":false,"edcs_url":"https://edcs.hist.uzh.ch/en/document?edcs-id=EDCS-05400810","persons":[{"nomen":"Titius","gender":"male","raw_name":"L. Titi L. fil. Flav. Solva Tiniani","praenomen":"Lucius","cognomen":"Solva Tiniani","status":"|(centurioni) leg(ionis) I Adiutricis, |(centurioni) leg(ionis) III Augustae, |(centurioni) leg(ionis) [3] Geminae"}]}},{"type":"Feature","geometry":{"type":"Point","coordinates":[8.21,44.9]},"properties":{"edcs_id":"EDCS-05400811","findspot":"Asti / Hasta","raw_text":"D(is) M(anibus) / Ulpiae Martinae / coniugi / amantissimae / quae vixit / ann(os) XXVII m(enses) VII / M(arcus) Licinius / Secundus / vet(eranus) ex opt(ione) / leg(ionis) XIIII G(eminae) / Sabinilla et Viatorianus / matri desiderantissimae","date_from":null,"date_to":null,"marker_gender":"mixed","is_individual":false,"edcs_url":"https://edcs.hist.uzh.ch/en/document?edcs-id=EDCS-05400811","persons":[{"nomen":"Ulpia","gender":"female","raw_name":"Ulpiae Martinae","cognomen":"Martina","status":"coniugi amantissimae"},{"nomen":"Licinius","gender":"male","raw_name":"M. Licinius Secundus vet. ex opt. leg. XIIII G.","praenomen":"Marcus","cognomen":"Secundus","status":"veteranus ex optione, leg(ionis) XIIII Geminae"},{"nomen":"","gender":"female","raw_name":"Sabiniila","cognomen":"Sabiniila","status":"matri desiderantissimae"},{"nomen":"","gender":"male","raw_name":"Viatorianus","cognomen":"Viatorianus","status":"matri desiderantissimae"}]}},{"type":"Feature","geometry":{"type":"Point","coordinates":[8.21,44.9]},"properties":{"edcs_id":"EDCS-05400812","findspot":"Asti / Hasta","raw_text":"C(aius) Albius Sp(uri) f(ilius) Ligus / VIvir sibi et Curtiae / C(ai) l(ibertae) Cleae concubinae / V[o]lusiae Secundin(a)e / [","date_from":101,"date_to":200,"marker_gender":"mixed","is_individual":false,"edcs_url":"https://edcs.hist.uzh.ch/en/document?edcs-id=EDCS-05400812","persons":[{"nomen":"Albius","gender":"male","raw_name":"C. Albius Sp. f. Ligus","praenomen":"Gaius","cognomen":"Ligus","status":"VIvir"},{"nomen":"","gender":"female","raw_name":"Curtiae C. l. Cleae","cognomen":"Cleas","status":"liberta, concubina"},{"nomen":"Volusia","gender":"female","raw_name":"V[o]lusiae Secundin(a)e","cognomen":"Secundina"}]}},{"type":"Feature","geometry":{"type":"Point","coordinates":[8.21,44.9]},"properties":{"edcs_id":"EDCS-05400813","findspot":"Asti / Hasta","raw_text":"L(ucio) Cantio L(uci) f(ilio) / Martiano / equo public(o) / iudici ex V dec(uriis) / decurio Hast(ae) / et Aquileiae / annor(um) XXVII / Cantius Euhodus","date_from":null,"date_to":null,"marker_gender":"male","is_individual":false,"edcs_url":"https://edcs.hist.uzh.ch/en/document?edcs-id=EDCS-05400813","persons":[{"nomen":"Cantius","gender":"male","raw_name":"L. Cantio L. f. Martiano equo public(o) iudici ex V dec(uriis) decurio Hast(ae) et Aquileiae","praenomen":"Lucius","cognomen":"Martianus","status":"equo publico, iudex ex V decuriis, decurio Hastae et Aquileiae"},{"nomen":"Cantius","gender":"male","raw_name":"Cantius Euhodus","cognomen":"Euhodus"}]}},{"type":"Feature","geometry":{"type":"Point","coordinates":[8.21,44.9]},"properties":{"edcs_id":"EDCS-05400814","findspot":"Asti / Hasta","raw_text":"Q(uintus) Herennius / Successor / VIvir / sib(i) et / [3] Herennio / [","date_from":null,"date_to":null,"marker_gender":"male","is_individual":false,"edcs_url":"https://edcs.hist.uzh.ch/en/document?edcs-id=EDCS-05400814","persons":[{"nomen":"Herennius","gender":"male","raw_name":"Q. Herennius Successor VIvir","praenomen":"Quintus","cognomen":"Successor","status":"VIvir"},{"nomen":"Herennius","gender":"unknown","raw_name":"[3] Herennio"}]}},{"type":"Feature","geometry":{"type":"Point","coordinates":[8.21,44.9]},"properties":{"edcs_id":"EDCS-05400815","findspot":"Asti / Hasta","raw_text":"P(ublius) Laetilius P(ubli) l(ibertus) Pal(atina) Hilarus Spuri / magister Minervalis // Naevia |(mulieris) l(iberta) / Almyris // Clusia C(ai) l(iberta) / Topia","date_from":null,"date_to":null,"marker_gender":"mixed","is_individual":false,"edcs_url":"https://edcs.hist.uzh.ch/en/document?edcs-id=EDCS-05400815","persons":[{"nomen":"Laetilius","gender":"male","raw_name":"P. Laetilius P. l. Pal. Hilarus Spuri","cognomen":"Hilarus Spuri","status":"tribus: Palatina, libertus, magister Minervalis"},{"nomen":"","gender":"female","raw_name":"Naevia |(mulieris) l. Almyris","cognomen":"Almyris","status":"liberta"},{"nomen":"","gender":"female","raw_name":"Clusia C. l. Topia","cognomen":"Topia","status":"liberta"}]}},{"type":"Feature","geometry":{"type":"Point","coordinates":[8.21,44.9]},"properties":{"edcs_id":"EDCS-05400816","findspot":"Asti / Hasta","raw_text":"L(ucio) Pompeio M(arci) f(ilio) Pol(lia) / patri a<e=I>d(ili) IIvir(o) IIvir(o) / quinq(uennali) tr(ibuno) mil(itum) a populo / Herenniai(!) L(uci) f(iliae) matri / Septumiae C(ai) f(iliae) aviae / A(ulus) Hostilius L(uci) f(ilius) Pol(lia) / Pompeius Macer","date_from":null,"date_to":null,"marker_gender":"mixed","is_individual":false,"edcs_url":"https://edcs.hist.uzh.ch/en/document?edcs-id=EDCS-05400816","persons":[{"nomen":"Pompeius","gender":"male","raw_name":"L. Pompeio M. f. Pol. patri a<E=I>d(ili) IIvir(o) IIvir(o) quinq(uennali) tr(ibuno) mil(itum) a populo","cognomen":"Pompeius Macer","status":"tribus: Pollia, pater, aedilis, IIvir, IIvir quinquennalis, tribunus militum a populo"},{"nomen":"Herennia","gender":"female","raw_name":"Herenniai(!) L. f. matri","status":"filia Luci, mater"},{"nomen":"Septumia","gender":"female","raw_name":"Septumiae C. f. aviae","status":"filia Cai, avia"},{"nomen":"Hostilius","gender":"male","raw_name":"A. Hostilius L. f. Pol. Pompeius Macer","praenomen":"Aulus","cognomen":"Pompeius Macer","status":"tribus: Pollia"}]}},{"type":"Feature","geometry":{"type":"Point","coordinates":[8.21,44.9]},"properties":{"edcs_id":"EDCS-05400817","findspot":"Asti / Hasta","raw_text":"P(ublio) Vergilio P(ubli) f(ilio) P(ubli) n(epoti) Pol(lia) / Laureae aed(ili) IIvir(o) i(ure) d(icundo) praef(ecto) fabr(um) / iudici de IIII decuriis equiti / selectorum publicis privatisq(ue) / praef(ecto) Drusi Caesaris German(ici) [f(ilii)] IIvir(o) quinq(uennali) / P(ublio) Vergilio P(ubli) f(ilio) P(ubli) n(epoti) Pol(lia) Paullino / equo publico iudici de IIII decu(riis) / praef(ecto) fabrum praef(ecto) c(o)hortis II v[et]era[nae] / [3]iorum exercitus [","date_from":1,"date_to":50,"marker_gender":"male","is_individual":false,"edcs_url":"https://edcs.hist.uzh.ch/en/document?edcs-id=EDCS-05400817","persons":[{"nomen":"Vergilius","gender":"male","raw_name":"P. Vergilio P. f. P. n. Pol. Laureae aed(ili) IIvir(o) i. d. praef(ecto) fabr(um) iudici de IIII decuriis equiti selectorum publicis privatisq(ue) praef(ecto) Drusi Caesaris German(ici) [f(ilii)] IIvir(o) quinq(uennali)","praenomen":"Publius","cognomen":"Laurea","status":"tribus: Pollia, aedilis, iudex iure dicundo, praefectus fabrum, iudex de IIII decuriis eques selectorum publicis privatisque, praefectus Drusi Caesaris Germanici filii, IIvir quinquennalis"},{"nomen":"Vergilius","gender":"male","raw_name":"P. Vergilio P. f. P. n. Pol. Paullino equo publico iudici de IIII decu(riis) praef(ecto) fabrum praef(ecto) c. h. II v[et]era[nae]","praenomen":"Publius","cognomen":"Paullinus","status":"tribus: Pollia, equo publico, iudex de IIII decuriis, praefectus fabrum, praefectus cohortis II veteran(ae)"}]}},{"type":"Feature","geometry":{"type":"Point","coordinates":[8.21,44.9]},"properties":{"edcs_id":"EDCS-05400818","findspot":"Asti / Hasta","raw_text":"C(aius) Farronius / C(ai) f(ilius) Optatus / sarcinato[r] / C(aius) Farronius C(ai) f(ilius) / Sabinus filius [et(?)] / Mactoria L(uci) f(ilia) Am(m)ia / [u]xor","date_from":1,"date_to":200,"marker_gender":"mixed","is_individual":false,"edcs_url":"https://edcs.hist.uzh.ch/en/document?edcs-id=EDCS-05400818","persons":[{"nomen":"Farronius","gender":"male","raw_name":"C. Farronius C. f. Optatus sarcinato[r]","praenomen":"Gaius","cognomen":"Optatus","status":"sarcinator"},{"nomen":"Farronius","gender":"male","raw_name":"C. Farronius C. f. Sabinus filius","praenomen":"Gaius","cognomen":"Sabinus","status":"filius"},{"nomen":"Mactoria","gender":"female","raw_name":"Mactoria L. f. Am(m)ia [u]xor","cognomen":"Ammia","status":"uxor"}]}},{"type":"Feature","geometry":{"type":"Point","coordinates":[8.21,44.9]},"properties":{"edcs_id":"EDCS-05400819","findspot":"Asti / Hasta","raw_text":"T(itus) Valerius L(uci) f(ilius) / Placidus / refector pectinar(ius) / Cornelia M(arci) [","date_from":1,"date_to":200,"marker_gender":"mixed","is_individual":false,"edcs_url":"https://edcs.hist.uzh.ch/en/document?edcs-id=EDCS-05400819","persons":[{"nomen":"Valerius","gender":"male","raw_name":"T. Valerius L. f. Placidus refector pectinar(ius)","praenomen":"Titus","cognomen":"Placidus","status":"refector pectinar(ius)"},{"nomen":"Cornelia","gender":"female","raw_name":"Cornelia M. ["}]}},{"type":"Feature","geometry":{"type":"Point","coordinates":[8.21,44.9]},"properties":{"edcs_id":"EDCS-05400820","findspot":"Asti / Hasta","raw_text":"T(ito) Arrio T(iti) f(ilio) Tro(mentina) Tertio / ann(orum) XXI / Mucia T(iti) f(ilia) Modesta / mater v(iva) f(ecit) / sibi et T(ito) Arrio M(arci) f(ilio) Viro / invida florentem rapuerunt / fata viventem / nec licuit misero me super / esse viro / flevit praesentem pater / flevere sorores / et mater tepido condidit / ossa rogo / qu(a)e prius hoc titulo / debuit ipsa legi / in agro p(edes) XX in fronte p(edes) XX","date_from":null,"date_to":null,"marker_gender":"mixed","is_individual":false,"edcs_url":"https://edcs.hist.uzh.ch/en/document?edcs-id=EDCS-05400820","persons":[{"nomen":"Arrius","gender":"male","raw_name":"T. Arrio T. f. Tro. Tertio","praenomen":"Titus","cognomen":"Tertius","status":"tribus: Tromentina"},{"nomen":"Mucius","gender":"female","raw_name":"Muci<T=T>i T. f. Modesta mater v. f.","cognomen":"Modesta","status":"filia Titi, mater"},{"nomen":"Arrius","gender":"male","raw_name":"T. Arrio M. f. Viro","praenomen":"Titus","cognomen":"Viro"}]}},{"type":"Feature","geometry":{"type":"Point","coordinates":[8.21,44.9]},"properties":{"edcs_id":"EDCS-05400821","findspot":"Asti / Hasta","raw_text":"[3] Carrinas / A(uli) l(ibertus) Hilar[us] / sibi et / Carrinatiae |(mulieris) l(ibertae) / Nymphidi / an(norum) XVII / in f(ronte) p(edes) XII in ag(ro) p(edes) XI","date_from":null,"date_to":null,"marker_gender":"mixed","is_individual":false,"edcs_url":"https://edcs.hist.uzh.ch/en/document?edcs-id=EDCS-05400821","persons":[{"nomen":"Carrinas","gender":"male","raw_name":"[3] Carrinas A. l. Hilar[us]","cognomen":"Hilarus","status":"libertus"},{"nomen":"Carrinat ia","gender":"female","raw_name":"Carrinatiae |(mulieris) l. Nymphidi","cognomen":"Nymphidi","status":"liberta"}]}},{"type":"Feature","geometry":{"type":"Point","coordinates":[8.21,44.9]},"properties":{"edcs_id":"EDCS-05400822","findspot":"Asti / Hasta","raw_text":"Domitia N[3] / Salvia / t(estamento) poni iussit / sibi et / Luc() fil(io)","date_from":101,"date_to":200,"marker_gender":"female","is_individual":false,"edcs_url":"https://edcs.hist.uzh.ch/en/document?edcs-id=EDCS-05400822","persons":[{"nomen":"Domitia","gender":"female","raw_name":"Domitia N[3] Salvia","cognomen":"Salvia"}]}},{"type":"Feature","geometry":{"type":"Point","coordinates":[8.21,44.9]},"properties":{"edcs_id":"EDCS-05400823","findspot":"Asti / Hasta","raw_text":"C(aius) Fulvius C(ai) l(ibertus) Tarcussa / pater / CC(ai) Fulvii Fidelis et / Pacatus filii / Fulvia C(ai) l(iberta) Epicharis / mater","date_from":101,"date_to":200,"marker_gender":"mixed","is_individual":false,"edcs_url":"https://edcs.hist.uzh.ch/en/document?edcs-id=EDCS-05400823","persons":[{"nomen":"Fulvius","gender":"male","raw_name":"C. Fulvius C. l. Tarcussa","cognomen":"Tarcussa","status":"pater, libertus"},{"nomen":"Fulvius","gender":"male","raw_name":"C. Fulvii Fidelis","cognomen":"Fidelis","status":"filius"},{"nomen":"","gender":"male","raw_name":"Pacatus","cognomen":"Pacatus","status":"filius"},{"nomen":"Fulvia","gender":"female","raw_name":"Fulvia C. l. Epicharis","cognomen":"Epicharis","status":"liberta, mater"}]}},{"type":"Feature","geometry":{"type":"Point","coordinates":[8.21,44.9]},"properties":{"edcs_id":"EDCS-05400824","findspot":"Asti / Hasta","raw_text":"M(arcus) Petronius M(arci) f(ilius) / Ca[m(ilia)] / Primus t(estamento) f(ieri) i(ussit) / Salvia l(iberta) [e]t [con]i(ux) / fac[iundum curavit","date_from":null,"date_to":null,"marker_gender":"mixed","is_individual":false,"edcs_url":"https://edcs.hist.uzh.ch/en/document?edcs-id=EDCS-05400824","persons":[{"nomen":"Petronius","gender":"male","raw_name":"M. Petronius M. f. Ca[m.] Primus","praenomen":"Marcus","cognomen":"Primus","status":"tribus: Camilia"},{"nomen":"Salvia","gender":"female","raw_name":"Salvia l. [e]t [con]i(ux)","status":"liberta, coniux"}]}},{"type":"Feature","geometry":{"type":"Point","coordinates":[8.21,44.9]},"properties":{"edcs_id":"EDCS-05400825","findspot":"Asti / Hasta","raw_text":"D(is) M(anibus) / S[y]noridis / Bacchius / collibert(ae) / et coniugi / bene m[e]re/nti posuit","date_from":null,"date_to":null,"marker_gender":"male","is_individual":false,"edcs_url":"https://edcs.hist.uzh.ch/en/document?edcs-id=EDCS-05400825","persons":[{"nomen":"","gender":"unknown","raw_name":"S[y]noridis","cognomen":"Synoris"},{"nomen":"","gender":"male","raw_name":"Bacchius","cognomen":"Bacchius","status":"collibertus"}]}},{"type":"Feature","geometry":{"type":"Point","coordinates":[8.21,44.9]},"properties":{"edcs_id":"EDCS-05400826","findspot":"Asti / Hasta","raw_text":"Tituleiae Ap[ti] / lib(ertae) Florae mat[ri] / QQ(uinti) Titulei Tulli f(ilii) / Aptus et Atticus / v(ivi) f(ecerunt) et l(ocum) e(merunt) / in f(ronte) p(edes) XII in a(gro) p(edes) [3]","date_from":1,"date_to":50,"marker_gender":"mixed","is_individual":false,"edcs_url":"https://edcs.hist.uzh.ch/en/document?edcs-id=EDCS-05400826","persons":[{"nomen":"Tituleia","gender":"female","raw_name":"Tituleiae Ap[ti] lib. Florae","cognomen":"Flora","status":"liberta, mater"},{"nomen":"Tituleius","gender":"male","raw_name":"QQ. Titulei Tulli f. Aptus","praenomen":"Quintus","cognomen":"Aptus"},{"nomen":"","gender":"male","raw_name":"Atticus","cognomen":"Atticus"}]}},{"type":"Feature","geometry":{"type":"Point","coordinates":[8.21,44.9]},"properties":{"edcs_id":"EDCS-05400827","findspot":"Asti / Hasta","raw_text":"C(aius) Tullius C(ai) f(ilius) Pol(lia) / Ingenu<u=O>s / Cassiae matri / [3] Pol(lia) / [6] / Tulliae sorori / Iucunda[e 3] / VI[","date_from":1,"date_to":100,"marker_gender":"mixed","is_individual":false,"edcs_url":"https://edcs.hist.uzh.ch/en/document?edcs-id=EDCS-05400827","persons":[{"nomen":"Tullius","gender":"male","raw_name":"C. Tullius C. f. Pol. Ingenuos","praenomen":"Gaius","cognomen":"Ingenuus","status":"tribus: Pollia"},{"nomen":"","gender":"female","raw_name":"Iucunda[","cognomen":"Iucunda"}]}},{"type":"Feature","geometry":{"type":"Point","coordinates":[8.21,44.9]},"properties":{"edcs_id":"EDCS-05400828","findspot":"Asti / Hasta","raw_text":"L(ucius) Valerius / L(uci) f(ilius) Maxumus(!) / C(aius) Valerius / L(uci) f(ilius) / fratres II / [","date_from":1,"date_to":200,"marker_gender":"male","is_individual":false,"edcs_url":"https://edcs.hist.uzh.ch/en/document?edcs-id=EDCS-05400828","persons":[{"nomen":"Valerius","gender":"male","raw_name":"L. Valerius L. f. Maxumus","praenomen":"Lucius","cognomen":"Maxumus"},{"nomen":"Valerius","gender":"male","raw_name":"C. Valerius L. f.","praenomen":"Gaius","status":"frater"}]}},{"type":"Feature","geometry":{"type":"Point","coordinates":[8.21,44.9]},"properties":{"edcs_id":"EDCS-05400829","findspot":"Asti / Hasta","raw_text":"Viria |(mulieris) lib(erta) / Faventina / C(ai) Calsiomiri / t(estamento) f(ieri) i(ussit)","date_from":null,"date_to":null,"marker_gender":"female","is_individual":false,"edcs_url":"https://edcs.hist.uzh.ch/en/document?edcs-id=EDCS-05400829","persons":[{"nomen":"Viria","gender":"female","raw_name":"Viria |(mulieris) lib. Faventina","cognomen":"Faventina","status":"mulieris liberta"}]}},{"type":"Feature","geometry":{"type":"Point","coordinates":[8.21,44.9]},"properties":{"edcs_id":"EDCS-05400833","findspot":"Asti / Hasta","raw_text":"Eusebia Eusebio / filio suo dulcissimo / qui v(ixit) an(nos) VIII m(enses) X d(ies) VIII","date_from":null,"date_to":null,"marker_gender":"mixed","is_individual":false,"edcs_url":"https://edcs.hist.uzh.ch/en/document?edcs-id=EDCS-05400833","persons":[{"nomen":"","gender":"female","raw_name":"Eusebia","cognomen":"Eusebia"},{"nomen":"","gender":"male","raw_name":"Eusebio","cognomen":"Eusebius","status":"filius dulcissimus"}]}},{"type":"Feature","geometry":{"type":"Point","coordinates":[8.11,44.68]},"properties":{"edcs_id":"EDCS-05400834","findspot":"Trezzo Tinella / Alba Pompeia","raw_text":"Decima / Pr[3]tia / R() M()","date_from":1,"date_to":30,"marker_gender":"mixed","is_individual":false,"edcs_url":"https://edcs.hist.uzh.ch/en/document?edcs-id=EDCS-05400834","persons":[{"nomen":"Decimus","gender":"male","raw_name":"Decima"},{"nomen":"Prtia","gender":"female","raw_name":"Pr[3]tia"}]}},{"type":"Feature","geometry":{"type":"Point","coordinates":[8.11,44.68]},"properties":{"edcs_id":"EDCS-05400835","findspot":"Trezzo Tinella / Alba Pompeia","raw_text":"Q(uintus) Valerius / Q(uinti) l(ibertus) Pal(atina) / Optatus","date_from":71,"date_to":130,"marker_gender":"male","is_individual":false,"edcs_url":"https://edcs.hist.uzh.ch/en/document?edcs-id=EDCS-05400835","persons":[{"nomen":"Valerius","gender":"male","raw_name":"Q. Valerius Q. l. Pal. Optatus","praenomen":"Quintus","cognomen":"Optatus","status":"libertus Quinti, tribus: Palatina"}]}},{"type":"Feature","geometry":{"type":"Point","coordinates":[8.12,44.73]},"properties":{"edcs_id":"EDCS-05400836","findspot":"Neive / Alba Pompeia","raw_text":"V(ivus) f(ecit) / Albiniae Sympherusa(e) / L(ucius) Pomponius / [","date_from":171,"date_to":200,"marker_gender":"mixed","is_individual":false,"edcs_url":"https://edcs.hist.uzh.ch/en/document?edcs-id=EDCS-05400836","persons":[{"nomen":"Albinia","gender":"female","raw_name":"Albiniae Sympherusa(e)","cognomen":"Sympherusa"},{"nomen":"Pomponius","gender":"male","raw_name":"L. Pomponius","praenomen":"Lucius"}]}},{"type":"Feature","geometry":{"type":"Point","coordinates":[8.12,44.73]},"properties":{"edcs_id":"EDCS-05400837","findspot":"Neive / Alba Pompeia","raw_text":"Q(uintus) Comini/us C(ai) f(ilius) Cam(ilia) / vixit ann(os) / XXXI[","date_from":1,"date_to":50,"marker_gender":"male","is_individual":false,"edcs_url":"https://edcs.hist.uzh.ch/en/document?edcs-id=EDCS-05400837","persons":[{"nomen":"Cominius","gender":"male","raw_name":"Q. Cominius C. f. Cam.","praenomen":"Quintus","status":"tribus: Camilia"}]}},{"type":"Feature","geometry":{"type":"Point","coordinates":[8.12,44.73]},"properties":{"edcs_id":"EDCS-05400838","findspot":"Neive / Alba Pompeia","raw_text":"C(aius) Aelius / L(uci) f(ilius) Cam(ilia) t(estamento) f(ieri) i(ussit) / Valeria / Sex(ti) f(ilia) Tertia / [uxor(?)] faciund(um) / cur(avit)","date_from":1,"date_to":50,"marker_gender":"mixed","is_individual":false,"edcs_url":"https://edcs.hist.uzh.ch/en/document?edcs-id=EDCS-05400838","persons":[{"nomen":"Aelius","gender":"male","raw_name":"C. Aelius L. f. Cam.","praenomen":"Gaius","status":"tribus: Camilia"},{"nomen":"Valeria","gender":"female","raw_name":"Valeria Sex. f. Tertia","cognomen":"Tertia","status":"filia Sexti, uxor","cluster_id":507,"cluster_size":3}]}},{"type":"Feature","geometry":null,"properties":{"edcs_id":"EDCS-05400839","findspot":"Castagnole delle Lanze","raw_text":"Atiliae C(ai) f(iliae) / Maxsumae(!) f(iliae) p(osuit)","date_from":null,"date_to":null,"marker_gender":"female","is_individual":true,"edcs_url":"https://edcs.hist.uzh.ch/en/document?edcs-id=EDCS-05400839","persons":[{"nomen":"Atilia","gender":"female","raw_name":"Atiliae C. f. Maxsumae","cognomen":"Maxsuma"}]}},{"type":"Feature","geometry":{"type":"Point","coordinates":[7.86,44.65]},"properties":{"edcs_id":"EDCS-05400840","findspot":"Cherasco","raw_text":"D(is) M(anibus) / P(ublio) Ael[i]o Marcia/no veter(ano) [l]eg(ionis) II Par(thicae) / Aelia Fuita mar[i]to / incomparabi[li] / et Aeli Marcianus et / Statinus patri / b[e]ne m[erenti]","date_from":201,"date_to":225,"marker_gender":"mixed","is_individual":false,"edcs_url":"https://edcs.hist.uzh.ch/en/document?edcs-id=EDCS-05400840","persons":[{"nomen":"Aelius","gender":"male","raw_name":"P. Ael[i]o Marciano","praenomen":"Publius","cognomen":"Marcianus","status":"veteranus, miles legionis II Parthicae","cluster_id":416,"cluster_size":2},{"nomen":"Aelia","gender":"female","raw_name":"Aelia Fuita","cognomen":"Fuita","status":"marito incomparabili"},{"nomen":"Aelius","gender":"male","raw_name":"Aeli Marcianus","cognomen":"Marcianus","status":"filius, bene merenti","cluster_id":416,"cluster_size":2},{"nomen":"","gender":"male","raw_name":"Statinus","cognomen":"Statinus","status":"filius, bene merenti"}]}},{"type":"Feature","geometry":null,"properties":{"edcs_id":"EDCS-05400841","findspot":"Govone","raw_text":"Dianae / Amandus / Q(uinti) Valeri Asia/tici / v(otum) s(olvit) l(ibens) m(erito)","date_from":null,"date_to":null,"marker_gender":"male","is_individual":true,"edcs_url":"https://edcs.hist.uzh.ch/en/document?edcs-id=EDCS-05400841","persons":[{"nomen":"","gender":"male","raw_name":"Amandus","cognomen":"Amandus"},{"nomen":"Valerius","gender":"male","raw_name":"Q. Valeri Asiatici","praenomen":"Quintus","cognomen":"Asiaticus"}]}},{"type":"Feature","geometry":{"type":"Point","coordinates":[8.0,44.8]},"properties":{"edcs_id":"EDCS-05400842","findspot":"Canale","raw_text":"G(enio) L(uci) n(ostri) / Iun(oni) Clivanae n(ostrae) / Iun(oni) Annaeae n(ostrae) / Vianellia / Restituta","date_from":101,"date_to":200,"marker_gender":"female","is_individual":true,"edcs_url":"https://edcs.hist.uzh.ch/en/document?edcs-id=EDCS-05400842","persons":[{"nomen":"","gender":"female","raw_name":"Vianellia","cognomen":"Vianellia","status":"Genio L. nostri, Iunoni Clivanae nostrae, Iunoni Annaeae nostrae"},{"nomen":"","gender":"female","raw_name":"Restituta","cognomen":"Restituta","status":"Genio L. nostri, Iunoni Clivanae nostrae, Iunoni Annaeae nostrae"}]}},{"type":"Feature","geometry":{"type":"Point","coordinates":[7.96,44.81]},"properties":{"edcs_id":"EDCS-05400843","findspot":"Monta","raw_text":"D(ecimo) Flavio M(arci) f(ilio) patri / L(ucio) Flavio P(ubli) f(ilio) Supero / mil(iti) co(ho)r(tis) VIII pr(aetoriae) / Irtueliae Q(uinti) f(iliae) / Clementi uxori / Flaviae P(ubli) f(iliae) / Modestae f(iliae) / D(ecimus) Flavius D(ecimi) f(ilius) / Pol(lia) Fronto / t(estamento) f(ieri) i(ussit)","date_from":1,"date_to":100,"marker_gender":"mixed","is_individual":true,"edcs_url":"https://edcs.hist.uzh.ch/en/document?edcs-id=EDCS-05400843","persons":[{"nomen":"Flavius","gender":"male","raw_name":"D. Flavio M. f. patri","praenomen":"Decimus","status":"filius Marci"},{"nomen":"Flavius","gender":"male","raw_name":"L. Flavio P. f. Supero","praenomen":"Lucius","cognomen":"Super","status":"filius Publi, miles cohortis VIII praetoriae"},{"nomen":"Irtuelia","gender":"female","raw_name":"Irtueliae Q. f. Clementi uxori","cognomen":"Clementia","status":"filia Quinti, uxor"},{"nomen":"Flavia","gender":"female","raw_name":"Flaviae P. f. Modestae","cognomen":"Modesta","status":"filia Publi"},{"nomen":"Flavius","gender":"male","raw_name":"D. Flavius D. f. Pol. Fronto","praenomen":"Decimus","cognomen":"Fronto","status":"tribus: Pollia, filius Decimi"}]}},{"type":"Feature","geometry":{"type":"Point","coordinates":[7.95,44.72]},"properties":{"edcs_id":"EDCS-05400844","findspot":"Monticello d'Alba / Pollentia","raw_text":"D(is) M(anibus) / Comini Ae/liani Veq/uasia Pl/otiniana / marito / inco<m=N>/parab/ili","date_from":201,"date_to":230,"marker_gender":"mixed","is_individual":false,"edcs_url":"https://edcs.hist.uzh.ch/en/document?edcs-id=EDCS-05400844","persons":[{"nomen":"Cominius","gender":"male","raw_name":"Comini Aeliani","cognomen":"Aelianus"},{"nomen":"Vequasia","gender":"female","raw_name":"Vequasia Plotiniana","cognomen":"Plotiniana","status":"uxor"}]}},{"type":"Feature","geometry":{"type":"Point","coordinates":[8.03,44.69]},"properties":{"edcs_id":"EDCS-05400845","findspot":"Alba / Alba Pompeia","raw_text":"Genio / c(ollegii) c(entonariorum) Alb(ensium) Pomp(eianorum) / in memoriam / Sal(vi) Cinci Sem/proniani eq(uitis) R(omani) / eq(uo) pub(lico) Semproni/a Sabina mater / et Iulia Sabina soror / d(e) p(ecunia) s(ua) p(osuerunt)","date_from":1,"date_to":100,"marker_gender":"mixed","is_individual":false,"edcs_url":"https://edcs.hist.uzh.ch/en/document?edcs-id=EDCS-05400845","persons":[{"nomen":"Cincius","gender":"male","raw_name":"Sal. Cinci Semproniani eq. R. eq. publ.","cognomen":"Sempronianus","status":"eques Romanus, equo publico"},{"nomen":"Sempronia","gender":"female","raw_name":"Sempronia Sabina","cognomen":"Sabina","status":"mater"},{"nomen":"Iulia","gender":"female","raw_name":"Iulia Sabina","cognomen":"Sabina","status":"soror"}]}},{"type":"Feature","geometry":{"type":"Point","coordinates":[8.03,44.69]},"properties":{"edcs_id":"EDCS-05400846","findspot":"Alba / Alba Pompeia","raw_text":"Genio / C(ai) Petroni Rufi / parentes","date_from":101,"date_to":150,"marker_gender":"male","is_individual":false,"edcs_url":"https://edcs.hist.uzh.ch/en/document?edcs-id=EDCS-05400846","persons":[{"nomen":"Petronius","gender":"male","raw_name":"C. Petroni Rufi","praenomen":"Gaius","cognomen":"Rufus"}]}},{"type":"Feature","geometry":{"type":"Point","coordinates":[8.03,44.69]},"properties":{"edcs_id":"EDCS-05400847","findspot":"Alba / Alba Pompeia","raw_text":"M(arcus) Gavius / C(ai) f(ilius) Ligus / M(inervae?) v(otum) s(olvit) l(ibens) l(aetus)","date_from":101,"date_to":200,"marker_gender":"male","is_individual":false,"edcs_url":"https://edcs.hist.uzh.ch/en/document?edcs-id=EDCS-05400847","persons":[{"nomen":"Gavius","gender":"male","raw_name":"M. Gavius C. f. Ligus","praenomen":"Gaius","cognomen":"Ligus","status":"votum solvit libens laetus"}]}},{"type":"Feature","geometry":{"type":"Point","coordinates":[8.03,44.69]},"properties":{"edcs_id":"EDCS-05400848","findspot":"Alba / Alba Pompeia","raw_text":"Ti(berio) Caesari / Drusi f(ilio) / Ti(beri) Augusti [n(epoti)] / divi Augusti pron(epoti) / P(ublius) Varius P(ubli) f(ilius) Aem(ilia) / Ligus filius","date_from":19,"date_to":37,"marker_gender":"male","is_individual":false,"edcs_url":"https://edcs.hist.uzh.ch/en/document?edcs-id=EDCS-05400848","persons":[{"nomen":"Varius","gender":"male","raw_name":"Ti. Caesari Drusi f. Ti. Augusti [n.] divi Augusti pron. P. Varius P. f. Aem. Ligus","praenomen":"Publius","cognomen":"Ligus","status":"filius Publi, filius, pronepos divi Augusti"}]}},{"type":"Feature","geometry":{"type":"Point","coordinates":[8.03,44.69]},"properties":{"edcs_id":"EDCS-05400849","findspot":"Alba / Alba Pompeia","raw_text":"[3] Luc[3]io Q(uinti) f(ilio) / Pro[3]i / co(n)s(uli) pr(aetori) aedil(i) pl(ebis) / Emanenses / patrono","date_from":1,"date_to":200,"marker_gender":"male","is_individual":false,"edcs_url":"https://edcs.hist.uzh.ch/en/document?edcs-id=EDCS-05400849","persons":[{"nomen":"","gender":"male","raw_name":"Luc[3]io Q. f. Pro[3]i co(n)s(uli) pr(aetori) aedil(i) pl(ebis)","cognomen":"Lucilius","status":"consul, praetor, aedilis plebis, patrono"}]}},{"type":"Feature","geometry":{"type":"Point","coordinates":[8.03,44.69]},"properties":{"edcs_id":"EDCS-05400850","findspot":"Alba / Alba Pompeia","raw_text":"Q(uintus) Carrinas C(ai) f(ilius) / Pol(lia) |(centurio) primi pili / aed(ilis) IIvir","date_from":1,"date_to":50,"marker_gender":"male","is_individual":false,"edcs_url":"https://edcs.hist.uzh.ch/en/document?edcs-id=EDCS-05400850","persons":[{"nomen":"Carrinas","gender":"male","raw_name":"Q. Carrinas C. f. Pol. |(centurio) primi pili aed. IIvir","praenomen":"Quintus","status":"tribus: Pollia, centurio primi pili, aedilis, IIvir"}]}},{"type":"Feature","geometry":{"type":"Point","coordinates":[8.03,44.69]},"properties":{"edcs_id":"EDCS-05400851","findspot":"Alba / Alba Pompeia","raw_text":"M(anius) Geminius L(uci) f(ilius) / Cam(ilia) veteran(us) / sibi et L(ucio) Gemi/nio L(uci) f(ilio) Cam(ilia) / Manciae patri / Vibiae Q(uinti) f(iliae) Secund(ae?) / matri","date_from":-27,"date_to":14,"marker_gender":"mixed","is_individual":false,"edcs_url":"https://edcs.hist.uzh.ch/en/document?edcs-id=EDCS-05400851","persons":[{"nomen":"Geminius","gender":"male","raw_name":"M. Geminius L. f. Cam. veteranus","praenomen":"Manius","status":"tribus: Camilia, veteranus"},{"nomen":"Geminius","gender":"male","raw_name":"L. Geminio L. f. Cam. Manciae","praenomen":"Lucius","cognomen":"Mancia","status":"tribus: Camilia, pater"},{"nomen":"Vibia","gender":"female","raw_name":"Vibiae Q. f. Secund(ae?)","cognomen":"Secunda","status":"filia Quinti, mater"}]}},{"type":"Feature","geometry":{"type":"Point","coordinates":[8.03,44.69]},"properties":{"edcs_id":"EDCS-05400852","findspot":"Alba / Alba Pompeia","raw_text":"D(is) M(anibus) / P(ubli) Atili / Nicostra/ti VIviri / Aug(ustalis) Epa/phroditus / lib(ertus)","date_from":71,"date_to":130,"marker_gender":"male","is_individual":false,"edcs_url":"https://edcs.hist.uzh.ch/en/document?edcs-id=EDCS-05400852","persons":[{"nomen":"Atilius","gender":"male","raw_name":"P. Atili Nicostrati VIviri Aug.","praenomen":"Publius","cognomen":"Nicostratus","status":"VIvir, Augustalis"},{"nomen":"","gender":"male","raw_name":"Epaphroditus","cognomen":"Epaphroditus","status":"libertus"}]}},{"type":"Feature","geometry":{"type":"Point","coordinates":[8.03,44.69]},"properties":{"edcs_id":"EDCS-05400853","findspot":"Alba / Alba Pompeia","raw_text":"M(arco) Carsio M(ani) [f(ilio)] / Cam(ilia) Secundo / praef(ecto) fabrum [3] / iudic(i) ex V dec(uriis) / curatori [","date_from":201,"date_to":250,"marker_gender":"male","is_individual":false,"edcs_url":"https://edcs.hist.uzh.ch/en/document?edcs-id=EDCS-05400853","persons":[{"nomen":"Carsius","gender":"male","raw_name":"M. Carsio M. [f.] Cam. Secundo praef. fabr. [3] iudic. ex V dec. curatori","praenomen":"Marcus","cognomen":"Secundus","status":"tribus: Camilia, praefectus fabrum, iudex ex V decuriis, curator"}]}},{"type":"Feature","geometry":{"type":"Point","coordinates":[2.0,42.0]},"properties":{"edcs_id":"EDCS-05400854","findspot":"Alba / Alba Pompeia","raw_text":"Castriciae / Saturninae fil(iae) / vixit ann(os) VI s(emis) / P(ublius) Castricius Saturnin(us) / pat(er) mag(ister) Aug(ustalis) Pollen[t(iae)] / Aug(usta) Bagienn(orum) sibi e[t] / Mettiae Paulin[ae] / uxori optim[ae]","date_from":51,"date_to":200,"marker_gender":"mixed","is_individual":false,"edcs_url":"https://edcs.hist.uzh.ch/en/document?edcs-id=EDCS-05400854","persons":[{"nomen":"Castricia","gender":"female","raw_name":"Castriciae Saturninae","cognomen":"Saturnina","status":"filia","cluster_id":57,"cluster_size":2},{"nomen":"Castricius","gender":"male","raw_name":"P. Castricius Saturnin. pat. mag. Aug. Pollen[t. Aug. Bagienn. sibi e[t","praenomen":"Publius","cognomen":"Saturninus","status":"pater, magister, Augustalis Pollentiae, Augusta Bagiennorum","cluster_id":57,"cluster_size":2},{"nomen":"Mettia","gender":"female","raw_name":"Mettiae Paulin[ae","cognomen":"Paulina","status":"uxor optimae"}]}},{"type":"Feature","geometry":{"type":"Point","coordinates":[8.03,44.69]},"properties":{"edcs_id":"EDCS-05400855","findspot":"Alba / Alba Pompeia","raw_text":"V(ivus) f(ecit) / C(aius) Cornelius / C(ai) f(ilius) Cam(ilia) / Germanus aed(ilis) / q(uaestor) IIvir praef(ectus) fabr(um) / iudex ex V dec(uriis) / flamen divi Aug(usti) / sibi et / Valeriae M(arci) filiae / Marcellae / uxori optimae / s(uo) l(oco) v(ivus) i(pse) p(osuit?)","date_from":51,"date_to":100,"marker_gender":"mixed","is_individual":false,"edcs_url":"https://edcs.hist.uzh.ch/en/document?edcs-id=EDCS-05400855","persons":[{"nomen":"Cornelius","gender":"male","raw_name":"C. Cornelius C. f. Cam. Germanus aed. q. IIvir praef. fabr. iudex ex V dec. flamen divi Aug.","praenomen":"Gaius","cognomen":"Germanus","status":"tribus: Camilia, aedilis, quaestor, IIvir, praefectus fabrum, iudex ex V decuriis, flamen divi Augusti","cluster_id":59,"cluster_size":2},{"nomen":"Valeria","gender":"female","raw_name":"Valeriae M. filiae Marcellae uxori optimae","cognomen":"Marcella","status":"filia Marci, uxor optimae","cluster_id":26,"cluster_size":2}]}},{"type":"Feature","geometry":{"type":"Point","coordinates":[8.03,44.69]},"properties":{"edcs_id":"EDCS-05400856","findspot":"Alba / Alba Pompeia","raw_text":"D(is) M(anibus) / L(uci) Didi Primi aed(ilis) q(uaestoris) / IIvir(i) et Messiae Paezu/sae matri Primi Didia / Severina lib(erta) et ux{s}or / fec(it)","date_from":101,"date_to":200,"marker_gender":"mixed","is_individual":false,"edcs_url":"https://edcs.hist.uzh.ch/en/document?edcs-id=EDCS-05400856","persons":[{"nomen":"Didius","gender":"male","raw_name":"L. Didi Primi aed. q. IIvir","praenomen":"Lucius","cognomen":"Primus","status":"aedilis, quaestor, IIvir","cluster_id":60,"cluster_size":2},{"nomen":"Messia","gender":"female","raw_name":"Messiae Paezu[sae","cognomen":"Paezusa","status":"mater Primi Didia"},{"nomen":"Didia","gender":"female","raw_name":"Primi Didia Severina","cognomen":"Severina","status":"liberta, uxor"}]}},{"type":"Feature","geometry":{"type":"Point","coordinates":[8.03,44.69]},"properties":{"edcs_id":"EDCS-05400857","findspot":"Alba / Alba Pompeia","raw_text":"C(aius) Fabricius L(uci) f(ilius) / Cam(ilia) aed(ilis) sibi et / M(arco) Fabricio L(uci) f(ilio) Cam(ilia) / Liguri fratri aed(ili) t(estamento) f(ieri) i(ussit) / Philetus et Fuscus l(iberti) f(aciendum) c(uraverunt)","date_from":1,"date_to":50,"marker_gender":"male","is_individual":false,"edcs_url":"https://edcs.hist.uzh.ch/en/document?edcs-id=EDCS-05400857","persons":[{"nomen":"Fabricius","gender":"male","raw_name":"C. Fabricius L. f. Cam. aed.","praenomen":"Gaius","status":"tribus: Camilia, aedilis"},{"nomen":"Fabricius","gender":"male","raw_name":"M. Fabricio L. f. Cam. Liguri fratri aed.","praenomen":"Marcus","cognomen":"Ligurus","status":"tribus: Camilia, frater, aedilis"},{"nomen":"","gender":"male","raw_name":"Philetus","cognomen":"Philetus","status":"libertus"},{"nomen":"","gender":"male","raw_name":"Fuscus","cognomen":"Fuscus","status":"libertus"}]}},{"type":"Feature","geometry":{"type":"Point","coordinates":[8.03,44.69]},"properties":{"edcs_id":"EDCS-05400858","findspot":"Alba / Alba Pompeia","raw_text":"Cn(aeo) Iulio / Pertinaci / aed(ili) quaest(ori) / praef(ecto) fabr(um) / Cn(aeus) Didius / Hermes / filio piissimo / l(ocus) d(atus) d(ecreto) d(ecurionum)","date_from":151,"date_to":200,"marker_gender":"male","is_individual":false,"edcs_url":"https://edcs.hist.uzh.ch/en/document?edcs-id=EDCS-05400858","persons":[{"nomen":"Iulius","gender":"male","raw_name":"Cn. Iulio Pertinaci aed. quaest. praef. fabr.","praenomen":"Gnaeus","cognomen":"Pertinax","status":"aedilis, quaestor, praefectus fabrum"},{"nomen":"Didius","gender":"male","raw_name":"Cn. Didius Hermes","praenomen":"Gnaeus","cognomen":"Hermes","status":"pius filius"}]}},{"type":"Feature","geometry":{"type":"Point","coordinates":[8.03,44.69]},"properties":{"edcs_id":"EDCS-05400859","findspot":"Alba / Alba Pompeia","raw_text":"D(is) M(anibus) / C(ai) Lucili Mu/saei VIvir(i) Veiania / Longina ma/rito piissi/mo","date_from":71,"date_to":130,"marker_gender":"mixed","is_individual":false,"edcs_url":"https://edcs.hist.uzh.ch/en/document?edcs-id=EDCS-05400859","persons":[{"nomen":"Lucilius","gender":"male","raw_name":"C. Lucili Musaei VIvir","praenomen":"Caius","cognomen":"Museus","status":"VIvir"},{"nomen":"Veiania","gender":"female","raw_name":"Veiania Longina marito piissi","cognomen":"Longina","status":"piissimus maritus"}]}},{"type":"Feature","geometry":{"type":"Point","coordinates":[8.03,44.69]},"properties":{"edcs_id":"EDCS-05400860","findspot":"Alba / Alba Pompeia","raw_text":"Fl(avio) Valerino fratri / pientissimo fra[ter] / fecit","date_from":201,"date_to":300,"marker_gender":"male","is_individual":false,"edcs_url":"https://edcs.hist.uzh.ch/en/document?edcs-id=EDCS-05400860","persons":[{"nomen":"Flavius","gender":"male","raw_name":"Fl. Valerino fratri","cognomen":"Valerinus","status":"frater pientissimus"}]}},{"type":"Feature","geometry":{"type":"Point","coordinates":[8.03,44.69]},"properties":{"edcs_id":"EDCS-05400861","findspot":"Alba / Alba Pompeia","raw_text":"Hermes et / Elate servi","date_from":1,"date_to":200,"marker_gender":"male","is_individual":false,"edcs_url":"https://edcs.hist.uzh.ch/en/document?edcs-id=EDCS-05400861","persons":[{"nomen":"","gender":"male","raw_name":"Hermes","cognomen":"Hermes","status":"servus"},{"nomen":"","gender":"male","raw_name":"Elate","cognomen":"Elate","status":"servus"}]}},{"type":"Feature","geometry":{"type":"Point","coordinates":[8.03,44.69]},"properties":{"edcs_id":"EDCS-05400862","findspot":"Alba / Alba Pompeia","raw_text":"T(itus) Mettius T(iti) f(ilius) Pollio","date_from":1,"date_to":100,"marker_gender":"male","is_individual":false,"edcs_url":"https://edcs.hist.uzh.ch/en/document?edcs-id=EDCS-05400862","persons":[{"nomen":"Mettius","gender":"male","raw_name":"T. Mettius T. f. Pollio","praenomen":"Titus","cognomen":"Pollio"}]}},{"type":"Feature","geometry":{"type":"Point","coordinates":[8.03,44.69]},"properties":{"edcs_id":"EDCS-05400863","findspot":"Alba / Alba Pompeia","raw_text":"Ulattiae Elicine / Etocmus Ulatti Rufi / contuber(nali) b(ene) merent(i) / et sibi","date_from":1,"date_to":100,"marker_gender":"mixed","is_individual":false,"edcs_url":"https://edcs.hist.uzh.ch/en/document?edcs-id=EDCS-05400863","persons":[{"nomen":"Ulattia","gender":"female","raw_name":"Ulattiae Elicine","cognomen":"Elicina"},{"nomen":"Etocmus","gender":"male","raw_name":"Etocmus Ulatti Rufi contuber. b. m. et sibi","cognomen":"Ulattius Rufus","status":"contubernalis bene merenti, sibi"}]}},{"type":"Feature","geometry":{"type":"Point","coordinates":[7.9,44.68]},"properties":{"edcs_id":"EDCS-05400866","findspot":"Pollenzo / Pollentia","raw_text":"Sex(to) Livio / C(ai) f(ilio) Cam(ilia) Senecae / IIIIIIviro / M(arcus) Livius C(ai) f(ilius) / Cam(ilia) frater / IIIIIIvir / fac(iendum) cur(avit)","date_from":1,"date_to":100,"marker_gender":"male","is_individual":false,"edcs_url":"https://edcs.hist.uzh.ch/en/document?edcs-id=EDCS-05400866","persons":[{"nomen":"Livius","gender":"male","raw_name":"Sex. Livio C. f. Cam. Senecae IIIIIIviro","praenomen":"Sextus","cognomen":"Seneca","status":"tribus: Camilia, IIIIIIvir"},{"nomen":"Livius","gender":"male","raw_name":"M. Livius C. f. Cam.","praenomen":"Marcus","status":"tribus: Camilia, frater, IIIIIIvir"}]}},{"type":"Feature","geometry":{"type":"Point","coordinates":[7.9,44.68]},"properties":{"edcs_id":"EDCS-05400869","findspot":"Pollenzo / Pollentia","raw_text":"T(itus) Titius T(iti) l(ibertus) Feli/x Reatinus / tribu Polli/a [ho]c mo/[num]entu(m) / [m]e vivo fe/[ci] h(oc) m(onumentum) h(eredem) n(on) s(equetur) / [in f(ronte)] p(edes) XII in [agro","date_from":71,"date_to":150,"marker_gender":"male","is_individual":false,"edcs_url":"https://edcs.hist.uzh.ch/en/document?edcs-id=EDCS-05400869","persons":[{"nomen":"Titius","gender":"male","raw_name":"T. Titius T. l. Felix Reatinus","praenomen":"Titus","cognomen":"Felix Reatinus","status":"libertus, tribus: Pollia"}]}},{"type":"Feature","geometry":{"type":"Point","coordinates":[7.9,44.68]},"properties":{"edcs_id":"EDCS-05400870","findspot":"Pollenzo / Pollentia","raw_text":"Vivit / Q(uintus) Varisidius / Q(uinti) f(ilius) Pol(lia) / Naso / purpura(rius) / p(edes) q(uoquoversus) XVI","date_from":1,"date_to":50,"marker_gender":"male","is_individual":false,"edcs_url":"https://edcs.hist.uzh.ch/en/document?edcs-id=EDCS-05400870","persons":[{"nomen":"Varisidius","gender":"male","raw_name":"Q. Varisidius Q. f. Pol. Naso","praenomen":"Quintus","cognomen":"Naso","status":"tribus: Pollia, purpurarius"}]}},{"type":"Feature","geometry":{"type":"Point","coordinates":[7.9,44.68]},"properties":{"edcs_id":"EDCS-05400872","findspot":"Pollenzo / Pollentia","raw_text":"M(arcus) Elvius / Maximus sibi et / Mettiae / Firminae uxori / M(arco) Elvio Cimbro / patri / Elviae Rufillae / matri / Elviae Fidae / sorori / Didiae Clementi / socerae / [i]n f(ronte) p(edes) XXIII in a[g(ro)] p(edes) [3] / [h(oc)] m(onumentum) [h(eredem)] n(on) [s(equetur)]","date_from":1,"date_to":200,"marker_gender":"mixed","is_individual":false,"edcs_url":"https://edcs.hist.uzh.ch/en/document?edcs-id=EDCS-05400872","persons":[{"nomen":"Elvius","gender":"male","raw_name":"M. Elvius Maximus","praenomen":"Marcus","cognomen":"Maximus"},{"nomen":"Mettia","gender":"female","raw_name":"Mettiae Firminae","cognomen":"Firmina","status":"uxor"},{"nomen":"Elvius","gender":"male","raw_name":"M. Elvio Cimbro","praenomen":"Marcus","cognomen":"Cimber","status":"pater"},{"nomen":"Elvia","gender":"female","raw_name":"Elviae Rufillae","cognomen":"Rufilla","status":"mater"},{"nomen":"Elvia","gender":"female","raw_name":"Elviae Fidae","cognomen":"Fida","status":"soror"},{"nomen":"Didia","gender":"female","raw_name":"Didiae Clementi","cognomen":"Clemens","status":"socera"}]}},{"type":"Feature","geometry":{"type":"Point","coordinates":[7.9,44.68]},"properties":{"edcs_id":"EDCS-05400873","findspot":"Pollenzo / Pollentia","raw_text":"M(arcus) Galerius / T(iti) l(ibertus) Philippu[s] / titulum posu[i] / vivus mi et mei[s] / liberti{i}s ant[e] / titulum m[eum] / Pranei[","date_from":null,"date_to":null,"marker_gender":"male","is_individual":false,"edcs_url":"https://edcs.hist.uzh.ch/en/document?edcs-id=EDCS-05400873","persons":[{"nomen":"Galerius","gender":"male","raw_name":"M. Galerius T. l. Philippu[s]","praenomen":"Marcus","cognomen":"Philippus","status":"libertus Titi"},{"nomen":"","gender":"unknown","raw_name":"Pranei[","cognomen":"Praneus"}]}},{"type":"Feature","geometry":{"type":"Point","coordinates":[7.9,44.68]},"properties":{"edcs_id":"EDCS-05400874","findspot":"Pollenzo / Pollentia","raw_text":"P(ublius) Cia[rtius(?)] / P(ubli) l(ibertus) Corinthus / Maeciae C(ai) l(ibertae) / Corinthidi matri / C(aio) Maecio C(ai) l(iberto) / Secundo","date_from":null,"date_to":null,"marker_gender":"mixed","is_individual":false,"edcs_url":"https://edcs.hist.uzh.ch/en/document?edcs-id=EDCS-05400874","persons":[{"nomen":"Ciartius","gender":"male","raw_name":"P. Cia[rtius(?)] P. l. Corinthus","praenomen":"Publius","cognomen":"Corinthus","status":"libertus Publi"},{"nomen":"Maecia","gender":"female","raw_name":"Maeciae C. l. Corinthidi","cognomen":"Corinthis","status":"liberta Cai, mater"},{"nomen":"Maecius","gender":"male","raw_name":"C. Maecio C. l. Secundo","praenomen":"Gaius","cognomen":"Secundus","status":"libertus Cai"}]}},{"type":"Feature","geometry":{"type":"Point","coordinates":[7.68,44.77]},"properties":{"edcs_id":"EDCS-05400879","findspot":"Racconigi / Pollentia","raw_text":"C(aius) Mottius C(ai) f(ilius) / Pol(lia) Celer / t(estamento) f(ieri) i(ussit) sibi et / C(aio) Mottio C(ai) f(ilio) Pol(lia) Rufo / patri / Vettiae L(uci) f(iliae) Secundae / matri / C(aio) Mottio C(ai) f(ilio) Maxumo(!) / fratri / Mottiae C(ai) f(iliae) Severae / sorori / Rufus Mottius C(ai) f(ilius) Pol(lia) / Adiutor E Ati[","date_from":null,"date_to":null,"marker_gender":"mixed","is_individual":false,"edcs_url":"https://edcs.hist.uzh.ch/en/document?edcs-id=EDCS-05400879","persons":[{"nomen":"Mottius","gender":"male","raw_name":"C. Mottius C. f. Pol. Celer","praenomen":"Gaius","cognomen":"Celer","status":"tribus: Pollia"},{"nomen":"Mottius","gender":"male","raw_name":"C. Mottio C. f. Pol. Rufo","praenomen":"Gaius","cognomen":"Rufus","status":"tribus: Pollia, pater"},{"nomen":"Vettia","gender":"female","raw_name":"Vettiae L. f. Secundae","cognomen":"Secunda","status":"filia Luci, mater"},{"nomen":"Mottius","gender":"male","raw_name":"C. Mottio C. f. Maxumo","praenomen":"Gaius","cognomen":"Maxumus","status":"tribus: Pollia, frater"},{"nomen":"Mottia","gender":"female","raw_name":"Mottiae C. f. Severae","cognomen":"Severa","status":"filia Gai, soror"},{"nomen":"Mottius","gender":"male","raw_name":"Rufus Mottius C. f. Pol. Adiutor","cognomen":"Rufus Adiutor","status":"tribus: Pollia"}]}},{"type":"Feature","geometry":null,"properties":{"edcs_id":"EDCS-05400880","findspot":"Villanova Solaro","raw_text":"Q(uintus) Teielius P[3] / Vatia Siv[3] / v(otum) s(olverunt) l(ibentes) [m(erito)]","date_from":null,"date_to":null,"marker_gender":"male","is_individual":true,"edcs_url":"https://edcs.hist.uzh.ch/en/document?edcs-id=EDCS-05400880","persons":[{"nomen":"Teielius","gender":"male","raw_name":"Q. Teielius P[3]","praenomen":"Quintus","status":"votum solverunt libentes"},{"nomen":"","gender":"male","raw_name":"Vatia Siv[3]","cognomen":"Vatia","status":"votum solverunt libentes"}]}},{"type":"Feature","geometry":{"type":"Point","coordinates":[7.73,44.66]},"properties":{"edcs_id":"EDCS-05400881","findspot":"Marene","raw_text":"I(ovi) O(ptimo) M(aximo) / M(arcus) Memmius Gra() l(ibertus) / Hermes / v(otum) s(olvit) m(erito)","date_from":1,"date_to":200,"marker_gender":"male","is_individual":true,"edcs_url":"https://edcs.hist.uzh.ch/en/document?edcs-id=EDCS-05400881","persons":[{"nomen":"Memmius","gender":"male","raw_name":"M. Memmius Gra() l. Hermes","praenomen":"Marcus","cognomen":"Hermes","status":"libertus"}]}},{"type":"Feature","geometry":{"type":"Point","coordinates":[7.66,44.64]},"properties":{"edcs_id":"EDCS-05400882","findspot":"Savigliano / Pollentia","raw_text":"Numini Dia/nae Aug(ustae) / Valeria Epi/thusa mag(istra)","date_from":101,"date_to":130,"marker_gender":"female","is_individual":false,"edcs_url":"https://edcs.hist.uzh.ch/en/document?edcs-id=EDCS-05400882","persons":[{"nomen":"Valeria","gender":"female","raw_name":"Valeria Epithusa","cognomen":"Epithusa","status":"magistra"}]}},{"type":"Feature","geometry":{"type":"Point","coordinates":[7.66,44.64]},"properties":{"edcs_id":"EDCS-05400884","findspot":"Savigliano / Pollentia","raw_text":"P(ublio) Titio C(ai) f(ilio) Pol(lia) / Vilagenio patri / Voconiae L(uci) f(iliae) Tertiae / [ma]tri","date_from":1,"date_to":100,"marker_gender":"mixed","is_individual":false,"edcs_url":"https://edcs.hist.uzh.ch/en/document?edcs-id=EDCS-05400884","persons":[{"nomen":"Titius","gender":"male","raw_name":"P. Titio C. f. Pol. Vilagenio","praenomen":"Publius","cognomen":"Vilagenius","status":"tribus: Pollia, pater"},{"nomen":"Voconia","gender":"female","raw_name":"Voconiae L. f. Tertiae","cognomen":"Tertia","status":"filia Luci, mater"}]}},{"type":"Feature","geometry":{"type":"Point","coordinates":[7.66,44.64]},"properties":{"edcs_id":"EDCS-05400885","findspot":"Savigliano / Pollentia","raw_text":"[3]licus et Avi/lia L(uci) f(ilia) Tertula","date_from":1,"date_to":200,"marker_gender":"female","is_individual":false,"edcs_url":"https://edcs.hist.uzh.ch/en/document?edcs-id=EDCS-05400885","persons":[{"nomen":"Avilia","gender":"female","raw_name":"Avilia L. f. Tertula","cognomen":"Tertula","status":"filia Luci"}]}},{"type":"Feature","geometry":{"type":"Point","coordinates":[7.49,44.64]},"properties":{"edcs_id":"EDCS-05400887","findspot":"Saluzzo / Pollentia","raw_text":"Urbanus / Aponi / dispensator","date_from":1,"date_to":50,"marker_gender":"male","is_individual":false,"edcs_url":"https://edcs.hist.uzh.ch/en/document?edcs-id=EDCS-05400887","persons":[{"nomen":"","gender":"male","raw_name":"Urbanus","cognomen":"Urbanus","status":"dispensator"},{"nomen":"Aponius","gender":"male","raw_name":"Aponi"}]}},{"type":"Feature","geometry":{"type":"Point","coordinates":[7.43,44.61]},"properties":{"edcs_id":"EDCS-05400888","findspot":"Pagno","raw_text":"V(ivi) f(ecerunt) / N(a)evius / Auci f(ilius) Mocti/us f(ecit) Secu(n)da [f(ilia)] / Velta uxor","date_from":1,"date_to":50,"marker_gender":"mixed","is_individual":false,"edcs_url":"https://edcs.hist.uzh.ch/en/document?edcs-id=EDCS-05400888","persons":[{"nomen":"Naevius","gender":"male","raw_name":"Naevius Auci f. Moctius","cognomen":"Moctius","status":"filius Auci"},{"nomen":"","gender":"female","raw_name":"Secu(n)da [f(ilia)]","cognomen":"Secunda","status":"filia"},{"nomen":"","gender":"female","raw_name":"Velta","cognomen":"Velta","status":"uxor"}]}},{"type":"Feature","geometry":{"type":"Point","coordinates":[7.43,44.61]},"properties":{"edcs_id":"EDCS-05400889","findspot":"Pagno","raw_text":"Caelestes animae / damnant quae crimina / vitae terrenas metuu/nt labes sub iudice C(h)risto / corporeo laetae gaude/nt se carcere solvi / sic regina potens meritis / [post] vincula saec(u)li / aeternam repetit se[dem(?)] / ni(hi)l noxia morti / haec talamis Albine tuis / ser[3]quae f<i=E>d[e]lis / virgineas casto servavit / pectore taed[as] / coniugii om[3] / dicnata secundi / haec damnum natura tuum / quod invida natos / non tribuis votis matris / sub mente benigna / adfectu superare volens / nos iamque vocavit / Albini claro generatam / sanguine prolem / exosum nomen ni(hi)l / magnis moribus [3] / nam veras bea/ti pectore matri","date_from":301,"date_to":500,"marker_gender":"female","is_individual":false,"edcs_url":"https://edcs.hist.uzh.ch/en/document?edcs-id=EDCS-05400889","persons":[{"nomen":"","gender":"female","raw_name":"Albine","cognomen":"Albina"}]}},{"type":"Feature","geometry":{"type":"Point","coordinates":[7.48,44.6]},"properties":{"edcs_id":"EDCS-05400890","findspot":"Verzuolo","raw_text":"Enica / Comio/gia Nevi f(ilia) v(ivit) / Pramion / ux{s}ori / bene [merenti] / cu[m filiis(?)] / in fr(onte) p(edes) [3 in ag(ro)] p(edes) [","date_from":1,"date_to":30,"marker_gender":"mixed","is_individual":false,"edcs_url":"https://edcs.hist.uzh.ch/en/document?edcs-id=EDCS-05400890","persons":[{"nomen":"","gender":"female","raw_name":"Enica","cognomen":"Enica"},{"nomen":"Comiogia","gender":"female","raw_name":"Comiogia Nevi f.","status":"filia Nevii"},{"nomen":"","gender":"male","raw_name":"Pramion","cognomen":"Pramio","status":"uxor"}]}},{"type":"Feature","geometry":{"type":"Point","coordinates":[7.48,44.6]},"properties":{"edcs_id":"EDCS-05400891","findspot":"Verzuolo","raw_text":"[3] Ofillius / Gracchi l(ibertus) Pal(atina) / Melior IIIIIIvir v(i)v(us) f(ecit) / in front(e) p(edes) XXXX / [in agr]o p(edes) XXXX","date_from":1,"date_to":50,"marker_gender":"male","is_individual":false,"edcs_url":"https://edcs.hist.uzh.ch/en/document?edcs-id=EDCS-05400891","persons":[{"nomen":"Ofillius","gender":"male","raw_name":"Ofillius Gracchi l. Pal. Melior IIIIIIvir","cognomen":"Melior","status":"libertus Gracchi, tribus: Palatina, IIIIIIvir"}]}},{"type":"Feature","geometry":{"type":"Point","coordinates":[7.46,44.57]},"properties":{"edcs_id":"EDCS-05400892","findspot":"Piasco","raw_text":"Numini Victoriae / Imp(eratoris) Caes(aris) M(arci) Aure[li] / Antonini Aug(usti) / Invicti principis / Eulalius libertus / p(rae)p(ositus) sta[t(ionis)] huius / p(rovinciae?) et u(rbis?) sacr(ae?)","date_from":211,"date_to":217,"marker_gender":"male","is_individual":false,"edcs_url":"https://edcs.hist.uzh.ch/en/document?edcs-id=EDCS-05400892","persons":[{"nomen":"Aurelius","gender":"male","raw_name":"M. Aureli Antonini Aug.","praenomen":"Marcus","cognomen":"Antoninus","status":"Imperator, Caesar, Augustus, Invictus, princeps","is_imperial":true},{"nomen":"","gender":"male","raw_name":"Eulalius","cognomen":"Eulalius","status":"libertus, praepositus stationis"}]}},{"type":"Feature","geometry":{"type":"Point","coordinates":[7.46,44.57]},"properties":{"edcs_id":"EDCS-05400893","findspot":"Piasco","raw_text":"Victoriae sacrum / v(overunt) m(erito) Velti Setrixus / Avitus Pa[t]ernus / et cum suis v(otum) solverunt m(erito?)","date_from":null,"date_to":null,"marker_gender":"male","is_individual":false,"edcs_url":"https://edcs.hist.uzh.ch/en/document?edcs-id=EDCS-05400893","persons":[{"nomen":"","gender":"male","raw_name":"Velti","cognomen":"Veltus"},{"nomen":"","gender":"male","raw_name":"Setrixus","cognomen":"Setrixus"},{"nomen":"","gender":"male","raw_name":"Avitus","cognomen":"Avitus"},{"nomen":"","gender":"male","raw_name":"Pa[t]ernus","cognomen":"Paternus"}]}},{"type":"Feature","geometry":{"type":"Point","coordinates":[7.73,44.55]},"properties":{"edcs_id":"EDCS-05400895","findspot":"Fossano","raw_text":"T(itus) Fadius / T(iti) l(ibertus) / Pollentinus / mag(ister) Aug(ustalis) / t(estamento) f(ieri) i(ussit)","date_from":101,"date_to":200,"marker_gender":"male","is_individual":true,"edcs_url":"https://edcs.hist.uzh.ch/en/document?edcs-id=EDCS-05400895","persons":[{"nomen":"Fadius","gender":"male","raw_name":"T. Fadius T. l. Pollentinus mag. Aug.","praenomen":"Titus","cognomen":"Pollentinus","status":"libertus Titi, magister Augustalis"}]}},{"type":"Feature","geometry":{"type":"Point","coordinates":[7.73,44.55]},"properties":{"edcs_id":"EDCS-05400896","findspot":"Fossano","raw_text":"V(ivus) f(ecit) / Q(uintus) Minicius / Faber / ab asse qu(a)esitum / VIvir Aug(ustalis) / re<q=C>uie et memoriae / diuturnae / Lolliae Severae / ux{s}ori Festae f(iliae) / M(arco) filio Salvillo f(ilio) / Messori f(ilio) / Flaviae Priscae ux{s}ori / P(ublius) Minicius Marmuris / <c=Q>uram {h}egit / [i]n fr(onte) p(edes) L in ag(ro) p(edes) L","date_from":1,"date_to":100,"marker_gender":"mixed","is_individual":true,"edcs_url":"https://edcs.hist.uzh.ch/en/document?edcs-id=EDCS-05400896","persons":[{"nomen":"Minicius","gender":"male","raw_name":"Q. Minicius Faber","praenomen":"Quintus","cognomen":"Faber","status":"VIvir Augustalis"},{"nomen":"Lollia","gender":"female","raw_name":"Lolliae Severae uxori Festae f.","cognomen":"Severa","status":"uxor, filia Festae"},{"nomen":"Minicius","gender":"male","raw_name":"M. filio Salvillo","praenomen":"Marcus","cognomen":"Salvillus","status":"filius"},{"nomen":"Minicius","gender":"male","raw_name":"Messori f.","cognomen":"Messor","status":"filius"},{"nomen":"Flavia","gender":"female","raw_name":"Flaviae Priscae uxori","cognomen":"Prisca","status":"uxor"},{"nomen":"Minicius","gender":"male","raw_name":"P. Minicius Marmuris","praenomen":"Publius","cognomen":"Marmuris"}]}},{"type":"Feature","geometry":{"type":"Point","coordinates":[7.73,44.55]},"properties":{"edcs_id":"EDCS-05400897","findspot":"Fossano","raw_text":"Cn(aeus) Egnatius C(ai) f(ilius) Fab(ia) Iacula / Considiena L(uci) f(ilia) ux{s}or / Cn(aeus) Egnatius Cn(aei) Fab(ia) Iacula f(ilius)","date_from":null,"date_to":null,"marker_gender":"mixed","is_individual":true,"edcs_url":"https://edcs.hist.uzh.ch/en/document?edcs-id=EDCS-05400897","persons":[{"nomen":"Egnatius","gender":"male","raw_name":"Cn. Egnatius C. f. Fab. Iacula","praenomen":"Gnaeus","cognomen":"Iacula","status":"tribus: Fabia","cluster_id":439,"cluster_size":2},{"nomen":"Considiena","gender":"female","raw_name":"Considiena L. f. uxor","status":"filia Luci, uxor"},{"nomen":"Egnatius","gender":"male","raw_name":"Cn. Egnatius Cn. Fab. Iacula f.","praenomen":"Gnaeus","cognomen":"Iacula","status":"tribus: Fabia, filius","cluster_id":439,"cluster_size":2}]}},{"type":"Feature","geometry":{"type":"Point","coordinates":[7.73,44.55]},"properties":{"edcs_id":"EDCS-05400898","findspot":"Fossano","raw_text":"Q(uintus) Flav(ius) / M(arci) f(ilius) / posuit","date_from":null,"date_to":null,"marker_gender":"male","is_individual":true,"edcs_url":"https://edcs.hist.uzh.ch/en/document?edcs-id=EDCS-05400898","persons":[{"nomen":"Flavius","gender":"male","raw_name":"Q. Flavius M. f.","praenomen":"Quintus"}]}},{"type":"Feature","geometry":{"type":"Point","coordinates":[7.73,44.55]},"properties":{"edcs_id":"EDCS-05400899","findspot":"Fossano","raw_text":"Flavia Mogetii fil(ia)","date_from":null,"date_to":null,"marker_gender":"female","is_individual":true,"edcs_url":"https://edcs.hist.uzh.ch/en/document?edcs-id=EDCS-05400899","persons":[{"nomen":"Flavia","gender":"female","raw_name":"Flavia Mogetii fil.","status":"filia Mogetii"}]}},{"type":"Feature","geometry":{"type":"Point","coordinates":[7.73,44.55]},"properties":{"edcs_id":"EDCS-05400900","findspot":"Fossano","raw_text":"D(is) M(anibus) / v(ivus) f(ecit) / L(ucius) Nevianius / Quir(ina) Saturnal(is) / Veri fil(ius) ter / ho(nore) functus","date_from":null,"date_to":null,"marker_gender":"male","is_individual":true,"edcs_url":"https://edcs.hist.uzh.ch/en/document?edcs-id=EDCS-05400900","persons":[{"nomen":"Nevianius","gender":"male","raw_name":"L. Nevianius Quir. Saturnalis Veri fil. ho. functus","praenomen":"Lucius","cognomen":"Saturnalis","status":"tribus: Quirina, filius Veri, honore functus"}]}},{"type":"Feature","geometry":{"type":"Point","coordinates":[7.73,44.55]},"properties":{"edcs_id":"EDCS-05400901","findspot":"Fossano","raw_text":"] M(arci) f(ilius) Terensiu[s] C[3]","date_from":null,"date_to":null,"marker_gender":"male","is_individual":true,"edcs_url":"https://edcs.hist.uzh.ch/en/document?edcs-id=EDCS-05400901","persons":[{"nomen":"Terentius","gender":"male","raw_name":"M. f. Terensiu[s] C[3]","status":"filius Marci"}]}},{"type":"Feature","geometry":{"type":"Point","coordinates":[7.73,44.55]},"properties":{"edcs_id":"EDCS-05400902","findspot":"Fossano","raw_text":"Lac(a)enus Bianius VI ORVIT(?) / F VIICO F VI / Lov CINPVOQVS decest F Mavius / decese vicus deceset / CILISA soror VI","date_from":null,"date_to":null,"marker_gender":"male","is_individual":true,"edcs_url":"https://edcs.hist.uzh.ch/en/document?edcs-id=EDCS-05400902","persons":[{"nomen":"","gender":"male","raw_name":"Lac(a)enus","cognomen":"Lacaenus"},{"nomen":"","gender":"male","raw_name":"Bianius","cognomen":"Bianius"},{"nomen":"Mavius","gender":"male","raw_name":"Mavius"}]}},{"type":"Feature","geometry":{"type":"Point","coordinates":[7.73,44.55]},"properties":{"edcs_id":"EDCS-05400903","findspot":"Fossano","raw_text":"Cenig Osu / FMAPI/ Nasio","date_from":null,"date_to":null,"marker_gender":"male","is_individual":true,"edcs_url":"https://edcs.hist.uzh.ch/en/document?edcs-id=EDCS-05400903","persons":[{"nomen":"","gender":"male","raw_name":"Cenig","cognomen":"Cenig"},{"nomen":"","gender":"male","raw_name":"Nasio","cognomen":"Nasius"}]}},{"type":"Feature","geometry":{"type":"Point","coordinates":[7.59,44.5]},"properties":{"edcs_id":"EDCS-05400904","findspot":"Centallo / Pollentia","raw_text":"V(iva) fec(it) / Salvia L(uci) f(ilia) Verina / sibi et / Sex(to) Catuesio Sex(ti) f(ilio) Pol(lia) / Vero q(uaestori) IIvir(o) / marito fidelissimo","date_from":71,"date_to":130,"marker_gender":"mixed","is_individual":false,"edcs_url":"https://edcs.hist.uzh.ch/en/document?edcs-id=EDCS-05400904","persons":[{"nomen":"Salvia","gender":"female","raw_name":"Salvia L. f. Verina","cognomen":"Verina","status":"filia Lucii"},{"nomen":"Catuesius","gender":"male","raw_name":"Sex. Catuesio Sex. f. Pol. Vero","praenomen":"Sextus","cognomen":"Verus","status":"tribus: Pollia, quaestor, IIvir, maritus fidelissimus"}]}},{"type":"Feature","geometry":{"type":"Point","coordinates":[7.59,44.5]},"properties":{"edcs_id":"EDCS-05400905","findspot":"Centallo / Pollentia","raw_text":"Mocus / Caranius / Nevi f(ilius) / Pol(lia)","date_from":1,"date_to":50,"marker_gender":"male","is_individual":false,"edcs_url":"https://edcs.hist.uzh.ch/en/document?edcs-id=EDCS-05400905","persons":[{"nomen":"Caranius","gender":"male","raw_name":"Mocus Caranius Nevi f. Pol.","cognomen":"Mocus","status":"tribus: Pollia"}]}},{"type":"Feature","geometry":{"type":"Point","coordinates":[7.59,44.5]},"properties":{"edcs_id":"EDCS-05400906","findspot":"Centallo / Pollentia","raw_text":"M(arcus) / Cassius M(arci) / f(ilius) Marcel(l)us","date_from":1,"date_to":50,"marker_gender":"male","is_individual":false,"edcs_url":"https://edcs.hist.uzh.ch/en/document?edcs-id=EDCS-05400906","persons":[{"nomen":"Cassius","gender":"male","raw_name":"M. Cassius M. f. Marcel.","praenomen":"Marcus","cognomen":"Marcellus"}]}},{"type":"Feature","geometry":{"type":"Point","coordinates":[7.59,44.5]},"properties":{"edcs_id":"EDCS-05400907","findspot":"Centallo / Pollentia","raw_text":"Se(xtus) Livius M(arci) f(ilius) Solo / Seia uxor","date_from":null,"date_to":null,"marker_gender":"mixed","is_individual":false,"edcs_url":"https://edcs.hist.uzh.ch/en/document?edcs-id=EDCS-05400907","persons":[{"nomen":"Livius","gender":"male","raw_name":"Se. Livius M. f. Solo","praenomen":"Sextus","cognomen":"Solo"},{"nomen":"Seia","gender":"female","raw_name":"Seia uxor","status":"uxor"}]}},{"type":"Feature","geometry":{"type":"Point","coordinates":[7.59,44.5]},"properties":{"edcs_id":"EDCS-05400908","findspot":"Centallo / Pollentia","raw_text":"C(aius) Magilius C(ai) f(ilius) P[ol(lia)] / Tertius ex testam[ento]","date_from":null,"date_to":null,"marker_gender":"male","is_individual":false,"edcs_url":"https://edcs.hist.uzh.ch/en/document?edcs-id=EDCS-05400908","persons":[{"nomen":"Magilius","gender":"male","raw_name":"C. Magilius C. f. P[ol.] Tertius","praenomen":"Gaius","cognomen":"Tertius","status":"tribus: Pollia"}]}},{"type":"Feature","geometry":{"type":"Point","coordinates":[7.59,44.5]},"properties":{"edcs_id":"EDCS-05400909","findspot":"Centallo / Pollentia","raw_text":"P(ublius) Mallius T(iti) f(ilius) Pol(lia) / Veran(u)s / fecit pie P(ubli) l(ibertus) / Modestus","date_from":1,"date_to":50,"marker_gender":"male","is_individual":false,"edcs_url":"https://edcs.hist.uzh.ch/en/document?edcs-id=EDCS-05400909","persons":[{"nomen":"Mallius","gender":"male","raw_name":"P. Mallius T. f. Pol. Veran.","praenomen":"Publius","cognomen":"Veranus","status":"tribus: Pollia"},{"nomen":"","gender":"male","raw_name":"Modestus","cognomen":"Modestus","status":"libertus"}]}},{"type":"Feature","geometry":{"type":"Point","coordinates":[7.59,44.5]},"properties":{"edcs_id":"EDCS-05400910","findspot":"Centallo / Pollentia","raw_text":"Tertius / Meus / Maximi f(ilius)","date_from":1,"date_to":50,"marker_gender":"male","is_individual":false,"edcs_url":"https://edcs.hist.uzh.ch/en/document?edcs-id=EDCS-05400910","persons":[{"nomen":"","gender":"male","raw_name":"Tertius","cognomen":"Tertius"},{"nomen":"","gender":"male","raw_name":"Meus Maximi f.","cognomen":"Meus","status":"filius Maximi"}]}},{"type":"Feature","geometry":{"type":"Point","coordinates":[7.59,44.5]},"properties":{"edcs_id":"EDCS-05400911","findspot":"Centallo / Pollentia","raw_text":"M(arco) Amma[e] / P(ubli) f(ilio) Pol(lia) patr[i] / Croprella[e] / Primae mat[ri]","date_from":1,"date_to":100,"marker_gender":"mixed","is_individual":false,"edcs_url":"https://edcs.hist.uzh.ch/en/document?edcs-id=EDCS-05400911","persons":[{"nomen":"Ammaeus","gender":"male","raw_name":"M. Amma[e] P. f. Pol. patr[i]","praenomen":"Marcus","status":"tribus: Pollia, pater"},{"nomen":"Croprella","gender":"female","raw_name":"Croprella[e] Primae mat[ri]","cognomen":"Prima","status":"mater"}]}},{"type":"Feature","geometry":{"type":"Point","coordinates":[7.59,44.5]},"properties":{"edcs_id":"EDCS-05400913","findspot":"Centallo / Pollentia","raw_text":"Gemimus / Vesuavius / dirc() D()","date_from":1,"date_to":50,"marker_gender":"male","is_individual":false,"edcs_url":"https://edcs.hist.uzh.ch/en/document?edcs-id=EDCS-05400913","persons":[{"nomen":"","gender":"male","raw_name":"Gemimus","cognomen":"Gemimus"},{"nomen":"Vesavius","gender":"male","raw_name":"Vesuavius"}]}},{"type":"Feature","geometry":{"type":"Point","coordinates":[7.59,44.5]},"properties":{"edcs_id":"EDCS-05400914","findspot":"Centallo / Pollentia","raw_text":"L(ucius) [3] / Auma [3] / Po[3] / filii S[","date_from":null,"date_to":null,"marker_gender":"unknown","is_individual":false,"edcs_url":"https://edcs.hist.uzh.ch/en/document?edcs-id=EDCS-05400914","persons":[{"nomen":"","gender":"unknown","raw_name":"L. [3]","praenomen":"Lucius"},{"nomen":"","gender":"unknown","raw_name":"Auma [3]","cognomen":"Auma"}]}},{"type":"Feature","geometry":{"type":"Point","coordinates":[7.83,44.54]},"properties":{"edcs_id":"EDCS-05400915","findspot":"Bene Vagienna / Augusta Bagiennorum","raw_text":"V(ivus) f(ecit) / Q(uintus) Vir(ius) / Valens / Q(uinto) Vi/rio Supero / fil(i)o pientissi/mo / et sibi et / Didiae Proc(ulae) / ux{s}(ori) bene mer(enti) / quod debuit / filius / patri pon(ere) / filio posuit pat(er)","date_from":71,"date_to":130,"marker_gender":"mixed","is_individual":false,"edcs_url":"https://edcs.hist.uzh.ch/en/document?edcs-id=EDCS-05400915","persons":[{"nomen":"Virius","gender":"male","raw_name":"Q. Virius Valens","praenomen":"Quintus","cognomen":"Valens"},{"nomen":"Virius","gender":"male","raw_name":"Q. Virio Supero fil. pientissimo","praenomen":"Quintus","cognomen":"Superus","status":"pientissimus, filius"},{"nomen":"Didia","gender":"female","raw_name":"Didiae Proc. ux. bene mer.","cognomen":"Procula","status":"uxor, bene merenti"}]}},{"type":"Feature","geometry":{"type":"Point","coordinates":[7.83,44.54]},"properties":{"edcs_id":"EDCS-05400916","findspot":"Bene Vagienna / Augusta Bagiennorum","raw_text":"Maria C(ai) f(ilia) Quarta / testamento fieri iussit sibi et / C(aio) Albio C(ai) f(ilio) C[a]m(ilia) Severo / f(ilio) militi leg(ionis) Italicae et / P(ublio) Albio C(ai) f(ilio) Secundo / P(ublius) Albius Secundus f(ilius) idem / heres faciundum curavit","date_from":null,"date_to":null,"marker_gender":"mixed","is_individual":false,"edcs_url":"https://edcs.hist.uzh.ch/en/document?edcs-id=EDCS-05400916","persons":[{"nomen":"Albius","gender":"male","raw_name":"C. Albio C. f. Cam. Severo fil. militi leg. Italicae","praenomen":"Gaius","cognomen":"Severus","status":"tribus: Camilia, filius, miles legionis Italicae"},{"nomen":"Albius","gender":"male","raw_name":"P. Albio C. f. Secundo","praenomen":"Publius","cognomen":"Secundus","status":"filius","cluster_id":297,"cluster_size":2},{"nomen":"Albius","gender":"male","raw_name":"P. Albius Secundus filius idem heres","praenomen":"Publius","cognomen":"Secundus","status":"filius, heres","cluster_id":297,"cluster_size":2},{"nomen":"Maria","gender":"female","raw_name":"Maria C. f. Quarta","cognomen":"Quarta","status":"filia"}]}},{"type":"Feature","geometry":{"type":"Point","coordinates":[7.85,44.56]},"properties":{"edcs_id":"EDCS-05400918","findspot":"Bene Vagienna / Augusta Bagiennorum","raw_text":"C(aius) Annius C(ai) f(ilius) / Cam(ilia) Celer / Aug(usta?) t(estamento) f(ieri) i(ussit) sibi et / Villiae L(uci) f(iliae) Priscae / [m]atri / [","date_from":1,"date_to":100,"marker_gender":"mixed","is_individual":true,"edcs_url":"https://edcs.hist.uzh.ch/en/document?edcs-id=EDCS-05400918","persons":[{"nomen":"Annius","gender":"male","raw_name":"C. Annius C. f. Cam. Celer","praenomen":"Gaius","cognomen":"Celer","status":"tribus: Camilia"},{"nomen":"Villia","gender":"female","raw_name":"Villiae L. f. Priscae","cognomen":"Prisca","status":"filia Lucii, mater"}]}},{"type":"Feature","geometry":{"type":"Point","coordinates":[7.83,44.54]},"properties":{"edcs_id":"EDCS-05400919","findspot":"Bene Vagienna / Augusta Bagiennorum","raw_text":"Q(uintus) Varius marmorar(ius) / v(ivus) f(ecit) / P(ublius) Castricius Q(uinti) f(ilius) Secundus / pontifex Aug(ustae) Bag(iennorum) VIvir Aug(ustalis) Pollent(iae) / sibi et / Vicciae P(ubli) f(iliae) Pollae / matri / Q(uinto) Castricio M(arci) f(ilio) Cam(ilia) patri / Q(uinto) Castricio Q(uinti) f(ilio) Maximo fratri / Castriciae Primigeniae lib(ertae) / cura M(arci) Cassi Severi Aug(ustalis) Pr[3] / in fronte p(edes) XXXVI in agro p(edes) XXXXVI / h(oc) m(onumentum) h(eredem) n(on) s(equetur)","date_from":null,"date_to":null,"marker_gender":"mixed","is_individual":false,"edcs_url":"https://edcs.hist.uzh.ch/en/document?edcs-id=EDCS-05400919","persons":[{"nomen":"","gender":"male","raw_name":"Q. Varius marmorar.","cognomen":"Varius Marmorarius"},{"nomen":"Castricius","gender":"male","raw_name":"P. Castricius Q. f. Secundus pontifex Aug. Bag. VIvir Aug. Pollent.","praenomen":"Publius","cognomen":"Secundus","status":"pontifex Augustae Bagiennorum, VIvir Augustalis Pollentiae"},{"nomen":"Viccia","gender":"female","raw_name":"Vicciae P. f. Pollae","cognomen":"Polla","status":"filia Publi, mater"},{"nomen":"Castricius","gender":"male","raw_name":"Q. Virio Supero","praenomen":"Quintus","cognomen":"Super","status":"pater"},{"nomen":"Castricius","gender":"male","raw_name":"Q. Castricio Q. f. Cam. Maximo","praenomen":"Quintus","cognomen":"Maximus","status":"tribus: Camilia, frater"},{"nomen":"Castricia","gender":"female","raw_name":"Castriciae Primigeniae","cognomen":"Primigenia","status":"liberta"},{"nomen":"Cassius","gender":"male","raw_name":"M. Cassi Severi Aug.","praenomen":"Marcus","cognomen":"Severus","status":"Augustalis"}]}},{"type":"Feature","geometry":{"type":"Point","coordinates":[7.83,44.54]},"properties":{"edcs_id":"EDCS-05400920","findspot":"Bene Vagienna / Augusta Bagiennorum","raw_text":"]etio T(iti) f(ilio) Pu[3] / [3]I N[","date_from":null,"date_to":null,"marker_gender":"male","is_individual":false,"edcs_url":"https://edcs.hist.uzh.ch/en/document?edcs-id=EDCS-05400920","persons":[{"nomen":"","gender":"male","raw_name":"etio T. f. Pu[3]","praenomen":"Titus","cognomen":"Retius"}]}},{"type":"Feature","geometry":{"type":"Point","coordinates":[7.83,44.54]},"properties":{"edcs_id":"EDCS-05400921","findspot":"Bene Vagienna / Augusta Bagiennorum","raw_text":"Herc[uli] / L(ucius) Veiani[us] / Primigeniu[s] / v(otum) s(olvit) l(ibens) l(aetus) m(erito)","date_from":51,"date_to":100,"marker_gender":"male","is_individual":false,"edcs_url":"https://edcs.hist.uzh.ch/en/document?edcs-id=EDCS-05400921","persons":[{"nomen":"Veianius","gender":"male","raw_name":"L. Veiani[us] Primigeniu[s]","praenomen":"Lucius","cognomen":"Primigenius","status":"votum solvit libens laetus merito"}]}},{"type":"Feature","geometry":{"type":"Point","coordinates":[7.83,44.54]},"properties":{"edcs_id":"EDCS-05400922","findspot":"Bene Vagienna / Augusta Bagiennorum","raw_text":"Q(uintus) Ennius / M(arci) f(ilius) Cam(ilia) / Moccasus / t(estamento) f(ieri) i(ussit) h(eredes) p(osuerunt) / Moccasi / Super et Feroxs(!)","date_from":1,"date_to":30,"marker_gender":"male","is_individual":false,"edcs_url":"https://edcs.hist.uzh.ch/en/document?edcs-id=EDCS-05400922","persons":[{"nomen":"Ennius","gender":"male","raw_name":"Q. Ennius M. f. Cam. Moccasus","praenomen":"Quintus","cognomen":"Moccasus","status":"tribus: Camilia"},{"nomen":"","gender":"male","raw_name":"Moccasi","cognomen":"Mocasus"},{"nomen":"","gender":"male","raw_name":"Super","cognomen":"Super"},{"nomen":"","gender":"male","raw_name":"Feroxs(!)","cognomen":"Ferox"}]}},{"type":"Feature","geometry":{"type":"Point","coordinates":[7.83,44.54]},"properties":{"edcs_id":"EDCS-05400923","findspot":"Bene Vagienna / Augusta Bagiennorum","raw_text":"Catinia / Cepria v(ixit) / ann(os) XVII / t(estamento) f(aciendum) c(uravit)","date_from":null,"date_to":null,"marker_gender":"female","is_individual":false,"edcs_url":"https://edcs.hist.uzh.ch/en/document?edcs-id=EDCS-05400923","persons":[{"nomen":"Catinia","gender":"female","raw_name":"Catinia Cepria","cognomen":"Cepria"}]}},{"type":"Feature","geometry":{"type":"Point","coordinates":[7.83,44.54]},"properties":{"edcs_id":"EDCS-05400924","findspot":"Bene Vagienna / Augusta Bagiennorum","raw_text":"Cassia Cyme / cum suis / v(otum) s(olvit) l(ibens) l(aetus) m(erito)","date_from":101,"date_to":150,"marker_gender":"female","is_individual":false,"edcs_url":"https://edcs.hist.uzh.ch/en/document?edcs-id=EDCS-05400924","persons":[{"nomen":"Cassia","gender":"female","raw_name":"Cassia Cyme cum suis","cognomen":"Cyme","status":"cum suis, votum solvit libens laetus merito"}]}},{"type":"Feature","geometry":{"type":"Point","coordinates":[7.83,44.54]},"properties":{"edcs_id":"EDCS-05400925","findspot":"Bene Vagienna / Augusta Bagiennorum","raw_text":"V(ivus) f(ecit) / M(arcus) Cassius T(iti) f(ilius) Cam(ilia) Tenax / T(ito) Cassio Maxsimo(!) patri / Muciae P(ubli) f(iliae) Pollae matri / Cassiae Phyrallidi ux{s}ori / et M(arco) Didio M(arci) l(iberto) Phoebioni Aug(ustali) / amico optimo et Ulattiae Albanillae uxori","date_from":1,"date_to":100,"marker_gender":"mixed","is_individual":false,"edcs_url":"https://edcs.hist.uzh.ch/en/document?edcs-id=EDCS-05400925","persons":[{"nomen":"Cassius","gender":"male","raw_name":"M. Cassius T. f. Cam. Tenax","praenomen":"Marcus","cognomen":"Tenax","status":"tribus: Camilia"},{"nomen":"Cassius","gender":"male","raw_name":"T. Cassio Maxsimo(!) patri","praenomen":"Titus","cognomen":"Maximus","status":"patri"},{"nomen":"Mucia","gender":"female","raw_name":"Muciae P. f. Pollae","cognomen":"Polla","status":"filia Publi, matri"},{"nomen":"Cassia","gender":"female","raw_name":"Cassiae Phyrallidi","cognomen":"Phyrallis","status":"uxor"},{"nomen":"Didia","gender":"male","raw_name":"M. Didio M. l. Phoebioni Aug.","cognomen":"Phoebion","status":"libertus Marci, amicus optimus, Augustalis"},{"nomen":"Ulattia","gender":"female","raw_name":"Ulattiae Albanillae","cognomen":"Albanilla","status":"uxor"}]}},{"type":"Feature","geometry":{"type":"Point","coordinates":[7.83,44.54]},"properties":{"edcs_id":"EDCS-05400926","findspot":"Bene Vagienna / Augusta Bagiennorum","raw_text":"D(is) M(anibus) / Cassiae / C(ai) f(iliae) Severae / bene merenti / liberalis(simae) / P(ubli) Cati Sabini / et Speceiae / Secundillae / matri eius / et C(aio) Cassio / Hermadioni / lib(erto) eius / VIvir(o)","date_from":101,"date_to":200,"marker_gender":"mixed","is_individual":false,"edcs_url":"https://edcs.hist.uzh.ch/en/document?edcs-id=EDCS-05400926","persons":[{"nomen":"Cassia","gender":"female","raw_name":"Cassiae C. f. Severae bene merenti liberalissimae","cognomen":"Severa","status":"filia Cai, bene merenti, liberalissima"},{"nomen":"Catius","gender":"male","raw_name":"P. Cati Sabini","praenomen":"Publius","cognomen":"Sabinus"},{"nomen":"Speceia","gender":"female","raw_name":"Speceiae Secundillae","cognomen":"Secundilla","status":"matri"},{"nomen":"Cassius","gender":"male","raw_name":"C. Cassio Hermadioni lib. eius VIvir","praenomen":"Gaius","cognomen":"Hermadion","status":"libertus eius, VIvir"}]}},{"type":"Feature","geometry":{"type":"Point","coordinates":[7.83,44.54]},"properties":{"edcs_id":"EDCS-05400927","findspot":"Bene Vagienna / Augusta Bagiennorum","raw_text":"Sex(tus) Petronius M(arci) f(ilius) / S[u]ccessor IIIIIIvir / Aug(ustalis) t(estamento) f(ieri) i(ussit) sibi et / v(ivae) Socciae M(arci) f(iliae) Modestae uxori / M(arco) Petronio M(arci) f(ilio) Marcello patr(i) / M(arco) Petronio M(arci) f(ilio) primo fratri / Graniae Primae matr(i) / Petroniae M(arci) f(iliae) Exoratae sorori / Petroniae M(arci) f(iliae) Vitali sorori / L(ucius) Caleius T(iti) f(ilius) Modestus / f(aciendum) c(uravit)","date_from":1,"date_to":100,"marker_gender":"mixed","is_individual":false,"edcs_url":"https://edcs.hist.uzh.ch/en/document?edcs-id=EDCS-05400927","persons":[{"nomen":"Petronius","gender":"male","raw_name":"Sex. Petronius M. f. S[u]ccessor IIIIIIvir Aug.","praenomen":"Sextus","cognomen":"Successor","status":"IIIIIIvir, Augustalis"},{"nomen":"Soccia","gender":"female","raw_name":"vivae Socciae M. f. Modestae uxori","cognomen":"Modesta","status":"filia Marci, uxor, vivae"},{"nomen":"Petronius","gender":"male","raw_name":"M. Petronio M. f. Marcello patr.","praenomen":"Marcus","cognomen":"Marcellus","status":"patri"},{"nomen":"Petronius","gender":"male","raw_name":"M. Petronio M. f. primo","praenomen":"Marcus","status":"frater"},{"nomen":"Grania","gender":"female","raw_name":"Graniae Primae","cognomen":"Prima","status":"matr"},{"nomen":"Petronia","gender":"female","raw_name":"Petroniae M. f. Exoratae","cognomen":"Exorata","status":"sorori"},{"nomen":"Petronia","gender":"female","raw_name":"Petroniae M. f. Vitali","cognomen":"Vitalis","status":"sorori"},{"nomen":"Caleius","gender":"male","raw_name":"L. Caleius T. f. Modestus","praenomen":"Lucius","cognomen":"Modestus","status":"faciendum curavit"}]}},{"type":"Feature","geometry":{"type":"Point","coordinates":[7.83,44.54]},"properties":{"edcs_id":"EDCS-05400928","findspot":"Bene Vagienna / Augusta Bagiennorum","raw_text":"C(aius) Magius P(ubli) f(ilius) / Gaiellus Cam(ilia) / nauta","date_from":1,"date_to":100,"marker_gender":"male","is_individual":false,"edcs_url":"https://edcs.hist.uzh.ch/en/document?edcs-id=EDCS-05400928","persons":[{"nomen":"Magius","gender":"male","raw_name":"C. Magius P. f. Gaiellus Cam. nauta","praenomen":"Gaius","cognomen":"Gaiellus","status":"tribus: Camilia, nauta"}]}},{"type":"Feature","geometry":{"type":"Point","coordinates":[7.83,44.54]},"properties":{"edcs_id":"EDCS-05400929","findspot":"Bene Vagienna / Augusta Bagiennorum","raw_text":"D(is) M(anibus) / Acutiae Q(uinti) f(iliae) Sabinae / feminae sanctiss[i]mae / Q(uintus) Vequasius Fortunatus / v(ivus) f(ecit) d(e) p(ecunia) s(ua)","date_from":101,"date_to":150,"marker_gender":"mixed","is_individual":false,"edcs_url":"https://edcs.hist.uzh.ch/en/document?edcs-id=EDCS-05400929","persons":[{"nomen":"Acutia","gender":"female","raw_name":"Acutiae Q. f. Sabinae","cognomen":"Sabina","status":"femina sanctissima"},{"nomen":"Vequasius","gender":"male","raw_name":"Q. Vequasius Fortunatus v. f. d. p. s.","praenomen":"Quintus","cognomen":"Fortunatus","status":"vivus fecit de pecunia sua"}]}},{"type":"Feature","geometry":{"type":"Point","coordinates":[7.83,44.54]},"properties":{"edcs_id":"EDCS-05400930","findspot":"Bene Vagienna / Augusta Bagiennorum","raw_text":"T(itus) Valerius T(iti) f(ilius) / Cam(ilia) Clemens / sibi et / T(ito) Valerio T(iti) f(ilio) / Sullae patri / Veratiae C(ai) f(iliae) / Maxumae(!) matri / T(ito) Valerio T(iti) f(ilio) / Maroni f(ilio) / T(ito) Valerio T(iti) f(ilio) / Magno f(ilio) / Anniae P(ubli) f(iliae) / [S]uperae uxori / [3]ae T(iti) f(iliae) [","date_from":151,"date_to":200,"marker_gender":"mixed","is_individual":false,"edcs_url":"https://edcs.hist.uzh.ch/en/document?edcs-id=EDCS-05400930","persons":[{"nomen":"Valerius","gender":"male","raw_name":"T. Valerius T. f. Cam. Clemens","praenomen":"Titus","cognomen":"Clemens","status":"tribus: Camilia"},{"nomen":"Valerius","gender":"male","raw_name":"T. Valerio T. f. Sullae","praenomen":"Titus","cognomen":"Sulla","status":"patri"},{"nomen":"Veratia","gender":"female","raw_name":"Veratiae C. f. Maxumae","cognomen":"Maxuma","status":"matri"},{"nomen":"Valerius","gender":"male","raw_name":"T. Valerio T. f. Maroni","praenomen":"Titus","cognomen":"Maro","status":"filio"},{"nomen":"Valerius","gender":"male","raw_name":"T. Valerio T. f. Magno","praenomen":"Titus","cognomen":"Magnus","status":"filio"},{"nomen":"Anniana","gender":"female","raw_name":"[S]uperae","cognomen":"Supera","status":"uxori"}]}},{"type":"Feature","geometry":{"type":"Point","coordinates":[7.83,44.54]},"properties":{"edcs_id":"EDCS-05400931","findspot":"Bene Vagienna / Augusta Bagiennorum","raw_text":"V(ivus) p(osuit) / Q(uintus) Veiquasius / Q(uinti) l(ibertus) Optatus / sacrorum cultor","date_from":null,"date_to":null,"marker_gender":"male","is_individual":false,"edcs_url":"https://edcs.hist.uzh.ch/en/document?edcs-id=EDCS-05400931","persons":[{"nomen":"Vequasius","gender":"male","raw_name":"Q. Veiquasius Q. l. Optatus sacrorum cultor","praenomen":"Quintus","cognomen":"Optatus","status":"vivus posuit, cultor sacrorum, libertus Quinti"}]}},{"type":"Feature","geometry":{"type":"Point","coordinates":[7.83,44.54]},"properties":{"edcs_id":"EDCS-05400932","findspot":"Bene Vagienna / Augusta Bagiennorum","raw_text":"[D(is)] M(anibus) / Q(uintus) Vettius / Q(uinti) f(ilius) Pansa / III[IIIvir","date_from":1,"date_to":50,"marker_gender":"male","is_individual":false,"edcs_url":"https://edcs.hist.uzh.ch/en/document?edcs-id=EDCS-05400932","persons":[{"nomen":"Vettius","gender":"male","raw_name":"Q. Vettius Q. f. Pansa III[IIvir","praenomen":"Quintus","cognomen":"Pansa","status":"III[IIvir"}]}},{"type":"Feature","geometry":{"type":"Point","coordinates":[7.83,44.54]},"properties":{"edcs_id":"EDCS-05400935","findspot":"Bene Vagienna / Augusta Bagiennorum","raw_text":"V(ivus) f(ecit) // M(arcus) Blaesius Quintus sibi et / Magiae Severae coniugi f(ecit)","date_from":101,"date_to":130,"marker_gender":"mixed","is_individual":false,"edcs_url":"https://edcs.hist.uzh.ch/en/document?edcs-id=EDCS-05400935","persons":[{"nomen":"Blaesius","gender":"male","raw_name":"M. Blaesius Quintus","praenomen":"Marcus","cognomen":"Quintus","status":"vivus fecit"},{"nomen":"Magia","gender":"female","raw_name":"Magiae Severae","cognomen":"Severa","status":"coniugi"}]}},{"type":"Feature","geometry":{"type":"Point","coordinates":[7.83,44.54]},"properties":{"edcs_id":"EDCS-05400936","findspot":"Bene Vagienna / Augusta Bagiennorum","raw_text":"]aianius P(ubli) l(ibertus) / Ommius / [3]aianius T(iti) l(ibertus) / Rebellius","date_from":null,"date_to":null,"marker_gender":"male","is_individual":false,"edcs_url":"https://edcs.hist.uzh.ch/en/document?edcs-id=EDCS-05400936","persons":[{"nomen":"","gender":"male","raw_name":"aianius P. l. Ommius","cognomen":"Ommius","status":"libertus Publi"},{"nomen":"","gender":"male","raw_name":"aianius T. l. Rebellius","cognomen":"Rebellius","status":"libertus Titi"}]}},{"type":"Feature","geometry":{"type":"Point","coordinates":[7.83,44.54]},"properties":{"edcs_id":"EDCS-05400938","findspot":"Bene Vagienna / Augusta Bagiennorum","raw_text":"[Larib]us(?) Augustis / [3]ius M(arci) f(ilius) Marcellus / [3]us C(ai) f(ilius) Causo","date_from":1,"date_to":50,"marker_gender":"male","is_individual":false,"edcs_url":"https://edcs.hist.uzh.ch/en/document?edcs-id=EDCS-05400938","persons":[{"nomen":"","gender":"male","raw_name":"[3]ius M. f. Marcellus","cognomen":"Marcellus","cluster_id":996,"cluster_size":2,"cluster_confidence":"low"},{"nomen":"","gender":"male","raw_name":"[3]us C. f. Causo","cognomen":"Causo"}]}},{"type":"Feature","geometry":{"type":"Point","coordinates":[7.83,44.54]},"properties":{"edcs_id":"EDCS-05400939","findspot":"Bene Vagienna / Augusta Bagiennorum","raw_text":"Matr(onis) / C(aius) Vennonius / Macer / v(otum) s(olvit) l(ibens) l(aetus) m(erito)","date_from":101,"date_to":150,"marker_gender":"male","is_individual":false,"edcs_url":"https://edcs.hist.uzh.ch/en/document?edcs-id=EDCS-05400939","persons":[{"nomen":"Vennonius","gender":"male","raw_name":"C. Vennonius Macer v. s. l. l. m.","praenomen":"Gaius","cognomen":"Macer","status":"votum solvit libens laetus merito"}]}},{"type":"Feature","geometry":{"type":"Point","coordinates":[7.83,44.54]},"properties":{"edcs_id":"EDCS-05400941","findspot":"Bene Vagienna / Augusta Bagiennorum","raw_text":"Coccia / L(uci) l(iberta) Erotis / sibi et / L(ucio) Coccio / L(uci) l(iberto) Statio / viro suo / con[","date_from":101,"date_to":200,"marker_gender":"mixed","is_individual":false,"edcs_url":"https://edcs.hist.uzh.ch/en/document?edcs-id=EDCS-05400941","persons":[{"nomen":"Coccia","gender":"female","raw_name":"Coccia L. l. Erotis","cognomen":"Erotis","status":"liberta Lucii"},{"nomen":"Coccius","gender":"male","raw_name":"L. Coccio L. l. Statio","praenomen":"Lucius","cognomen":"Statio","status":"libertus Lucii, viro suo"}]}},{"type":"Feature","geometry":{"type":"Point","coordinates":[7.83,44.54]},"properties":{"edcs_id":"EDCS-05400942","findspot":"Bene Vagienna / Augusta Bagiennorum","raw_text":"V(ivi) p(osuerunt) / L(ucius) Ennius / P(ubli) f(ilius) Cam(ilia) / Loucint(e)r / Mettia Q(uinti) f(ilia) / Velta uxor","date_from":1,"date_to":50,"marker_gender":"mixed","is_individual":false,"edcs_url":"https://edcs.hist.uzh.ch/en/document?edcs-id=EDCS-05400942","persons":[{"nomen":"Ennius","gender":"male","raw_name":"L. Ennius P. f. Cam. Loucint(e)r","praenomen":"Lucius","cognomen":"Louciniter","status":"vivus posuerunt, tribus: Camilia"},{"nomen":"Mettia","gender":"female","raw_name":"Mettia Q. f. Velta","cognomen":"Velta","status":"uxor"}]}},{"type":"Feature","geometry":{"type":"Point","coordinates":[7.83,44.54]},"properties":{"edcs_id":"EDCS-05400943","findspot":"Bene Vagienna / Augusta Bagiennorum","raw_text":"A]lbi(?) C(ai) f(ilii) / [Fi]rmi","date_from":1,"date_to":50,"marker_gender":"male","is_individual":false,"edcs_url":"https://edcs.hist.uzh.ch/en/document?edcs-id=EDCS-05400943","persons":[{"nomen":"","gender":"male","raw_name":"Albi(?) C. f. [Fi]rmi","cognomen":"Firmus","cluster_id":998,"cluster_size":2,"cluster_confidence":"low"}]}},{"type":"Feature","geometry":{"type":"Point","coordinates":[7.83,44.54]},"properties":{"edcs_id":"EDCS-05400944","findspot":"Bene Vagienna / Augusta Bagiennorum","raw_text":"Victoriae / Vicinia / Campani v(otum) s(olvit) / l(ibens) l(aeta)","date_from":1,"date_to":100,"marker_gender":"mixed","is_individual":false,"edcs_url":"https://edcs.hist.uzh.ch/en/document?edcs-id=EDCS-05400944","persons":[{"nomen":"","gender":"female","raw_name":"Vicinia","cognomen":"Viciniana"},{"nomen":"Campania","gender":"male","raw_name":"Campani","status":"votum solvit libens laeta"}]}},{"type":"Feature","geometry":{"type":"Point","coordinates":[7.83,44.54]},"properties":{"edcs_id":"EDCS-05400946","findspot":"Bene Vagienna / Augusta Bagiennorum","raw_text":"D(is) M(anibus) / Baburiae Afro/diteni T(itus) / Liburnius / Vale(n)s / d(e) s(uo) s(umptu) c(uravit) f(aciendum)","date_from":101,"date_to":200,"marker_gender":"mixed","is_individual":false,"edcs_url":"https://edcs.hist.uzh.ch/en/document?edcs-id=EDCS-05400946","persons":[{"nomen":"Baburia","gender":"female","raw_name":"Baburiae Afro diteni","cognomen":"Afrodita"},{"nomen":"Liburnius","gender":"male","raw_name":"T. Liburnius Vale(n)s","praenomen":"Titus","cognomen":"Valens","status":"de suo sumptu curavit faciendum"}]}},{"type":"Feature","geometry":{"type":"Point","coordinates":[7.83,44.54]},"properties":{"edcs_id":"EDCS-05400947","findspot":"Bene Vagienna / Augusta Bagiennorum","raw_text":"L(ucius) Colianius / C(ai) f(ilius) Rufus / Caesia Q(uinti) f(ilia) Quinta / uxor / M(arcus) Colianius L(uci) f(ilius) / Celer / C(aius) Colianius L(uci) f(ilius) / L(ucius) Colianius L(uci) f(ilius) / Coliania L(uci) f(ilia) / Rufa / in fr(onte) p(edes) XXXI / in agr(o) p(edes) XXXXI","date_from":1,"date_to":100,"marker_gender":"mixed","is_individual":false,"edcs_url":"https://edcs.hist.uzh.ch/en/document?edcs-id=EDCS-05400947","persons":[{"nomen":"Colianius","gender":"male","raw_name":"L. Colianius C. f. Rufus","praenomen":"Lucius","cognomen":"Rufus"},{"nomen":"Caesia","gender":"female","raw_name":"Caesia Q. f. Quinta","cognomen":"Quinta","status":"uxor"},{"nomen":"Colianius","gender":"male","raw_name":"M. Colianius L. f. Celer","praenomen":"Marcus","cognomen":"Celer"},{"nomen":"Colianius","gender":"male","raw_name":"C. Colianius L. f.","praenomen":"Gaius"},{"nomen":"Colianius","gender":"male","raw_name":"L. Colianius L. f.","praenomen":"Lucius"},{"nomen":"Coliania","gender":"female","raw_name":"Coliania L. f. Rufa","cognomen":"Rufa"}]}},{"type":"Feature","geometry":{"type":"Point","coordinates":[7.83,44.54]},"properties":{"edcs_id":"EDCS-05400948","findspot":"Bene Vagienna / Augusta Bagiennorum","raw_text":"C(aius) Iulius / Euphrosynus o[b] / mer(ita)","date_from":1,"date_to":50,"marker_gender":"male","is_individual":false,"edcs_url":"https://edcs.hist.uzh.ch/en/document?edcs-id=EDCS-05400948","persons":[{"nomen":"Iulius","gender":"male","raw_name":"C. Iulius Euphrosynus","praenomen":"Gaius","cognomen":"Euphrosynus","status":"ob merita"}]}},{"type":"Feature","geometry":{"type":"Point","coordinates":[7.83,44.54]},"properties":{"edcs_id":"EDCS-05400949","findspot":"Bene Vagienna / Augusta Bagiennorum","raw_text":"Vilag/enia / Vetti / f(ilia)","date_from":1,"date_to":50,"marker_gender":"female","is_individual":false,"edcs_url":"https://edcs.hist.uzh.ch/en/document?edcs-id=EDCS-05400949","persons":[{"nomen":"Vilagenia","gender":"female","raw_name":"Vilag enia Vetti f.","status":"filia Vetti"}]}},{"type":"Feature","geometry":{"type":"Point","coordinates":[7.83,44.54]},"properties":{"edcs_id":"EDCS-05400951","findspot":"Bene Vagienna / Augusta Bagiennorum","raw_text":"Matronis sac(rum) / Varius Tenax / v(otum) s(olvit) l(ibens) m(erito)","date_from":null,"date_to":null,"marker_gender":"male","is_individual":false,"edcs_url":"https://edcs.hist.uzh.ch/en/document?edcs-id=EDCS-05400951","persons":[{"nomen":"","gender":"male","raw_name":"Varius Tenax","cognomen":"Varius","status":"votum solvit libens merito","cluster_id":988,"cluster_size":2,"cluster_confidence":"low"}]}},{"type":"Feature","geometry":{"type":"Point","coordinates":[7.83,44.54]},"properties":{"edcs_id":"EDCS-05400952","findspot":"Bene Vagienna / Augusta Bagiennorum","raw_text":"Silvano sac(rum) / Varius / Tenax / v(otum) s(olvit) l(ibens) m(erito)","date_from":null,"date_to":null,"marker_gender":"male","is_individual":false,"edcs_url":"https://edcs.hist.uzh.ch/en/document?edcs-id=EDCS-05400952","persons":[{"nomen":"","gender":"male","raw_name":"Varius Tenax","cognomen":"Varius","status":"votum solvit libens merito","cluster_id":988,"cluster_size":2,"cluster_confidence":"low"}]}},{"type":"Feature","geometry":{"type":"Point","coordinates":[7.83,44.54]},"properties":{"edcs_id":"EDCS-05400953","findspot":"Bene Vagienna / Augusta Bagiennorum","raw_text":"Cesonia / M(arci) f(ilia) / Momma","date_from":1,"date_to":50,"marker_gender":"female","is_individual":false,"edcs_url":"https://edcs.hist.uzh.ch/en/document?edcs-id=EDCS-05400953","persons":[{"nomen":"Cesonia","gender":"female","raw_name":"Cesonia M. f. Momma","cognomen":"Momma"}]}},{"type":"Feature","geometry":{"type":"Point","coordinates":[7.83,44.54]},"properties":{"edcs_id":"EDCS-05400954","findspot":"Bene Vagienna / Augusta Bagiennorum","raw_text":"C(aius) Cobianiu[s] / C(ai) f(ilius) Maximu/s","date_from":1,"date_to":50,"marker_gender":"male","is_individual":false,"edcs_url":"https://edcs.hist.uzh.ch/en/document?edcs-id=EDCS-05400954","persons":[{"nomen":"Cobianius","gender":"male","raw_name":"C. Cobianiu[s] C. f. Maximu[s]","praenomen":"Gaius","cognomen":"Maximus"}]}},{"type":"Feature","geometry":{"type":"Point","coordinates":[7.83,44.54]},"properties":{"edcs_id":"EDCS-05400955","findspot":"Bene Vagienna / Augusta Bagiennorum","raw_text":"Sex(ti) Lucani P(ubli) f(ilii)","date_from":1,"date_to":50,"marker_gender":"male","is_individual":false,"edcs_url":"https://edcs.hist.uzh.ch/en/document?edcs-id=EDCS-05400955","persons":[{"nomen":"Lucanus","gender":"male","raw_name":"Sex. Lucani P. f.","praenomen":"Sextus"}]}},{"type":"Feature","geometry":{"type":"Point","coordinates":[7.83,44.54]},"properties":{"edcs_id":"EDCS-05400956","findspot":"Bene Vagienna / Augusta Bagiennorum","raw_text":"C(aio) Lucan[o] / L(uci) f(ilio) Ceno/ni","date_from":1,"date_to":50,"marker_gender":"male","is_individual":false,"edcs_url":"https://edcs.hist.uzh.ch/en/document?edcs-id=EDCS-05400956","persons":[{"nomen":"Lucanus","gender":"male","raw_name":"C. Lucan[o] L. f. Cenon[i]","praenomen":"Gaius","cognomen":"Cenon"}]}},{"type":"Feature","geometry":{"type":"Point","coordinates":[7.83,44.54]},"properties":{"edcs_id":"EDCS-05400957","findspot":"Bene Vagienna / Augusta Bagiennorum","raw_text":"Q(uinti) Moavi / Ivi Q(uinti) f(ilii) / C FVN C","date_from":1,"date_to":50,"marker_gender":"male","is_individual":false,"edcs_url":"https://edcs.hist.uzh.ch/en/document?edcs-id=EDCS-05400957","persons":[{"nomen":"Moavius","gender":"male","raw_name":"Q. Moavi","praenomen":"Quintus"}]}},{"type":"Feature","geometry":{"type":"Point","coordinates":[7.83,44.54]},"properties":{"edcs_id":"EDCS-05400958","findspot":"Bene Vagienna / Augusta Bagiennorum","raw_text":"L(ucius) Mosian[us] / L(uci) f(ilius) Lucul(l)us","date_from":1,"date_to":50,"marker_gender":"male","is_individual":false,"edcs_url":"https://edcs.hist.uzh.ch/en/document?edcs-id=EDCS-05400958","persons":[{"nomen":"Mosianus","gender":"male","raw_name":"L. Mosian[us] L. f. Lucul(l)us","praenomen":"Lucius","cognomen":"Lucullus"}]}},{"type":"Feature","geometry":{"type":"Point","coordinates":[7.83,44.54]},"properties":{"edcs_id":"EDCS-05400959","findspot":"Bene Vagienna / Augusta Bagiennorum","raw_text":"C(ai) Valeri / C(ai) f(ilii) Adictiaci","date_from":1,"date_to":50,"marker_gender":"male","is_individual":false,"edcs_url":"https://edcs.hist.uzh.ch/en/document?edcs-id=EDCS-05400959","persons":[{"nomen":"Valerius","gender":"male","raw_name":"C. Valeri C. f. Adictiaci","praenomen":"Gaius","cognomen":"Adictiacus"}]}},{"type":"Feature","geometry":{"type":"Point","coordinates":[7.83,44.54]},"properties":{"edcs_id":"EDCS-05400960","findspot":"Bene Vagienna / Augusta Bagiennorum","raw_text":"Max() Via/[s]onia T(iti) f(ilia) / [3]VI ux/or","date_from":1,"date_to":50,"marker_gender":"female","is_individual":false,"edcs_url":"https://edcs.hist.uzh.ch/en/document?edcs-id=EDCS-05400960","persons":[{"nomen":"Via","gender":"female","raw_name":"Via s[onia T(iti) f. [3]VI","cognomen":"Sonia","status":"uxor"}]}},{"type":"Feature","geometry":{"type":"Point","coordinates":[7.83,44.54]},"properties":{"edcs_id":"EDCS-05400961","findspot":"Bene Vagienna / Augusta Bagiennorum","raw_text":"Marcel(l)o / Venial(i)o / f(ilio)","date_from":1,"date_to":50,"marker_gender":"male","is_individual":false,"edcs_url":"https://edcs.hist.uzh.ch/en/document?edcs-id=EDCS-05400961","persons":[{"nomen":"","gender":"male","raw_name":"Marcel(l)o","cognomen":"Marcellus","cluster_id":996,"cluster_size":2,"cluster_confidence":"low"},{"nomen":"","gender":"male","raw_name":"Venial(i)o filio","cognomen":"Venialio","status":"filius"}]}},{"type":"Feature","geometry":{"type":"Point","coordinates":[7.83,44.54]},"properties":{"edcs_id":"EDCS-05400962","findspot":"Bene Vagienna / Augusta Bagiennorum","raw_text":"Virius / Cor[s]ius / Corsi f(ilius)","date_from":1,"date_to":50,"marker_gender":"male","is_individual":false,"edcs_url":"https://edcs.hist.uzh.ch/en/document?edcs-id=EDCS-05400962","persons":[{"nomen":"Virius","gender":"male","raw_name":"Virius Cor[s]ius","cognomen":"Corsius"}]}},{"type":"Feature","geometry":{"type":"Point","coordinates":[7.83,44.54]},"properties":{"edcs_id":"EDCS-05400963","findspot":"Bene Vagienna / Augusta Bagiennorum","raw_text":"Esroniu[s]","date_from":1,"date_to":50,"marker_gender":"male","is_individual":false,"edcs_url":"https://edcs.hist.uzh.ch/en/document?edcs-id=EDCS-05400963","persons":[{"nomen":"","gender":"male","raw_name":"Esroniu[s]","cognomen":"Esronius"}]}},{"type":"Feature","geometry":{"type":"Point","coordinates":[7.83,44.54]},"properties":{"edcs_id":"EDCS-05400965","findspot":"Bene Vagienna / Augusta Bagiennorum","raw_text":"D(is) M(anibus) // Catavigni / Ivomagi f(ilii) / milit(is) coh(ortis) / III Britan/norum |(centuria) Gesati / vix(it) ann(os) XXV / sti(pendiorum) VI exerci/tus Raetici / Paternus / h(eres) f(aciendum) c(uravit) / commilitoni / carissimo","date_from":68,"date_to":69,"marker_gender":"male","is_individual":false,"edcs_url":"https://edcs.hist.uzh.ch/en/document?edcs-id=EDCS-05400965","persons":[{"nomen":"","gender":"male","raw_name":"Catavigni Ivomagi f. milit(is) coh(ortis) III Britan norum |(centuria) Gesati vix(it) ann(os) XXV sti(pendiorum) VI exerci tus Raetici","cognomen":"Catavignus","status":"miles cohortis III Britannorum |(centuria) Gesati, stipendiis VI, exercitus Raetici"},{"nomen":"","gender":"male","raw_name":"Paternus heres","cognomen":"Paternus","status":"heres"}]}},{"type":"Feature","geometry":{"type":"Point","coordinates":[7.83,44.54]},"properties":{"edcs_id":"EDCS-05400966","findspot":"Bene Vagienna / Augusta Bagiennorum","raw_text":"C(aius) Arius / Volianius / et Gaius f(ilius)","date_from":1,"date_to":50,"marker_gender":"male","is_individual":false,"edcs_url":"https://edcs.hist.uzh.ch/en/document?edcs-id=EDCS-05400966","persons":[{"nomen":"Arius","gender":"male","raw_name":"C. Arius Volianius","praenomen":"Gaius"},{"nomen":"","gender":"male","raw_name":"Gaius filius","praenomen":"Gaius","status":"filius"}]}},{"type":"Feature","geometry":{"type":"Point","coordinates":[7.83,44.54]},"properties":{"edcs_id":"EDCS-05400967","findspot":"Bene Vagienna / Augusta Bagiennorum","raw_text":"Baebia Sex(ti) fil(ia) Vetla sibi et / P(ublio) Baebio L(uci) f(ilio) Cam(ilia) Parm(ae) / coniugi suo carissimo / testamento fieri [i]ussit / L(ucius) filius et Polla filia Pol[l]a Lebronia Terti f(ilii) u[xor] / Polla filia here(des) / faciendum curaverun(t)","date_from":1,"date_to":50,"marker_gender":"mixed","is_individual":false,"edcs_url":"https://edcs.hist.uzh.ch/en/document?edcs-id=EDCS-05400967","persons":[{"nomen":"Baebia","gender":"female","raw_name":"Baebia Sex(ti) fil(ia) Vetla","cognomen":"Vetla","status":"filia Sex(ti)"},{"nomen":"Baebius","gender":"male","raw_name":"P. Baebio L. f. Cam. Parm(ae)","praenomen":"Publius","cognomen":"Parma","status":"tribus: Camilia, coniunx, filius Luci"},{"nomen":"","gender":"male","raw_name":"L. filius","praenomen":"Lucius","status":"filius, heres"},{"nomen":"","gender":"female","raw_name":"Polla","cognomen":"Polla","status":"filia, heres"},{"nomen":"Lebronia","gender":"female","raw_name":"Pol[l]a Lebronia Terti f. u[xor]","cognomen":"Polla","status":"uxor Terti"}]}},{"type":"Feature","geometry":{"type":"Point","coordinates":[7.83,44.54]},"properties":{"edcs_id":"EDCS-05400968","findspot":"Bene Vagienna / Augusta Bagiennorum","raw_text":"Boduac(ius) / Treitiac(us)","date_from":1,"date_to":50,"marker_gender":"male","is_individual":false,"edcs_url":"https://edcs.hist.uzh.ch/en/document?edcs-id=EDCS-05400968","persons":[{"nomen":"","gender":"male","raw_name":"Boduac(ius)","cognomen":"Boduacius"},{"nomen":"","gender":"male","raw_name":"Treitiac(us)","cognomen":"Treitiacus"}]}},{"type":"Feature","geometry":{"type":"Point","coordinates":[7.83,44.54]},"properties":{"edcs_id":"EDCS-05400969","findspot":"Bene Vagienna / Augusta Bagiennorum","raw_text":"Sacrum / Victoriae / C(aius) Viccius Narcissus / v(otum) s(olvit) l(ibens) l(aetus) m(erito)","date_from":101,"date_to":200,"marker_gender":"male","is_individual":false,"edcs_url":"https://edcs.hist.uzh.ch/en/document?edcs-id=EDCS-05400969","persons":[{"nomen":"Viccius","gender":"male","raw_name":"C. Viccius Narcissus","praenomen":"Gaius","cognomen":"Narcissus","status":"votum solvit libens laetus merito"}]}},{"type":"Feature","geometry":{"type":"Point","coordinates":[7.83,44.54]},"properties":{"edcs_id":"EDCS-05400970","findspot":"Bene Vagienna / Augusta Bagiennorum","raw_text":"[V(ivus)] f(ecit) / [3] Comini / M(arci) f(ilii) Cam(ilia) / Maxsumi(!) / VIvir(i) / [Au]gu[s]tali[s] / V[3] / V[","date_from":1,"date_to":100,"marker_gender":"male","is_individual":false,"edcs_url":"https://edcs.hist.uzh.ch/en/document?edcs-id=EDCS-05400970","persons":[{"nomen":"Cominius","gender":"male","raw_name":"[3] Comini M. f. Cam. Maxsumi(!) VIvir(i) [Au]gu[s]tali[s]","cognomen":"Maxsumus","status":"tribus: Camilia, VIvir, Augustalis"}]}},{"type":"Feature","geometry":{"type":"Point","coordinates":[7.83,44.54]},"properties":{"edcs_id":"EDCS-05400971","findspot":"Bene Vagienna / Augusta Bagiennorum","raw_text":"C(aius) Petronius / P(ubli) f(ilius) Cam(ilia) Plundianius / sibi et / Mettiae C(ai) f(iliae) Tertiae / uxori / C(aio) Petronio Maximo f(ilio) / C(aio) Petronio Severo f(ilio) / P(ublio) Petronio Firmo f(ilio) / T(ito) Petronio Sexto f(ilio)","date_from":1,"date_to":100,"marker_gender":"mixed","is_individual":false,"edcs_url":"https://edcs.hist.uzh.ch/en/document?edcs-id=EDCS-05400971","persons":[{"nomen":"Petronius","gender":"male","raw_name":"C. Petronius P. f. Cam. Plundianius","praenomen":"Gaius","cognomen":"Plundianius","status":"tribus: Camilia"},{"nomen":"Mettia","gender":"female","raw_name":"Mettiae C. f. Tertiae","cognomen":"Tertia","status":"filia Cai, uxor"},{"nomen":"Petronius","gender":"male","raw_name":"C. Petronio Maximo","praenomen":"Gaius","cognomen":"Maximus","status":"filius"},{"nomen":"Petronius","gender":"male","raw_name":"C. Petronio Severo","praenomen":"Gaius","cognomen":"Severus","status":"filius"},{"nomen":"Petronius","gender":"male","raw_name":"P. Petronio Firmo","praenomen":"Publius","cognomen":"Firmus","status":"filius"},{"nomen":"Petronius","gender":"male","raw_name":"T. Petronio Sexto","praenomen":"Titus","cognomen":"Sextus","status":"filius"}]}},{"type":"Feature","geometry":{"type":"Point","coordinates":[7.83,44.54]},"properties":{"edcs_id":"EDCS-05400972","findspot":"Bene Vagienna / Augusta Bagiennorum","raw_text":"P(ublius) Valerius / P(ubli) f(ilius) Cam(ilia) / Severus","date_from":null,"date_to":null,"marker_gender":"male","is_individual":false,"edcs_url":"https://edcs.hist.uzh.ch/en/document?edcs-id=EDCS-05400972","persons":[{"nomen":"Valerius","gender":"male","raw_name":"P. Valerius P. f. Cam. Severus","praenomen":"Publius","cognomen":"Severus","status":"tribus: Camilia"}]}},{"type":"Feature","geometry":{"type":"Point","coordinates":[7.83,44.54]},"properties":{"edcs_id":"EDCS-05400973","findspot":"Bene Vagienna / Augusta Bagiennorum","raw_text":"A(ulo) Aurelio A(uli) f(ilio) / [Ca]m(ilia?) Blaienio / C(aius) Aurelius C(ai) f(ilius) / Secun[d]us","date_from":101,"date_to":200,"marker_gender":"male","is_individual":false,"edcs_url":"https://edcs.hist.uzh.ch/en/document?edcs-id=EDCS-05400973","persons":[{"nomen":"Aurelius","gender":"male","raw_name":"A. Aurelio A. f. [Ca]m(ilia?) Blaienio","praenomen":"Aulus","cognomen":"Blaienius","status":"tribus: Camilia?"},{"nomen":"Aurelius","gender":"male","raw_name":"C. Aurelius C. f. Secun[d]us","praenomen":"Gaius","cognomen":"Secundus"}]}},{"type":"Feature","geometry":{"type":"Point","coordinates":[7.83,44.54]},"properties":{"edcs_id":"EDCS-05400974","findspot":"Bene Vagienna / Augusta Bagiennorum","raw_text":"Cassia T(iti) f(ilia) / Secund[a(?)]","date_from":1,"date_to":100,"marker_gender":"female","is_individual":false,"edcs_url":"https://edcs.hist.uzh.ch/en/document?edcs-id=EDCS-05400974","persons":[{"nomen":"Cassia","gender":"female","raw_name":"Cassia T. f. Secund[a?]","cognomen":"Secunda"}]}},{"type":"Feature","geometry":{"type":"Point","coordinates":[7.83,44.54]},"properties":{"edcs_id":"EDCS-05400975","findspot":"Bene Vagienna / Augusta Bagiennorum","raw_text":"Cornelia / L(uci) f(ilia) Supera / t(estamento) f(ieri) i(ussit) / L(ucius) Veustanius / L(uci) f(ilius) Niger f(aciendum) c(uravit)","date_from":1,"date_to":100,"marker_gender":"mixed","is_individual":false,"edcs_url":"https://edcs.hist.uzh.ch/en/document?edcs-id=EDCS-05400975","persons":[{"nomen":"Cornelia","gender":"female","raw_name":"Cornelia L. f. Supera","cognomen":"Supera"},{"nomen":"Veustanius","gender":"male","raw_name":"L. Veustanius L. f. Niger","praenomen":"Lucius","cognomen":"Niger"}]}},{"type":"Feature","geometry":{"type":"Point","coordinates":[7.83,44.54]},"properties":{"edcs_id":"EDCS-05400976","findspot":"Bene Vagienna / Augusta Bagiennorum","raw_text":"Firmi Luc/ani Gemini / f(ilii) Cam(ilia)","date_from":1,"date_to":50,"marker_gender":"male","is_individual":false,"edcs_url":"https://edcs.hist.uzh.ch/en/document?edcs-id=EDCS-05400976","persons":[{"nomen":"Firmius","gender":"male","raw_name":"Firmi Luc ani Gemini f. Cam.","cognomen":"Lucanianus Geminius","status":"tribus: Camilia"}]}},{"type":"Feature","geometry":{"type":"Point","coordinates":[7.83,44.54]},"properties":{"edcs_id":"EDCS-05400977","findspot":"Bene Vagienna / Augusta Bagiennorum","raw_text":"] / et Velliae filiae [3] / Velagostius Modes[tus]","date_from":null,"date_to":null,"marker_gender":"mixed","is_individual":false,"edcs_url":"https://edcs.hist.uzh.ch/en/document?edcs-id=EDCS-05400977","persons":[{"nomen":"Vellius","gender":"female","raw_name":"Velliae filiae","status":"filia"},{"nomen":"Velagostius","gender":"male","raw_name":"Velagostius Modes[tus]","cognomen":"Modestus"}]}},{"type":"Feature","geometry":{"type":"Point","coordinates":[7.83,44.54]},"properties":{"edcs_id":"EDCS-05400978","findspot":"Bene Vagienna / Augusta Bagiennorum","raw_text":"Valeria T(iti) f(ilia) / v(iva) Prisca p(osuit) / et Valerio C(ai) f(ilio) / Pub(lilia) Secundo / Alioni militi / legione quarta / et C(aio) Val[e]rio C(ai) f(ilio) / [F]rontoni","date_from":1,"date_to":50,"marker_gender":"mixed","is_individual":false,"edcs_url":"https://edcs.hist.uzh.ch/en/document?edcs-id=EDCS-05400978","persons":[{"nomen":"Valeria","gender":"female","raw_name":"Valeria T. f. v. Prisca","cognomen":"Prisca","status":"filia Titi, viva"},{"nomen":"Valerius","gender":"male","raw_name":"Valerio C. f. Pub. Secundo Alioni militi legione quarta","praenomen":"Gaius","cognomen":"Secundus Alio","status":"filio C. f., Pub(lilia), miles legionis quartae"},{"nomen":"Valerius","gender":"male","raw_name":"C. Val[e]rio C. f. [F]rontoni","praenomen":"Gaius","cognomen":"Frontonus","status":"filio C. f."}]}},{"type":"Feature","geometry":{"type":"Point","coordinates":[7.83,44.54]},"properties":{"edcs_id":"EDCS-05400979","findspot":"Bene Vagienna / Augusta Bagiennorum","raw_text":"T(itus) Ennius / T(iti) f(ilius) Cam(ilia) / Secundus / Coelliae C(ai) f(iliae) / Tertullae / ux{s}or[i] / T(itus) Ennius [3] / Cam(ilia) Di[3]/vis An[","date_from":null,"date_to":null,"marker_gender":"mixed","is_individual":false,"edcs_url":"https://edcs.hist.uzh.ch/en/document?edcs-id=EDCS-05400979","persons":[{"nomen":"Ennius","gender":"male","raw_name":"T. Ennius T. f. Cam. Secundus","praenomen":"Titus","cognomen":"Secundus","status":"tribus: Camilia"},{"nomen":"Coellia","gender":"female","raw_name":"Coelliae C. f. Tertullae","cognomen":"Tertulla","status":"uxori"},{"nomen":"Ennius","gender":"male","raw_name":"T. Ennius [3] Cam. Di[3] vis","praenomen":"Titus","status":"tribus: Camilia"}]}},{"type":"Feature","geometry":{"type":"Point","coordinates":[7.83,44.54]},"properties":{"edcs_id":"EDCS-05400980","findspot":"Bene Vagienna / Augusta Bagiennorum","raw_text":"Sex(ti) Maioris / M(arci) f(ilii) Cam(ilia)","date_from":1,"date_to":50,"marker_gender":"male","is_individual":false,"edcs_url":"https://edcs.hist.uzh.ch/en/document?edcs-id=EDCS-05400980","persons":[{"nomen":"Maius","gender":"male","raw_name":"Sex. Maioris M. f. Cam.","praenomen":"Marcus","cognomen":"Maximus","status":"tribus: Camilia"}]}},{"type":"Feature","geometry":{"type":"Point","coordinates":[7.83,44.54]},"properties":{"edcs_id":"EDCS-05400981","findspot":"Bene Vagienna / Augusta Bagiennorum","raw_text":"P(ubli) Ricci Celer(is) / M C","date_from":null,"date_to":null,"marker_gender":"male","is_individual":false,"edcs_url":"https://edcs.hist.uzh.ch/en/document?edcs-id=EDCS-05400981","persons":[{"nomen":"Riccius","gender":"male","raw_name":"P. Ricci Celeris","cognomen":"Celer"}]}},{"type":"Feature","geometry":{"type":"Point","coordinates":[7.83,44.54]},"properties":{"edcs_id":"EDCS-05400982","findspot":"Bene Vagienna / Augusta Bagiennorum","raw_text":"V(ivus) p(osuit) / L(ucius) Veltius L(uci) f(ilius) / Cam(ilia) Bassus sibi / et Aureliae T(iti) f(iliae) / [T]ertiae ux{s}ori / [","date_from":1,"date_to":50,"marker_gender":"mixed","is_individual":false,"edcs_url":"https://edcs.hist.uzh.ch/en/document?edcs-id=EDCS-05400982","persons":[{"nomen":"Veltius","gender":"male","raw_name":"L. Veltius L. f. Cam. Bassus","praenomen":"Lucius","cognomen":"Bassus","status":"tribus: Camilia"},{"nomen":"Aurelia","gender":"female","raw_name":"Aureliae T. f. [T]ertiae","cognomen":"Tertia","status":"filia Titi, uxor"}]}},{"type":"Feature","geometry":{"type":"Point","coordinates":[7.83,44.54]},"properties":{"edcs_id":"EDCS-05400985","findspot":"Bene Vagienna / Augusta Bagiennorum","raw_text":"D(is) M(anibus) / Maniliorum / Eutychetis / [3]I / Manilia Lupa / marito et filio / et Manili / Lupus et Ursus / patri et fratri / b(ene) m(erentibus)","date_from":101,"date_to":200,"marker_gender":"mixed","is_individual":false,"edcs_url":"https://edcs.hist.uzh.ch/en/document?edcs-id=EDCS-05400985","persons":[{"nomen":"","gender":"male","raw_name":"Maniliorum Eutychetis","cognomen":"Eutychetes"},{"nomen":"Manilia","gender":"female","raw_name":"Manilia Lupa","cognomen":"Lupa","status":"marito et filio"},{"nomen":"Manilius","gender":"male","raw_name":"Manili Lupus","cognomen":"Lupus","status":"patri et fratri"},{"nomen":"Manilius","gender":"male","raw_name":"Manili Ursus","cognomen":"Urusus","status":"patri et fratri"}]}},{"type":"Feature","geometry":{"type":"Point","coordinates":[7.83,44.54]},"properties":{"edcs_id":"EDCS-05400986","findspot":"Bene Vagienna / Augusta Bagiennorum","raw_text":"Veccalli/a L(uci) f(ilia) Polla / Cominia T(iti) f(ilia) / Secunda / filia","date_from":null,"date_to":null,"marker_gender":"mixed","is_individual":false,"edcs_url":"https://edcs.hist.uzh.ch/en/document?edcs-id=EDCS-05400986","persons":[{"nomen":"Veccallia","gender":"female","raw_name":"Veccalli a L. f. Polla","cognomen":"Polla","status":"filia Lucii"},{"nomen":"Cominius","gender":"male","raw_name":"Cominia T. f. Secunda filia","praenomen":"Titus","cognomen":"Secundus","status":"filia Titi, filia"}]}},{"type":"Feature","geometry":{"type":"Point","coordinates":[9.27,44.34]},"properties":{"edcs_id":"EDCS-05400988","findspot":"Zoagli","raw_text":"C(aio) Sextio Spec/tato tesserario / coh(ortis) I pr(aetoriae) P(iae) V(indicis) C(aius) Titius / Marcellinus b(ene)[f(iciarius)] / trib(uni) coh(ortis) eiusdem / b(ene) m(erenti)","date_from":201,"date_to":300,"marker_gender":"male","is_individual":true,"edcs_url":"https://edcs.hist.uzh.ch/en/document?edcs-id=EDCS-05400988","persons":[{"nomen":"Sextius","gender":"male","raw_name":"C. Sextio Spectato tesserario coh. I pr.","praenomen":"Gaius","cognomen":"Spectatus","status":"tesserarius cohortis I praetoriae"},{"nomen":"Titius","gender":"male","raw_name":"C. Titius Marcellinus b. trib. coh. eiusdem","praenomen":"Gaius","cognomen":"Marcellinus","status":"beneficiarius tribuni cohortis"}]}},{"type":"Feature","geometry":{"type":"Point","coordinates":[9.21,44.33]},"properties":{"edcs_id":"EDCS-05400989","findspot":"Santa Margherita Ligure","raw_text":"Dis Manibus sacrum / L(uci) Taieti Persi fecerunt / Taietia Euterpe contubernal(i) / et L(ucius) Taietius Apollinaris filius / bene merenti et sibi / posterisque eorum","date_from":131,"date_to":170,"marker_gender":"mixed","is_individual":true,"edcs_url":"https://edcs.hist.uzh.ch/en/document?edcs-id=EDCS-05400989","persons":[{"nomen":"Taietius","gender":"male","raw_name":"L. Taieti Persi","praenomen":"Lucius","cognomen":"Persus"},{"nomen":"Taietia","gender":"female","raw_name":"Taietia Euterpe","cognomen":"Euterpe","status":"contubernalis"},{"nomen":"Taietius","gender":"male","raw_name":"L. Taietius Apollinaris","praenomen":"Lucius","cognomen":"Apollinaris","status":"filius"}]}},{"type":"Feature","geometry":null,"properties":{"edcs_id":"EDCS-05400990","findspot":"Ruta","raw_text":"Hic requiescit / in pace b(onae) m(emoriae) Iohan/nes qui vixit / plus minus an/nos XXXIIII et / transiit sub die / IIII Kal(endas) Octobres / Fausto iuniore / v(iro) c(larissimo) consule","date_from":null,"date_to":null,"marker_gender":"male","is_individual":true,"edcs_url":"https://edcs.hist.uzh.ch/en/document?edcs-id=EDCS-05400990","persons":[{"nomen":"","gender":"male","raw_name":"Iohannes","cognomen":"Iohannes"}]}},{"type":"Feature","geometry":{"type":"Point","coordinates":[9.15,44.37]},"properties":{"edcs_id":"EDCS-05400991","findspot":"Recco / Ricina","raw_text":"D(is) M(anibus) / Agathemero / et / Eutycheti / alumnis b(ene) m(erentibus) / Cn(aeus) Lucretius / Lucretianus","date_from":101,"date_to":200,"marker_gender":"male","is_individual":true,"edcs_url":"https://edcs.hist.uzh.ch/en/document?edcs-id=EDCS-05400991","persons":[{"nomen":"","gender":"male","raw_name":"Agathemero","cognomen":"Agathemerus","status":"alumnus"},{"nomen":"","gender":"male","raw_name":"Eutycheti","cognomen":"Eutyches","status":"alumnus"},{"nomen":"Lucretius","gender":"male","raw_name":"Cn. Lucretius Lucretianus","praenomen":"Gnaeus","cognomen":"Lucretianus"}]}},{"type":"Feature","geometry":{"type":"Point","coordinates":[9.1,44.37]},"properties":{"edcs_id":"EDCS-05400992","findspot":"Sori","raw_text":"D(is) M(anibus) / Hateriae Q(uinti) f(iliae) / Privatae","date_from":10,"date_to":150,"marker_gender":"female","is_individual":true,"edcs_url":"https://edcs.hist.uzh.ch/en/document?edcs-id=EDCS-05400992","persons":[{"nomen":"Hateria","gender":"female","raw_name":"Hateriae Q. f. Privatae","cognomen":"Privata","status":"filia Quinti"}]}},{"type":"Feature","geometry":{"type":"Point","coordinates":[9.1,44.37]},"properties":{"edcs_id":"EDCS-05400993","findspot":"Sori","raw_text":"D(is) M(anibus) / Serviliae Restitutae / A(ulus) Servilius Philodoxus con/iugi karissimae sibi / fecit et sibi(!)","date_from":151,"date_to":200,"marker_gender":"mixed","is_individual":true,"edcs_url":"https://edcs.hist.uzh.ch/en/document?edcs-id=EDCS-05400993","persons":[{"nomen":"Servilia","gender":"female","raw_name":"Serviliae Restitutae","cognomen":"Restituta","status":"coniunx karissima"},{"nomen":"Servilius","gender":"male","raw_name":"A. Servilius Philodoxus","praenomen":"Aulus","cognomen":"Philodoxus"}]}},{"type":"Feature","geometry":null,"properties":{"edcs_id":"EDCS-05400994","findspot":"Bisagno","raw_text":"Urbicius Honesteiocati verna / (!) annis VXII(!)","date_from":null,"date_to":null,"marker_gender":"male","is_individual":true,"edcs_url":"https://edcs.hist.uzh.ch/en/document?edcs-id=EDCS-05400994","persons":[{"nomen":"","gender":"male","raw_name":"Urbicius Honesteiocati verna","cognomen":"Urbicius","status":"verna"}]}},{"type":"Feature","geometry":{"type":"Point","coordinates":[8.93,44.41]},"properties":{"edcs_id":"EDCS-05400999","findspot":"Genova / Genua","raw_text":"D(is) M(anibus) / Aur(elio) Hilaro Aug(usti) lib(erto) / praep(osito) p(uerorum) pedis<eq=IC>(orum) / Fortunius et / Alexander et / Hermes liberti / comparaverunt / sarcofagum pa/trono dignissimo","date_from":null,"date_to":null,"marker_gender":"male","is_individual":false,"edcs_url":"https://edcs.hist.uzh.ch/en/document?edcs-id=EDCS-05400999","persons":[{"nomen":"Aurelius","gender":"male","raw_name":"Aur. Hilaro Aug. lib.","cognomen":"Hilarus","status":"libertus Augusti, praepositus puerorum pedissequorum"},{"nomen":"","gender":"male","raw_name":"Fortunius","cognomen":"Fortunius","status":"libertus"},{"nomen":"","gender":"male","raw_name":"Alexander","cognomen":"Alexander","status":"libertus"},{"nomen":"","gender":"male","raw_name":"Hermes","cognomen":"Hermes","status":"libertus"}]}},{"type":"Feature","geometry":{"type":"Point","coordinates":[8.93,44.41]},"properties":{"edcs_id":"EDCS-05401000","findspot":"Genova / Genua","raw_text":"Aureliae / Laudice / coniugi optimae / bene merenti / Lupercus disp(ensator) / rationis privatae","date_from":null,"date_to":null,"marker_gender":"mixed","is_individual":false,"edcs_url":"https://edcs.hist.uzh.ch/en/document?edcs-id=EDCS-05401000","persons":[{"nomen":"Aurelia","gender":"female","raw_name":"Aureliae Laudice","cognomen":"Laudice","status":"uxor, pia"},{"nomen":"","gender":"male","raw_name":"Lupercus","cognomen":"Lupercus","status":"dispensator rationis privatae"}]}},{"type":"Feature","geometry":{"type":"Point","coordinates":[8.93,44.41]},"properties":{"edcs_id":"EDCS-05401001","findspot":"Genova / Genua","raw_text":"P(ublius) Aelius Aug(usti) lib(ertus) Pylades pantonimus hieronica instituit / L(ucius) Aurelius Augg(ustorum) lib(ertus) Pylades hieronica discipulus consummavit","date_from":151,"date_to":200,"marker_gender":"male","is_individual":false,"edcs_url":"https://edcs.hist.uzh.ch/en/document?edcs-id=EDCS-05401001","persons":[{"nomen":"Aelius","gender":"male","raw_name":"P. Aelius Aug. lib. Pylades","praenomen":"Publius","cognomen":"Pylades","status":"libertus Augusti, pantomimus, hieronica"},{"nomen":"Aurelius","gender":"male","raw_name":"L. Aurelius Augg. lib. Pylades","praenomen":"Lucius","cognomen":"Pylades","status":"libertus Augustorum, hieronica"}]}},{"type":"Feature","geometry":{"type":"Point","coordinates":[8.93,44.41]},"properties":{"edcs_id":"EDCS-05401002","findspot":"Genova / Genua","raw_text":"Mem[or]iae / L(uci) Altili L(uci) fi[l(ii)] Epicteti Calli[sti]ni / vixit annis IIII m(ensibus) III d(iebus) XXIIX / L(ucius) Altilius Epictetus [e]t Flavia Calliste / parentes filio dulcissimo","date_from":null,"date_to":null,"marker_gender":"mixed","is_individual":false,"edcs_url":"https://edcs.hist.uzh.ch/en/document?edcs-id=EDCS-05401002","persons":[{"nomen":"Altilius","gender":"male","raw_name":"L. Altili L. fi[l.] Epicteti Calli[sti]ni","praenomen":"Lucius","cognomen":"Epictetus Callistinus","status":"filius Luci","cluster_id":469,"cluster_size":2},{"nomen":"Altilius","gender":"male","raw_name":"L. Altilius Epictetus","praenomen":"Lucius","cognomen":"Epictetus","status":"pater","cluster_id":469,"cluster_size":2},{"nomen":"Flavia","gender":"female","raw_name":"Flavia Calliste","cognomen":"Calliste","status":"mater"}]}},{"type":"Feature","geometry":{"type":"Point","coordinates":[8.93,44.41]},"properties":{"edcs_id":"EDCS-05401003","findspot":"Genova / Genua","raw_text":"M(arco) Antonio / Balbi f(ilio) Hilaro / Cornelia Cn(aei) f(ilia) / Secunda uxor fec(it) / et filio suo L(ucio) Herennio / L(uci) f(ilio) Nigellioni / et P(ublio) Caninio Felici","date_from":null,"date_to":null,"marker_gender":"mixed","is_individual":false,"edcs_url":"https://edcs.hist.uzh.ch/en/document?edcs-id=EDCS-05401003","persons":[{"nomen":"Antonius","gender":"male","raw_name":"M. Antonio Balbi f. Hilaro","cognomen":"Hilarus","status":"filius Balbi"},{"nomen":"Cornelia","gender":"female","raw_name":"Cornelia Cn. f. Secunda","cognomen":"Secunda","status":"filia Cnaei, uxor"},{"nomen":"Herennius","gender":"male","raw_name":"L. Herennio L. f. Nigellioni","praenomen":"Lucius","cognomen":"Nigellio","status":"filius Luci"},{"nomen":"Caninius","gender":"male","raw_name":"P. Caninio Felici","praenomen":"Publius","cognomen":"Felix"}]}},{"type":"Feature","geometry":{"type":"Point","coordinates":[8.93,44.41]},"properties":{"edcs_id":"EDCS-05401004","findspot":"Genova / Genua","raw_text":"L(ucius) Apusu[l]enus / Pollio / hic situs est","date_from":null,"date_to":null,"marker_gender":"male","is_individual":false,"edcs_url":"https://edcs.hist.uzh.ch/en/document?edcs-id=EDCS-05401004","persons":[{"nomen":"Apusulenus","gender":"male","raw_name":"L. Apusu[l]enus Pollio","praenomen":"Lucius","cognomen":"Pollio"}]}},{"type":"Feature","geometry":{"type":"Point","coordinates":[8.93,44.41]},"properties":{"edcs_id":"EDCS-05401005","findspot":"Genova / Genua","raw_text":"Clodiae Helpidi / coniugi incomparab(ili) / Genialis mar(itus)","date_from":null,"date_to":null,"marker_gender":"mixed","is_individual":false,"edcs_url":"https://edcs.hist.uzh.ch/en/document?edcs-id=EDCS-05401005","persons":[{"nomen":"Clodia","gender":"female","raw_name":"Clodiae Helpidi","cognomen":"Helpis","status":"coniunx"},{"nomen":"","gender":"male","raw_name":"Genialis","cognomen":"Genialis","status":"maritus"}]}},{"type":"Feature","geometry":{"type":"Point","coordinates":[8.93,44.41]},"properties":{"edcs_id":"EDCS-05401006","findspot":"Genova / Genua","raw_text":"Dis Manib(us) / L(ucio) Cominio / L(uci) l(iberto) Hermae // Dis Manib(us) / Cominiae / L(uci) l(ibertae) Horaidi // Cominia Zele fil(ia) bene / merentibus fecit","date_from":null,"date_to":null,"marker_gender":"mixed","is_individual":false,"edcs_url":"https://edcs.hist.uzh.ch/en/document?edcs-id=EDCS-05401006","persons":[{"nomen":"Cominius","gender":"male","raw_name":"L. Cominio L. l. Hermae","praenomen":"Lucius","cognomen":"Hermes","status":"libertus Luci"},{"nomen":"Cominia","gender":"female","raw_name":"Cominiae L. l. Horaidi","cognomen":"Horaidis","status":"liberta Luci"},{"nomen":"Cominia","gender":"female","raw_name":"Cominia Zele","cognomen":"Zele","status":"filia"}]}},{"type":"Feature","geometry":{"type":"Point","coordinates":[8.93,44.41]},"properties":{"edcs_id":"EDCS-05401007","findspot":"Genova / Genua","raw_text":"D(is) M(anibus) / C(aius) Com[i]nius Valerianus / C(aio) Com[i]nio Thallo filio / pientissimo b(ene) m(erenti) fecit","date_from":201,"date_to":300,"marker_gender":"male","is_individual":false,"edcs_url":"https://edcs.hist.uzh.ch/en/document?edcs-id=EDCS-05401007","persons":[{"nomen":"Cominius","gender":"male","raw_name":"C. Com[i]nius Valerianus","praenomen":"Gaius","cognomen":"Valerianus"},{"nomen":"Cominius","gender":"male","raw_name":"C. Com[i]nio Thallo","praenomen":"Gaius","cognomen":"Thallus","status":"filius, pius"}]}},{"type":"Feature","geometry":{"type":"Point","coordinates":[8.93,44.41]},"properties":{"edcs_id":"EDCS-05401008","findspot":"Genova / Genua","raw_text":"D(is) M(anibus) / Dionysii Augg(ustorum) lib(erti) / q(ui) v(ixit) ann(os) XXIV m(enses) VI / Nebridius","date_from":167,"date_to":200,"marker_gender":"male","is_individual":false,"edcs_url":"https://edcs.hist.uzh.ch/en/document?edcs-id=EDCS-05401008","persons":[{"nomen":"","gender":"male","raw_name":"Dionysii Augg. lib.","cognomen":"Dionysius","status":"libertus Augustorum"},{"nomen":"","gender":"male","raw_name":"Nebridius","cognomen":"Nebridius"}]}},{"type":"Feature","geometry":{"type":"Point","coordinates":[8.93,44.41]},"properties":{"edcs_id":"EDCS-05401009","findspot":"Genova / Genua","raw_text":"D(is) M(anibus) M(arco) Iulio / Adepto M(arcus) Iulius / Messor fratri / piissimo fec(it)","date_from":71,"date_to":150,"marker_gender":"male","is_individual":false,"edcs_url":"https://edcs.hist.uzh.ch/en/document?edcs-id=EDCS-05401009","persons":[{"nomen":"Iulius","gender":"male","raw_name":"M. Iulio Adepto","praenomen":"Marcus","cognomen":"Adeptus"},{"nomen":"Iulius","gender":"male","raw_name":"M. Iulius Messor","praenomen":"Marcus","cognomen":"Messor","status":"frater, piissimus"}]}},{"type":"Feature","geometry":{"type":"Point","coordinates":[8.93,44.41]},"properties":{"edcs_id":"EDCS-05401010","findspot":"Genova / Genua","raw_text":"Iuliae Urbicae dompnas / Arnius","date_from":null,"date_to":null,"marker_gender":"mixed","is_individual":false,"edcs_url":"https://edcs.hist.uzh.ch/en/document?edcs-id=EDCS-05401010","persons":[{"nomen":"Iulia","gender":"female","raw_name":"Iuliae Urbicae","cognomen":"Urbica"},{"nomen":"Arnius","gender":"male","raw_name":"Arnius"}]}},{"type":"Feature","geometry":{"type":"Point","coordinates":[8.93,44.41]},"properties":{"edcs_id":"EDCS-05401011","findspot":"Genova / Genua","raw_text":"Iuniae Pla/tonidi uxori / karissimae / Fl(avius) Iustus / maritus","date_from":101,"date_to":250,"marker_gender":"mixed","is_individual":false,"edcs_url":"https://edcs.hist.uzh.ch/en/document?edcs-id=EDCS-05401011","persons":[{"nomen":"Iunia","gender":"female","raw_name":"Iuniae Platonidi","cognomen":"Platonis","status":"uxor, karissima"},{"nomen":"Flavius","gender":"male","raw_name":"Fl. Iustus","cognomen":"Iustus","status":"maritus"}]}},{"type":"Feature","geometry":{"type":"Point","coordinates":[8.93,44.41]},"properties":{"edcs_id":"EDCS-05401012","findspot":"Genova / Genua","raw_text":"D(is) M(anibus) / Negeliae T(iti) f(iliae) No/nianae femin(ae) / rarissimae uni/viriae vix(it) ann(os) / XXXXII M(arcus) U[l]pius / Theophilus coni(ugi) / carissimae et / castissimae cum / qua vix(it) ann(is) XXIIII / mens(ibus) VI dieb(us) XI / sine ulla qu{a}erel(la)","date_from":null,"date_to":null,"marker_gender":"mixed","is_individual":false,"edcs_url":"https://edcs.hist.uzh.ch/en/document?edcs-id=EDCS-05401012","persons":[{"nomen":"Negelia","gender":"female","raw_name":"Negeliae T. f. Nonianae","cognomen":"Noniana","status":"filia Titi, femina, rarissima, univiria"},{"nomen":"Ulpius","gender":"male","raw_name":"M. U[l]pius Theophilus","praenomen":"Marcus","cognomen":"Theophilus","status":"coniunx, carissimus, castissimus"}]}},{"type":"Feature","geometry":{"type":"Point","coordinates":[8.93,44.41]},"properties":{"edcs_id":"EDCS-05401013","findspot":"Genova / Genua","raw_text":"Octavia |(mulieris) l(iberta) / P[h]ilumina / hic sita est","date_from":null,"date_to":null,"marker_gender":"female","is_individual":false,"edcs_url":"https://edcs.hist.uzh.ch/en/document?edcs-id=EDCS-05401013","persons":[{"nomen":"Octavia","gender":"female","raw_name":"Octavia |(mulieris) l. P[h]ilumina","cognomen":"Philumina","status":"mulieris liberta"}]}},{"type":"Feature","geometry":{"type":"Point","coordinates":[8.93,44.41]},"properties":{"edcs_id":"EDCS-05401015","findspot":"Genova / Genua","raw_text":"Sergiae Trophime / A(ulus) Sergius Epaphroditus / coniugi / A(ulus) Sergius Sergianus / filius fecer(unt)","date_from":null,"date_to":null,"marker_gender":"mixed","is_individual":false,"edcs_url":"https://edcs.hist.uzh.ch/en/document?edcs-id=EDCS-05401015","persons":[{"nomen":"Sergia","gender":"female","raw_name":"Sergiae Trophime","cognomen":"Trophime","status":"coniunx"},{"nomen":"Sergius","gender":"male","raw_name":"A. Sergius Epaphroditus","praenomen":"Aulus","cognomen":"Epaphroditus"},{"nomen":"Sergius","gender":"male","raw_name":"A. Sergius Sergianus","praenomen":"Aulus","cognomen":"Sergianus","status":"filius"}]}},{"type":"Feature","geometry":{"type":"Point","coordinates":[8.93,44.41]},"properties":{"edcs_id":"EDCS-05401016","findspot":"Genova / Genua","raw_text":"D(is) M(anibus) / C(ai) Trocinai / Honesimi / L(ucius) Pedanius Ursus / amico in/comparabili / b(ene) m(erenti) f(ecit)","date_from":201,"date_to":300,"marker_gender":"male","is_individual":false,"edcs_url":"https://edcs.hist.uzh.ch/en/document?edcs-id=EDCS-05401016","persons":[{"nomen":"Trocinai","gender":"male","raw_name":"C. Trocinai Honesimi","praenomen":"Caius","cognomen":"Honesimus"},{"nomen":"Pedanius","gender":"male","raw_name":"L. Pedanius Ursus","praenomen":"Lucius","cognomen":"Ursus","status":"amicus, incomparabilis, bene merens"}]}},{"type":"Feature","geometry":{"type":"Point","coordinates":[8.93,44.41]},"properties":{"edcs_id":"EDCS-05401018","findspot":"Genova / Genua","raw_text":"D(is) M(anibus) / C(aio) Urbinio / Victori","date_from":201,"date_to":300,"marker_gender":"male","is_individual":false,"edcs_url":"https://edcs.hist.uzh.ch/en/document?edcs-id=EDCS-05401018","persons":[{"nomen":"Urbinius","gender":"male","raw_name":"C. Urbinio Victori","praenomen":"Caius","cognomen":"Victor"}]}},{"type":"Feature","geometry":{"type":"Point","coordinates":[8.93,44.41]},"properties":{"edcs_id":"EDCS-05401019","findspot":"Genova / Genua","raw_text":"Chrysaei / in pace","date_from":301,"date_to":600,"marker_gender":"male","is_individual":false,"edcs_url":"https://edcs.hist.uzh.ch/en/document?edcs-id=EDCS-05401019","persons":[{"nomen":"","gender":"male","raw_name":"Chrysaei","cognomen":"Chrysaeus"}]}},{"type":"Feature","geometry":{"type":"Point","coordinates":[8.93,44.41]},"properties":{"edcs_id":"EDCS-05401020","findspot":"Genova / Genua","raw_text":"Hic requiescit in pace b(onae) m(emoriae) Magnus mil(es) / n<u=O>me(ri) (f)elic(ium) Il(l)<yri=ETO>(corum) qui vixit in saeculo ann(os) / pl(us) m(inus) XXXV dep(ositus) est sub d(ie) VII Id(us) Aug(ustas) / Imp(eratore) domino nostro Mauricio Tiberio p(atre) p(atriae) / Aug(usto) anno octavo indictione octava","date_from":null,"date_to":null,"marker_gender":"male","is_individual":false,"edcs_url":"https://edcs.hist.uzh.ch/en/document?edcs-id=EDCS-05401020","persons":[{"nomen":"","gender":"male","raw_name":"Magnus mil.","cognomen":"Magnus","status":"miles, bonae memoriae"},{"nomen":"Mauricius","gender":"male","raw_name":"Mauricio Tiberio","cognomen":"Tiberius","status":"Imperator, dominus noster, pater patriae, Augustus","is_imperial":true}]}},{"type":"Feature","geometry":{"type":"Point","coordinates":[8.93,44.41]},"properties":{"edcs_id":"EDCS-05401021","findspot":"Genova / Genua","raw_text":"Hic requiescit bonae / memoriae Sanctulus / subdiac(onus) in pace qui vixit / annos p(lus) m(inus) LXXX d(e)p(ositio) eius VI / Kal(endas) Maias cons(ulatu) Albini v(iri) c(larissimi) cons(ulis)","date_from":null,"date_to":null,"marker_gender":"male","is_individual":false,"edcs_url":"https://edcs.hist.uzh.ch/en/document?edcs-id=EDCS-05401021","persons":[{"nomen":"","gender":"male","raw_name":"Sanctulus","cognomen":"Sanctulus","status":"subdiaconus"}]}},{"type":"Feature","geometry":null,"properties":{"edcs_id":"EDCS-05401022","findspot":"Sestri Ponente","raw_text":"D(is) M(anibus) / <L=I>(ucius) Faenius / Zosimus / f(ecit) sibi et / Faeniae / Heurete [f(iliae)] / et suis / posterisq(ue) eor(um)","date_from":null,"date_to":null,"marker_gender":"mixed","is_individual":true,"edcs_url":"https://edcs.hist.uzh.ch/en/document?edcs-id=EDCS-05401022","persons":[{"nomen":"Faenius","gender":"male","raw_name":"L. Faenius Zosimus","praenomen":"Lucius","cognomen":"Zosimus"},{"nomen":"Faenia","gender":"female","raw_name":"Faeniae Heurete","cognomen":"Heurete","status":"filia"}]}},{"type":"Feature","geometry":{"type":"Point","coordinates":[8.48,44.31]},"properties":{"edcs_id":"EDCS-05401023","findspot":"Savona / Savo","raw_text":"C(aius) Gellius C(ai) f(ilius) / pont(ifex) max(imus) / IIII Id(us) Decembres / v(ixit) a(nnos) LI","date_from":1,"date_to":100,"marker_gender":"male","is_individual":false,"edcs_url":"https://edcs.hist.uzh.ch/en/document?edcs-id=EDCS-05401023","persons":[{"nomen":"Gellius","gender":"male","raw_name":"C. Gellius C. f.","praenomen":"Gaius","status":"pontifex maximus"}]}},{"type":"Feature","geometry":{"type":"Point","coordinates":[8.44,44.27]},"properties":{"edcs_id":"EDCS-05401026","findspot":"Vado Ligure / Vada Sabatia","raw_text":"P(ublio) Vatinio T(iti) [3] / Secundo [3] / L(uci) f(ilia) Quart[a uxor] / eius mo[n(umentum)","date_from":null,"date_to":null,"marker_gender":"mixed","is_individual":false,"edcs_url":"https://edcs.hist.uzh.ch/en/document?edcs-id=EDCS-05401026","persons":[{"nomen":"Vatinius","gender":"male","raw_name":"P. Vatinio T(iti) [3] Secundo [3]","praenomen":"Publius","cognomen":"Secundus"},{"nomen":"","gender":"female","raw_name":"L. f. Quart[a uxor]","cognomen":"Quarta","status":"filia Luci, uxor"}]}},{"type":"Feature","geometry":{"type":"Point","coordinates":[8.44,44.27]},"properties":{"edcs_id":"EDCS-05401027","findspot":"Bergeggi","raw_text":"] / [Cr]escentianus / [3]eimus","date_from":null,"date_to":null,"marker_gender":"male","is_individual":false,"edcs_url":"https://edcs.hist.uzh.ch/en/document?edcs-id=EDCS-05401027","persons":[{"nomen":"","gender":"male","raw_name":"[Cr]escentianus","cognomen":"Crescentianus"}]}},{"type":"Feature","geometry":{"type":"Point","coordinates":[8.44,44.27]},"properties":{"edcs_id":"EDCS-05401028","findspot":"Bergeggi","raw_text":"[D(is)] M(anibus) / [3]iae C(ai) f(iliae) Summae / matri / Iuniae Q(uinti) f(iliae) Secundae / sorori / v(ivus) Q(uintus) Iunius Q(uinti) f(ilius) Optatus","date_from":71,"date_to":150,"marker_gender":"mixed","is_individual":false,"edcs_url":"https://edcs.hist.uzh.ch/en/document?edcs-id=EDCS-05401028","persons":[{"nomen":"","gender":"female","raw_name":"[3]iae C. f. Summae","cognomen":"Summa","status":"filia Cai, matri"},{"nomen":"Iunia","gender":"female","raw_name":"Iuniae Q. f. Secundae","cognomen":"Secunda","status":"filia Quinti, sorori"},{"nomen":"Iunius","gender":"male","raw_name":"Q. Iunius Q. f. Optatus","praenomen":"Quintus","cognomen":"Optatus"}]}},{"type":"Feature","geometry":{"type":"Point","coordinates":[8.44,44.27]},"properties":{"edcs_id":"EDCS-05401029","findspot":"Bergeggi","raw_text":"Valeriae D(ecimi) f(iliae) Proclae L(ucius) Nemanius Cam(ilia) Severus / vir et Papiria Sex(ti) l(iberta) Prisca mater sibi et suis / v(ivi) f(ecerunt)","date_from":null,"date_to":null,"marker_gender":"mixed","is_individual":false,"edcs_url":"https://edcs.hist.uzh.ch/en/document?edcs-id=EDCS-05401029","persons":[{"nomen":"Valeria","gender":"female","raw_name":"Valeriae D. f. Proclae","cognomen":"Procla","status":"filia Decimi"},{"nomen":"Nemania","gender":"male","raw_name":"L. Nemanius Cam. Severus","cognomen":"Severus","status":"tribus: Camilia"},{"nomen":"Papiria","gender":"female","raw_name":"Papiria Sex. l. Prisca","cognomen":"Prisca","status":"liberta Sex. mater"}]}},{"type":"Feature","geometry":{"type":"Point","coordinates":[8.21,44.05]},"properties":{"edcs_id":"EDCS-05401032","findspot":"Albenga / Albingaunum","raw_text":"[P(ublio)] Metilio / P(ubli) f(ilio) Fal(erna) / Tertullino / Vennoniano / c(larissimo) v(iro) Laur(enti) Lavin(ati) quaestori designato / patrono / plebs urbana / Albingaunens(ium) / l(ocus) d(atus) d(ecreto) d(ecurionum)","date_from":191,"date_to":220,"marker_gender":"male","is_individual":false,"edcs_url":"https://edcs.hist.uzh.ch/en/document?edcs-id=EDCS-05401032","persons":[{"nomen":"Metilius","gender":"male","raw_name":"P. Metilio P. f. Fal. Tertullino Vennoniano c.v. Laur. Lavin. quaestori designato","praenomen":"Publius","cognomen":"Tertullianus Vennonianus","status":"tribus: Falerna, patrono, clarissimo viro, Laurente Lavinate, quaestori designato"}]}},{"type":"Feature","geometry":{"type":"Point","coordinates":[8.22,44.05]},"properties":{"edcs_id":"EDCS-05401033","findspot":"Albenga / Albingaunum","raw_text":"M(arcus) Valerius Bradua Mauricus c(larissimae) m(emoriae) v(ir) / co(n)s(ul) pont(ifex) sodalis Hadrianalis / curator operum publicorum curator / aquarum sacrae urbis et Miniciae / censitor provinciae Aqu<i=E>tanicae / proco(n)s(ul) provinciae Africae / balneum quod viv<u=O>s inchoaverat / Q(uintus) Vi[b]ius Egnatius Sulpicius Priscus / consularis pontifex et flamen divi Severi / curator aquarum sacrae urbis et Miniciae / eodemque tempore praefectus alimentorum / perfectum Albi[n]ga[u]nensibus a[t]signavit","date_from":211,"date_to":250,"marker_gender":"male","is_individual":false,"edcs_url":"https://edcs.hist.uzh.ch/en/document?edcs-id=EDCS-05401033","persons":[{"nomen":"Valerius","gender":"male","raw_name":"M. Valerius Bradua Mauricus c.m.v.","praenomen":"Marcus","cognomen":"Bradua Mauricus","status":"consul, pontifex, sodalis Hadrianalis, curator operum publicorum, curator aquarum sacrae urbis et Miniciae, censitor provinciae Aquitanicae, proconsul provinciae Africae, clarissimae memoriae vir"},{"nomen":"Vibius Egnatius Sulpicius","gender":"male","raw_name":"Q. Vi[b]ius Egnatius Sulpicius Priscus","praenomen":"Quintus","cognomen":"Priscus","status":"consularis, pontifex, flamen divi Severi, curator aquarum sacrae urbis et Miniciae, praefectus alimentorum"}]}},{"type":"Feature","geometry":{"type":"Point","coordinates":[8.21,44.05]},"properties":{"edcs_id":"EDCS-05401034","findspot":"Albenga / Albingaunum","raw_text":"P(ublio) Muc(io) P(ubli) fil(io) / Pub(lilia) Vero / equiti Romano / equo publico / patrono municipii / trib(uno) leg(ionis) III Gallic(ae) / censitori / provinc(iae) Thraciae / civi optimo / semper pro municip(um) / incolumitat(e) sollicit(o) / plebs urbana","date_from":217,"date_to":300,"marker_gender":"male","is_individual":false,"edcs_url":"https://edcs.hist.uzh.ch/en/document?edcs-id=EDCS-05401034","persons":[{"nomen":"Mucianus","gender":"male","raw_name":"P. Muc. P. fil. Pub. Vero equiti Romano equo publico patrono municipii trib. leg. III Gallic.","praenomen":"Publius","cognomen":"Verus","status":"eques Romanus equo publico, patrono municipii, tribuno legionis III Gallicae, censitori provinciae Thraciae, civi optimo"}]}},{"type":"Feature","geometry":{"type":"Point","coordinates":[8.21,44.05]},"properties":{"edcs_id":"EDCS-05401035","findspot":"Albenga / Albingaunum","raw_text":"L(ucius) Aurelius L(uci) f(ilius) [3] / Meleager aed[ilis 3] / bis praef(ectus) q(uaestor) sib[i et] / Aureliae L(uci) f(iliae) Po[3] / et P(ublio) Aurelio L(uci) f(ilio) [3] / fratri / [","date_from":51,"date_to":100,"marker_gender":"mixed","is_individual":false,"edcs_url":"https://edcs.hist.uzh.ch/en/document?edcs-id=EDCS-05401035","persons":[{"nomen":"Aurelius","gender":"male","raw_name":"L. Aurelius L. f. [3] Meleager aed[ilis 3] bis praef. q.","praenomen":"Lucius","cognomen":"Meleager","status":"aedilis, praefectus, quaestor"},{"nomen":"Aurelia","gender":"female","raw_name":"Aureliae L. f. Po[3]","status":"filia Luci"},{"nomen":"Aurelius","gender":"male","raw_name":"P. Aurelio L. f. [3]","praenomen":"Publius","status":"frater"}]}},{"type":"Feature","geometry":{"type":"Point","coordinates":[8.21,44.05]},"properties":{"edcs_id":"EDCS-05401036","findspot":"Albenga / Albingaunum","raw_text":"Cassio Valeriano / viro innocenti / principali / civ[it]atis qui vixit / ann(os) p(lus) m(inus) LXX b(onae) m(emoriae) / ux(or) et filii fecer(unt) / d(e)p(ositus) V K(alendas) Ian(uarias)","date_from":301,"date_to":400,"marker_gender":"male","is_individual":false,"edcs_url":"https://edcs.hist.uzh.ch/en/document?edcs-id=EDCS-05401036","persons":[{"nomen":"Cassius","gender":"male","raw_name":"Cassio Valeriano","cognomen":"Valerianus","status":"principali, bonae memoriae vir"}]}},{"type":"Feature","geometry":{"type":"Point","coordinates":[8.21,44.05]},"properties":{"edcs_id":"EDCS-05401037","findspot":"Albenga / Albingaunum","raw_text":"P(ublius) Granius / P(ubli) l(ibertus) Hyla / Augustalis / v(ivus) f(ecit) sibi et / Betutiae |(mulieris) l(ibertae) / Quartae matri","date_from":1,"date_to":100,"marker_gender":"mixed","is_individual":false,"edcs_url":"https://edcs.hist.uzh.ch/en/document?edcs-id=EDCS-05401037","persons":[{"nomen":"Granus","gender":"male","raw_name":"P. Granius P. l. Hyla Augustalis","praenomen":"Publius","cognomen":"Hyla","status":"Augustalis"},{"nomen":"Betutia","gender":"female","raw_name":"Betutiae |(mulieris) l. Quartae","cognomen":"Quarta","status":"mulieris libertae, matri"}]}},{"type":"Feature","geometry":{"type":"Point","coordinates":[8.21,44.05]},"properties":{"edcs_id":"EDCS-05401038","findspot":"Albenga / Albingaunum","raw_text":"[3]","date_from":51,"date_to":150,"marker_gender":"male","is_individual":false,"edcs_url":"https://edcs.hist.uzh.ch/en/document?edcs-id=EDCS-05401038","persons":[{"nomen":"Valerius","gender":"male","raw_name":"[3]us C. f. Pub. C[3] [IIII]v. a.p. IIIIv. i.d. flam.","praenomen":"Caius","status":"filius, Pub(lilia), IIIIvir, aedilicia potestate, IIIIvir iure dicundo, flamen Augusti"}]}},{"type":"Feature","geometry":{"type":"Point","coordinates":[8.22,44.05]},"properties":{"edcs_id":"EDCS-05401039","findspot":"Albenga / Albingaunum","raw_text":"M(arco) Valerio / M(arci) f(ilio) Recto / v(ixit) a(nnos) XXII","date_from":null,"date_to":null,"marker_gender":"male","is_individual":false,"edcs_url":"https://edcs.hist.uzh.ch/en/document?edcs-id=EDCS-05401039","persons":[{"nomen":"Valerius","gender":"male","raw_name":"M. Valerio M. f. Recto","praenomen":"Marcus","cognomen":"Rectus"}]}},{"type":"Feature","geometry":{"type":"Point","coordinates":[8.22,44.05]},"properties":{"edcs_id":"EDCS-05401040","findspot":"Albenga / Albingaunum","raw_text":"[3] Valerio T(iti) f(ilio) Po[b(lilia)] / Salvio Libra / sibi et / Polliae |(mulieris) l(ibertae) Amabili // [3] Valerio T(iti) f(ilio) / [Po]b(lilia) Salvio / [Libr]a v(ivis) f(ecit) / [sibi] et / [Polliae |(mulieris)] l[i]b(ertae) Amabili","date_from":null,"date_to":null,"marker_gender":"mixed","is_individual":false,"edcs_url":"https://edcs.hist.uzh.ch/en/document?edcs-id=EDCS-05401040","persons":[{"nomen":"Valerius","gender":"male","raw_name":"[3] Valerio T. f. Po. Salvio Libra","cognomen":"Salvius Libra","status":"tribus: Poblilia"},{"nomen":"Pollia","gender":"female","raw_name":"Polliae |(mulieris) l. Amabili","cognomen":"Amabilis","status":"mulieris libertae"}]}},{"type":"Feature","geometry":{"type":"Point","coordinates":[8.22,44.05]},"properties":{"edcs_id":"EDCS-05401041","findspot":"Albenga / Albingaunum","raw_text":"M(arco) Vibullio P(ubli) f(ilio) / Pub(lilia) Proculo / Cornelia Q(uinti) f(ilia) / Procula mater / filio optimo / qui vixit ann(os) XVII","date_from":null,"date_to":null,"marker_gender":"mixed","is_individual":false,"edcs_url":"https://edcs.hist.uzh.ch/en/document?edcs-id=EDCS-05401041","persons":[{"nomen":"Vibullius","gender":"male","raw_name":"M. Vibullio P. f. Pub. Proculo","praenomen":"Marcus","cognomen":"Proculus","status":"filio optimo"},{"nomen":"Cornelia","gender":"female","raw_name":"Cornelia Q. f. Procula","cognomen":"Procula","status":"mater"}]}},{"type":"Feature","geometry":{"type":"Point","coordinates":[8.22,44.05]},"properties":{"edcs_id":"EDCS-05401042","findspot":"Albenga / Albingaunum","raw_text":"Hic requies(cit) b(onae) m(emoriae) Heliades / hoc te petimus Chr(ist)e ut auxiliare digneris / [3] tuae voca[3]io / eripe eam d[e manibus diabo]li qu[ae tibi bene]dixit / dieb(us) vitae suae ut [gaudeat] in futura / vita misericordia sua / libera eam Chr(ist)e [et eam(?) recipe]re / ac introducere digneris in loc[um] beatitu/dinis tuae antecedat pietas tua / quia in vituetate(!) sua permansit in amore tuo / amn() [proinde] da ei d(omi)ne in futura vita quod / te petierit in praesenti et ne retribuas ei / sua facinora sed tu d(omi)ne qui / [misericors(?) e]s(?) dignare","date_from":null,"date_to":null,"marker_gender":"female","is_individual":false,"edcs_url":"https://edcs.hist.uzh.ch/en/document?edcs-id=EDCS-05401042","persons":[{"nomen":"","gender":"female","raw_name":"Heliades","cognomen":"Heliades","status":"bonae memoriae"}]}},{"type":"Feature","geometry":{"type":"Point","coordinates":[8.22,44.05]},"properties":{"edcs_id":"EDCS-05401043","findspot":"Albenga / Albingaunum","raw_text":"Hic requiescit in pace b(onae) m(emoriae) Honorata clarissima et / p(ia) f(emina) coniunx Tzittani com(itis) et trib(uni) quae vixit in hoc saec(ulo) / ann(os) XL depos(ita) est sub d(ie) Kal(endas) Febr(uarias) ind(ictione) prima Imp(eratoris) et cons(ulis) / d(omini) n(ostri) Iustini p(er)p(etui) Aug(usti) anno tertio / rogo te per d(ominu)m omn(i)p(otente)m et I<e=H>(su)m Chr(istu)m Nazarenum ne me tangas nec sepulcrum meum / violis nam ante t[ri]bunal aeterni iudicis mecum causam dicis","date_from":null,"date_to":null,"marker_gender":"mixed","is_individual":false,"edcs_url":"https://edcs.hist.uzh.ch/en/document?edcs-id=EDCS-05401043","persons":[{"nomen":"","gender":"female","raw_name":"Honorata clarissima et p.f.","cognomen":"Honorata","status":"clarissima et pia femina, coniunx Tzittani comitis et tribuni"},{"nomen":"","gender":"male","raw_name":"Tzittani","cognomen":"Tzittanus","status":"comes et tribunus"}]}},{"type":"Feature","geometry":{"type":"Point","coordinates":[8.21,44.05]},"properties":{"edcs_id":"EDCS-05401044","findspot":"Albenga / Albingaunum","raw_text":"H(a)ec tibi ego Mari[3]vv quot igitur tua membra / marteres Chr(ist)i inclide [3] anim(a)e nostr(a)e <q=C>(u)o<t=D> tibi lego / Marinace S VVRARP[3]novavi","date_from":301,"date_to":500,"marker_gender":"male","is_individual":false,"edcs_url":"https://edcs.hist.uzh.ch/en/document?edcs-id=EDCS-05401044","persons":[{"nomen":"","gender":"male","raw_name":"Marinac S VVRARP[3]novavi","cognomen":"Marinac"}]}},{"type":"Feature","geometry":{"type":"Point","coordinates":[8.02,44.2]},"properties":{"edcs_id":"EDCS-05401046","findspot":"Garessio","raw_text":"M(arci) Baebi M(arci) f(ilii) / Pub(lilia) a(nnorum) XXXI","date_from":1,"date_to":50,"marker_gender":"male","is_individual":false,"edcs_url":"https://edcs.hist.uzh.ch/en/document?edcs-id=EDCS-05401046","persons":[{"nomen":"Baebius","gender":"male","raw_name":"M. Baebi M. f.","praenomen":"Marcus","status":"tribus: Poblilia"}]}},{"type":"Feature","geometry":null,"properties":{"edcs_id":"EDCS-05401047","findspot":"Pamparato","raw_text":"M(arco) Valeri(o) P(ubli) f(ilio) / Muscioni et / Valeriai(!) M(arci) f(iliae) / Poeni ux(ori)","date_from":null,"date_to":null,"marker_gender":"mixed","is_individual":true,"edcs_url":"https://edcs.hist.uzh.ch/en/document?edcs-id=EDCS-05401047","persons":[{"nomen":"Valerius","gender":"male","raw_name":"M. Valeri P. f. Muscioni","praenomen":"Marcus","cognomen":"Muscio","status":"filius Publii"},{"nomen":"Valeria","gender":"female","raw_name":"Valeriai M. f. Poeni","cognomen":"Poena","status":"filia Marci, uxor"}]}},{"type":"Feature","geometry":null,"properties":{"edcs_id":"EDCS-05401048","findspot":"Pamparato","raw_text":"P(ubli) Vari P(ubli) f(ilii) / Secundi","date_from":null,"date_to":null,"marker_gender":"male","is_individual":true,"edcs_url":"https://edcs.hist.uzh.ch/en/document?edcs-id=EDCS-05401048","persons":[{"nomen":"Varius","gender":"male","raw_name":"P. Vari P. f. Secundi","praenomen":"Publius","cognomen":"Secundus","status":"filius Publii"}]}},{"type":"Feature","geometry":null,"properties":{"edcs_id":"EDCS-05401049","findspot":"Pamparato","raw_text":"Q(uinti) Voconi / T(iti) f(ilii)","date_from":null,"date_to":null,"marker_gender":"male","is_individual":true,"edcs_url":"https://edcs.hist.uzh.ch/en/document?edcs-id=EDCS-05401049","persons":[{"nomen":"Voconius","gender":"male","raw_name":"Q. Voconi T. f.","praenomen":"Quintus","status":"filius Titi"}]}},{"type":"Feature","geometry":null,"properties":{"edcs_id":"EDCS-05401050","findspot":"Pamparato","raw_text":"Matius Ti(beri) <l=T>(ibertus) Tert()","date_from":null,"date_to":null,"marker_gender":"male","is_individual":true,"edcs_url":"https://edcs.hist.uzh.ch/en/document?edcs-id=EDCS-05401050","persons":[{"nomen":"Matius","gender":"male","raw_name":"Matius Ti. l. Tert()","cognomen":"Tertius","status":"libertus Tiberii"}]}},{"type":"Feature","geometry":null,"properties":{"edcs_id":"EDCS-05401051","findspot":"Pamparato","raw_text":"Viasoni/a","date_from":null,"date_to":null,"marker_gender":"female","is_individual":true,"edcs_url":"https://edcs.hist.uzh.ch/en/document?edcs-id=EDCS-05401051","persons":[{"nomen":"","gender":"female","raw_name":"Viasonia","cognomen":"Viasonia"}]}},{"type":"Feature","geometry":{"type":"Point","coordinates":[7.87,44.32]},"properties":{"edcs_id":"EDCS-05401053","findspot":"Montaldo di Mondovi / Vallis Tanari Superior","raw_text":"T(ito) Voco[nio] / M(arci) f(ilio) Pub(lilia) M[on]/tano / T(ito) Vo[c]/onio M(arci) f(ilio) / Tertio T(itus) Re/tius Alebo/ni f(ilius) (h)eres tes(tamento) / faciundum / curavit","date_from":1,"date_to":50,"marker_gender":"male","is_individual":true,"edcs_url":"https://edcs.hist.uzh.ch/en/document?edcs-id=EDCS-05401053","persons":[{"nomen":"Voconius","gender":"male","raw_name":"T. Voconio M. f. Pub. Montano","praenomen":"Titus","cognomen":"Montanus","status":"tribus: Publilia, filius Marci"},{"nomen":"Voconius","gender":"male","raw_name":"T. Voconio M. f. Tertio","praenomen":"Titus","cognomen":"Tertius","status":"filius Marci"},{"nomen":"Retius","gender":"male","raw_name":"T. Retius Aleboni f.","praenomen":"Titus","status":"filius Alebonis, heres"}]}},{"type":"Feature","geometry":{"type":"Point","coordinates":[7.97,44.37]},"properties":{"edcs_id":"EDCS-05401054","findspot":"Mombasiglio","raw_text":"Herculi M(arcus) Cassius Messor / IIIIvir i(ure) d(icundo) aram <c=Q>um solo / {c} publicavit","date_from":71,"date_to":130,"marker_gender":"male","is_individual":false,"edcs_url":"https://edcs.hist.uzh.ch/en/document?edcs-id=EDCS-05401054","persons":[{"nomen":"Cassius","gender":"male","raw_name":"M. Cassius Messor IIIIvir i. d.","praenomen":"Marcus","cognomen":"Messor","status":"IIIIvir iure dicundo"}]}},{"type":"Feature","geometry":{"type":"Point","coordinates":[8.02,44.42]},"properties":{"edcs_id":"EDCS-05401057","findspot":"Roascio","raw_text":"M(arcus) Terentius P(ubli) [f(ilius)] Pub(lilia) / Optatus t(estamento) f(ieri) i(ussit)","date_from":null,"date_to":null,"marker_gender":"male","is_individual":false,"edcs_url":"https://edcs.hist.uzh.ch/en/document?edcs-id=EDCS-05401057","persons":[{"nomen":"Terentius","gender":"male","raw_name":"M. Terentius P. [f.] Pub. Optatus","praenomen":"Marcus","cognomen":"Optatus","status":"tribus: Publilia, filius Publi"}]}},{"type":"Feature","geometry":{"type":"Point","coordinates":[8.07,44.43]},"properties":{"edcs_id":"EDCS-05401058","findspot":"Paroldo","raw_text":"L(ucius) Licinius / C(ai) f(ilius) Pup(inia) / CAE[3] / M[3] / V[","date_from":1,"date_to":100,"marker_gender":"male","is_individual":true,"edcs_url":"https://edcs.hist.uzh.ch/en/document?edcs-id=EDCS-05401058","persons":[{"nomen":"Licinius","gender":"male","raw_name":"L. Licinius C. f. Pup. CAE[3]","praenomen":"Lucius","status":"tribus: Pupinia, filius Caii"}]}},{"type":"Feature","geometry":null,"properties":{"edcs_id":"EDCS-05401059","findspot":"Taggia / Tavia","raw_text":"Victoriae Aeter/ni I<n=M>victi Iovis / Optimi Maximi / M(arcus) Val(erius) Caminas / castelli restitutor / Autolycus","date_from":null,"date_to":null,"marker_gender":"male","is_individual":true,"edcs_url":"https://edcs.hist.uzh.ch/en/document?edcs-id=EDCS-05401059","persons":[{"nomen":"Valerius","gender":"male","raw_name":"M. Val. Caminas castelli restitutor","praenomen":"Marcus","cognomen":"Caminas","status":"castelli restitutor"},{"nomen":"","gender":"male","raw_name":"Autolycus","cognomen":"Autolycus"}]}},{"type":"Feature","geometry":{"type":"Point","coordinates":[7.6,43.79]},"properties":{"edcs_id":"EDCS-05401060","findspot":"Ventimiglia / Albintimilium","raw_text":"Apollini / v(otum) s(olvit) / M(arcus) C() Anthius","date_from":101,"date_to":200,"marker_gender":"male","is_individual":false,"edcs_url":"https://edcs.hist.uzh.ch/en/document?edcs-id=EDCS-05401060","persons":[{"nomen":"","gender":"male","raw_name":"M(arcus) C() Anthius","praenomen":"Marcus","cognomen":"Anthius","status":"votum solvit"}]}},{"type":"Feature","geometry":{"type":"Point","coordinates":[7.6,43.79]},"properties":{"edcs_id":"EDCS-05401061","findspot":"Ventimiglia / Albintimilium","raw_text":"Iunoni Reginae sacr(um) / ob honorem memoriamque Verginiae P(ubli) f(iliae) / Paternae P(ublius) Verginius Rhodion lib(ertus) nomine / suo et Metiliae Tertullinae flaminic(ae) uxoris / suae et liberorum suorum Verginiorum Quieti / Paternae Restitutae et Quietae / s(ua) p(ecunia) p(osuit)","date_from":151,"date_to":250,"marker_gender":"mixed","is_individual":false,"edcs_url":"https://edcs.hist.uzh.ch/en/document?edcs-id=EDCS-05401061","persons":[{"nomen":"Verginia","gender":"female","raw_name":"Verginiae P(ubli) f(iliae) Paternae","cognomen":"Paterna","status":"filia Publi","cluster_id":836,"cluster_size":2},{"nomen":"Verginius","gender":"male","raw_name":"P(ublius) Verginius Rhodion","praenomen":"Publius","cognomen":"Rhodion","status":"libertus"},{"nomen":"Metilia","gender":"female","raw_name":"Metiliae Tertullinae","cognomen":"Tertullina","status":"flaminica, uxor"},{"nomen":"Verginia","gender":"female","raw_name":"Verginiorum Quieti","cognomen":"Quies","cluster_id":839,"cluster_size":2},{"nomen":"Verginia","gender":"female","raw_name":"Paternae","cognomen":"Paterna","cluster_id":836,"cluster_size":2},{"nomen":"Verginia","gender":"female","raw_name":"Restitutae","cognomen":"Restituta"},{"nomen":"Verginia","gender":"female","raw_name":"Quietae","cognomen":"Quies","cluster_id":839,"cluster_size":2}]}},{"type":"Feature","geometry":{"type":"Point","coordinates":[7.55,43.99]},"properties":{"edcs_id":"EDCS-05401063","findspot":"Saorge / Albintimilium","raw_text":"M(anio) Atilio L(uci) f(ilio) Fal(erna) Alpino aed(ili) / v(ivae) Atiliae M(ani) f(iliae) Veamonae / L(ucio) Atilio M(ani) f(ilio) Cupito / C(aio) Atilio M(ani) f(ilio) Alpino / M(anio) Atilio M(ani) f(ilio) Prisco / Atiliae M(ani) f(iliae) Posillae / Atiliae M(ani) f(iliae) Secundae / Liciniae C(ai) f(iliae) Cupitae nep(otae) / t(estamento) f(ieri) i(ussit)","date_from":1,"date_to":100,"marker_gender":"mixed","is_individual":true,"edcs_url":"https://edcs.hist.uzh.ch/en/document?edcs-id=EDCS-05401063","persons":[{"nomen":"Atilius","gender":"male","raw_name":"M. Atilio L. f. Fal. Alpino","praenomen":"Manius","cognomen":"Alpinus","status":"tribus: Falerna, aedilis"},{"nomen":"Atilia","gender":"female","raw_name":"Atiliae M. f. Veamonae","cognomen":"Veamona","status":"filia Manii"},{"nomen":"Atilius","gender":"male","raw_name":"L. Atilio M. f. Cupito","praenomen":"Lucius","cognomen":"Cupitus","status":"filius Manii"},{"nomen":"Atilius","gender":"male","raw_name":"C. Atilio M. f. Alpino","praenomen":"Gaius","cognomen":"Alpinus","status":"filius Manii"},{"nomen":"Atilius","gender":"male","raw_name":"M. Atilio M. f. Prisco","praenomen":"Manius","cognomen":"Priscus","status":"filius Manii"},{"nomen":"Atilia","gender":"female","raw_name":"Atiliae M. f. Posillae","cognomen":"Posilla","status":"filia Manii"},{"nomen":"Atilia","gender":"female","raw_name":"Atiliae M. f. Secundae","cognomen":"Secunda","status":"filia Manii"},{"nomen":"Licinia","gender":"female","raw_name":"Liciniae C. f. Cupitae","cognomen":"Cupita","status":"filia Gai, neptis"}]}},{"type":"Feature","geometry":{"type":"Point","coordinates":[7.6,43.79]},"properties":{"edcs_id":"EDCS-05401064","findspot":"Ventimiglia / Albintimilium","raw_text":"Q(uinto) Mantio Q(uinti) fil(io) / Palat(ina) Placido / eq(uo) publico aedili / IIvir(o) sacerdoti La/nuvino L(ucius) Polfen/nius Cerdo et Man/tia Lucida cum libe/ris suis Mantis Lucife/ro et Zenione po/suerunt s(ua) p(ecunia)","date_from":101,"date_to":200,"marker_gender":"mixed","is_individual":false,"edcs_url":"https://edcs.hist.uzh.ch/en/document?edcs-id=EDCS-05401064","persons":[{"nomen":"Mantius","gender":"male","raw_name":"Q(uinto) Mantio Q(uinti) fil(io) Palat(ina) Placido","praenomen":"Quintus","cognomen":"Placidus","status":"tribus: Palatina, equo publico, aedilis, IIvir, sacerdos Lanuvinus"},{"nomen":"Polfennius","gender":"male","raw_name":"L(ucius) Polfennius Cerdo","praenomen":"Lucius","cognomen":"Cerdo"},{"nomen":"Mantia","gender":"female","raw_name":"Mantia Lucida","cognomen":"Lucida"},{"nomen":"Mantius","gender":"male","raw_name":"Mantis Lucifero","cognomen":"Lucifer"},{"nomen":"Mantius","gender":"male","raw_name":"Zenione","cognomen":"Zenio"}]}},{"type":"Feature","geometry":{"type":"Point","coordinates":[7.6,43.79]},"properties":{"edcs_id":"EDCS-05401065","findspot":"Ventimiglia / Albintimilium","raw_text":"Dedic(avit?) A(ulus) T() Q(uinti) f(ilius?) P()","date_from":null,"date_to":null,"marker_gender":"male","is_individual":false,"edcs_url":"https://edcs.hist.uzh.ch/en/document?edcs-id=EDCS-05401065","persons":[{"nomen":"","gender":"male","raw_name":"A(ulus) T() Q(uinti) f(ilius?) P()","praenomen":"Aulus","status":"filius Quinti"}]}},{"type":"Feature","geometry":{"type":"Point","coordinates":[7.6,43.79]},"properties":{"edcs_id":"EDCS-05401066","findspot":"Ventimiglia / Albintimilium","raw_text":"P]ompeio / [3 M]acro / [3] piissimo","date_from":null,"date_to":null,"marker_gender":"male","is_individual":false,"edcs_url":"https://edcs.hist.uzh.ch/en/document?edcs-id=EDCS-05401066","persons":[{"nomen":"Pompeius","gender":"male","raw_name":"]ompeio [3 M]acro [3]","cognomen":"Macer","status":"piissimus"}]}},{"type":"Feature","geometry":{"type":"Point","coordinates":[7.47,44.52]},"properties":{"edcs_id":"EDCS-05401081","findspot":"Forum Germanorum","raw_text":"Victoria[e] / Aug(ustae) / Vibius Caestii / [","date_from":1,"date_to":100,"marker_gender":"male","is_individual":false,"edcs_url":"https://edcs.hist.uzh.ch/en/document?edcs-id=EDCS-05401081","persons":[{"nomen":"Vibius","gender":"male","raw_name":"Vibius Caestii","cognomen":"Caestius"}]}},{"type":"Feature","geometry":{"type":"Point","coordinates":[7.47,44.52]},"properties":{"edcs_id":"EDCS-05401082","findspot":"Forum Germanorum","raw_text":"V(ivus) f(ecit) / M(arcus) Exomnius Severus / Max(imi?) f(ilius) Pol(lia) Foro Ger(manorum?) / IIvir bis sibi et Disianiae / Max(imi?) fil(iae) Blaiae uxori","date_from":71,"date_to":130,"marker_gender":"mixed","is_individual":false,"edcs_url":"https://edcs.hist.uzh.ch/en/document?edcs-id=EDCS-05401082","persons":[{"nomen":"Exomnius","gender":"male","raw_name":"M. Exomnius Severus Max. f. Pol. Foro Ger.","praenomen":"Marcus","cognomen":"Severus","status":"filius Maximi, tribus: Pollia, IIvir bis"},{"nomen":"Disiania","gender":"female","raw_name":"Disianiae Max. fil. Blaiae","cognomen":"Blaia","status":"filia Maximi, uxor"}]}},{"type":"Feature","geometry":{"type":"Point","coordinates":[7.47,44.52]},"properties":{"edcs_id":"EDCS-05401083","findspot":"Forum Germanorum","raw_text":"[Vic]t(oriae?) Aug(ustae) / [3] Metiliu[s] / Secund[us] / stator Au[g(usti)] / ob merita / v(otum) s(olvit) l(ibens) l(aetus)","date_from":1,"date_to":200,"marker_gender":"male","is_individual":false,"edcs_url":"https://edcs.hist.uzh.ch/en/document?edcs-id=EDCS-05401083","persons":[{"nomen":"Metilius","gender":"male","raw_name":"[3] Metilius Secundus","cognomen":"Secundus","status":"stator Augusti"}]}},{"type":"Feature","geometry":{"type":"Point","coordinates":[7.47,44.52]},"properties":{"edcs_id":"EDCS-05401084","findspot":"Forum Germanorum","raw_text":"L(ucius) Domitius Sp(uri) f(ilius) S(a)b(atina) / Secundus sibi et / Coifilasiae Supera[e] / ux{s}ori / L(ucio) Domitio L(uci) f(ilio) Sever(o) / filio / Domitiae Q(uinti) f(iliae) Ter(t)iae / matri / Vibio Salvio / magistro","date_from":101,"date_to":150,"marker_gender":"mixed","is_individual":false,"edcs_url":"https://edcs.hist.uzh.ch/en/document?edcs-id=EDCS-05401084","persons":[{"nomen":"Domitius","gender":"male","raw_name":"L. Domitius Sp. f. S. Secundus","praenomen":"Lucius","cognomen":"Secundus","status":"tribus: Sabatina, filius Spurii"},{"nomen":"Coifilasia","gender":"female","raw_name":"Coifilasiae Supera[e]","cognomen":"Supera","status":"uxor"},{"nomen":"Domitius","gender":"male","raw_name":"L. Domitio L. f. Sever.","praenomen":"Lucius","cognomen":"Severus","status":"filius Lucii"},{"nomen":"Domitia","gender":"female","raw_name":"Domitiae Q. f. Ter(t)iae","cognomen":"Tertia","status":"filia Quinti, mater"},{"nomen":"Vibius","gender":"male","raw_name":"Vibio Salvio","cognomen":"Salvius","status":"magister"}]}},{"type":"Feature","geometry":{"type":"Point","coordinates":[7.47,44.52]},"properties":{"edcs_id":"EDCS-05401085","findspot":"Forum Germanorum","raw_text":"D(is) M(anibus) v(ivis) f(ecerunt) / M(arci) Didi Sabiniani / aedil(is) duumv[iri] / et Mattoria Mar/cianae co[niux] / eius Didi Marc[3] / Marcel(l)us Ia[3]/anus fil(ii) parentibus / et Moccius Iustus / gener posuerunt","date_from":101,"date_to":200,"marker_gender":"mixed","is_individual":false,"edcs_url":"https://edcs.hist.uzh.ch/en/document?edcs-id=EDCS-05401085","persons":[{"nomen":"Didius","gender":"male","raw_name":"M. Didi Sabiniani aedil. duumviri","praenomen":"Marcus","cognomen":"Sabinianus","status":"aedilis, IIvir"},{"nomen":"Mattoria","gender":"female","raw_name":"Mattoria Marcianae","cognomen":"Marciana","status":"coniunx"},{"nomen":"Didius","gender":"male","raw_name":"Didi Marc[3] Marcel(l)us","cognomen":"Marcellus","status":"filius"},{"nomen":"","gender":"male","raw_name":"Ia[3]anus","cognomen":"Ianuaris","status":"filius"},{"nomen":"Moccius","gender":"male","raw_name":"Moccius Iustus","cognomen":"Iustus","status":"gener"}]}},{"type":"Feature","geometry":{"type":"Point","coordinates":[7.47,44.52]},"properties":{"edcs_id":"EDCS-05401086","findspot":"Forum Germanorum","raw_text":"] / cur(atori) r(ei) p(ublicae) Pedonae(nsium?) / cur(atori) r(ei) p(ublicae) Cabur(rensium) / cur(atori) r(ei) p(ublicae) Germa(norum?) / Val(eriae) Nepotill(a)e / coniugi / pientissim(a)e quae vi/xit an(nos) XXXIX m(enses) III d(ies) / XXVII [3]d in deci/[mo(?)","date_from":201,"date_to":300,"marker_gender":"female","is_individual":false,"edcs_url":"https://edcs.hist.uzh.ch/en/document?edcs-id=EDCS-05401086","persons":[{"nomen":"Valeria","gender":"female","raw_name":"Val(eriae) Nepotill(a)e","cognomen":"Nepotilla","status":"coniunx"}]}},{"type":"Feature","geometry":{"type":"Point","coordinates":[7.47,44.52]},"properties":{"edcs_id":"EDCS-05401087","findspot":"Forum Germanorum","raw_text":"Rinnio Novic/io // Mulioni / v(ivo) Rinnio Vilago/sti patri v(ivus) Rinniu/s Karius filius / patri et fratri fecit","date_from":1,"date_to":100,"marker_gender":"male","is_individual":false,"edcs_url":"https://edcs.hist.uzh.ch/en/document?edcs-id=EDCS-05401087","persons":[{"nomen":"Rinnius","gender":"male","raw_name":"Rinnio Novicio","cognomen":"Novicius"},{"nomen":"Mulius","gender":"male","raw_name":"Mulioni"},{"nomen":"Rinnius","gender":"male","raw_name":"Rinnio Vilagosti","cognomen":"Vilagostus","status":"pater"},{"nomen":"Rinnius","gender":"male","raw_name":"Rinnius Karius","cognomen":"Karius","status":"filius"}]}},{"type":"Feature","geometry":{"type":"Point","coordinates":[7.47,44.52]},"properties":{"edcs_id":"EDCS-05401088","findspot":"Forum Germanorum","raw_text":"V(ivus) Enistalus / Ponelius pa/ter Enania ux/{s}or Ulatunus f(ilius) / v(ivus) Premelius f(ilius) / Velisa ux{s}or / v(ivus) Veturus f(ilius) / val(ete) et tu","date_from":1,"date_to":100,"marker_gender":"mixed","is_individual":false,"edcs_url":"https://edcs.hist.uzh.ch/en/document?edcs-id=EDCS-05401088","persons":[{"nomen":"","gender":"male","raw_name":"Enistalus","cognomen":"Enistalus"},{"nomen":"Ponelius","gender":"male","raw_name":"Ponelius","status":"pater"},{"nomen":"Enania","gender":"female","raw_name":"Enania","status":"uxor"},{"nomen":"","gender":"male","raw_name":"Ulatunus","cognomen":"Ulatunus","status":"filius"},{"nomen":"Premelius","gender":"male","raw_name":"Premelius","status":"filius"},{"nomen":"Velisa","gender":"female","raw_name":"Velisa","status":"uxor"},{"nomen":"","gender":"male","raw_name":"Veturus","cognomen":"Veturus","status":"filius"}]}},{"type":"Feature","geometry":{"type":"Point","coordinates":[7.47,44.52]},"properties":{"edcs_id":"EDCS-05401089","findspot":"Forum Germanorum","raw_text":"Iuliae M(arci) l(ibertae) Tyran/nidi Aphrodisio / f(ilio) C(aio) Iulio Aphrodati / Diogenes posu(i)t","date_from":101,"date_to":150,"marker_gender":"mixed","is_individual":false,"edcs_url":"https://edcs.hist.uzh.ch/en/document?edcs-id=EDCS-05401089","persons":[{"nomen":"Iulia","gender":"female","raw_name":"Iuliae M. l. Tyrannidi","cognomen":"Tyrannis","status":"liberta Marci"},{"nomen":"","gender":"male","raw_name":"Aphrodisio","cognomen":"Aphrodisius","status":"filius"},{"nomen":"Iulius","gender":"male","raw_name":"C. Iulio Aphrodati","praenomen":"Gaius","cognomen":"Aphrodas"},{"nomen":"","gender":"male","raw_name":"Diogenes","cognomen":"Diogenes"}]}},{"type":"Feature","geometry":{"type":"Point","coordinates":[7.47,44.52]},"properties":{"edcs_id":"EDCS-05401090","findspot":"Forum Germanorum","raw_text":"Q(uintus) Nigidius Sp(uri) f(ilius)","date_from":1,"date_to":100,"marker_gender":"male","is_individual":false,"edcs_url":"https://edcs.hist.uzh.ch/en/document?edcs-id=EDCS-05401090","persons":[{"nomen":"Nigidius","gender":"male","raw_name":"Q. Nigidius Sp. f.","praenomen":"Quintus","status":"filius Spurii"}]}},{"type":"Feature","geometry":{"type":"Point","coordinates":[7.47,44.52]},"properties":{"edcs_id":"EDCS-05401091","findspot":"Forum Germanorum","raw_text":"D(is) M(anibus) Plenu[3] / con(iugi) Attiae [","date_from":1,"date_to":100,"marker_gender":"female","is_individual":false,"edcs_url":"https://edcs.hist.uzh.ch/en/document?edcs-id=EDCS-05401091","persons":[{"nomen":"Attia","gender":"female","raw_name":"Attiae ["}]}},{"type":"Feature","geometry":{"type":"Point","coordinates":[7.47,44.52]},"properties":{"edcs_id":"EDCS-05401092","findspot":"Forum Germanorum","raw_text":"Vicino / Comiacus / V SVVI","date_from":null,"date_to":null,"marker_gender":"male","is_individual":false,"edcs_url":"https://edcs.hist.uzh.ch/en/document?edcs-id=EDCS-05401092","persons":[{"nomen":"","gender":"male","raw_name":"Vicino","cognomen":"Vicinus"},{"nomen":"","gender":"male","raw_name":"Comiacus","cognomen":"Comiacus"}]}},{"type":"Feature","geometry":{"type":"Point","coordinates":[7.47,44.52]},"properties":{"edcs_id":"EDCS-05401095","findspot":"Forum Germanorum","raw_text":"Velaco / Blaisicio / Enici f(ilio)","date_from":null,"date_to":null,"marker_gender":"male","is_individual":false,"edcs_url":"https://edcs.hist.uzh.ch/en/document?edcs-id=EDCS-05401095","persons":[{"nomen":"","gender":"male","raw_name":"Velaco","cognomen":"Velacus"},{"nomen":"","gender":"male","raw_name":"Blaisicio Enici f.","cognomen":"Blaisicius","status":"filius Enici"}]}},{"type":"Feature","geometry":{"type":"Point","coordinates":[7.49,44.33]},"properties":{"edcs_id":"EDCS-05401099","findspot":"Borgo San Dalmazzo / Pedona","raw_text":"Matro[nis 3] / sacr[um] / <L=I>(ucius) Publ() Rap() / v(otum) s(olvit) <l=I>(ibens) <l=I>(aetus)","date_from":null,"date_to":null,"marker_gender":"male","is_individual":false,"edcs_url":"https://edcs.hist.uzh.ch/en/document?edcs-id=EDCS-05401099","persons":[{"nomen":"Publius","gender":"male","raw_name":"<L=I>(ucius) Publ() Rap()","praenomen":"Lucius","cognomen":"Rap","status":"votum solvit libens laetus"}]}},{"type":"Feature","geometry":{"type":"Point","coordinates":[7.49,44.33]},"properties":{"edcs_id":"EDCS-05401102","findspot":"Borgo San Dalmazzo / Pedona","raw_text":"D(is) M(anibus) / Victori/naes(!) / Flaminalis / M(arci) Tarquini / Memoris |(conductoris) XL(quadragesimae) / Gall(iarum) ser(vus) vilic(us) / stationis Ped(onensis) / coniugi caris/simae et de se / bene merenti","date_from":1,"date_to":100,"marker_gender":"male","is_individual":false,"edcs_url":"https://edcs.hist.uzh.ch/en/document?edcs-id=EDCS-05401102","persons":[{"nomen":"Tarquinius","gender":"male","raw_name":"M. Tarquini Memoris","praenomen":"Marcus","cognomen":"Memors","status":"quadragesimae Galliarum servus, vilicus, stationis Pedonensis, coniugi carissimae et de se bene merenti"}]}},{"type":"Feature","geometry":{"type":"Point","coordinates":[7.49,44.33]},"properties":{"edcs_id":"EDCS-05401103","findspot":"Borgo San Dalmazzo / Pedona","raw_text":"Nevio / Meari/o a(mico) c(arissimo) / et Velaco/stai(!) Velai/uniai(!) ux(ori)","date_from":null,"date_to":null,"marker_gender":"mixed","is_individual":false,"edcs_url":"https://edcs.hist.uzh.ch/en/document?edcs-id=EDCS-05401103","persons":[{"nomen":"","gender":"male","raw_name":"Meario","cognomen":"Meario","status":"amico carissimo"},{"nomen":"","gender":"female","raw_name":"Velacostai","cognomen":"Velacostai","status":"uxori"}]}},{"type":"Feature","geometry":{"type":"Point","coordinates":[7.49,44.33]},"properties":{"edcs_id":"EDCS-05401104","findspot":"Borgo San Dalmazzo / Pedona","raw_text":"Vesuav / Di[3]nius posuerunt","date_from":null,"date_to":null,"marker_gender":"unknown","is_individual":false,"edcs_url":"https://edcs.hist.uzh.ch/en/document?edcs-id=EDCS-05401104","persons":[{"nomen":"Dinius","gender":"unknown","raw_name":"Di[3]nius"}]}},{"type":"Feature","geometry":{"type":"Point","coordinates":[7.49,44.33]},"properties":{"edcs_id":"EDCS-05401105","findspot":"Borgo San Dalmazzo / Pedona","raw_text":"D(is) M(anibus) / Vettiae / Faustinae / M(arcus) Alpinius / Ingenus / gener / et Attia / Verina / filia ma/tri caris/simae / v(ivi) f(ecerunt)","date_from":101,"date_to":200,"marker_gender":"mixed","is_individual":false,"edcs_url":"https://edcs.hist.uzh.ch/en/document?edcs-id=EDCS-05401105","persons":[{"nomen":"Alpinius","gender":"male","raw_name":"M. Alpinius Ingenus","praenomen":"Marcus","cognomen":"Ingenus","status":"gener"},{"nomen":"Attia","gender":"female","raw_name":"Attia Verina","cognomen":"Verina","status":"filia matris carissimae"}]}},{"type":"Feature","geometry":{"type":"Point","coordinates":[7.49,44.33]},"properties":{"edcs_id":"EDCS-05401106","findspot":"Borgo San Dalmazzo / Pedona","raw_text":"Vibius Veamo/nius Iemmi fil(ius) / Gallus Mocca / Ennania uxor / fili(i) posuerunt / merito","date_from":1,"date_to":100,"marker_gender":"mixed","is_individual":false,"edcs_url":"https://edcs.hist.uzh.ch/en/document?edcs-id=EDCS-05401106","persons":[{"nomen":"Vibius","gender":"male","raw_name":"Vibius Veamoinus Iemmi filius","cognomen":"Veamonius Iemmi","status":"filius"},{"nomen":"","gender":"male","raw_name":"Gallus","cognomen":"Gallus"},{"nomen":"","gender":"male","raw_name":"Mocca","cognomen":"Mocca"},{"nomen":"Ennania","gender":"female","raw_name":"Ennania","status":"uxor"}]}},{"type":"Feature","geometry":{"type":"Point","coordinates":[7.49,44.33]},"properties":{"edcs_id":"EDCS-05401107","findspot":"Borgo San Dalmazzo / Pedona","raw_text":"U]rbicius(?) Div[3] / [3] Peloxii[3] / [3]FT[","date_from":null,"date_to":null,"marker_gender":"unknown","is_individual":false,"edcs_url":"https://edcs.hist.uzh.ch/en/document?edcs-id=EDCS-05401107","persons":[{"nomen":"","gender":"unknown","raw_name":"U]rbicius","cognomen":"Urbicius"},{"nomen":"Divnius","gender":"unknown","raw_name":"Div[3]nius"},{"nomen":"","gender":"unknown","raw_name":"Peloxii[3]","cognomen":"Peloxii"}]}},{"type":"Feature","geometry":{"type":"Point","coordinates":[7.49,44.33]},"properties":{"edcs_id":"EDCS-05401110","findspot":"Borgo San Dalmazzo / Pedona","raw_text":"I(ovi) O(ptimo) M(aximo) / Siccani / fratres / Optatus et / Sabinus / votum so/lverunt / l(ibens) l(aetus) m(erito) c(um) s(uis) o(mnibus)","date_from":151,"date_to":230,"marker_gender":"male","is_individual":false,"edcs_url":"https://edcs.hist.uzh.ch/en/document?edcs-id=EDCS-05401110","persons":[{"nomen":"","gender":"male","raw_name":"Optatus","cognomen":"Optatus","status":"frater, votum solverunt libens laetus merito cum suis omnibus"},{"nomen":"","gender":"male","raw_name":"Sabinus","cognomen":"Sabinus","status":"frater, votum solverunt libens laetus merito cum suis omnibus"}]}},{"type":"Feature","geometry":{"type":"Point","coordinates":[7.49,44.33]},"properties":{"edcs_id":"EDCS-05401111","findspot":"Borgo San Dalmazzo / Pedona","raw_text":"Victoriae sa[c(rum)] / [3] Ulattius Quir(ina) / Adiutor veter(anus) Au[g(usti)] / t(estamento) f(ieri) i(ussit) / [ae]dem aed(ificaverunt) / [3]tius N[3] / [3]nius [3]","date_from":1,"date_to":100,"marker_gender":"male","is_individual":false,"edcs_url":"https://edcs.hist.uzh.ch/en/document?edcs-id=EDCS-05401111","persons":[{"nomen":"Ulattius","gender":"male","raw_name":"Ulattius Quir() Adiutor Aug()","cognomen":"Adiutor","status":"tribus: Quirina, veteranus Augusti, testamento fieri iussit"}]}},{"type":"Feature","geometry":{"type":"Point","coordinates":[7.49,44.33]},"properties":{"edcs_id":"EDCS-05401112","findspot":"Borgo San Dalmazzo / Pedona","raw_text":"[De]o Mart[i] / [Le]ucimali[co] / [3] Rufilliu[s] / Augustus / votum solv(it) / plostralibus / dedicavit","date_from":71,"date_to":150,"marker_gender":"male","is_individual":false,"edcs_url":"https://edcs.hist.uzh.ch/en/document?edcs-id=EDCS-05401112","persons":[{"nomen":"Rufillius","gender":"male","raw_name":"Rufillius Augustus","cognomen":"Augustus","status":"votum solvit plostralibus dedicavit","is_imperial":true}]}},{"type":"Feature","geometry":{"type":"Point","coordinates":[7.49,44.33]},"properties":{"edcs_id":"EDCS-05401113","findspot":"Borgo San Dalmazzo / Pedona","raw_text":"Deo Marti / Leucimalaco / M(arcus) Fuscius Sec/undus decur(io) / Quirina / v(otum) s(olvit) l(ibens) l(aetus) m(erito)","date_from":71,"date_to":130,"marker_gender":"male","is_individual":false,"edcs_url":"https://edcs.hist.uzh.ch/en/document?edcs-id=EDCS-05401113","persons":[{"nomen":"Fuscius","gender":"male","raw_name":"M. Fuscius Secundus decur. Quirina","praenomen":"Marcus","cognomen":"Secundus","status":"decurio, tribus: Quirina, votum solvit libens laetus merito"}]}},{"type":"Feature","geometry":{"type":"Point","coordinates":[7.49,44.33]},"properties":{"edcs_id":"EDCS-05401114","findspot":"Borgo San Dalmazzo / Pedona","raw_text":"V(iva) f(ecit) / Atilia C(ai) f(ilia) Polla / sibi et v(ivo) / Tatieo <T=E>(iti) <f=T>(ilio) Supiro / viro","date_from":101,"date_to":200,"marker_gender":"mixed","is_individual":false,"edcs_url":"https://edcs.hist.uzh.ch/en/document?edcs-id=EDCS-05401114","persons":[{"nomen":"Atilia","gender":"female","raw_name":"Atilia C. f. Polla","cognomen":"Polla","status":"filia Cai, viva"},{"nomen":"Tatius","gender":"male","raw_name":"Tatieo T. filio Supiro","cognomen":"Supirus","status":"filius, vir"}]}},{"type":"Feature","geometry":{"type":"Point","coordinates":[8.93,44.41]},"properties":{"edcs_id":"EDCS-05401336","findspot":"Genova / Genua","raw_text":"[I]mp(eratori) Caes(ari) / Fl(avio) Val(erio) Cons/tantino Pio / Fel(ici) Invicto / Aug(usto)","date_from":306,"date_to":337,"marker_gender":"male","is_individual":false,"edcs_url":"https://edcs.hist.uzh.ch/en/document?edcs-id=EDCS-05401336","persons":[{"nomen":"Flavius","gender":"male","raw_name":"[I]mp. Caes. Fl. Val. Constantino","cognomen":"Valerius Constantinus","status":"Imperator Caesar, Pius, Felix, Invictus, Augustus","is_imperial":true}]}},{"type":"Feature","geometry":{"type":"Point","coordinates":[8.33,44.54]},"properties":{"edcs_id":"EDCS-05401337","findspot":"Spigno Monferrato / Alba Pompeia","raw_text":"Antoninus / Pius / Aug(ustus) / poni / iussit","date_from":212,"date_to":217,"marker_gender":"male","is_individual":false,"edcs_url":"https://edcs.hist.uzh.ch/en/document?edcs-id=EDCS-05401337","persons":[{"nomen":"","gender":"male","raw_name":"Antoninus Pius Aug.","cognomen":"Antoninus","status":"Pius, Augustus","is_imperial":true}]}},{"type":"Feature","geometry":{"type":"Point","coordinates":[8.21,44.05]},"properties":{"edcs_id":"EDCS-05401338","findspot":"Albenga / Albingaunum","raw_text":"] Imp(erator) Antoninus Pius Felix Aug(ustus) / [","date_from":211,"date_to":217,"marker_gender":"male","is_individual":false,"edcs_url":"https://edcs.hist.uzh.ch/en/document?edcs-id=EDCS-05401338","persons":[{"nomen":"Antoninus","gender":"male","raw_name":"Imp. Antoninus Pius Felix Aug.","status":"Pius Felix Augustus","is_imperial":true}]}},{"type":"Feature","geometry":{"type":"Point","coordinates":[7.6,43.79]},"properties":{"edcs_id":"EDCS-05401341","findspot":"Ventimiglia / Albintimilium","raw_text":"Imp(erator) Antoni/nus Pius F[e]lix / Aug(ustus) poni cu/ravit / DXXCIX","date_from":211,"date_to":217,"marker_gender":"male","is_individual":false,"edcs_url":"https://edcs.hist.uzh.ch/en/document?edcs-id=EDCS-05401341","persons":[{"nomen":"","gender":"male","raw_name":"Imp(erator) Antoninus Pius F[e]lix Aug(ustus)","cognomen":"Antoninus","status":"Imperator, Pius, Felix, Augustus","is_imperial":true,"cluster_id":1331,"cluster_size":5,"cluster_confidence":"low"}]}},{"type":"Feature","geometry":{"type":"Point","coordinates":[7.6,43.79]},"properties":{"edcs_id":"EDCS-05401343","findspot":"Ventimiglia / Albintimilium","raw_text":"Imp(erator) Antoninus / Pius Felix Aug(ustus) / poni curavit / DXC","date_from":211,"date_to":217,"marker_gender":"male","is_individual":false,"edcs_url":"https://edcs.hist.uzh.ch/en/document?edcs-id=EDCS-05401343","persons":[{"nomen":"","gender":"male","raw_name":"Imp(erator) Antoninus Pius Felix Aug(ustus)","cognomen":"Antoninus","status":"Imperator, Pius, Felix, Augustus","is_imperial":true,"cluster_id":1331,"cluster_size":5,"cluster_confidence":"low"}]}},{"type":"Feature","geometry":{"type":"Point","coordinates":[7.6,43.79]},"properties":{"edcs_id":"EDCS-05401344","findspot":"Ventimiglia / Albintimilium","raw_text":"Imp(erator) Anto/ninus Pius Felix / Aug(ustus) poni cu/ravit / X","date_from":211,"date_to":217,"marker_gender":"male","is_individual":false,"edcs_url":"https://edcs.hist.uzh.ch/en/document?edcs-id=EDCS-05401344","persons":[{"nomen":"","gender":"male","raw_name":"Imp(erator) Antoninus Pius Felix Aug(ustus)","cognomen":"Antoninus","status":"Imperator, Pius, Felix, Augustus","is_imperial":true,"cluster_id":1331,"cluster_size":5,"cluster_confidence":"low"}]}},{"type":"Feature","geometry":{"type":"Point","coordinates":[7.6,43.79]},"properties":{"edcs_id":"EDCS-05401345","findspot":"Ventimiglia / Albintimilium","raw_text":"Imp(erator) Antoninus / Pius Felix Aug(ustus) / poni curavit","date_from":211,"date_to":217,"marker_gender":"male","is_individual":false,"edcs_url":"https://edcs.hist.uzh.ch/en/document?edcs-id=EDCS-05401345","persons":[{"nomen":"","gender":"male","raw_name":"Imp(erator) Antoninus Pius Felix Aug(ustus)","cognomen":"Antoninus","status":"Imperator, Pius, Felix, Augustus","is_imperial":true,"cluster_id":1331,"cluster_size":5,"cluster_confidence":"low"}]}},{"type":"Feature","geometry":{"type":"Point","coordinates":[7.6,43.79]},"properties":{"edcs_id":"EDCS-05401346","findspot":"Ventimiglia / Albintimilium","raw_text":"Imp(erator) / Antoninus / [","date_from":211,"date_to":217,"marker_gender":"male","is_individual":false,"edcs_url":"https://edcs.hist.uzh.ch/en/document?edcs-id=EDCS-05401346","persons":[{"nomen":"","gender":"male","raw_name":"Imp(erator) Antoninus","cognomen":"Antoninus","status":"Imperator","is_imperial":true,"cluster_id":1331,"cluster_size":5,"cluster_confidence":"low"}]}},{"type":"Feature","geometry":{"type":"Point","coordinates":[8.86,44.71]},"properties":{"edcs_id":"EDCS-05401728","findspot":"Serravalle Scrivia / Libarna","raw_text":"O]ptatus pontifex [3] / [3 Se]cundus augu[r","date_from":null,"date_to":null,"marker_gender":"male","is_individual":false,"edcs_url":"https://edcs.hist.uzh.ch/en/document?edcs-id=EDCS-05401728","persons":[{"nomen":"","gender":"male","raw_name":"O]ptatus","cognomen":"Optatus","status":"pontifex"},{"nomen":"","gender":"male","raw_name":"[3 Se]cundus","cognomen":"Secundus","status":"augur"}]}},{"type":"Feature","geometry":{"type":"Point","coordinates":[7.33,44.89]},"properties":{"edcs_id":"EDCS-05401741","findspot":"Pinerolo / Forum Vibii Caburrum","raw_text":"L(ucius) Aelius / Ael[i] Ph[i]l[e]/rotis f(ilius) / Severus","date_from":null,"date_to":null,"marker_gender":"male","is_individual":false,"edcs_url":"https://edcs.hist.uzh.ch/en/document?edcs-id=EDCS-05401741","persons":[{"nomen":"Aelius","gender":"male","raw_name":"L. Aelius Ael[i] Ph[i]l[e]rotis f. Severus","praenomen":"Lucius","cognomen":"Severus","status":"filius Aelii Philerotis"}]}},{"type":"Feature","geometry":{"type":"Point","coordinates":[7.33,44.89]},"properties":{"edcs_id":"EDCS-05401742","findspot":"Pinerolo / Forum Vibii Caburrum","raw_text":"D(is) M(anibus) / Velti Severi / et Pullaniae / Secundin(a)e / Velti fratres / parentibus","date_from":null,"date_to":null,"marker_gender":"mixed","is_individual":false,"edcs_url":"https://edcs.hist.uzh.ch/en/document?edcs-id=EDCS-05401742","persons":[{"nomen":"","gender":"male","raw_name":"Velti","cognomen":"Veltus","status":"frater, parens"},{"nomen":"Pullania","gender":"female","raw_name":"Pullaniae Secundin(a)e","cognomen":"Secundina","status":"parens"}]}},{"type":"Feature","geometry":{"type":"Point","coordinates":[8.02,45.15]},"properties":{"edcs_id":"EDCS-05401745","findspot":"Monteu da Po / Industria","raw_text":"D(is) M(anibus) L(ucius) / Verinus / Valerius / Ver(ini) fil(ius)","date_from":101,"date_to":200,"marker_gender":"male","is_individual":false,"edcs_url":"https://edcs.hist.uzh.ch/en/document?edcs-id=EDCS-05401745","persons":[{"nomen":"Valerius","gender":"male","raw_name":"L. Verinus Valerius","praenomen":"Lucius","cognomen":"Verinus"}]}},{"type":"Feature","geometry":{"type":"Point","coordinates":[7.82,45.01]},"properties":{"edcs_id":"EDCS-05401746","findspot":"Chieri / Carreum Potentia","raw_text":"Ienesia quae (e)repta est mundo ut viveret [in] / aeterno non p(o)enal<i=E>bus Tartaris trad<i=E>tu(s!) se[d s]/empetern(i)s muniribus depotata quaei ad eo b[re]/vius vixit in s(a)ec<u=O>lo ut sanctior m(i)graret ad d(omi)n(u)m / grata cunctis in mundo gratior <Chr=PX>(isto) in aet[erno] / cui hostia est decata vixit ann<o=U>s duo mens[es 3] / dies duos depos<i=E>ta est sex(tum) <I=T>dus Iunia[s] / Dinamio e<t=I> Sefido vv(iris) c(larissimis) c(onsulibu)ss","date_from":null,"date_to":null,"marker_gender":"female","is_individual":false,"edcs_url":"https://edcs.hist.uzh.ch/en/document?edcs-id=EDCS-05401746","persons":[{"nomen":"","gender":"female","raw_name":"Ienesia","cognomen":"Ienesia"}]}},{"type":"Feature","geometry":{"type":"Point","coordinates":[8.21,44.9]},"properties":{"edcs_id":"EDCS-05401747","findspot":"Asti / Hasta","raw_text":"] / Salviae","date_from":1,"date_to":200,"marker_gender":"female","is_individual":false,"edcs_url":"https://edcs.hist.uzh.ch/en/document?edcs-id=EDCS-05401747","persons":[{"nomen":"Salvia","gender":"female","raw_name":"Salviae"}]}},{"type":"Feature","geometry":{"type":"Point","coordinates":[7.96,44.74]},"properties":{"edcs_id":"EDCS-05401748","findspot":"Corneliano d'Alba / Pollentia","raw_text":"L(ucio) Caesio Sp(uri) f(ilio) / patri / Geminiae L(uci) f(iliae) Quintae / matri / M(arco) Caesio L(uci) f(ilio) fratri / Q(uinto) Caesio L(uci) f(ilio) fratri / L(ucio) Caesio C(ai) f(ilio) filio / v(ivis) Caesiae C(ai) f(iliae) Secundae f(iliae) / Muciae M(arci) f(iliae) Rufae uxori / C(aius) Caesius L(uci) f(ilius) Pol(lia) / test(amento) fieri iussit","date_from":1,"date_to":50,"marker_gender":"mixed","is_individual":true,"edcs_url":"https://edcs.hist.uzh.ch/en/document?edcs-id=EDCS-05401748","persons":[{"nomen":"Caesius","gender":"male","raw_name":"L. Caesio Sp. f.","praenomen":"Lucius","status":"pater"},{"nomen":"Geminia","gender":"female","raw_name":"Geminiae L. f. Quintae","cognomen":"Quinta","status":"filia Luci, mater"},{"nomen":"Caesius","gender":"male","raw_name":"M. Caesio L. f.","praenomen":"Marcus","status":"filia Luci, frater"},{"nomen":"Caesius","gender":"male","raw_name":"Q. Caesio L. f.","praenomen":"Quintus","status":"filia Luci, frater"},{"nomen":"Caesius","gender":"male","raw_name":"L. Caesio C. f.","praenomen":"Lucius","status":"filia Caii, filius"},{"nomen":"Caesia","gender":"female","raw_name":"Caesiae C. f. Secundae","cognomen":"Secunda","status":"filia Caii"},{"nomen":"Mucia","gender":"female","raw_name":"Muciae M. f. Rufae","cognomen":"Rufa","status":"filia Marci, uxor"},{"nomen":"Caesius","gender":"male","raw_name":"C. Caesius L. f. Pol.","praenomen":"Gaius","status":"tribus: Pollia"}]}},{"type":"Feature","geometry":{"type":"Point","coordinates":[8.19,44.49]},"properties":{"edcs_id":"EDCS-05401749","findspot":"Castelletto Uzzone / Augusta Bagiennorum","raw_text":"L(ucius) Val/erius L(uci) f(ilius) / Farion/tio","date_from":1,"date_to":50,"marker_gender":"male","is_individual":false,"edcs_url":"https://edcs.hist.uzh.ch/en/document?edcs-id=EDCS-05401749","persons":[{"nomen":"Valerius","gender":"male","raw_name":"L. Valerius L. f. Farontio","praenomen":"Lucius","cognomen":"Farontio"}]}},{"type":"Feature","geometry":{"type":"Point","coordinates":[7.71,44.42]},"properties":{"edcs_id":"EDCS-05401750","findspot":"Morozzo / Augusta Bagiennorum","raw_text":"Q(uinti) Vibi C(ai) f(ilii) / Cam(ilia) / Seuvoni","date_from":1,"date_to":50,"marker_gender":"male","is_individual":false,"edcs_url":"https://edcs.hist.uzh.ch/en/document?edcs-id=EDCS-05401750","persons":[{"nomen":"Vibius","gender":"male","raw_name":"Q. Vibi C. f. Cam. Seuvoni","praenomen":"Quintus","cognomen":"Seuvonius","status":"tribus: Camilia"}]}},{"type":"Feature","geometry":{"type":"Point","coordinates":[7.83,44.54]},"properties":{"edcs_id":"EDCS-06300002","findspot":"Bene Vagienna / Augusta Bagiennorum","raw_text":"T(iti) Autroni P(ubli) f(ilii) / Cam(ilia) Terti","date_from":1,"date_to":50,"marker_gender":"male","is_individual":false,"edcs_url":"https://edcs.hist.uzh.ch/en/document?edcs-id=EDCS-06300002","persons":[{"nomen":"Autronius","gender":"male","raw_name":"T. Autroni P. f. Cam. Terti","praenomen":"Titus","cognomen":"Tertius","status":"tribus: Camilia"}]}},{"type":"Feature","geometry":{"type":"Point","coordinates":[7.83,44.54]},"properties":{"edcs_id":"EDCS-06300003","findspot":"Bene Vagienna / Augusta Bagiennorum","raw_text":"Domitiai(!) / P(ubli) f(iliae) Tertiai(!)","date_from":1,"date_to":50,"marker_gender":"female","is_individual":false,"edcs_url":"https://edcs.hist.uzh.ch/en/document?edcs-id=EDCS-06300003","persons":[{"nomen":"Domitia","gender":"female","raw_name":"Domitiai P. f. Tertiai","cognomen":"Tertia","status":"filia Publi"}]}},{"type":"Feature","geometry":{"type":"Point","coordinates":[7.83,44.54]},"properties":{"edcs_id":"EDCS-06300004","findspot":"Bene Vagienna / Augusta Bagiennorum","raw_text":"Mett/ia Sex(ti) / f(ilia) Secund/a","date_from":1,"date_to":50,"marker_gender":"female","is_individual":false,"edcs_url":"https://edcs.hist.uzh.ch/en/document?edcs-id=EDCS-06300004","persons":[{"nomen":"Mettia","gender":"female","raw_name":"Mett ia Sex. f. Secund a","cognomen":"Secunda","status":"filia Sexti"}]}},{"type":"Feature","geometry":{"type":"Point","coordinates":[7.83,44.54]},"properties":{"edcs_id":"EDCS-06300005","findspot":"Bene Vagienna / Augusta Bagiennorum","raw_text":"L(ucio) M(ucio) / L(uci) f(ilio) Pio","date_from":1,"date_to":50,"marker_gender":"male","is_individual":false,"edcs_url":"https://edcs.hist.uzh.ch/en/document?edcs-id=EDCS-06300005","persons":[{"nomen":"Mucius","gender":"male","raw_name":"L. M. L. f. Pio","praenomen":"Lucius","cognomen":"Pius"}]}},{"type":"Feature","geometry":{"type":"Point","coordinates":[7.83,44.54]},"properties":{"edcs_id":"EDCS-06300015","findspot":"Bene Vagienna / Augusta Bagiennorum","raw_text":"Q(uintus) Veianio Q(uinti) f(ilio) / Cam(ilia) Nigro / aedil(i) / [ex] testamen[to]","date_from":1,"date_to":100,"marker_gender":"male","is_individual":false,"edcs_url":"https://edcs.hist.uzh.ch/en/document?edcs-id=EDCS-06300015","persons":[{"nomen":"Veianius","gender":"male","raw_name":"Q. Veianio Q. f. Cam. Nigro","praenomen":"Quintus","cognomen":"Niger","status":"tribus: Camilia, aedilis"}]}},{"type":"Feature","geometry":{"type":"Point","coordinates":[7.83,44.54]},"properties":{"edcs_id":"EDCS-06300016","findspot":"Bene Vagienna / Augusta Bagiennorum","raw_text":"V(ivus) f(ecit) / P(ublius) Cordius P(ubli) f(ilius) / Cam(ilia) Quadratus / IIIIIIvir decurio / sibi et / Enniae P(ubli) f(iliae) / Quintae uxori et / Cordiae P(ubli) f(iliae) / Pupae filiae","date_from":71,"date_to":130,"marker_gender":"mixed","is_individual":false,"edcs_url":"https://edcs.hist.uzh.ch/en/document?edcs-id=EDCS-06300016","persons":[{"nomen":"Cordius","gender":"male","raw_name":"P. Cordius P. f. Cam. Quadratus IIIIIIvir decurio","praenomen":"Publius","cognomen":"Quadratus","status":"tribus: Camilia, IIIIIIvir, decurio"},{"nomen":"Ennia","gender":"female","raw_name":"Enniae P. f. Quintae","cognomen":"Quinta","status":"filia Publi, uxor"},{"nomen":"Cordia","gender":"female","raw_name":"Cordiae P. f. Pupae","cognomen":"Pupae","status":"filia Publi"}]}},{"type":"Feature","geometry":{"type":"Point","coordinates":[7.83,44.54]},"properties":{"edcs_id":"EDCS-06300018","findspot":"Bene Vagienna / Augusta Bagiennorum","raw_text":"] V(ibio) Aconio V(ibi) f(ilio) [","date_from":1,"date_to":50,"marker_gender":"male","is_individual":false,"edcs_url":"https://edcs.hist.uzh.ch/en/document?edcs-id=EDCS-06300018","persons":[{"nomen":"Vibius","gender":"male","raw_name":"V. Vibi f. Aconio","cognomen":"Aconius"}]}},{"type":"Feature","geometry":{"type":"Point","coordinates":[7.83,44.54]},"properties":{"edcs_id":"EDCS-06300019","findspot":"Bene Vagienna / Augusta Bagiennorum","raw_text":"Chryse/roti / fratr/i","date_from":101,"date_to":200,"marker_gender":"male","is_individual":false,"edcs_url":"https://edcs.hist.uzh.ch/en/document?edcs-id=EDCS-06300019","persons":[{"nomen":"","gender":"male","raw_name":"Chryseroti","cognomen":"Chryseros","status":"frater"}]}},{"type":"Feature","geometry":{"type":"Point","coordinates":[7.83,44.54]},"properties":{"edcs_id":"EDCS-06300023","findspot":"Bene Vagienna / Augusta Bagiennorum","raw_text":"] / Metil[i]/us Q(uinti) f(ilius) / v(otum) s(olvit) m(erito)","date_from":1,"date_to":50,"marker_gender":"male","is_individual":false,"edcs_url":"https://edcs.hist.uzh.ch/en/document?edcs-id=EDCS-06300023","persons":[{"nomen":"Metilius","gender":"male","raw_name":"Metili us Q. f. v. s. m.","status":"votum solvit merito"}]}},{"type":"Feature","geometry":{"type":"Point","coordinates":[7.83,44.54]},"properties":{"edcs_id":"EDCS-06300025","findspot":"Bene Vagienna / Augusta Bagiennorum","raw_text":"L(ucius) Vettius L(uci) f(ilius) / Cam(ilia) Vilaco / P(ublius) Ruf(us) Tertia fili(i)s / p(osuerunt)","date_from":1,"date_to":50,"marker_gender":"male","is_individual":false,"edcs_url":"https://edcs.hist.uzh.ch/en/document?edcs-id=EDCS-06300025","persons":[{"nomen":"Vettius","gender":"male","raw_name":"L. Vettius L. f. Cam. Vilaco","praenomen":"Lucius","cognomen":"Vilacus","status":"tribus: Camilia"},{"nomen":"Rufus","gender":"male","raw_name":"P. Rufus Tertia filiis","praenomen":"Publius","cognomen":"Tertia"}]}},{"type":"Feature","geometry":{"type":"Point","coordinates":[7.83,44.54]},"properties":{"edcs_id":"EDCS-06300029","findspot":"Bene Vagienna / Augusta Bagiennorum","raw_text":"L(uciae) Primae et / Stactini Clo/diorum / et P(ublio) Clodio / [T(iti)] P(ubli) [l(iberto)] Aiaci et / Clodiae [T(iti) P(ubli)] / l(ibertae) Modest[ae] / v(ivi) [f](ecerunt)","date_from":101,"date_to":200,"marker_gender":"mixed","is_individual":false,"edcs_url":"https://edcs.hist.uzh.ch/en/document?edcs-id=EDCS-06300029","persons":[{"nomen":"Lucia","gender":"female","raw_name":"L. Primae","cognomen":"Prima"},{"nomen":"","gender":"male","raw_name":"Stactini","cognomen":"Stactinus"},{"nomen":"Clodia","gender":"female","raw_name":"Clodiorum"},{"nomen":"Clodius","gender":"male","raw_name":"P. Clodio [T. P. l.] Aiaci","praenomen":"Publius","cognomen":"Aiacus","status":"libertus Titi Publi"},{"nomen":"Clodia","gender":"female","raw_name":"Clodiae [T. P.] l. Modestae","cognomen":"Modesta","status":"liberta Titi Publi"}]}},{"type":"Feature","geometry":{"type":"Point","coordinates":[7.83,44.54]},"properties":{"edcs_id":"EDCS-06300030","findspot":"Bene Vagienna / Augusta Bagiennorum","raw_text":"] Cassio / Tert(i) f(ilio) Cam(ilia) / Septumo(!) / et Octav[o(?)] / et Quartae / mater / mis{s}er[r]<i=U>mo fili(i)s pos(uit)","date_from":1,"date_to":50,"marker_gender":"mixed","is_individual":false,"edcs_url":"https://edcs.hist.uzh.ch/en/document?edcs-id=EDCS-06300030","persons":[{"nomen":"Cassia","gender":"female","raw_name":"Cassio Tert. f. Cam. Septumo","cognomen":"Septumus","status":"tribus: Camilia, filius"},{"nomen":"","gender":"male","raw_name":"Octavo","cognomen":"Octavus","status":"filius"},{"nomen":"","gender":"female","raw_name":"Quartae","cognomen":"Quarta","status":"mater, filius"}]}},{"type":"Feature","geometry":{"type":"Point","coordinates":[7.83,44.54]},"properties":{"edcs_id":"EDCS-06300031","findspot":"Bene Vagienna / Augusta Bagiennorum","raw_text":"Anton/ia M(arci) f(ilia) Tertia","date_from":1,"date_to":50,"marker_gender":"female","is_individual":false,"edcs_url":"https://edcs.hist.uzh.ch/en/document?edcs-id=EDCS-06300031","persons":[{"nomen":"Antonia","gender":"female","raw_name":"Antonia M. f. Tertia","cognomen":"Tertia"}]}},{"type":"Feature","geometry":{"type":"Point","coordinates":[7.83,44.54]},"properties":{"edcs_id":"EDCS-06300032","findspot":"Bene Vagienna / Augusta Bagiennorum","raw_text":"Villia L(uci) f(ilia) / Suma","date_from":1,"date_to":50,"marker_gender":"female","is_individual":false,"edcs_url":"https://edcs.hist.uzh.ch/en/document?edcs-id=EDCS-06300032","persons":[{"nomen":"Villia","gender":"female","raw_name":"Villia L. f. Suma","cognomen":"Suma"}]}},{"type":"Feature","geometry":{"type":"Point","coordinates":[7.83,44.54]},"properties":{"edcs_id":"EDCS-06300033","findspot":"Bene Vagienna / Augusta Bagiennorum","raw_text":"] Cam(ilia) / Maxsumo(!) / IIIIIIviro / Calidiae / [","date_from":1,"date_to":100,"marker_gender":"male","is_individual":false,"edcs_url":"https://edcs.hist.uzh.ch/en/document?edcs-id=EDCS-06300033","persons":[{"nomen":"","gender":"male","raw_name":"Cam. Maxsumo IIIIIIviro","cognomen":"Maxsumus","status":"tribus: Camilia, IIIIIIvir"}]}},{"type":"Feature","geometry":{"type":"Point","coordinates":[7.83,44.54]},"properties":{"edcs_id":"EDCS-06300036","findspot":"Bene Vagienna / Augusta Bagiennorum","raw_text":"] Meviu[s","date_from":1,"date_to":100,"marker_gender":"male","is_individual":false,"edcs_url":"https://edcs.hist.uzh.ch/en/document?edcs-id=EDCS-06300036","persons":[{"nomen":"Mevius","gender":"male","raw_name":"Meviu[s"}]}},{"type":"Feature","geometry":{"type":"Point","coordinates":[7.83,44.54]},"properties":{"edcs_id":"EDCS-06300038","findspot":"Bene Vagienna / Augusta Bagiennorum","raw_text":"Cassia / C(ai) l(iberta) Cila","date_from":1,"date_to":50,"marker_gender":"female","is_individual":false,"edcs_url":"https://edcs.hist.uzh.ch/en/document?edcs-id=EDCS-06300038","persons":[{"nomen":"Cassia","gender":"female","raw_name":"Cassia C. l. Cila","cognomen":"Cila","status":"liberta Cai"}]}},{"type":"Feature","geometry":{"type":"Point","coordinates":[7.83,44.54]},"properties":{"edcs_id":"EDCS-06300039","findspot":"Bene Vagienna / Augusta Bagiennorum","raw_text":"C(aius) Ca<e=I>c[ilius 3] / C(aius) Ca<e=I>c[ilius 3] / P(ublius) Ca<e=I>c[ilius 3] / C(aius) Aur[elius","date_from":1,"date_to":50,"marker_gender":"male","is_individual":false,"edcs_url":"https://edcs.hist.uzh.ch/en/document?edcs-id=EDCS-06300039","persons":[{"nomen":"Caecilius","gender":"male","raw_name":"C. Caec[ilius 3]","praenomen":"Gaius"},{"nomen":"Caecilius","gender":"male","raw_name":"P. Caec[ilius 3]","praenomen":"Publius"},{"nomen":"Aurelius","gender":"male","raw_name":"C. Aur[elius","praenomen":"Gaius"}]}},{"type":"Feature","geometry":{"type":"Point","coordinates":[7.83,44.54]},"properties":{"edcs_id":"EDCS-06300045","findspot":"Bene Vagienna / Augusta Bagiennorum","raw_text":"C(aius) Viccius M(arci) f(ilius) Cam(ilia) / Marcellius / Q(uintus) frater / faciendum / curavit","date_from":101,"date_to":200,"marker_gender":"male","is_individual":false,"edcs_url":"https://edcs.hist.uzh.ch/en/document?edcs-id=EDCS-06300045","persons":[{"nomen":"Viccius","gender":"male","raw_name":"C. Viccius M. f. Cam. Marcellius","praenomen":"Gaius","cognomen":"Marcellius","status":"tribus: Camilia"},{"nomen":"","gender":"male","raw_name":"Q. frater","cognomen":"Quintus","status":"frater"}]}},{"type":"Feature","geometry":{"type":"Point","coordinates":[7.83,44.54]},"properties":{"edcs_id":"EDCS-06300046","findspot":"Bene Vagienna / Augusta Bagiennorum","raw_text":"V(ivi) p(osuerunt) L(ucius) Villius / Cam(ilia) / Loucissus / C(aius) Villius L(uci) f(ilius) / Cam(ilia) / Tertulu[s]","date_from":null,"date_to":null,"marker_gender":"male","is_individual":false,"edcs_url":"https://edcs.hist.uzh.ch/en/document?edcs-id=EDCS-06300046","persons":[{"nomen":"Villius","gender":"male","raw_name":"L. Villius Cam. Loucissus","praenomen":"Lucius","cognomen":"Loucissus","status":"tribus: Camilia"},{"nomen":"Villius","gender":"male","raw_name":"C. Villius L. f. Cam. Tertulu[s","praenomen":"Gaius","cognomen":"Tertulus","status":"tribus: Camilia"}]}},{"type":"Feature","geometry":{"type":"Point","coordinates":[7.83,44.54]},"properties":{"edcs_id":"EDCS-06300047","findspot":"Bene Vagienna / Augusta Bagiennorum","raw_text":"[S]ex(tus) Fla/vius Sex(ti) / f(ilius)","date_from":1,"date_to":50,"marker_gender":"male","is_individual":false,"edcs_url":"https://edcs.hist.uzh.ch/en/document?edcs-id=EDCS-06300047","persons":[{"nomen":"Flavius","gender":"male","raw_name":"Sex. Fla vius Sex. f.","praenomen":"Sextus"}]}},{"type":"Feature","geometry":{"type":"Point","coordinates":[7.83,44.54]},"properties":{"edcs_id":"EDCS-06300053","findspot":"Bene Vagienna / Augusta Bagiennorum","raw_text":"L(uci) Vetti C(ai) f(ilii) / Cam(ilia) Loucisi(!)","date_from":1,"date_to":50,"marker_gender":"male","is_individual":false,"edcs_url":"https://edcs.hist.uzh.ch/en/document?edcs-id=EDCS-06300053","persons":[{"nomen":"Vettius","gender":"male","raw_name":"L. Vetti C. f. Cam. Loucisi(!)","praenomen":"Lucius","cognomen":"Lucius","status":"tribus: Camilia"}]}},{"type":"Feature","geometry":{"type":"Point","coordinates":[7.9,44.68]},"properties":{"edcs_id":"EDCS-06300054","findspot":"Pollenzo / Pollentia","raw_text":"[I]ovi sacr(um) [3] / [3]inia HIRC[3] / [3]RT Pontis / Au[g(usti?)] proc(urator) / (!) suscept(o)","date_from":1,"date_to":100,"marker_gender":"unknown","is_individual":false,"edcs_url":"https://edcs.hist.uzh.ch/en/document?edcs-id=EDCS-06300054","persons":[{"nomen":"Inia","gender":"unknown","raw_name":"[3]inia HIRC[3]","cognomen":"Hircus"}]}},{"type":"Feature","geometry":{"type":"Point","coordinates":[7.9,44.68]},"properties":{"edcs_id":"EDCS-06300057","findspot":"Pollenzo / Pollentia","raw_text":"]ri Stati // Sex(ti) Rantulani Philogen[i]s // L(uci) Caec[ili","date_from":101,"date_to":150,"marker_gender":"male","is_individual":false,"edcs_url":"https://edcs.hist.uzh.ch/en/document?edcs-id=EDCS-06300057","persons":[{"nomen":"Rantulanus","gender":"male","raw_name":"Sex. Rantulani Philogen[i]s","praenomen":"Sextus","cognomen":"Philogenis"},{"nomen":"Caecilius","gender":"male","raw_name":"L. Caec[ili","praenomen":"Lucius"}]}},{"type":"Feature","geometry":{"type":"Point","coordinates":[7.92,44.77]},"properties":{"edcs_id":"EDCS-06300068","findspot":"Montaldo Roero / Pollentia","raw_text":"] / divinis / Publicia / Maximilla / v(otum) s(olvit) d(onum) d(edit)","date_from":101,"date_to":200,"marker_gender":"female","is_individual":true,"edcs_url":"https://edcs.hist.uzh.ch/en/document?edcs-id=EDCS-06300068","persons":[{"nomen":"Publicia","gender":"female","raw_name":"Publicia Maximilla","cognomen":"Maximilla"}]}},{"type":"Feature","geometry":{"type":"Point","coordinates":[7.68,44.77]},"properties":{"edcs_id":"EDCS-06300070","findspot":"Racconigi / Pollentia","raw_text":"C(aius) Mettius / C(ai) l(ibertus) Pal(atina) / Germanus / tonsor","date_from":1,"date_to":100,"marker_gender":"male","is_individual":false,"edcs_url":"https://edcs.hist.uzh.ch/en/document?edcs-id=EDCS-06300070","persons":[{"nomen":"Mettius","gender":"male","raw_name":"C. Mettius C. l. Pal. Germanus","praenomen":"Gaius","cognomen":"Germanus","status":"libertus Gai, tribus: Palatina, tonsor"}]}},{"type":"Feature","geometry":{"type":"Point","coordinates":[7.9,44.69]},"properties":{"edcs_id":"EDCS-06300073","findspot":"Savigliano / Pollentia","raw_text":"Dianae Aug(ustae) / Seia Q(uinti) f(ilia) / Sabina / mag(istra) p(osuit)","date_from":1,"date_to":200,"marker_gender":"female","is_individual":false,"edcs_url":"https://edcs.hist.uzh.ch/en/document?edcs-id=EDCS-06300073","persons":[{"nomen":"Seia","gender":"female","raw_name":"Seia Q. f. Sabina","cognomen":"Sabina","status":"filia Quinti, magistra"}]}},{"type":"Feature","geometry":{"type":"Point","coordinates":[7.9,44.69]},"properties":{"edcs_id":"EDCS-06300074","findspot":"Savigliano / Pollentia","raw_text":"D<i=E>anae sacrum / Venelia C(ai) f(ilia) Marce/lla et Valeria L(uci) l(iberta) / Appelia","date_from":1,"date_to":200,"marker_gender":"female","is_individual":false,"edcs_url":"https://edcs.hist.uzh.ch/en/document?edcs-id=EDCS-06300074","persons":[{"nomen":"Venelia","gender":"female","raw_name":"Venelia C. f. Marcella","cognomen":"Marcella","status":"filia Cai"},{"nomen":"Valeria","gender":"female","raw_name":"Valeria L. l. Appelia","cognomen":"Appelia","status":"liberta Luci"}]}},{"type":"Feature","geometry":{"type":"Point","coordinates":[7.9,44.69]},"properties":{"edcs_id":"EDCS-06300076","findspot":"Savigliano / Pollentia","raw_text":"L(ucius) <G=C>(avius) C(ai) f(ilius) Pol(lia) aed(ilis) IIvir quinq(uennalis) / Gavia L(uci) f(ilia) Prima filia / Bussenia P(ubli) f(ilia) Nepotula uxor","date_from":1,"date_to":200,"marker_gender":"mixed","is_individual":false,"edcs_url":"https://edcs.hist.uzh.ch/en/document?edcs-id=EDCS-06300076","persons":[{"nomen":"Gavius","gender":"male","raw_name":"L. Gavius C. f. Pol. aed. IIvir quinq.","praenomen":"Lucius","status":"tribus: Pollia, aedilis, IIvir quinquennalis"},{"nomen":"Gavia","gender":"female","raw_name":"Gavia L. f. Prima","cognomen":"Prima","status":"filia Luci, filia"},{"nomen":"Bussenia","gender":"female","raw_name":"Bussenia P. f. Nepotula","cognomen":"Nepotula","status":"filia Publi, uxor"}]}},{"type":"Feature","geometry":{"type":"Point","coordinates":[7.59,44.5]},"properties":{"edcs_id":"EDCS-06300081","findspot":"Centallo / Pollentia","raw_text":"C(aius) Iuli[us] / M(arci) f(ilius)","date_from":1,"date_to":50,"marker_gender":"male","is_individual":false,"edcs_url":"https://edcs.hist.uzh.ch/en/document?edcs-id=EDCS-06300081","persons":[{"nomen":"Iulius","gender":"male","raw_name":"C. Iuli[us]   M. f.","praenomen":"Gaius"}]}},{"type":"Feature","geometry":{"type":"Point","coordinates":[8.47,44.68]},"properties":{"edcs_id":"EDCS-07000475","findspot":"Vesime / Aquae Statiellae","raw_text":"M(arcus) Terentius / Sp(uri) f(ilius) an(norum) XIIX / Didia C(ai) f(ilia) mater","date_from":1,"date_to":100,"marker_gender":"mixed","is_individual":false,"edcs_url":"https://edcs.hist.uzh.ch/en/document?edcs-id=EDCS-07000475","persons":[{"nomen":"Terentius","gender":"male","raw_name":"M. Terentius Sp. f.","praenomen":"Marcus","status":"filius Spurii"},{"nomen":"Didia","gender":"female","raw_name":"Didia C. f.","status":"filia Caii, mater"}]}},{"type":"Feature","geometry":{"type":"Point","coordinates":[7.66,44.52]},"properties":{"edcs_id":"EDCS-07000476","findspot":"Gerbo / Pollentia","raw_text":"L(ucius) Mercleanius [3 f(ilius)] / Pol(lia) Martialies m[il(es)] / coh(ortis) [3 urb]anae |(centuria) / [","date_from":1,"date_to":100,"marker_gender":"male","is_individual":true,"edcs_url":"https://edcs.hist.uzh.ch/en/document?edcs-id=EDCS-07000476","persons":[{"nomen":"Mercleanius","gender":"male","raw_name":"L. Mercleanius [3 f.] Pol. Martialies m[il.]","praenomen":"Lucius","cognomen":"Martialis","status":"tribus: Pollia, miles, cohors urbana"}]}},{"type":"Feature","geometry":{"type":"Point","coordinates":[8.47,44.68]},"properties":{"edcs_id":"EDCS-07400315","findspot":"Fello, Canelli","raw_text":"L(uci) Comini C(ai) f(ilii) Camil(ia) / Super(i) Iuniai(!) C(ai) f(iliae) / Modestai(!) Clarus / Iunius C(ai) f(ilius) Secundus / frater fecit de suo / «et vir»","date_from":1,"date_to":100,"marker_gender":"mixed","is_individual":false,"edcs_url":"https://edcs.hist.uzh.ch/en/document?edcs-id=EDCS-07400315","persons":[{"nomen":"Cominius","gender":"male","raw_name":"L. Comini C. f. Camil. Super","praenomen":"Lucius","cognomen":"Super","status":"tribus: Camilia, filius Caii"},{"nomen":"Iunia","gender":"female","raw_name":"Iuniai Modestai","cognomen":"Modesta","status":"filia Caii"},{"nomen":"Iunius","gender":"male","raw_name":"Iunius C. f. Secundus","cognomen":"Secundus","status":"filius Caii, frater"}]}},{"type":"Feature","geometry":{"type":"Point","coordinates":[8.47,44.68]},"properties":{"edcs_id":"EDCS-07400316","findspot":"Mombaldone / Aquae Statiellae","raw_text":"] Petronio M(arci) f(ilio) / [T]ro(mentina) Peicio / [3] P(ublius) M(arcus) C(aius) f(ilii) p(osuerunt)","date_from":-51,"date_to":30,"marker_gender":"male","is_individual":false,"edcs_url":"https://edcs.hist.uzh.ch/en/document?edcs-id=EDCS-07400316","persons":[{"nomen":"Petronius","gender":"male","raw_name":"Petronio M. f. [T]ro. Peicio","cognomen":"Peicius","status":"tribus: Tromentina, filius Marci"},{"nomen":"","gender":"male","raw_name":"P.","praenomen":"Publius","status":"filius Cai"},{"nomen":"","gender":"male","raw_name":"M.","praenomen":"Marcus","status":"filius Cai"},{"nomen":"","gender":"male","raw_name":"C.","praenomen":"Gaius","status":"filius Cai"}]}},{"type":"Feature","geometry":{"type":"Point","coordinates":[8.33,44.54]},"properties":{"edcs_id":"EDCS-07400318","findspot":"Spigno Monferrato / Alba Pompeia","raw_text":"Attiae M(arci) f(iliae) Ven/nae L(ucius) Sex(tus) Q(uintus) Se/cunda f(ilii) et C(aius) Me/mmius vir po/suerunt","date_from":-31,"date_to":50,"marker_gender":"mixed","is_individual":false,"edcs_url":"https://edcs.hist.uzh.ch/en/document?edcs-id=EDCS-07400318","persons":[{"nomen":"Attia","gender":"female","raw_name":"Attiae M. f. Vennae","cognomen":"Venna","status":"filia Marci"},{"nomen":"","gender":"male","raw_name":"L.","praenomen":"Lucius","status":"filius"},{"nomen":"","gender":"male","raw_name":"Sex.","praenomen":"Sextus","status":"filius"},{"nomen":"","gender":"male","raw_name":"Q.","praenomen":"Quintus","status":"filius"},{"nomen":"","gender":"female","raw_name":"Secunda","cognomen":"Secunda","status":"filia"},{"nomen":"Memmius","gender":"male","raw_name":"C. Memmius","praenomen":"Gaius"}]}},{"type":"Feature","geometry":{"type":"Point","coordinates":[8.22,44.05]},"properties":{"edcs_id":"EDCS-07600184","findspot":"Diano Marina","raw_text":"C(aius) Piranus / Primus fe(cit) // C(aius) Piranus / Philomusus f(ecit) // Petics(?) Marsi","date_from":-30,"date_to":37,"marker_gender":"male","is_individual":false,"edcs_url":"https://edcs.hist.uzh.ch/en/document?edcs-id=EDCS-07600184","persons":[{"nomen":"Piranus","gender":"male","raw_name":"C. Piranus Primus","praenomen":"Gaius","cognomen":"Primus","cluster_id":404,"cluster_size":2},{"nomen":"Piranus","gender":"male","raw_name":"C. Piranus Philomusus","praenomen":"Gaius","cognomen":"Philomusus","cluster_id":405,"cluster_size":3},{"nomen":"","gender":"unknown","raw_name":"Petics(?) Marsi","cognomen":"Petics","status":"filius Marsi"}]}},{"type":"Feature","geometry":{"type":"Point","coordinates":[8.02,45.15]},"properties":{"edcs_id":"EDCS-08000618","findspot":"Monteu da Po / Industria","raw_text":"Genio municipii / Industriensis [3] Zo/simus VIvir Aug(ustalis) / [","date_from":null,"date_to":null,"marker_gender":"male","is_individual":false,"edcs_url":"https://edcs.hist.uzh.ch/en/document?edcs-id=EDCS-08000618","persons":[{"nomen":"","gender":"male","raw_name":"Zosimus","cognomen":"Zosimus","status":"VIvir Augustalis"}]}},{"type":"Feature","geometry":{"type":"Point","coordinates":[8.02,45.15]},"properties":{"edcs_id":"EDCS-08000619","findspot":"Monteu da Po / Industria","raw_text":"C(aius) Erbonius / C(ai) l(ibertus) Rutundus / IIIIIIvir / M(ercurio?) v(otum) s(olvit) l(ibens) m(erito)","date_from":101,"date_to":200,"marker_gender":"male","is_individual":false,"edcs_url":"https://edcs.hist.uzh.ch/en/document?edcs-id=EDCS-08000619","persons":[{"nomen":"Erbonius","gender":"male","raw_name":"C. Erbonius C. l. Rutundus","praenomen":"Gaius","cognomen":"Rutundus","status":"libertus Gai, VIIIvir, votum solvit libens merito"}]}},{"type":"Feature","geometry":{"type":"Point","coordinates":[7.6,43.79]},"properties":{"edcs_id":"EDCS-08000638","findspot":"Ventimiglia / Albintimilium","raw_text":"Iulius / Geminian(us) / cum suis / v(otum) s(olvit) / l(ibens) m(erito)","date_from":101,"date_to":200,"marker_gender":"male","is_individual":false,"edcs_url":"https://edcs.hist.uzh.ch/en/document?edcs-id=EDCS-08000638","persons":[{"nomen":"Iulius","gender":"male","raw_name":"Iulius Geminian(us)","cognomen":"Geminianus","status":"votum solvit libens merito"}]}},{"type":"Feature","geometry":{"type":"Point","coordinates":[7.6,43.79]},"properties":{"edcs_id":"EDCS-08000639","findspot":"Ventimiglia / Albintimilium","raw_text":"D(is) M(anibus) / M(anio) Iunio Tran/quillo benef(iciario) praef(ecti) fabric(iensi) / Peculiaris / mater filio pi/entissimo fec(it)","date_from":101,"date_to":200,"marker_gender":"mixed","is_individual":false,"edcs_url":"https://edcs.hist.uzh.ch/en/document?edcs-id=EDCS-08000639","persons":[{"nomen":"Iunius","gender":"male","raw_name":"M. Iunio Tranquillo","praenomen":"Manius","cognomen":"Tranquillus","status":"beneficiarius praefecti fabriciensis"},{"nomen":"","gender":"female","raw_name":"Peculiaris","cognomen":"Peculiaris","status":"mater"}]}},{"type":"Feature","geometry":{"type":"Point","coordinates":[7.6,43.79]},"properties":{"edcs_id":"EDCS-08000640","findspot":"Ventimiglia / Albintimilium","raw_text":"I(ter) p(rohibitum) nisi / per(missu) dom(ini) / P(ubli) Non(i) Pr(imi)","date_from":1,"date_to":200,"marker_gender":"male","is_individual":false,"edcs_url":"https://edcs.hist.uzh.ch/en/document?edcs-id=EDCS-08000640","persons":[{"nomen":"Nonius","gender":"male","raw_name":"P. Noni Primi","praenomen":"Publius","cognomen":"Primus"}]}},{"type":"Feature","geometry":{"type":"Point","coordinates":[7.6,43.79]},"properties":{"edcs_id":"EDCS-08000641","findspot":"Ventimiglia / Albintimilium","raw_text":"D(is) M(anibus) / C(aio) Aemilio Cle/menti Bittia / Amabilis ma/rito optimo / fecit","date_from":101,"date_to":200,"marker_gender":"mixed","is_individual":false,"edcs_url":"https://edcs.hist.uzh.ch/en/document?edcs-id=EDCS-08000641","persons":[{"nomen":"Aemilius","gender":"male","raw_name":"C. Aemilio Clementi","praenomen":"Gaius","cognomen":"Clemens"},{"nomen":"Bittia","gender":"female","raw_name":"Bittia Amabilis","cognomen":"Amabilis","status":"uxor"}]}},{"type":"Feature","geometry":{"type":"Point","coordinates":[7.6,43.79]},"properties":{"edcs_id":"EDCS-08000642","findspot":"Ventimiglia / Albintimilium","raw_text":"L(ucius) Afranius Severus / vixit annis XIV / L(ucius) Afranius Maritimus / pater / fecit filio / et / Iulia Severa / mater","date_from":101,"date_to":200,"marker_gender":"mixed","is_individual":false,"edcs_url":"https://edcs.hist.uzh.ch/en/document?edcs-id=EDCS-08000642","persons":[{"nomen":"Afranius","gender":"male","raw_name":"L. Afranius Severus","praenomen":"Lucius","cognomen":"Severus"},{"nomen":"Afranius","gender":"male","raw_name":"L. Afranius Maritimus","praenomen":"Lucius","cognomen":"Maritimus","status":"pater"},{"nomen":"Iulia","gender":"female","raw_name":"Iulia Severa","cognomen":"Severa","status":"mater"}]}},{"type":"Feature","geometry":{"type":"Point","coordinates":[7.6,43.79]},"properties":{"edcs_id":"EDCS-08000643","findspot":"Ventimiglia / Albintimilium","raw_text":"C(aius) Alban[ius 3] / P(ubli) Octavi Im[3 vixit(?)] / ann(os) XXI d[ies","date_from":1,"date_to":100,"marker_gender":"male","is_individual":false,"edcs_url":"https://edcs.hist.uzh.ch/en/document?edcs-id=EDCS-08000643","persons":[{"nomen":"Albanius","gender":"male","raw_name":"C. Alban[ius 3]","praenomen":"Gaius"},{"nomen":"Octavius","gender":"male","raw_name":"P. Octavi Im[3","praenomen":"Publius"}]}},{"type":"Feature","geometry":{"type":"Point","coordinates":[7.6,43.79]},"properties":{"edcs_id":"EDCS-08000644","findspot":"Ventimiglia / Albintimilium","raw_text":"D(is) M(anibus) / D(ecimo) Apronio Primitivo / Dioscurus et Iucundi/lla parentes filio pien/tissimo annor(um) XXIII s(ua) p(ecunia) f(ecerunt)","date_from":101,"date_to":200,"marker_gender":"mixed","is_individual":false,"edcs_url":"https://edcs.hist.uzh.ch/en/document?edcs-id=EDCS-08000644","persons":[{"nomen":"Apronius","gender":"male","raw_name":"D. Apronio Primitivo","praenomen":"Decimus","cognomen":"Primitivus","status":"filius"},{"nomen":"","gender":"male","raw_name":"Dioscurus","cognomen":"Dioscurus","status":"pater"},{"nomen":"","gender":"female","raw_name":"Iucundilla","cognomen":"Iucundilla","status":"mater"}]}},{"type":"Feature","geometry":{"type":"Point","coordinates":[7.6,43.79]},"properties":{"edcs_id":"EDCS-08000645","findspot":"Ventimiglia / Albintimilium","raw_text":"D(is) M(anibus) / Aproniae Marcellae / D(ecimus) Apronius Karicus / coniugi karissimae bene / merenti et sibi posteris/que suis vivus fecit // D(is) M(anibus) / Aproniae Marcellae / D(ecimus) Apronius Caricus / coniugi carissim/ae bene merenti / se vivo et suis fe/cit","date_from":101,"date_to":200,"marker_gender":"mixed","is_individual":false,"edcs_url":"https://edcs.hist.uzh.ch/en/document?edcs-id=EDCS-08000645","persons":[{"nomen":"Apronia","gender":"female","raw_name":"Aproniae Marcellae","cognomen":"Marcella","status":"coniux"},{"nomen":"Apronius","gender":"male","raw_name":"D. Apronius Karicus","praenomen":"Decimus","cognomen":"Caricus"}]}},{"type":"Feature","geometry":{"type":"Point","coordinates":[7.6,43.79]},"properties":{"edcs_id":"EDCS-08000646","findspot":"Ventimiglia / Albintimilium","raw_text":"M(arcus) Bittius / M(arci) f(ilius) Bara/co hic / situs est / annoru/m IX // M(arcus) Bitt[ius","date_from":101,"date_to":200,"marker_gender":"male","is_individual":false,"edcs_url":"https://edcs.hist.uzh.ch/en/document?edcs-id=EDCS-08000646","persons":[{"nomen":"Bittius","gender":"male","raw_name":"M. Bittius M. f. Baraco","praenomen":"Marcus","cognomen":"Baraco"},{"nomen":"Bittius","gender":"male","raw_name":"M. Bitt[ius","praenomen":"Marcus"}]}},{"type":"Feature","geometry":{"type":"Point","coordinates":[7.6,43.79]},"properties":{"edcs_id":"EDCS-08000648","findspot":"Ventimiglia / Albintimilium","raw_text":"D(is) M(anibus) / Lucretiae Lysistrates / Aemilia Cratia mater fili/ae piissimae ann(orum) XXII et Bi(l)/lenius Onesimus maritus / co(n)iugi karissimae fecerunt","date_from":101,"date_to":200,"marker_gender":"mixed","is_individual":false,"edcs_url":"https://edcs.hist.uzh.ch/en/document?edcs-id=EDCS-08000648","persons":[{"nomen":"Lucretia","gender":"female","raw_name":"Lucretiae Lysistrates","cognomen":"Lysistrata"},{"nomen":"Aemilia","gender":"female","raw_name":"Aemilia Cratia","cognomen":"Cratia","status":"mater"},{"nomen":"Billenius","gender":"male","raw_name":"Bi(l)lenius Onesimus","cognomen":"Onesimus","status":"maritus"}]}},{"type":"Feature","geometry":{"type":"Point","coordinates":[7.6,43.79]},"properties":{"edcs_id":"EDCS-08000649","findspot":"Ventimiglia / Albintimilium","raw_text":"Liciniae C(ai) f(iliae) / Pollae Licinia C(ai) f(ilia) / Secunda filiae / pi(i)ss<i=U>mae mater v(ivus) f(ecit)","date_from":1,"date_to":100,"marker_gender":"female","is_individual":false,"edcs_url":"https://edcs.hist.uzh.ch/en/document?edcs-id=EDCS-08000649","persons":[{"nomen":"Licinia","gender":"female","raw_name":"Liciniae C. f. Pollae","cognomen":"Polla","status":"filia Cai"},{"nomen":"Licinia","gender":"female","raw_name":"Licinia C. f. Secunda","cognomen":"Secunda","status":"filia Cai"}]}},{"type":"Feature","geometry":{"type":"Point","coordinates":[7.6,43.79]},"properties":{"edcs_id":"EDCS-08000650","findspot":"Ventimiglia / Albintimilium","raw_text":"Maiae M(arci) f(iliae) / Paternae / annor(um) XI / parentes fi/liae piissimae","date_from":101,"date_to":200,"marker_gender":"female","is_individual":false,"edcs_url":"https://edcs.hist.uzh.ch/en/document?edcs-id=EDCS-08000650","persons":[{"nomen":"Maia","gender":"female","raw_name":"Maiae M. f. Paternae","cognomen":"Paterna","status":"filia Marci"}]}},{"type":"Feature","geometry":{"type":"Point","coordinates":[7.6,43.79]},"properties":{"edcs_id":"EDCS-08000651","findspot":"Ventimiglia / Albintimilium","raw_text":"L(ucius) Minicius / Genethlius / Miniciae Lycori/di carae coniugi / et pientissimae fec(it) / t(e) r(ogo) p(raeteriens) d(icas) s(it) t(ibi) t(erra) l(evis)","date_from":101,"date_to":200,"marker_gender":"mixed","is_individual":false,"edcs_url":"https://edcs.hist.uzh.ch/en/document?edcs-id=EDCS-08000651","persons":[{"nomen":"Minicius","gender":"male","raw_name":"L. Minicius Genethlius","praenomen":"Lucius","cognomen":"Genethlius"},{"nomen":"Minicia","gender":"female","raw_name":"Miniciae Lycoridi","cognomen":"Lycoris","status":"coniux"}]}},{"type":"Feature","geometry":{"type":"Point","coordinates":[7.6,43.79]},"properties":{"edcs_id":"EDCS-08000652","findspot":"Ventimiglia / Albintimilium","raw_text":"Pomp(eiae) Niceni / ann(orum) XXV / M(anius) Lucretius / Trophimus coniu/gi pientis(simae) f(ecit)","date_from":101,"date_to":200,"marker_gender":"mixed","is_individual":false,"edcs_url":"https://edcs.hist.uzh.ch/en/document?edcs-id=EDCS-08000652","persons":[{"nomen":"Pompeia","gender":"female","raw_name":"Pomp(eiae) Niceni","cognomen":"Nicene"},{"nomen":"Lucretius","gender":"male","raw_name":"M. Lucretius Trophimus","praenomen":"Manius","cognomen":"Trophimus","status":"coniux"}]}},{"type":"Feature","geometry":{"type":"Point","coordinates":[7.6,43.79]},"properties":{"edcs_id":"EDCS-08000655","findspot":"Ventimiglia / Albintimilium","raw_text":"Sentro Adreito/nis f(ilio) suis et sibi / fecit C(aius) Albicus C(ai) f(ilius) / Exomnacius / Rufus Octavius / C(ai) f(ilius) Exomnacius","date_from":1,"date_to":50,"marker_gender":"male","is_individual":false,"edcs_url":"https://edcs.hist.uzh.ch/en/document?edcs-id=EDCS-08000655","persons":[{"nomen":"","gender":"male","raw_name":"Sentro Adreitonis f.","cognomen":"Sentrus","status":"filius Adreitonis"},{"nomen":"Albicus","gender":"male","raw_name":"C. Albicus C. f. Exomnacius","praenomen":"Gaius","cognomen":"Exomnacius","status":"filius Caii"},{"nomen":"Octavius","gender":"male","raw_name":"Rufus Octavius C. f. Exomnacius","cognomen":"Exomnacius","status":"filius Caii"}]}},{"type":"Feature","geometry":{"type":"Point","coordinates":[7.6,43.79]},"properties":{"edcs_id":"EDCS-08000657","findspot":"Ventimiglia / Albintimilium","raw_text":"D(is) M(anibus) / Q(uinto) Vettio Mansu/eto Apronia Feli/citas marito fec[it] / b(ene) m(erenti)","date_from":101,"date_to":200,"marker_gender":"mixed","is_individual":false,"edcs_url":"https://edcs.hist.uzh.ch/en/document?edcs-id=EDCS-08000657","persons":[{"nomen":"Vettius","gender":"male","raw_name":"Q. Vettio Mansueto","praenomen":"Quintus","cognomen":"Mansuetus","status":"maritus"},{"nomen":"Apronia","gender":"female","raw_name":"Apronia Felicitas","cognomen":"Felicitas"}]}},{"type":"Feature","geometry":{"type":"Point","coordinates":[7.6,43.79]},"properties":{"edcs_id":"EDCS-08000660","findspot":"Ventimiglia / Albintimilium","raw_text":"C]hry/[3] VII / [3]rce / [","date_from":null,"date_to":null,"marker_gender":"unknown","is_individual":false,"edcs_url":"https://edcs.hist.uzh.ch/en/document?edcs-id=EDCS-08000660","persons":[{"nomen":"","gender":"unknown","raw_name":"C]hry [3]","cognomen":"Chrys"}]}},{"type":"Feature","geometry":{"type":"Point","coordinates":[7.6,43.79]},"properties":{"edcs_id":"EDCS-08000662","findspot":"Ventimiglia / Albintimilium","raw_text":"Di(s) M(anibus) NONIECA[3] / [3] fili(a)e v<i=E>rgini ME[","date_from":271,"date_to":330,"marker_gender":"female","is_individual":false,"edcs_url":"https://edcs.hist.uzh.ch/en/document?edcs-id=EDCS-08000662","persons":[{"nomen":"Nonia","gender":"female","raw_name":"NONIECA[3]   [3] fili(a)e v<i=E>rgini","status":"filia, virgo"}]}},{"type":"Feature","geometry":{"type":"Point","coordinates":[7.6,43.79]},"properties":{"edcs_id":"EDCS-08000663","findspot":"Ventimiglia / Albintimilium","raw_text":"] Aretos(a)e / [3 me]moria / [","date_from":null,"date_to":null,"marker_gender":"female","is_individual":false,"edcs_url":"https://edcs.hist.uzh.ch/en/document?edcs-id=EDCS-08000663","persons":[{"nomen":"","gender":"female","raw_name":"Aretos(a)e","cognomen":"Aretosa"}]}},{"type":"Feature","geometry":{"type":"Point","coordinates":[8.03,44.69]},"properties":{"edcs_id":"EDCS-08000799","findspot":"Alba / Alba Pompeia","raw_text":"D(is) M(anibus) / L(ucio) Monni/no Etico / Monnina / [","date_from":101,"date_to":200,"marker_gender":"mixed","is_individual":false,"edcs_url":"https://edcs.hist.uzh.ch/en/document?edcs-id=EDCS-08000799","persons":[{"nomen":"Monninus","gender":"male","raw_name":"L. Monni no Etico","praenomen":"Lucius","cognomen":"Eticus"},{"nomen":"Monnina","gender":"female","raw_name":"Monnina"}]}},{"type":"Feature","geometry":{"type":"Point","coordinates":[7.6,43.78]},"properties":{"edcs_id":"EDCS-08000802","findspot":"Ventimiglia / Albintimilium","raw_text":"D(is) M(anibus) / Kaniniae G(ai!) f(iliae) / Catullae Ati/metus / [be]ne merenti","date_from":101,"date_to":200,"marker_gender":"mixed","is_individual":false,"edcs_url":"https://edcs.hist.uzh.ch/en/document?edcs-id=EDCS-08000802","persons":[{"nomen":"Kaninia","gender":"female","raw_name":"Kaniniae G. f. Catullae","cognomen":"Catulla","status":"filia Gai"},{"nomen":"","gender":"male","raw_name":"Atimetus","cognomen":"Atimetus"}]}},{"type":"Feature","geometry":{"type":"Point","coordinates":[7.6,43.79]},"properties":{"edcs_id":"EDCS-08000803","findspot":"Ventimiglia / Albintimilium","raw_text":"] Sex(tus?) IIIIL[3] / [3] Aphro[3] / [3] Considius [","date_from":null,"date_to":null,"marker_gender":"male","is_individual":false,"edcs_url":"https://edcs.hist.uzh.ch/en/document?edcs-id=EDCS-08000803","persons":[{"nomen":"","gender":"male","raw_name":"Sex. IIIIL[3]","praenomen":"Sextus","cognomen":"IIIIL"},{"nomen":"","gender":"unknown","raw_name":"Aphro[3]","cognomen":"Aphro"},{"nomen":"Considius","gender":"male","raw_name":"Considius ["}]}},{"type":"Feature","geometry":{"type":"Point","coordinates":[8.65,45.01]},"properties":{"edcs_id":"EDCS-08100001","findspot":"Valenza / Forum Fulvii","raw_text":"L(ucio) Calusio Marco / tribuno c(o)hort(is) primae / Flaviae / Seconia Vera filio / karissimo","date_from":101,"date_to":150,"marker_gender":"mixed","is_individual":false,"edcs_url":"https://edcs.hist.uzh.ch/en/document?edcs-id=EDCS-08100001","persons":[{"nomen":"Calusius","gender":"male","raw_name":"L. Calusio Marco","praenomen":"Lucius","cognomen":"Marcus","status":"tribunus cohortis primae Flaviae"},{"nomen":"Seconia","gender":"female","raw_name":"Seconia Vera","cognomen":"Vera"}]}},{"type":"Feature","geometry":{"type":"Point","coordinates":[8.73,45.0]},"properties":{"edcs_id":"EDCS-08100002","findspot":"Bassignana / Forum Fulvii","raw_text":"Sex(to) Aemilio / Sex(ti) f(ilio) Pom(ptina) / leg(ionis) VIIII","date_from":1,"date_to":50,"marker_gender":"male","is_individual":true,"edcs_url":"https://edcs.hist.uzh.ch/en/document?edcs-id=EDCS-08100002","persons":[{"nomen":"Aemilius","gender":"male","raw_name":"Sex. Aemilio Sex. f. Pom. leg. VIIII","praenomen":"Sextus","status":"tribus: Pomptina, legio VIIII"}]}},{"type":"Feature","geometry":{"type":"Point","coordinates":[8.53,44.89]},"properties":{"edcs_id":"EDCS-08100005","findspot":"Villa del Foro / Forum Fulvii / Valentia","raw_text":"] / Sec[undus cur(ator)] / II collegi(i) fab(rum) / et centonariorum arces / Titianae c(oloniae) A() A(ugustae) M(edioliani) // [3]C in qua humari LI[3]R[3]IDEM / Sev[3 coll(egio) fabr(um) et centon]ar(iorum) / c(oloniae) A() A(ugustae) Mediol(ani) HS XV(milia) [n(ummum) ad] |(centuriam) secundam d/[3] VOLETVTA[","date_from":101,"date_to":200,"marker_gender":"male","is_individual":false,"edcs_url":"https://edcs.hist.uzh.ch/en/document?edcs-id=EDCS-08100005","persons":[{"nomen":"","gender":"male","raw_name":"Sec[undus cur(ator)]","cognomen":"Secundus","status":"curator"},{"nomen":"","gender":"male","raw_name":"Sev[3","cognomen":"Severus"}]}},{"type":"Feature","geometry":{"type":"Point","coordinates":[8.62,44.91]},"properties":{"edcs_id":"EDCS-08100006","findspot":"Alessandria / Forum Fulvii","raw_text":"D(is) M(anibus) / M(arci) Kanini / Severi [q]ui / vixit annos / XIIII m(enses) VIII e[t] / dies VIII ob [m]e/moriam eius / M(arcus) Kaninius [3]/cus et Patinia [Sa]/bina parente[s] / filio karissimo / et Statiae Paulinae","date_from":101,"date_to":150,"marker_gender":"mixed","is_individual":true,"edcs_url":"https://edcs.hist.uzh.ch/en/document?edcs-id=EDCS-08100006","persons":[{"nomen":"Kaninius","gender":"male","raw_name":"M. Kanini Severi","praenomen":"Marcus","cognomen":"Severus","status":"pater"},{"nomen":"Kaninius","gender":"male","raw_name":"M. Kaninius","praenomen":"Marcus","status":"pater"},{"nomen":"Patinia","gender":"female","raw_name":"Patinia Sabina","cognomen":"Sabina","status":"parens"},{"nomen":"Statia","gender":"female","raw_name":"Statiae Paulinae","cognomen":"Paulina"}]}},{"type":"Feature","geometry":{"type":"Point","coordinates":[8.62,44.91]},"properties":{"edcs_id":"EDCS-08100008","findspot":"Alessandria / Forum Fulvii","raw_text":"]sepu[","date_from":101,"date_to":200,"marker_gender":"mixed","is_individual":true,"edcs_url":"https://edcs.hist.uzh.ch/en/document?edcs-id=EDCS-08100008","persons":[{"nomen":"Arrius","gender":"male","raw_name":"C. Arrius P. f. veteranus leg. XIII Geminae","praenomen":"Gaius","status":"veteranus, leg(ionis) XIII Geminae"},{"nomen":"Baebia","gender":"female","raw_name":"Baebiae Ampliatae","cognomen":"Ampliata","status":"uxor","cluster_id":108,"cluster_size":2}]}},{"type":"Feature","geometry":{"type":"Point","coordinates":[8.03,44.69]},"properties":{"edcs_id":"EDCS-08100011","findspot":"Alba / Alba Pompeia","raw_text":"P(ublius) Laevius / Clemens / mil(es) leg(ionis) / XV Apol(linaris) / m(erito) v(otum) s(olvit) l(aetus)","date_from":69,"date_to":96,"marker_gender":"male","is_individual":false,"edcs_url":"https://edcs.hist.uzh.ch/en/document?edcs-id=EDCS-08100011","persons":[{"nomen":"Laevius","gender":"male","raw_name":"P. Laevius Clemens mil. leg. XV Apol.","praenomen":"Publius","cognomen":"Clemens","status":"miles legionis XV Apollinaris, merito votum solvit laetus"}]}},{"type":"Feature","geometry":{"type":"Point","coordinates":[8.09,44.47]},"properties":{"edcs_id":"EDCS-08100014","findspot":"Mombarcaro","raw_text":"M(arci) Valeri / L(uci) f(ilii) Cam(ilia) / mil(itis)","date_from":-27,"date_to":50,"marker_gender":"male","is_individual":true,"edcs_url":"https://edcs.hist.uzh.ch/en/document?edcs-id=EDCS-08100014","persons":[{"nomen":"Valerius","gender":"male","raw_name":"M. Valeri L. f. Cam. mil.","status":"tribus: Camilia, filius Lucii, miles"}]}},{"type":"Feature","geometry":{"type":"Point","coordinates":[8.03,44.69]},"properties":{"edcs_id":"EDCS-08100016","findspot":"Alba / Alba Pompeia","raw_text":"a]ed(ili) q(uaestori) IIvi[r(o) i(ure) d(icundo)] / [p]atrono coll[egii 3] / ex test(amento) / Didiae Primae / uxoris eius","date_from":101,"date_to":200,"marker_gender":"female","is_individual":false,"edcs_url":"https://edcs.hist.uzh.ch/en/document?edcs-id=EDCS-08100016","persons":[{"nomen":"Didia","gender":"female","raw_name":"Didiae Primae","cognomen":"Prima","status":"uxoris eius"}]}},{"type":"Feature","geometry":{"type":"Point","coordinates":[8.11,44.58]},"properties":{"edcs_id":"EDCS-08100019","findspot":"Arguello","raw_text":"] / IIIIIIvir(o) Aug(ustali) / Memmi[a] / Sex(ti) f(ilia) / Maxsuma(!) / ux{s}or","date_from":1,"date_to":25,"marker_gender":"female","is_individual":true,"edcs_url":"https://edcs.hist.uzh.ch/en/document?edcs-id=EDCS-08100019","persons":[{"nomen":"Memmia","gender":"female","raw_name":"Memmi[a] Sex. f. Maxsuma","cognomen":"Maxsuma","status":"sex(ti) f(ilia), uxor"}]}},{"type":"Feature","geometry":{"type":"Point","coordinates":[8.03,44.69]},"properties":{"edcs_id":"EDCS-08100020","findspot":"Alba / Alba Pompeia","raw_text":"C(aius) Aemilius S(puri) f(ilius) / Cam(ilia) / P(ublius) Aemilius C(ai) f(ilius) / Cam(ilia) Florus","date_from":-27,"date_to":30,"marker_gender":"male","is_individual":false,"edcs_url":"https://edcs.hist.uzh.ch/en/document?edcs-id=EDCS-08100020","persons":[{"nomen":"Aemilius","gender":"male","raw_name":"C. Aemilius S. f. Cam.","praenomen":"Gaius","status":"tribus: Camilia"},{"nomen":"Aemilius","gender":"male","raw_name":"P. Aemilius C. f. Cam. Florus","praenomen":"Publius","cognomen":"Florus","status":"tribus: Camilia"}]}},{"type":"Feature","geometry":{"type":"Point","coordinates":[8.03,44.69]},"properties":{"edcs_id":"EDCS-08100021","findspot":"Alba / Alba Pompeia","raw_text":"V(ivus) f(ecit) / M(arcus) Allius P(ubli) f(ilius) Cam(ilia) / Secundus / sibi [e]t / Vicciae Q(uinti) f(iliae) Te/rtullae uxo/ri annor(um) X[","date_from":1,"date_to":100,"marker_gender":"mixed","is_individual":false,"edcs_url":"https://edcs.hist.uzh.ch/en/document?edcs-id=EDCS-08100021","persons":[{"nomen":"Allius","gender":"male","raw_name":"M. Allius P. f. Cam. Secundus","praenomen":"Marcus","cognomen":"Secundus","status":"tribus: Camilia"},{"nomen":"Viccia","gender":"female","raw_name":"Vicciae Q. f. Tertullae","cognomen":"Tertulla","status":"filia Quinti, uxor"}]}},{"type":"Feature","geometry":{"type":"Point","coordinates":[8.03,44.69]},"properties":{"edcs_id":"EDCS-08100022","findspot":"Alba / Alba Pompeia","raw_text":"] / |(mulieris) l(ibertus) Arcelaus / sibi et / v(ivae) Vettiae Sex(ti) l(ibertae) / Albanae con/tub(ernali) [","date_from":151,"date_to":200,"marker_gender":"mixed","is_individual":false,"edcs_url":"https://edcs.hist.uzh.ch/en/document?edcs-id=EDCS-08100022","persons":[{"nomen":"","gender":"male","raw_name":"|(mulieris) l. Arcelaus","cognomen":"Arcelaus","status":"mulieris libertus"},{"nomen":"Vettia","gender":"female","raw_name":"v. Vettiae Sex. l. Albanae","cognomen":"Albana","status":"libertae, contubernalis"}]}},{"type":"Feature","geometry":{"type":"Point","coordinates":[8.03,44.69]},"properties":{"edcs_id":"EDCS-08100023","findspot":"Alba / Alba Pompeia","raw_text":"V(ivus) f(ecit) / C(aius) Attilius L(uci) [f(ilius)] / Cam(ilia) sibi et / [","date_from":1,"date_to":50,"marker_gender":"male","is_individual":false,"edcs_url":"https://edcs.hist.uzh.ch/en/document?edcs-id=EDCS-08100023","persons":[{"nomen":"Attilius","gender":"male","raw_name":"C. Attilius L. [f.] Cam.","praenomen":"Gaius","status":"tribus: Camilia"}]}},{"type":"Feature","geometry":{"type":"Point","coordinates":[8.03,44.69]},"properties":{"edcs_id":"EDCS-08100024","findspot":"Alba / Alba Pompeia","raw_text":"] / L(ucius) Attius L(uci) fi[l(ius)] / Stabilio / an(norum) XXXII","date_from":101,"date_to":200,"marker_gender":"male","is_individual":false,"edcs_url":"https://edcs.hist.uzh.ch/en/document?edcs-id=EDCS-08100024","persons":[{"nomen":"Attius","gender":"male","raw_name":"L. Attius L. f. Stabilio","praenomen":"Lucius","cognomen":"Stabilio"}]}},{"type":"Feature","geometry":{"type":"Point","coordinates":[8.03,44.69]},"properties":{"edcs_id":"EDCS-08100026","findspot":"Alba / Alba Pompeia","raw_text":"L(ucius) Attiolen/us L(uci) T(iti) l(ibertus) Belib/aeus / Mevia C(ai) f(ilia) / Alla uxor","date_from":1,"date_to":30,"marker_gender":"mixed","is_individual":false,"edcs_url":"https://edcs.hist.uzh.ch/en/document?edcs-id=EDCS-08100026","persons":[{"nomen":"Attiolenus","gender":"male","raw_name":"L. Attiolenus L. T. l. Belibaeus","praenomen":"Lucius","cognomen":"Belibaeus","status":"libertus"},{"nomen":"Mevia","gender":"female","raw_name":"Mevia C. f. Alla","cognomen":"Alla","status":"filia Cai, uxor"}]}},{"type":"Feature","geometry":{"type":"Point","coordinates":[8.03,44.69]},"properties":{"edcs_id":"EDCS-08100027","findspot":"Alba / Alba Pompeia","raw_text":"Cabrin[3] / Gamus [","date_from":101,"date_to":150,"marker_gender":"unknown","is_individual":false,"edcs_url":"https://edcs.hist.uzh.ch/en/document?edcs-id=EDCS-08100027","persons":[{"nomen":"","gender":"unknown","raw_name":"Cabrin[3] Gamus","cognomen":"Gamus"}]}},{"type":"Feature","geometry":{"type":"Point","coordinates":[8.03,44.69]},"properties":{"edcs_id":"EDCS-08100029","findspot":"Alba / Alba Pompeia","raw_text":"Cor]neli / [3] Camuria / [","date_from":1,"date_to":200,"marker_gender":"female","is_individual":false,"edcs_url":"https://edcs.hist.uzh.ch/en/document?edcs-id=EDCS-08100029","persons":[{"nomen":"Cornelia","gender":"female","raw_name":"Corneli [3] Camuria"}]}},{"type":"Feature","geometry":{"type":"Point","coordinates":[8.03,44.69]},"properties":{"edcs_id":"EDCS-08100031","findspot":"Alba / Alba Pompeia","raw_text":"L(uci) Docconi / Do[3] / VO[3] / Docco[3] / Rufin[","date_from":1,"date_to":100,"marker_gender":"unknown","is_individual":false,"edcs_url":"https://edcs.hist.uzh.ch/en/document?edcs-id=EDCS-08100031","persons":[{"nomen":"Docconius","gender":"unknown","raw_name":"L. Docconi Do[3] VO[3] Docco[3] Rufin["}]}},{"type":"Feature","geometry":{"type":"Point","coordinates":[8.03,44.69]},"properties":{"edcs_id":"EDCS-08100032","findspot":"Alba / Alba Pompeia","raw_text":"L(ucius) Enniu[s] / L(uci) l(ibertus) / Fausti[n(us)","date_from":151,"date_to":200,"marker_gender":"male","is_individual":false,"edcs_url":"https://edcs.hist.uzh.ch/en/document?edcs-id=EDCS-08100032","persons":[{"nomen":"Ennius","gender":"male","raw_name":"L. Enniu L. l. Fausti","praenomen":"Lucius","cognomen":"Faustinus","status":"libertus"}]}},{"type":"Feature","geometry":{"type":"Point","coordinates":[8.03,44.69]},"properties":{"edcs_id":"EDCS-08100034","findspot":"Alba / Alba Pompeia","raw_text":"V(ivus) f(ecit) / C(aius) Helvius P(ubli) f(ilius) Cam(ilia) / Felix sibi et / C(aio) Helvio [3] / f(ilio) vix(it) ann(os) XX / P(ublio) Helvio P(ubli) f(ilio) Ter(etina) Tena / fr(atri) [v(ixit) ann(os) 3]I / h(oc) m(onumentum) h(eredem) n(on) s(equetur) / in fr[ont(e)] p(edes) C in agr(o) p(edes) / CXX","date_from":151,"date_to":200,"marker_gender":"male","is_individual":false,"edcs_url":"https://edcs.hist.uzh.ch/en/document?edcs-id=EDCS-08100034","persons":[{"nomen":"Helvius","gender":"male","raw_name":"C. Helvius P. f. Cam. Felix","praenomen":"Gaius","cognomen":"Felix","status":"tribus: Camilia"},{"nomen":"Helvius","gender":"male","raw_name":"C. Helvio [3] f. vix. ann. XX","praenomen":"Gaius"},{"nomen":"Helvius","gender":"male","raw_name":"P. Helvio P. f. Ter. Tena fr. [vix. ann. 3]I","praenomen":"Publius","status":"tribus: Teretina, frater"}]}},{"type":"Feature","geometry":{"type":"Point","coordinates":[2.0,42.0]},"properties":{"edcs_id":"EDCS-08100035","findspot":"Alba / Alba Pompeia","raw_text":"D(is) M(anibus) / Laeliae T(iti) l(ibertae) / Secundae / et L(uci) Alli La/myri pa/rentibus / pientissi/mis Corne/lia T(iti) f(ilia) Pre/pusa feci[t]","date_from":101,"date_to":200,"marker_gender":"female","is_individual":false,"edcs_url":"https://edcs.hist.uzh.ch/en/document?edcs-id=EDCS-08100035","persons":[{"nomen":"Laelia","gender":"female","raw_name":"Laeliae T. l. Secundae","cognomen":"Secunda","status":"liberta Titi"},{"nomen":"Allia","gender":"female","raw_name":"L. Alli Lamyri","cognomen":"Lamyra","status":"parentes pientissimi"},{"nomen":"Cornelia","gender":"female","raw_name":"Cornelia T. f. Prepus(a)","cognomen":"Prepusia","status":"filia Titi"}]}},{"type":"Feature","geometry":{"type":"Point","coordinates":[8.03,44.69]},"properties":{"edcs_id":"EDCS-08100036","findspot":"Alba / Alba Pompeia","raw_text":"Memmiae / |(mulieris) lib(ertae) Tyche / ann(orum) XXXV / Q(uintus) Terentius / Ianuarius / uxori / bene merenti","date_from":71,"date_to":150,"marker_gender":"mixed","is_individual":false,"edcs_url":"https://edcs.hist.uzh.ch/en/document?edcs-id=EDCS-08100036","persons":[{"nomen":"Memmia","gender":"female","raw_name":"Memmiae |(mulieris) lib. Tyche","cognomen":"Tyche","status":"mulieris liberta"},{"nomen":"Terentius","gender":"male","raw_name":"Q. Terentius Ianuarius","praenomen":"Quintus","cognomen":"Ianuarius","status":"uxor bene merenti"}]}},{"type":"Feature","geometry":{"type":"Point","coordinates":[8.03,44.69]},"properties":{"edcs_id":"EDCS-08100039","findspot":"Alba / Alba Pompeia","raw_text":"] / Ph[","date_from":null,"date_to":null,"marker_gender":"unknown","is_individual":false,"edcs_url":"https://edcs.hist.uzh.ch/en/document?edcs-id=EDCS-08100039","persons":[{"nomen":"","gender":"unknown","raw_name":"Ph[","cognomen":"Ph"}]}},{"type":"Feature","geometry":{"type":"Point","coordinates":[8.03,44.69]},"properties":{"edcs_id":"EDCS-08100040","findspot":"Alba / Alba Pompeia","raw_text":"Pollia Q(uinti) f(ilia) / Tertia","date_from":1,"date_to":50,"marker_gender":"female","is_individual":false,"edcs_url":"https://edcs.hist.uzh.ch/en/document?edcs-id=EDCS-08100040","persons":[{"nomen":"Pollia","gender":"female","raw_name":"Pollia Q. f. Tertia","cognomen":"Tertia","status":"filia Quinti"}]}},{"type":"Feature","geometry":{"type":"Point","coordinates":[8.03,44.69]},"properties":{"edcs_id":"EDCS-08100042","findspot":"Alba / Alba Pompeia","raw_text":"] Restitu(t)ae [3] / [3]ero Notu[s(?)","date_from":1,"date_to":200,"marker_gender":"mixed","is_individual":false,"edcs_url":"https://edcs.hist.uzh.ch/en/document?edcs-id=EDCS-08100042","persons":[{"nomen":"","gender":"female","raw_name":"] Restitu(t)ae [3]","cognomen":"Restituta"},{"nomen":"","gender":"male","raw_name":"[3]ero Notu[s(?)]","cognomen":"Notus"}]}},{"type":"Feature","geometry":{"type":"Point","coordinates":[8.19,44.58]},"properties":{"edcs_id":"EDCS-08100045","findspot":"Cortemilia / Alba Pompeia","raw_text":"Q(uinto) Valer/io C(ai) f(ilio) / Cam(ilia) / v(ivus) f(ecit) / b(ene) v(aleas) l(ector?)","date_from":1,"date_to":150,"marker_gender":"male","is_individual":false,"edcs_url":"https://edcs.hist.uzh.ch/en/document?edcs-id=EDCS-08100045","persons":[{"nomen":"Valerius","gender":"male","raw_name":"Q. Valerio C. f. Cam.","praenomen":"Quintus","status":"tribus: Camilia"}]}},{"type":"Feature","geometry":{"type":"Point","coordinates":[8.03,44.69]},"properties":{"edcs_id":"EDCS-08100048","findspot":"Alba / Alba Pompeia","raw_text":"V(ivus) f(ecit) / M(arcus) Vettius / [3] f(ilius) Cam(ilia)","date_from":71,"date_to":130,"marker_gender":"male","is_individual":false,"edcs_url":"https://edcs.hist.uzh.ch/en/document?edcs-id=EDCS-08100048","persons":[{"nomen":"Vettius","gender":"male","raw_name":"M. Vettius [3] f. Cam.","praenomen":"Marcus","status":"tribus: Camilia"}]}},{"type":"Feature","geometry":{"type":"Point","coordinates":[8.03,44.69]},"properties":{"edcs_id":"EDCS-08100049","findspot":"Alba / Alba Pompeia","raw_text":"D(is) M(anibus) / Villiae / Sophes / C(aius) Vil(lius) filiu[s]","date_from":1,"date_to":100,"marker_gender":"mixed","is_individual":false,"edcs_url":"https://edcs.hist.uzh.ch/en/document?edcs-id=EDCS-08100049","persons":[{"nomen":"Villia","gender":"female","raw_name":"Villiae Sophes","cognomen":"Sophes"},{"nomen":"Villius","gender":"male","raw_name":"C. Vil. filiu[s]","praenomen":"Gaius"}]}},{"type":"Feature","geometry":{"type":"Point","coordinates":[8.87,44.9]},"properties":{"edcs_id":"EDCS-08300304","findspot":"Tortona / Dertona","raw_text":"[St]ati(us) Mar(cius) / [Lu]cifer","date_from":51,"date_to":200,"marker_gender":"male","is_individual":false,"edcs_url":"https://edcs.hist.uzh.ch/en/document?edcs-id=EDCS-08300304","persons":[{"nomen":"Statius","gender":"male","raw_name":"[St]ati(us) Mar(cius) [Lu]cifer","cognomen":"Marcius Lucifer"}]}},{"type":"Feature","geometry":{"type":"Point","coordinates":[8.87,44.9]},"properties":{"edcs_id":"EDCS-08300305","findspot":"Pozzolo Formigaro / Dertona","raw_text":"C(aio) Curtio C(ai) f(ilio) / [","date_from":101,"date_to":200,"marker_gender":"male","is_individual":false,"edcs_url":"https://edcs.hist.uzh.ch/en/document?edcs-id=EDCS-08300305","persons":[{"nomen":"Curtius","gender":"male","raw_name":"C. Curtio C. f.","praenomen":"Gaius"}]}},{"type":"Feature","geometry":null,"properties":{"edcs_id":"EDCS-08300306","findspot":"Sarezzano / Dertona","raw_text":"Hic quiesc[it] / in pace abbas / Rufinus re/[cessit 3]s","date_from":null,"date_to":null,"marker_gender":"male","is_individual":true,"edcs_url":"https://edcs.hist.uzh.ch/en/document?edcs-id=EDCS-08300306","persons":[{"nomen":"","gender":"male","raw_name":"Rufinus","cognomen":"Rufinus","status":"abbas","cluster_id":1203,"cluster_size":2,"cluster_confidence":"low"}]}},{"type":"Feature","geometry":{"type":"Point","coordinates":[8.87,44.9]},"properties":{"edcs_id":"EDCS-08300307","findspot":"Volpedo / Dertona","raw_text":"V(ivus) f(ecit) / Cn(aeus) Pactumeius / T(iti) f(ilius) Niger / P(ublio) Pactumeio M(arci) [f(ilio)] / vetera(no) nepoti / [","date_from":1,"date_to":50,"marker_gender":"male","is_individual":false,"edcs_url":"https://edcs.hist.uzh.ch/en/document?edcs-id=EDCS-08300307","persons":[{"nomen":"Pactumeius","gender":"male","raw_name":"Cn. Pactumeius T. f. Niger","praenomen":"Gnaeus","cognomen":"Niger","status":"filius Titi"},{"nomen":"Pactumeius","gender":"male","raw_name":"P. Pactumeio M. [f.]","praenomen":"Publius","status":"veteranus, nepos, filius Marci"}]}},{"type":"Feature","geometry":{"type":"Point","coordinates":[8.86,44.71]},"properties":{"edcs_id":"EDCS-08300308","findspot":"Serravalle Scrivia / Libarna","raw_text":"[El]iona(?) / L(uci) f(ilia) / Prisca","date_from":101,"date_to":300,"marker_gender":"female","is_individual":false,"edcs_url":"https://edcs.hist.uzh.ch/en/document?edcs-id=EDCS-08300308","persons":[{"nomen":"","gender":"female","raw_name":"[El]iona(?) L. f. Prisca","cognomen":"Prisca","status":"filia Luci"}]}},{"type":"Feature","geometry":{"type":"Point","coordinates":[8.47,44.68]},"properties":{"edcs_id":"EDCS-08300311","findspot":"Cossano Belbo","raw_text":"[Q(uintus) Didius Q(uinti) f(ilius)] / [po]suit titulu[m] / sibi et fil[i]o suo / C(aio) Didio Q(uinti) f(ilio) Tro(mentina) / Primo vetera(no) / Q(uinto) Didio C(ai) f(ilio) p(atri) / Valeriae C(ai) f(iliae) Pri/mae [","date_from":150,"date_to":200,"marker_gender":"mixed","is_individual":false,"edcs_url":"https://edcs.hist.uzh.ch/en/document?edcs-id=EDCS-08300311","persons":[{"nomen":"Didius","gender":"male","raw_name":"Q. Didius Q. f.","praenomen":"Quintus"},{"nomen":"Didius","gender":"male","raw_name":"C. Didio Q. f. Tro. Primo","praenomen":"Gaius","cognomen":"Primus","status":"tribus: Tromentina, filius, veteranus"},{"nomen":"Didius","gender":"male","raw_name":"Q. Didio C. f.","praenomen":"Quintus","status":"pater"},{"nomen":"Valeria","gender":"female","raw_name":"Valeriae C. f. Primae","cognomen":"Prima","status":"filia Gai"}]}},{"type":"Feature","geometry":{"type":"Point","coordinates":[7.6,43.78]},"properties":{"edcs_id":"EDCS-08400240","findspot":"Ventimiglia / Albintimilium","raw_text":"D(is) M(anibus) / Felicitatis / Quinta Octavi/ae Lucanae / vernae suae fec(it) / vixit anno I m(ensibus) VIII d(iebus) XXV / s(it) t(ibi) t(erra) l(evis)","date_from":101,"date_to":200,"marker_gender":"female","is_individual":false,"edcs_url":"https://edcs.hist.uzh.ch/en/document?edcs-id=EDCS-08400240","persons":[{"nomen":"","gender":"female","raw_name":"Felicitatis","cognomen":"Felicitas","is_deity":true,"cluster_confidence":"excluded"},{"nomen":"","gender":"female","raw_name":"Quinta","cognomen":"Quinta"},{"nomen":"Octavia","gender":"female","raw_name":"Octaviae Lucanae","cognomen":"Lucana"}]}},{"type":"Feature","geometry":{"type":"Point","coordinates":[7.6,43.78]},"properties":{"edcs_id":"EDCS-08400241","findspot":"Ventimiglia / Albintimilium","raw_text":"D(is) M(anibus) s(acrum) M(arco) Lollio / Heliodoro vixit / annis II men(sibus) V / die(bus) XX fecerunt / T(itus) Flavius Eutychus / et Flavia Cerine","date_from":101,"date_to":200,"marker_gender":"mixed","is_individual":false,"edcs_url":"https://edcs.hist.uzh.ch/en/document?edcs-id=EDCS-08400241","persons":[{"nomen":"Lollius","gender":"male","raw_name":"M. Lollio Heliodoro","praenomen":"Marcus","cognomen":"Heliodorus"},{"nomen":"Flavius","gender":"male","raw_name":"T. Flavius Eutychus","praenomen":"Titus","cognomen":"Eutychus"},{"nomen":"Flavia","gender":"female","raw_name":"Flavia Cerine","cognomen":"Cerine"}]}},{"type":"Feature","geometry":{"type":"Point","coordinates":[7.6,43.78]},"properties":{"edcs_id":"EDCS-08400242","findspot":"Ventimiglia / Albintimilium","raw_text":"D(is) M(anibus) s(acrum) / L(uci) Mummi Resti/tuti / Pilia Psaechas / coniugi suo / cum quo vixit / annis XL","date_from":101,"date_to":200,"marker_gender":"mixed","is_individual":false,"edcs_url":"https://edcs.hist.uzh.ch/en/document?edcs-id=EDCS-08400242","persons":[{"nomen":"Mummius","gender":"male","raw_name":"L. Mummi Restituti","praenomen":"Lucius","cognomen":"Restitutus"},{"nomen":"Pilia","gender":"female","raw_name":"Pilia Psaechas","cognomen":"Psaechas","status":"uxor"}]}},{"type":"Feature","geometry":{"type":"Point","coordinates":[7.6,43.78]},"properties":{"edcs_id":"EDCS-08400243","findspot":"Ventimiglia / Albintimilium","raw_text":"L(ucius) Octaviu[s] / Urbicus sibi et / Octaviae Syn/tycheni uxori / suae et suis v(ivus) f(ecit)","date_from":101,"date_to":200,"marker_gender":"mixed","is_individual":false,"edcs_url":"https://edcs.hist.uzh.ch/en/document?edcs-id=EDCS-08400243","persons":[{"nomen":"Octavius","gender":"male","raw_name":"L. Octaviu[s] Urbicus","praenomen":"Lucius","cognomen":"Urbicus"},{"nomen":"Octavia","gender":"female","raw_name":"Octaviae Syntycheni","cognomen":"Syntychenis","status":"uxor"}]}},{"type":"Feature","geometry":{"type":"Point","coordinates":[7.6,43.78]},"properties":{"edcs_id":"EDCS-08400244","findspot":"Ventimiglia / Albintimilium","raw_text":"Statoria M(arci) f(ilia) Q(u)arta // C(aius) Statorius / Sippo Manil(ia) / M(ani) <f=E>(ilia) Tertulla / Statoriae C(ai) f(iliae) / Appiae an(norum) XXII / C(aio) Statorio Procu/<l=I>o f(ilio) ann(orum) XXV","date_from":1,"date_to":200,"marker_gender":"mixed","is_individual":false,"edcs_url":"https://edcs.hist.uzh.ch/en/document?edcs-id=EDCS-08400244","persons":[{"nomen":"Statoria","gender":"female","raw_name":"Statoria M. f. Quarta","cognomen":"Quarta","status":"filia Marci"},{"nomen":"Statorius","gender":"male","raw_name":"C. Statorius Sippo","praenomen":"Gaius","cognomen":"Sippo"},{"nomen":"Manilia","gender":"female","raw_name":"Manilia M. f. Tertulla","cognomen":"Tertulla","status":"filia Manii"},{"nomen":"Statoria","gender":"female","raw_name":"Statoriae C. f. Appiae","cognomen":"Appia","status":"filia Caii"},{"nomen":"Statorius","gender":"male","raw_name":"C. Statorio Proculo f.","praenomen":"Gaius","cognomen":"Proculus","status":"filius"}]}},{"type":"Feature","geometry":{"type":"Point","coordinates":[7.6,43.78]},"properties":{"edcs_id":"EDCS-08400245","findspot":"Ventimiglia / Albintimilium","raw_text":"D(is) M(anibus) / Symposio Pamphilo filio / bene merenti mater / et soror fecerunt qu/i vixit an(nos) XXIX m(enses) VIIII","date_from":101,"date_to":200,"marker_gender":"male","is_individual":false,"edcs_url":"https://edcs.hist.uzh.ch/en/document?edcs-id=EDCS-08400245","persons":[{"nomen":"","gender":"male","raw_name":"Symposio","cognomen":"Symposius"},{"nomen":"","gender":"male","raw_name":"Pamphilo","cognomen":"Pamphilus","status":"filius"}]}},{"type":"Feature","geometry":{"type":"Point","coordinates":[7.6,43.78]},"properties":{"edcs_id":"EDCS-08400246","findspot":"Ventimiglia / Albintimilium","raw_text":"C(aio) Trassario / C(ai) f(ilio) Restitu/to Dertona mil(iti) c(o)ho(rtis) X pr(aetoriae) / |(centuria) Proculi / mil(itavit) ann(os) XV / vix(it) ann(os) XXXV / h(eres) f(aciendum) c(uravit)","date_from":101,"date_to":200,"marker_gender":"male","is_individual":false,"edcs_url":"https://edcs.hist.uzh.ch/en/document?edcs-id=EDCS-08400246","persons":[{"nomen":"Trassarius","gender":"male","raw_name":"C. Trassario C. f. Restituto","praenomen":"Gaius","cognomen":"Restitutus","status":"Dertona, miles cohortis X praetoriae, centuria Proculi"}]}},{"type":"Feature","geometry":{"type":"Point","coordinates":[8.22,44.05]},"properties":{"edcs_id":"EDCS-08400248","findspot":"Albenga / Albingaunum","raw_text":"B(onae) m(emoriae) Petrus / vi(xit) an(n)is p(lus) L / req(ui)e<v=B>it / in pace","date_from":null,"date_to":null,"marker_gender":"male","is_individual":false,"edcs_url":"https://edcs.hist.uzh.ch/en/document?edcs-id=EDCS-08400248","persons":[{"nomen":"","gender":"male","raw_name":"Petrus","cognomen":"Petrus","status":"bona memoria"}]}},{"type":"Feature","geometry":{"type":"Point","coordinates":[2.0,42.0]},"properties":{"edcs_id":"EDCS-08400250","findspot":"Alba / Alba Pompeia","raw_text":"Calos Acti Castre(n)sis","date_from":51,"date_to":100,"marker_gender":"male","is_individual":false,"edcs_url":"https://edcs.hist.uzh.ch/en/document?edcs-id=EDCS-08400250","persons":[{"nomen":"","gender":"male","raw_name":"Calos Castre(n)sis","cognomen":"Calos","status":"Castrensis"}]}},{"type":"Feature","geometry":{"type":"Point","coordinates":[8.44,44.27]},"properties":{"edcs_id":"EDCS-08400253","findspot":"Vado Ligure / Vada Sabatia","raw_text":"Sex(to) Mario M(ani) f(ilio) / Camilia Teurioni / Valeriae M(arci) f(iliae) Saturnin(ae) / V[3]rae / [ // [Hic re]quies/[cit in pace A]rchadi/[us filiu]s Sis/[sinni(?)","date_from":51,"date_to":200,"marker_gender":"mixed","is_individual":false,"edcs_url":"https://edcs.hist.uzh.ch/en/document?edcs-id=EDCS-08400253","persons":[{"nomen":"Marius","gender":"male","raw_name":"Sex. Mario M. f. Camilia Teurioni","praenomen":"Sextus","cognomen":"Teurio","status":"tribus: Camilia, filius Manii"},{"nomen":"Valeria","gender":"female","raw_name":"Valeriae M. f. Saturnin(ae)","cognomen":"Saturnina","status":"filia Marci"},{"nomen":"","gender":"female","raw_name":"V[3]rae","cognomen":"Vra"},{"nomen":"","gender":"male","raw_name":"[Ar]chadius","cognomen":"Archadius","status":"filius Sissinni"},{"nomen":"","gender":"male","raw_name":"Sis[sinni]","cognomen":"Sissinius","status":"pater"}]}},{"type":"Feature","geometry":{"type":"Point","coordinates":[8.08,44.4]},"properties":{"edcs_id":"EDCS-08400572","findspot":"Sale delle Langhe","raw_text":"L(ucio) Talicio M(arci) f(ilio) / [Pu]b(lilia) Pisonio / IIII[IIvir(o)] / M[ // T(itus) Virius / Cn(aei) f(ilius) Pub(lilia) / Crassus / M(arcus) Virius / T(iti) f(ilius) Pub(lilia)","date_from":1,"date_to":100,"marker_gender":"male","is_individual":true,"edcs_url":"https://edcs.hist.uzh.ch/en/document?edcs-id=EDCS-08400572","persons":[{"nomen":"Talicius","gender":"male","raw_name":"L. Talicio M. f. [Pu]b. Pisonio IIII[IIvir]","praenomen":"Lucius","cognomen":"Piso","status":"tribus: Publilia, filius Marci, IIIIvir"},{"nomen":"Virius","gender":"male","raw_name":"T. Virius Cn. f. Pub. Crassus","praenomen":"Titus","cognomen":"Crassus","status":"tribus: Publilia, filius Gnaei"},{"nomen":"Virius","gender":"male","raw_name":"M. Virius T. f. Pub.","praenomen":"Marcus","status":"tribus: Publilia, filius Titi"}]}},{"type":"Feature","geometry":{"type":"Point","coordinates":[8.87,44.9]},"properties":{"edcs_id":"EDCS-08600252","findspot":"Viguzzolo","raw_text":"] / cond<i=E>dit [3]/tia Severiana hoc fun/er<e=I> dolens quod mihi / debuerant fecisse(!) ego / mater scelesta feci / [3]nti parvoli loci / [","date_from":201,"date_to":300,"marker_gender":"female","is_individual":false,"edcs_url":"https://edcs.hist.uzh.ch/en/document?edcs-id=EDCS-08600252","persons":[{"nomen":"","gender":"female","raw_name":"Severiana","cognomen":"Severiana","status":"mater"}]}},{"type":"Feature","geometry":{"type":"Point","coordinates":[8.87,44.9]},"properties":{"edcs_id":"EDCS-08600253","findspot":"Tortona / Dertona","raw_text":"adiuro omnem(?) morta]le(m) ut n[emo mem(oriam)] / istam [le]vetis aut / in ista memoria ali/um mittatis si cum / [Iud]a traditore n(on) / [hab]eatis portione(m)","date_from":null,"date_to":null,"marker_gender":"male","is_individual":false,"edcs_url":"https://edcs.hist.uzh.ch/en/document?edcs-id=EDCS-08600253","persons":[{"nomen":"","gender":"male","raw_name":"Iuda","cognomen":"Iudas","status":"traditor"}]}},{"type":"Feature","geometry":{"type":"Point","coordinates":[7.9,44.69]},"properties":{"edcs_id":"EDCS-08600256","findspot":"Centallo / Pollentia","raw_text":"[I(ovi)] O(ptimo) M(aximo) / [3]s M(arci) f(ilius) Ingenu(u)s / [3] Delphus [","date_from":51,"date_to":200,"marker_gender":"male","is_individual":false,"edcs_url":"https://edcs.hist.uzh.ch/en/document?edcs-id=EDCS-08600256","persons":[{"nomen":"","gender":"male","raw_name":"[3]s M. f. Ingenu(u)s","cognomen":"Ingenuus"},{"nomen":"","gender":"male","raw_name":"[3] Delphus [","cognomen":"Delphus"}]}},{"type":"Feature","geometry":{"type":"Point","coordinates":[7.55,44.39]},"properties":{"edcs_id":"EDCS-08600257","findspot":"Cuneo","raw_text":"Nicus / Roncarius / Dissi f(ilius) / decurio","date_from":1,"date_to":50,"marker_gender":"male","is_individual":false,"edcs_url":"https://edcs.hist.uzh.ch/en/document?edcs-id=EDCS-08600257","persons":[{"nomen":"","gender":"male","raw_name":"Nicus","cognomen":"Nicus"},{"nomen":"","gender":"male","raw_name":"Roncarius Dissi f.","cognomen":"Roncarius","status":"filius Dissi, decurio"}]}},{"type":"Feature","geometry":{"type":"Point","coordinates":[8.86,44.71]},"properties":{"edcs_id":"EDCS-08900380","findspot":"Serravalle Scrivia / Libarna","raw_text":"Q(uintus) Cassius / Callistus / M(arti?) pos(uit)","date_from":101,"date_to":200,"marker_gender":"male","is_individual":false,"edcs_url":"https://edcs.hist.uzh.ch/en/document?edcs-id=EDCS-08900380","persons":[{"nomen":"Cassius","gender":"male","raw_name":"Q. Cassius Callistus","praenomen":"Quintus","cognomen":"Callistus"}]}},{"type":"Feature","geometry":{"type":"Point","coordinates":[8.87,44.9]},"properties":{"edcs_id":"EDCS-09401420","findspot":"Tortona / Dertona","raw_text":"T(ito) Hortensio / Probato / ple<b=P>s urb(ana)","date_from":51,"date_to":100,"marker_gender":"male","is_individual":false,"edcs_url":"https://edcs.hist.uzh.ch/en/document?edcs-id=EDCS-09401420","persons":[{"nomen":"Hortensius","gender":"male","raw_name":"T. Hortensio Probato","praenomen":"Titus","cognomen":"Probatus","status":"plebs urbana"}]}},{"type":"Feature","geometry":{"type":"Point","coordinates":[8.87,44.9]},"properties":{"edcs_id":"EDCS-09401421","findspot":"Castelnuovo Scrivia / Dertona","raw_text":"Fadiai(!) / Hesperidi / d(onum) d(atum?)","date_from":51,"date_to":100,"marker_gender":"male","is_individual":false,"edcs_url":"https://edcs.hist.uzh.ch/en/document?edcs-id=EDCS-09401421","persons":[{"nomen":"","gender":"male","raw_name":"Fadiai(!) Hesperidi","cognomen":"Hesperidus"}]}},{"type":"Feature","geometry":{"type":"Point","coordinates":[8.04,44.7]},"properties":{"edcs_id":"EDCS-09500013","findspot":"Alba, Val Sanadeiva / Alba Pompeia","raw_text":"V(ivus) f(ecit) / C(aius) Didius |(mulieris) l(ibertus) / Vicarius sibi et / Didiae C(ai) f(iliae) Priscae / patron(ae) / Didiae |(mulieris) l(ibertae) Restitutae / fil(iae) ann(orum) XIX / L(ucio) Viccanio L(uci) l(iberto) / Apollonio genero / in f(ronte) p(edes) XXVII in ag(ro) p(edes) XIX / h(oc) m(onumentum) h(eredem) n(on) s(equetur)","date_from":101,"date_to":200,"marker_gender":"mixed","is_individual":true,"edcs_url":"https://edcs.hist.uzh.ch/en/document?edcs-id=EDCS-09500013","persons":[{"nomen":"Didius","gender":"male","raw_name":"C. Didius |(mulieris) l. Vicarius","praenomen":"Gaius","cognomen":"Vicarius","status":"mulieris libertus"},{"nomen":"Didia","gender":"female","raw_name":"Didiae C. f. Priscae","cognomen":"Prisca","status":"filia Cai, patrona"},{"nomen":"Didia","gender":"female","raw_name":"Didiae |(mulieris) l. Restitutae","cognomen":"Restituta","status":"mulieris libertus, filia"},{"nomen":"Viccanins","gender":"male","raw_name":"L. Viccanio L. l. Apollonio","praenomen":"Lucius","cognomen":"Apollonius","status":"libertus, gener"}]}},{"type":"Feature","geometry":{"type":"Point","coordinates":[8.03,44.69]},"properties":{"edcs_id":"EDCS-09500015","findspot":"Alba / Alba Pompeia","raw_text":"Terentia C(ai) l(iberta) / Photis [sibi et] / A(ulo) [3] CATV[3] / P(ublio) [3] CATV[","date_from":51,"date_to":100,"marker_gender":"mixed","is_individual":false,"edcs_url":"https://edcs.hist.uzh.ch/en/document?edcs-id=EDCS-09500015","persons":[{"nomen":"Terentia","gender":"female","raw_name":"Terentia C. l. Photis","cognomen":"Photis","status":"liberta Cai"},{"nomen":"","gender":"male","raw_name":"A. [3] CATV[3]","praenomen":"Aulus"},{"nomen":"","gender":"male","raw_name":"P. [3] CATV[","praenomen":"Publius"}]}},{"type":"Feature","geometry":{"type":"Point","coordinates":[8.19,44.58]},"properties":{"edcs_id":"EDCS-09500026","findspot":"Cortemilia / Alba Pompeia","raw_text":"L(ucius) Naevius L(uci) f(ilius) / Cam(ilia) / Montanus / v(ivus) f(ecit)","date_from":1,"date_to":50,"marker_gender":"male","is_individual":false,"edcs_url":"https://edcs.hist.uzh.ch/en/document?edcs-id=EDCS-09500026","persons":[{"nomen":"Naevius","gender":"male","raw_name":"L. Naevius L. f. Cam. Montanus","praenomen":"Lucius","cognomen":"Montanus","status":"tribus: Camilia"}]}},{"type":"Feature","geometry":{"type":"Point","coordinates":[8.87,44.9]},"properties":{"edcs_id":"EDCS-10301350","findspot":"Tortona / Dertona","raw_text":"] l(ocus) Vener[iosi os]/tiari(i) qui vi/xit an(nos) pl(us) m(inus) / LXX r(e)c(essit) VIII K(a)l(endas) M[3] / Aetio ter [et Symmacho","date_from":null,"date_to":null,"marker_gender":"male","is_individual":false,"edcs_url":"https://edcs.hist.uzh.ch/en/document?edcs-id=EDCS-10301350","persons":[{"nomen":"","gender":"male","raw_name":"Vener[iosi os]tiari(i)","cognomen":"Veneriosus","status":"ostiarius"}]}},{"type":"Feature","geometry":{"type":"Point","coordinates":[8.87,44.9]},"properties":{"edcs_id":"EDCS-10301352","findspot":"Tortona / Dertona","raw_text":"B(onae) m(emoriae) / hic requi/(e)scit in pa/ce Taurus / parvolus(!) / qui vixit an(n)/<o=U>s octo di(es) XXX / rec(essit) IIII Idus M/artias pos(t) con(sulatum) / Aetio ter et S<y=I>(mma)/co vv(iris) cc(larissimis)","date_from":null,"date_to":null,"marker_gender":"male","is_individual":false,"edcs_url":"https://edcs.hist.uzh.ch/en/document?edcs-id=EDCS-10301352","persons":[{"nomen":"","gender":"male","raw_name":"Taurus","cognomen":"Taurus"}]}},{"type":"Feature","geometry":{"type":"Point","coordinates":[8.87,44.9]},"properties":{"edcs_id":"EDCS-10301358","findspot":"Tortona / Dertona","raw_text":"q]ui vixi/[t 3 su]b d(ie) prid(i)e / [3] hic requiesc/[it 3] Albinus innox(!) / [qui vix(it)] in s(a)e<c=Q>u{o}lo ann<o=U>/[s p(lus) m(inus)] VI me(nse)s VI dies XV r(ecessit) su(b) d(ie) / [3 Id]us Iulias Simmaco v(iro) c(larissimo) / c(onsule)","date_from":null,"date_to":null,"marker_gender":"male","is_individual":false,"edcs_url":"https://edcs.hist.uzh.ch/en/document?edcs-id=EDCS-10301358","persons":[{"nomen":"","gender":"male","raw_name":"Albinus","cognomen":"Albinus","status":"innox"}]}},{"type":"Feature","geometry":{"type":"Point","coordinates":[8.87,44.9]},"properties":{"edcs_id":"EDCS-10301359","findspot":"Tortona / Dertona","raw_text":"Hic requisc<i=E>t in / pace Lea qui(!) vix<i=E>t / plus m<i=E>nus ann/<o=U>s XLV recess<i=E>t / sub di{a}e XII K(alendas) Oct(o)/b{e}r(es) Decio v(iro) / c(larissimo) c(onsule)","date_from":null,"date_to":null,"marker_gender":"female","is_individual":false,"edcs_url":"https://edcs.hist.uzh.ch/en/document?edcs-id=EDCS-10301359","persons":[{"nomen":"","gender":"female","raw_name":"Lea","cognomen":"Lea"}]}},{"type":"Feature","geometry":{"type":"Point","coordinates":[8.87,44.9]},"properties":{"edcs_id":"EDCS-10301361","findspot":"Tortona / Dertona","raw_text":"B(onae) m(emoriae) / hic requ/iesc<i=E>t in pa/ce Domnella / qu(a)e vix<i=E>t an(nos) / pl(us) m(inus) LX r(e)c(essit) s(ub) d(ie) / XII K(a)l(endas) Maias p(ost) c(onsulatum) / Paulini v(iri) c(larissimi) c(onsu)l(is)","date_from":null,"date_to":null,"marker_gender":"female","is_individual":false,"edcs_url":"https://edcs.hist.uzh.ch/en/document?edcs-id=EDCS-10301361","persons":[{"nomen":"","gender":"female","raw_name":"Domnella","cognomen":"Domnella"}]}},{"type":"Feature","geometry":{"type":"Point","coordinates":[8.87,44.9]},"properties":{"edcs_id":"EDCS-10301363","findspot":"Tortona / Dertona","raw_text":"Hic re[q]ui[es]c<i=E>t in / pace Lumenosa(!) quae / vixit ann<o=U>s pl(us) m(inus) / XXXVI recessit sub d(ie) Id(us) Iunias Mavur/tio v(iro) c(larissimo) con(su)l(e)","date_from":null,"date_to":null,"marker_gender":"female","is_individual":false,"edcs_url":"https://edcs.hist.uzh.ch/en/document?edcs-id=EDCS-10301363","persons":[{"nomen":"","gender":"female","raw_name":"Lumenosa","cognomen":"Lumenosa"}]}},{"type":"Feature","geometry":{"type":"Point","coordinates":[8.87,44.9]},"properties":{"edcs_id":"EDCS-10301369","findspot":"Tortona / Dertona","raw_text":"B(onae) [m(emoriae)] / hic requies[cit in] / pace Floria[nus] / qui vixit an(nos) / p(lus) m(inus) duo et m(enses) / tres recess[it s(ub)] / die XVI Ka[l(endas) Iu]/n(ias) [","date_from":null,"date_to":null,"marker_gender":"male","is_individual":false,"edcs_url":"https://edcs.hist.uzh.ch/en/document?edcs-id=EDCS-10301369","persons":[{"nomen":"","gender":"male","raw_name":"Floria[nus]","cognomen":"Florianus","is_imperial":true}]}},{"type":"Feature","geometry":{"type":"Point","coordinates":[8.87,44.9]},"properties":{"edcs_id":"EDCS-10301373","findspot":"Tortona / Dertona","raw_text":"]o Capr[3] / [3 vi]xit ann(os) [","date_from":null,"date_to":null,"marker_gender":"unknown","is_individual":false,"edcs_url":"https://edcs.hist.uzh.ch/en/document?edcs-id=EDCS-10301373","persons":[{"nomen":"","gender":"unknown","raw_name":"Capr[3]","cognomen":"Capr"}]}},{"type":"Feature","geometry":{"type":"Point","coordinates":[8.87,44.9]},"properties":{"edcs_id":"EDCS-10301374","findspot":"Tortona / Dertona","raw_text":"] saeculo [3 ann(os)] / II m(enses) VII d(ies) [3] / Conan[3] / dulciss[imo(?)","date_from":null,"date_to":null,"marker_gender":"unknown","is_individual":false,"edcs_url":"https://edcs.hist.uzh.ch/en/document?edcs-id=EDCS-10301374","persons":[{"nomen":"","gender":"unknown","raw_name":"Conan[3]","cognomen":"Conan"}]}},{"type":"Feature","geometry":{"type":"Point","coordinates":[8.87,44.9]},"properties":{"edcs_id":"EDCS-10301377","findspot":"Tortona / Dertona","raw_text":"requies]c<i=E>t(!) El[3] / [3 in p]ace [","date_from":null,"date_to":null,"marker_gender":"unknown","is_individual":false,"edcs_url":"https://edcs.hist.uzh.ch/en/document?edcs-id=EDCS-10301377","persons":[{"nomen":"","gender":"unknown","raw_name":"El[3]","cognomen":"El"}]}},{"type":"Feature","geometry":{"type":"Point","coordinates":[8.87,44.9]},"properties":{"edcs_id":"EDCS-10301380","findspot":"Tortona / Dertona","raw_text":"Iohannis / [3]ORA[","date_from":null,"date_to":null,"marker_gender":"male","is_individual":false,"edcs_url":"https://edcs.hist.uzh.ch/en/document?edcs-id=EDCS-10301380","persons":[{"nomen":"","gender":"male","raw_name":"Iohannis","cognomen":"Iohannes"}]}},{"type":"Feature","geometry":{"type":"Point","coordinates":[8.87,44.9]},"properties":{"edcs_id":"EDCS-10301381","findspot":"Tortona / Dertona","raw_text":"B(onae) m(emoriae) / hic requiescit / in pace Laurici/a qui(!) vixit an(nos) / pl(us) m(inus) VIIII r(e)c(essit) su(b!) / V K(a)l(endas) Martias","date_from":null,"date_to":null,"marker_gender":"female","is_individual":false,"edcs_url":"https://edcs.hist.uzh.ch/en/document?edcs-id=EDCS-10301381","persons":[{"nomen":"Lauricia","gender":"female","raw_name":"Lauricia"}]}},{"type":"Feature","geometry":{"type":"Point","coordinates":[8.87,44.9]},"properties":{"edcs_id":"EDCS-10301382","findspot":"Tortona / Dertona","raw_text":"re]qu(iescit) Leo [","date_from":null,"date_to":null,"marker_gender":"male","is_individual":false,"edcs_url":"https://edcs.hist.uzh.ch/en/document?edcs-id=EDCS-10301382","persons":[{"nomen":"","gender":"male","raw_name":"Leo","cognomen":"Leo"}]}},{"type":"Feature","geometry":{"type":"Point","coordinates":[8.87,44.9]},"properties":{"edcs_id":"EDCS-10301383","findspot":"Tortona / Dertona","raw_text":"]R[3] / [3] in ipso Lupula [3] / [3 q]ui(!) vix(it) ann<o=U>s XL[","date_from":null,"date_to":null,"marker_gender":"female","is_individual":false,"edcs_url":"https://edcs.hist.uzh.ch/en/document?edcs-id=EDCS-10301383","persons":[{"nomen":"","gender":"female","raw_name":"Lupula","cognomen":"Lupula"}]}},{"type":"Feature","geometry":{"type":"Point","coordinates":[8.87,44.9]},"properties":{"edcs_id":"EDCS-10301384","findspot":"Tortona / Dertona","raw_text":"B(onae) m(emoriae) / hic requi/escit in pa/ce Marusa / qui(!) vixit / an(nos) pl(us) m(inus) LX / r(e)c(essit) sub d(ie) III / K(a)l(endas) Sep(tembres)","date_from":null,"date_to":null,"marker_gender":"female","is_individual":false,"edcs_url":"https://edcs.hist.uzh.ch/en/document?edcs-id=EDCS-10301384","persons":[{"nomen":"","gender":"female","raw_name":"Marusa","cognomen":"Marusa"}]}},{"type":"Feature","geometry":{"type":"Point","coordinates":[8.87,44.9]},"properties":{"edcs_id":"EDCS-10301388","findspot":"Tortona / Dertona","raw_text":"B(onae) m(emoriae) / hic requiescit in pace Pricticiu/s qui vixit ann<o=U>s pl(us) m<i=E>(nus) XXX / et fec<i=E>t c<um=ON> co(n)i<u=O>g{i}e sua ann<o=U>s [3] / recessit X K(a)l(endas) Martias","date_from":null,"date_to":null,"marker_gender":"male","is_individual":false,"edcs_url":"https://edcs.hist.uzh.ch/en/document?edcs-id=EDCS-10301388","persons":[{"nomen":"","gender":"male","raw_name":"Pricticius","cognomen":"Pricticius"}]}},{"type":"Feature","geometry":{"type":"Point","coordinates":[8.87,44.9]},"properties":{"edcs_id":"EDCS-10301390","findspot":"Tortona / Dertona","raw_text":"Hic t[egitur] / in p(ace) Rus[ticus] / qui <v=B>(ixit) an[nos 3] / s(u)b quin(to) [","date_from":null,"date_to":null,"marker_gender":"male","is_individual":false,"edcs_url":"https://edcs.hist.uzh.ch/en/document?edcs-id=EDCS-10301390","persons":[{"nomen":"","gender":"male","raw_name":"Rus[ticus]","cognomen":"Rusticus"}]}},{"type":"Feature","geometry":null,"properties":{"edcs_id":"EDCS-10301464","findspot":"Sarezzano / Dertona","raw_text":"Hic quiesc[it] / in pace abbas / Rufinus re/[cessit 3]s / [","date_from":null,"date_to":null,"marker_gender":"male","is_individual":true,"edcs_url":"https://edcs.hist.uzh.ch/en/document?edcs-id=EDCS-10301464","persons":[{"nomen":"","gender":"male","raw_name":"Rufinus","cognomen":"Rufinus","status":"abbas","cluster_id":1203,"cluster_size":2,"cluster_confidence":"low"}]}},{"type":"Feature","geometry":null,"properties":{"edcs_id":"EDCS-10301491","findspot":"Oriolo / Forum Iulii Iriensium","raw_text":"Hic requiescit in pace b(onae) m(emoriae) / Agnellus qui vixit in saeculo / ann(os) p<lu=UL>(s) m(inus) L dep(ositus) est sub d(ie) Idus / Mart(ias) consule Opilione v(iro) c(larissimo) con(sule) / hic requiescit et pater eius / Constantius et mater / eius Ferriola(!)","date_from":null,"date_to":null,"marker_gender":"mixed","is_individual":true,"edcs_url":"https://edcs.hist.uzh.ch/en/document?edcs-id=EDCS-10301491","persons":[{"nomen":"","gender":"male","raw_name":"Agnellus","cognomen":"Agnellus"},{"nomen":"","gender":"male","raw_name":"Constantius","cognomen":"Constantius","status":"pater"},{"nomen":"","gender":"female","raw_name":"Ferriola","cognomen":"Ferriola","status":"mater"}]}},{"type":"Feature","geometry":{"type":"Point","coordinates":[9.01,44.99]},"properties":{"edcs_id":"EDCS-10301492","findspot":"Voghera / Forum Iulii Iriensium","raw_text":"B(onae) m(emoriae) / hic requi<e=I>s/c<i=E>t in pace vir / venerabilis pr/esbyter Bereu/ulfus qui vix/<i=E>t in hunc(!) s(a)ecu/lum(!) ann<o=U>s plu/s minus LXX req/u{u}ie<vi=BE>t sub die / III Kalendarum(!) / Ianuariarum(!) [","date_from":null,"date_to":null,"marker_gender":"male","is_individual":false,"edcs_url":"https://edcs.hist.uzh.ch/en/document?edcs-id=EDCS-10301492","persons":[{"nomen":"","gender":"male","raw_name":"Bereuulfus","cognomen":"Bereuulfus","status":"presbyter"}]}},{"type":"Feature","geometry":{"type":"Point","coordinates":[7.59,44.5]},"properties":{"edcs_id":"EDCS-10301498","findspot":"Centallo / Pollentia","raw_text":"Hic requies/c<i=E>t in somno / pac<i=E>s b(onae) m(emoriae) Ag/nella qui vixit / ann<o=U>s pl(us) m(inus) XXX / et transi<i=E>t in / Kal(endas) Febr<u=I>(arias) p(er) ind(ictionem) IIII","date_from":null,"date_to":null,"marker_gender":"female","is_individual":false,"edcs_url":"https://edcs.hist.uzh.ch/en/document?edcs-id=EDCS-10301498","persons":[{"nomen":"","gender":"female","raw_name":"Agnella","cognomen":"Agnella","status":"honesta femina, bonae memoriae"}]}},{"type":"Feature","geometry":{"type":"Point","coordinates":[7.95,44.72]},"properties":{"edcs_id":"EDCS-10301499","findspot":"Monticello d'Alba / Pollentia","raw_text":"[Hic requies]/cet in pace / Asteria / [a]n(no)r(u)m pl(us) m(i)n(u)s / LV","date_from":null,"date_to":null,"marker_gender":"female","is_individual":false,"edcs_url":"https://edcs.hist.uzh.ch/en/document?edcs-id=EDCS-10301499","persons":[{"nomen":"","gender":"female","raw_name":"Asteria","cognomen":"Asteria"}]}},{"type":"Feature","geometry":{"type":"Point","coordinates":[7.59,44.5]},"properties":{"edcs_id":"EDCS-10301501","findspot":"Centallo / Pollentia","raw_text":"(H)ic requiescit / Rusticianos / in somno pacis / et vix<i=E>t an(n)os / oct{u}ag<i=E>nta / in potentati/bos(!)","date_from":null,"date_to":null,"marker_gender":"male","is_individual":false,"edcs_url":"https://edcs.hist.uzh.ch/en/document?edcs-id=EDCS-10301501","persons":[{"nomen":"","gender":"male","raw_name":"Rusticianos","cognomen":"Rusticianos"}]}},{"type":"Feature","geometry":{"type":"Point","coordinates":[7.59,44.5]},"properties":{"edcs_id":"EDCS-10301502","findspot":"Centallo / Pollentia","raw_text":"Hic requi/esc<i=E>t in / somno / pac<i=E>s / B(e)ne(r)u/sa qui / vix<i=E>t / ann<o=U>s / LXXXVI / et tran/si<i=E>t VI / Kal(endas) Iuni/as","date_from":null,"date_to":null,"marker_gender":"female","is_individual":false,"edcs_url":"https://edcs.hist.uzh.ch/en/document?edcs-id=EDCS-10301502","persons":[{"nomen":"","gender":"female","raw_name":"B(e)neru[sa]","cognomen":"Benerusa"}]}},{"type":"Feature","geometry":{"type":"Point","coordinates":[8.22,44.05]},"properties":{"edcs_id":"EDCS-10301518","findspot":"Albenga / Albingaunum","raw_text":"[S(an)c(t)os desig]namus(?) / hic sunt / Stefani / [protomar(tyris?)] / s(ancti) Iohannis / Euangel(istae) / Laurenti / [Victoris] / Navoris / Felicis / Protasi / Gervasi","date_from":null,"date_to":null,"marker_gender":"unknown","is_individual":false,"edcs_url":"https://edcs.hist.uzh.ch/en/document?edcs-id=EDCS-10301518","persons":[{"nomen":"","gender":"unknown","raw_name":"Stefani","cognomen":"Stefani","status":"protomartyris"},{"nomen":"","gender":"unknown","raw_name":"s. Iohannis Euangel(istae)","cognomen":"Iohannis","status":"Euangelistae"},{"nomen":"","gender":"unknown","raw_name":"Laurenti","cognomen":"Laurenti"},{"nomen":"","gender":"unknown","raw_name":"[Victoris]","cognomen":"Victoris"},{"nomen":"","gender":"unknown","raw_name":"Navoris","cognomen":"Navoris"},{"nomen":"","gender":"unknown","raw_name":"Felicis","cognomen":"Felicis"},{"nomen":"","gender":"unknown","raw_name":"Protasi","cognomen":"Protasi"},{"nomen":"","gender":"unknown","raw_name":"Gervasi","cognomen":"Gervasi"}]}},{"type":"Feature","geometry":{"type":"Point","coordinates":[8.22,44.05]},"properties":{"edcs_id":"EDCS-10301519","findspot":"Albenga / Albingaunum","raw_text":"Deposi<t=S>io Maio/riani pos(t) VIII K(a)l(endas) / Iulias co(n)iuro / per {C} Ch(ristu)m ne / apereas l[o]/cum istu[m] / Florentio v(iro) c(larissimo) c(onsule)","date_from":null,"date_to":null,"marker_gender":"male","is_individual":false,"edcs_url":"https://edcs.hist.uzh.ch/en/document?edcs-id=EDCS-10301519","persons":[{"nomen":"","gender":"male","raw_name":"Maio riani pos. VIII K. Iulias co. per Ch. ne apereas l[o] cum istum","cognomen":"Maioriani","status":"post VIII kalendas Iulias coniuro per Christum ne apereas locum istum"},{"nomen":"","gender":"male","raw_name":"Florentio v. c. c.","cognomen":"Florentio","status":"viro clarissimo consule"}]}},{"type":"Feature","geometry":{"type":"Point","coordinates":[8.22,44.05]},"properties":{"edcs_id":"EDCS-10301520","findspot":"Albenga / Albingaunum","raw_text":"] / [deposit]us d(ie) VIII Id(us) Mai[as Aga]/[pito] v(iro) c(larissimo) cons(ule) et Marina quae vi/[xi]t annos VII deposita sub di{a}e / VIII Kal(endas) Novembre(s) Symmac(h)o et Boe/t(h)io g<e=I>rmanis vv(iris) c<c=O>(larissimis) cons<u=O>libus / adiuro te p<e=I>r Chr(istu)m ne aperias / locum istum","date_from":null,"date_to":null,"marker_gender":"mixed","is_individual":false,"edcs_url":"https://edcs.hist.uzh.ch/en/document?edcs-id=EDCS-10301520","persons":[{"nomen":"","gender":"male","raw_name":"[deposit]us d. VIII Id. Mai[as Aga] [pito] v. c. cons.","cognomen":"Aga pito","status":"viro clarissimo consule"},{"nomen":"","gender":"female","raw_name":"et Marina quae vix[i]t annos VII deposita sub di[e] VIII Kal. Novembre(s)","cognomen":"Marina","status":"quae vixit annos VII deposita sub die VIII kalendas Novembre(s)"},{"nomen":"","gender":"male","raw_name":"Symmac(h)o et Boe t(h)io germani(s) vv. cc. consullibus","cognomen":"Symmacho","status":"et Boethio germanis viris clarissimis consulibus"},{"nomen":"","gender":"male","raw_name":"Symmac(h)o et Boe t(h)io germani(s) vv. cc. consullibus","cognomen":"Boethio","status":"et Symmacho germanis viris clarissimis consulibus"}]}},{"type":"Feature","geometry":{"type":"Point","coordinates":[8.22,44.05]},"properties":{"edcs_id":"EDCS-10301522","findspot":"Albenga / Albingaunum","raw_text":"Hic requiescet / in pac(e) b(onae) m(emoriae) Mauria/nus qui vixit in / hoc saec(u)l(o) ann(os) / p(lus) m(inus) IIII dep(ositus) est / sub d(ie) Id(us) April(es) in/d(ictione) XV Imp(eratore) dom(i)n(o) Mau/[ri]tio p(er)p(etuo) A(u)g(usto) an(no) XV","date_from":null,"date_to":null,"marker_gender":"male","is_individual":false,"edcs_url":"https://edcs.hist.uzh.ch/en/document?edcs-id=EDCS-10301522","persons":[{"nomen":"","gender":"male","raw_name":"Mauria nus qui vixit in hoc saec(u)l(o) ann(os) p. m. IIII dep(ositus) est sub d. Id. April(es) in d. XV Imp. dom. Mau [ri]tio p. A. an. XV","cognomen":"Maurianus","status":"qui vixit in hoc saeculo annos plus minus IIII depositus est sub die Idus Aprilis indictione XV Imperatore domino Mauritio perpetuo Augusto anno XV"}]}},{"type":"Feature","geometry":{"type":"Point","coordinates":[8.21,44.05]},"properties":{"edcs_id":"EDCS-10301528","findspot":"Albenga / Albingaunum","raw_text":"Domitia [3] / [h]ic pri[d(ie)","date_from":301,"date_to":400,"marker_gender":"female","is_individual":false,"edcs_url":"https://edcs.hist.uzh.ch/en/document?edcs-id=EDCS-10301528","persons":[{"nomen":"Domitia","gender":"female","raw_name":"Domitia [3]","status":"hic prid(ie)"}]}},{"type":"Feature","geometry":null,"properties":{"edcs_id":"EDCS-10301532","findspot":"Capo Don / Albingaunum","raw_text":"Hanc quis ing/rederis septam si n/osse cura [e]st / id loci qua[e] lae[t]/ant(ur) cuiq(ue) sint hone/rata membra se/pulcr(o) huic pagi/ne versu(s) pe[r]cur/rere Acilius docit / hic quiesc[e]t in pa/ce b(onae) m(emoriae) [M]aria claro / veniens de stirpe pa/rentum cui t[ri]b(us) ann(is) / trib(us) tantu(m) li[c]uit / dulci esse coniun/cta marito quem / invida mors XVII / (a)etatis anno trans/acto dulce priva/vit iugale d(e)p(o)s(ita) est / s(u)b d(ie) IIII Kal(endas) Ianuar(ias) / ind(ictione) XIIII","date_from":null,"date_to":null,"marker_gender":"mixed","is_individual":true,"edcs_url":"https://edcs.hist.uzh.ch/en/document?edcs-id=EDCS-10301532","persons":[{"nomen":"","gender":"male","raw_name":"Acilius","cognomen":"Acilius"},{"nomen":"Maria","gender":"female","raw_name":"[M]aria claro veniens de stirpe parentum cui trib[us] ann[is] trib[us] tantu(m) li[c]uit dulci esse coniun cta marito quem invida mors XVII (a)etatis anno trans acto dulce priva vit iugale d(e)p(o)s(ita) est sub d(ie) IIII Kal(endas) Ianuar(ias) ind(ictione) XIIII","status":"bonaememoriae, claro veniens de stirpe parentum, cui tribus annis tribus tantum licuit dulci esse coniuncta marito quem invida mors XVII aetatis anno transacto dulce privavit iugale deposita est sub die IIII Kal. Ianuar. ind. XIIII"}]}},{"type":"Feature","geometry":{"type":"Point","coordinates":[8.22,44.05]},"properties":{"edcs_id":"EDCS-10301543","findspot":"Albenga / Albingaunum","raw_text":"Chre]stea[nus(?) 3] / [3 an]n(os) XXXII m(enses) [3] / v[i]rg(o) c(larissimus) v(ir?)","date_from":null,"date_to":null,"marker_gender":"male","is_individual":false,"edcs_url":"https://edcs.hist.uzh.ch/en/document?edcs-id=EDCS-10301543","persons":[{"nomen":"","gender":"male","raw_name":"Chre]stea[nus(?) 3] an. XXXII m. [3]","cognomen":"Chresteanus","status":"annos XXXII menses virgo"}]}},{"type":"Feature","geometry":{"type":"Point","coordinates":[8.22,44.05]},"properties":{"edcs_id":"EDCS-10301556","findspot":"Albenga / Albingaunum","raw_text":"Iohannes","date_from":null,"date_to":null,"marker_gender":"male","is_individual":false,"edcs_url":"https://edcs.hist.uzh.ch/en/document?edcs-id=EDCS-10301556","persons":[{"nomen":"","gender":"male","raw_name":"Iohannes","cognomen":"Iohannes"}]}},{"type":"Feature","geometry":{"type":"Point","coordinates":[7.6,43.79]},"properties":{"edcs_id":"EDCS-10301557","findspot":"Ventimiglia / Albintimilium","raw_text":"[Ch]aretos(a)e / [me]moria / [","date_from":null,"date_to":null,"marker_gender":"female","is_individual":false,"edcs_url":"https://edcs.hist.uzh.ch/en/document?edcs-id=EDCS-10301557","persons":[{"nomen":"","gender":"female","raw_name":"[Ch]aretos(a)e","cognomen":"Charetosa"}]}},{"type":"Feature","geometry":{"type":"Point","coordinates":[7.6,43.79]},"properties":{"edcs_id":"EDCS-10301558","findspot":"Ventimiglia / Albintimilium","raw_text":"[3] Mutino(?) / [3] pr(esbyter) an(nos) [","date_from":null,"date_to":null,"marker_gender":"male","is_individual":false,"edcs_url":"https://edcs.hist.uzh.ch/en/document?edcs-id=EDCS-10301558","persons":[{"nomen":"","gender":"male","raw_name":"[3] Mutino(?)","cognomen":"Mutinus","status":"presbyter"}]}},{"type":"Feature","geometry":{"type":"Point","coordinates":[8.02,45.15]},"properties":{"edcs_id":"EDCS-10700016","findspot":"Monteu da Po / Industria","raw_text":"Grattia T(iti) f(ilia) Restitut[a] / sibi et / M(arco) Aponio Prisco / VIviro Epore/diae viro et / M(arco) Aponio Restituto / filio VIviro Epor(ediae) / aedili IIviro Indus/triae / v(iva) f(ecit)","date_from":51,"date_to":200,"marker_gender":"mixed","is_individual":true,"edcs_url":"https://edcs.hist.uzh.ch/en/document?edcs-id=EDCS-10700016","persons":[{"nomen":"Gratia","gender":"female","raw_name":"Grattia T. f. Restitut[a]","cognomen":"Restituta","status":"filia Titi"},{"nomen":"Aponius","gender":"male","raw_name":"M. Aponio Prisco","cognomen":"Priscus","status":"VIvir Eporediae"},{"nomen":"Aponius","gender":"male","raw_name":"M. Aponio Restituto","cognomen":"Restitutus","status":"filius, VIvir Eporediae, aedilis, IIvir Industriae"}]}},{"type":"Feature","geometry":{"type":"Point","coordinates":[8.02,45.15]},"properties":{"edcs_id":"EDCS-10700017","findspot":"Monteu da Po / Industria","raw_text":"Chrysidis hic titulus / miseri posuere parentes / terra premit cineres / cuius vice[n]simus ann(us) / hoc iacet in tumulo / [3]MPRIMI[","date_from":171,"date_to":230,"marker_gender":"female","is_individual":false,"edcs_url":"https://edcs.hist.uzh.ch/en/document?edcs-id=EDCS-10700017","persons":[{"nomen":"","gender":"female","raw_name":"Chrysidis","cognomen":"Chrysis"}]}},{"type":"Feature","geometry":{"type":"Point","coordinates":[8.02,45.15]},"properties":{"edcs_id":"EDCS-10700018","findspot":"Monteu da Po / Industria","raw_text":"[C(aius)] Cocceius [3 f(ilius)] / Pollia / Quarta Iovonia / Terti f(ilia) / posuit Salvius / Cocceius C(ai) f(ilius)","date_from":null,"date_to":null,"marker_gender":"mixed","is_individual":false,"edcs_url":"https://edcs.hist.uzh.ch/en/document?edcs-id=EDCS-10700018","persons":[{"nomen":"Cocceius","gender":"male","raw_name":"[C.] Cocceius [3 f.]","praenomen":"Gaius"},{"nomen":"Iovonius","gender":"female","raw_name":"Quarta Iovonia","cognomen":"Quarta","status":"filia Tertii","cluster_id":532,"cluster_size":2},{"nomen":"Cocceius","gender":"male","raw_name":"Salvius Cocceius C. f.","praenomen":"Gaius","cognomen":"Salvius","cluster_id":533,"cluster_size":2}]}},{"type":"Feature","geometry":{"type":"Point","coordinates":[8.02,45.15]},"properties":{"edcs_id":"EDCS-10700020","findspot":"Monteu da Po / Industria","raw_text":"]s C(ai) f(ilius) [ // ] Cn(aei) [3] / [3] f(ilius) Ruf[","date_from":1,"date_to":50,"marker_gender":"male","is_individual":false,"edcs_url":"https://edcs.hist.uzh.ch/en/document?edcs-id=EDCS-10700020","persons":[{"nomen":"","gender":"male","raw_name":"Cn. [3] [3] f. Ruf[","praenomen":"Gnaeus","cognomen":"Rufus"}]}},{"type":"Feature","geometry":{"type":"Point","coordinates":[8.44,44.27]},"properties":{"edcs_id":"EDCS-10700889","findspot":"Vado Ligure / Vada Sabatia","raw_text":"D(is) M(anibus) / L(uci) Caecili Alexan/dri coniug(i) b(ene) m(erenti) / Caecilia Tyrannis","date_from":71,"date_to":250,"marker_gender":"mixed","is_individual":false,"edcs_url":"https://edcs.hist.uzh.ch/en/document?edcs-id=EDCS-10700889","persons":[{"nomen":"Caecilius","gender":"male","raw_name":"L. Caecili Alexandri","praenomen":"Lucius","cognomen":"Alexander","status":"coniunx"},{"nomen":"Caecilia","gender":"female","raw_name":"Caecilia Tyrannis","cognomen":"Tyrannis"}]}},{"type":"Feature","geometry":{"type":"Point","coordinates":[8.44,44.27]},"properties":{"edcs_id":"EDCS-10700890","findspot":"Vado Ligure / Vada Sabatia","raw_text":"D(is) M(anibus) D(ecimo) Petronio / D(ecimi) f(ilio) Stel(latina) Proculo / vix(it) ann(is) XLV mens(ibus) I / dieb(us) VIII h(oris) VIIII / Petronia Tyche patro/no ben(e) mer(enti) fecit","date_from":101,"date_to":200,"marker_gender":"mixed","is_individual":false,"edcs_url":"https://edcs.hist.uzh.ch/en/document?edcs-id=EDCS-10700890","persons":[{"nomen":"Petronius","gender":"male","raw_name":"D. Petronio D. f. Stel. Proculo","praenomen":"Decimus","cognomen":"Proculus","status":"tribus: Stellatina, filius Decimi"},{"nomen":"Petronia","gender":"female","raw_name":"Petronia Tyche","cognomen":"Tyche"}]}},{"type":"Feature","geometry":{"type":"Point","coordinates":[8.22,44.05]},"properties":{"edcs_id":"EDCS-10701280","findspot":"Albenga / Albingaunum","raw_text":"Matronis / P(ublius) Didius Cal/linicus / v(otum) s(olvit) l(ibens) l(aetus)","date_from":101,"date_to":200,"marker_gender":"male","is_individual":false,"edcs_url":"https://edcs.hist.uzh.ch/en/document?edcs-id=EDCS-10701280","persons":[{"nomen":"Didius","gender":"male","raw_name":"P. Didius Callinicus","praenomen":"Publius","cognomen":"Callinicus","status":"votum solvit libens laetus"}]}},{"type":"Feature","geometry":{"type":"Point","coordinates":[8.22,44.05]},"properties":{"edcs_id":"EDCS-10701290","findspot":"Albenga / Albingaunum","raw_text":"] / P(ublius) Did[iu]s T(iti) f(ilius) Cam(ilia) / [3]us","date_from":51,"date_to":200,"marker_gender":"male","is_individual":false,"edcs_url":"https://edcs.hist.uzh.ch/en/document?edcs-id=EDCS-10701290","persons":[{"nomen":"Didius","gender":"male","raw_name":"P. Did[iu]s T. f. Cam.","praenomen":"Publius","status":"tribus: Camilia"}]}},{"type":"Feature","geometry":{"type":"Point","coordinates":[8.22,44.05]},"properties":{"edcs_id":"EDCS-10701296","findspot":"Albenga / Albingaunum","raw_text":"D(is) M(anibus) / Severae / Chresimus / conservae karis/simae quae vixi[t] / ann(os) XXI[3]","date_from":101,"date_to":200,"marker_gender":"mixed","is_individual":false,"edcs_url":"https://edcs.hist.uzh.ch/en/document?edcs-id=EDCS-10701296","persons":[{"nomen":"","gender":"female","raw_name":"Severae","cognomen":"Severa"},{"nomen":"","gender":"male","raw_name":"Chresimus","cognomen":"Chresimus","status":"conserva"}]}},{"type":"Feature","geometry":{"type":"Point","coordinates":[8.22,44.05]},"properties":{"edcs_id":"EDCS-10701297","findspot":"Albenga / Albingaunum","raw_text":"D(ecimo) Sufenati D(ecimi) [f(ilio)] / Pob(lilia) A<g=C>rippae / Licinia / mater","date_from":-30,"date_to":100,"marker_gender":"mixed","is_individual":false,"edcs_url":"https://edcs.hist.uzh.ch/en/document?edcs-id=EDCS-10701297","persons":[{"nomen":"Sufenas","gender":"male","raw_name":"D. Sufenati D. f. Pob. Agrippae","praenomen":"Decimus","cognomen":"Agrippa","status":"tribus: Poblilia"},{"nomen":"Licinia","gender":"female","raw_name":"Licinia","status":"mater"}]}},{"type":"Feature","geometry":{"type":"Point","coordinates":[8.22,44.05]},"properties":{"edcs_id":"EDCS-10701304","findspot":"Albenga / Albingaunum","raw_text":"Deposi<t=S>io Maio/riani pos(ita) VIII K(a)l(endas) / Iulias co(n)iuro / per Ch(ristu)m ne / apereas l[o]/cum istu[m] / Florentio v(iro) c(larissimo) c(onsule)","date_from":null,"date_to":null,"marker_gender":"male","is_individual":false,"edcs_url":"https://edcs.hist.uzh.ch/en/document?edcs-id=EDCS-10701304","persons":[{"nomen":"","gender":"male","raw_name":"Maio riani","cognomen":"Maiorianus"},{"nomen":"","gender":"male","raw_name":"Florentio","cognomen":"Florentius","status":"viro clarissimo, consule"}]}},{"type":"Feature","geometry":{"type":"Point","coordinates":[8.45,45.14]},"properties":{"edcs_id":"EDCS-10800280","findspot":"Casale Monferrato / Vardagate / Vardacate","raw_text":"L(ucio) Herennio L(uci) f(ilio) Pol(lia) / [","date_from":null,"date_to":null,"marker_gender":"male","is_individual":false,"edcs_url":"https://edcs.hist.uzh.ch/en/document?edcs-id=EDCS-10800280","persons":[{"nomen":"Herennius","gender":"male","raw_name":"L. Herennio L. f. Pol.","praenomen":"Lucius","status":"tribus: Pollia"}]}},{"type":"Feature","geometry":{"type":"Point","coordinates":[7.43,44.42]},"properties":{"edcs_id":"EDCS-10800285","findspot":"Caraglio / Forum Germanorum","raw_text":"]us et / Optatus(?) f(ilius) et / Lucius fil(ius) / v(otum) m(erito) l(ibentes) l(aeti) s(olverunt)","date_from":171,"date_to":250,"marker_gender":"male","is_individual":false,"edcs_url":"https://edcs.hist.uzh.ch/en/document?edcs-id=EDCS-10800285","persons":[{"nomen":"","gender":"male","raw_name":"Optatus(?) filius","cognomen":"Optatus","status":"filius"},{"nomen":"","gender":"male","raw_name":"Lucius filius","praenomen":"Lucius","status":"filius"}]}},{"type":"Feature","geometry":{"type":"Point","coordinates":[7.43,44.42]},"properties":{"edcs_id":"EDCS-10800290","findspot":"Caraglio / Forum Germanorum","raw_text":"C(aius) Arius / Avelanius","date_from":1,"date_to":300,"marker_gender":"male","is_individual":false,"edcs_url":"https://edcs.hist.uzh.ch/en/document?edcs-id=EDCS-10800290","persons":[{"nomen":"Arius","gender":"male","raw_name":"C. Arius Avelanius","praenomen":"Gaius","cognomen":"Avelanius"}]}},{"type":"Feature","geometry":{"type":"Point","coordinates":[7.43,44.42]},"properties":{"edcs_id":"EDCS-10800291","findspot":"Caraglio / Forum Germanorum","raw_text":"L(ucius) Helpidius [3] / Antioc[","date_from":101,"date_to":200,"marker_gender":"male","is_individual":false,"edcs_url":"https://edcs.hist.uzh.ch/en/document?edcs-id=EDCS-10800291","persons":[{"nomen":"Helpidius","gender":"male","raw_name":"L. Helpidius [3] Antioc[","praenomen":"Lucius","cognomen":"Antiochensis"}]}},{"type":"Feature","geometry":{"type":"Point","coordinates":[7.43,44.54]},"properties":{"edcs_id":"EDCS-10800292","findspot":"Rossana","raw_text":"Veconus / Lulonius / Carant(i) f(ilius)","date_from":1,"date_to":50,"marker_gender":"male","is_individual":true,"edcs_url":"https://edcs.hist.uzh.ch/en/document?edcs-id=EDCS-10800292","persons":[{"nomen":"Veconus","gender":"male","raw_name":"Veconus"},{"nomen":"Lulonius","gender":"male","raw_name":"Lulonius Caranti f.","status":"filius Caranti"}]}},{"type":"Feature","geometry":{"type":"Point","coordinates":[7.43,44.42]},"properties":{"edcs_id":"EDCS-10800293","findspot":"Caraglio / Forum Germanorum","raw_text":"V[3] / Dircon[is f(ili)] / Disia uxor / Ulatun[us] / f(ilius) et Enist[alus] / f(ilius) IVX(!) [3]","date_from":1,"date_to":50,"marker_gender":"mixed","is_individual":false,"edcs_url":"https://edcs.hist.uzh.ch/en/document?edcs-id=EDCS-10800293","persons":[{"nomen":"","gender":"female","raw_name":"Disia uxor","cognomen":"Disia","status":"uxor"},{"nomen":"","gender":"male","raw_name":"Ulatunus filius","cognomen":"Ulatunus","status":"filius"},{"nomen":"","gender":"male","raw_name":"Enistalus filius","cognomen":"Enistalus","status":"filius"}]}},{"type":"Feature","geometry":{"type":"Point","coordinates":[7.49,44.33]},"properties":{"edcs_id":"EDCS-10800297","findspot":"Borgo San Dalmazzo / Pedona","raw_text":"L(ucius) Crispius / Augustinus / du(u)mvir di{i}s / Rubacasco et / Robeoni votum / s(olvit) l(ibens) l(aetus) m(erito)","date_from":101,"date_to":200,"marker_gender":"male","is_individual":false,"edcs_url":"https://edcs.hist.uzh.ch/en/document?edcs-id=EDCS-10800297","persons":[{"nomen":"Crispius","gender":"male","raw_name":"L. Crispius Augustinus duumvir","praenomen":"Lucius","cognomen":"Augustinus","status":"duumvir, votum solvit libens laetus merito"}]}},{"type":"Feature","geometry":{"type":"Point","coordinates":[7.49,44.33]},"properties":{"edcs_id":"EDCS-10800302","findspot":"Borgo San Dalmazzo / Pedona","raw_text":"D(is) M(anibus) / T(itus) Attius C(ai) f(ilius) [3] / Superu[s vivus] / feci[t sibi et] / [","date_from":51,"date_to":100,"marker_gender":"male","is_individual":false,"edcs_url":"https://edcs.hist.uzh.ch/en/document?edcs-id=EDCS-10800302","persons":[{"nomen":"Attius","gender":"male","raw_name":"T. Attius C. f. [3] Superus","praenomen":"Titus","cognomen":"Superus"}]}},{"type":"Feature","geometry":{"type":"Point","coordinates":[7.49,44.33]},"properties":{"edcs_id":"EDCS-10800303","findspot":"Borgo San Dalmazzo / Pedona","raw_text":"Quintus / Catualius","date_from":1,"date_to":50,"marker_gender":"male","is_individual":false,"edcs_url":"https://edcs.hist.uzh.ch/en/document?edcs-id=EDCS-10800303","persons":[{"nomen":"","gender":"male","raw_name":"Quintus","cognomen":"Quintus"},{"nomen":"","gender":"male","raw_name":"Catualius","cognomen":"Catualius","status":"pater"}]}},{"type":"Feature","geometry":{"type":"Point","coordinates":[7.3,44.32]},"properties":{"edcs_id":"EDCS-10800305","findspot":"Demonte","raw_text":"Vecono / Costigenio / Statanno / Privat[a] / Vecon[o","date_from":51,"date_to":100,"marker_gender":"mixed","is_individual":true,"edcs_url":"https://edcs.hist.uzh.ch/en/document?edcs-id=EDCS-10800305","persons":[{"nomen":"","gender":"male","raw_name":"Vecono","cognomen":"Veconus","cluster_id":1087,"cluster_size":2,"cluster_confidence":"low"},{"nomen":"","gender":"male","raw_name":"Costigenio","cognomen":"Costigenius"},{"nomen":"","gender":"male","raw_name":"Statanno","cognomen":"Statannus"},{"nomen":"","gender":"female","raw_name":"Privat[a]","cognomen":"Privata"},{"nomen":"","gender":"male","raw_name":"Vecon[o","cognomen":"Veconus","cluster_id":1087,"cluster_size":2,"cluster_confidence":"low"}]}},{"type":"Feature","geometry":{"type":"Point","coordinates":[7.82,45.01]},"properties":{"edcs_id":"EDCS-10800350","findspot":"Chieri / Carreum Potentia","raw_text":"Quart(us) Caprilius Ve/rinus pro Caprilia / Verina / M(inervae?) v(otum) s(olvit) l(ibens) l(aetus)","date_from":null,"date_to":null,"marker_gender":"mixed","is_individual":false,"edcs_url":"https://edcs.hist.uzh.ch/en/document?edcs-id=EDCS-10800350","persons":[{"nomen":"Caprilius","gender":"male","raw_name":"Quartus Caprilius Verinus","cognomen":"Quartus Verinus"},{"nomen":"Caprilia","gender":"female","raw_name":"Caprilia Verina","cognomen":"Verina"}]}},{"type":"Feature","geometry":{"type":"Point","coordinates":[7.82,45.01]},"properties":{"edcs_id":"EDCS-10800351","findspot":"Chieri / Carreum Potentia","raw_text":"M(arcus) Cassius M(arci) f(ilius) pate[r] / [M(arcus) Ca]ssius M(arci) f(ilius) f(ilius) Pol(lia) Li[3] / [cen]t{h}urio legion[is 3] / sibi et patri","date_from":1,"date_to":50,"marker_gender":"male","is_individual":false,"edcs_url":"https://edcs.hist.uzh.ch/en/document?edcs-id=EDCS-10800351","persons":[{"nomen":"Cassius","gender":"male","raw_name":"M. Cassius M. f. pater","praenomen":"Marcus","status":"pater"},{"nomen":"Cassius","gender":"male","raw_name":"[M. Ca]ssius M. f. f. Pol. Li[3] [cen]t{h}urio legion[is 3]","praenomen":"Marcus","status":"filius, tribus: Pollia, centurio legionis"}]}},{"type":"Feature","geometry":{"type":"Point","coordinates":[7.82,45.01]},"properties":{"edcs_id":"EDCS-10800352","findspot":"Chieri / Carreum Potentia","raw_text":"C(aius) Racilius C(ai) l(ibertus) Pal(atina) / Amphio sibi et ux[ori] / et l{e}iber[i]s suis / Licinia [3] Salvia / C(aius) Racil[ius 3]ius / L(ucius) Racilius [","date_from":1,"date_to":50,"marker_gender":"mixed","is_individual":false,"edcs_url":"https://edcs.hist.uzh.ch/en/document?edcs-id=EDCS-10800352","persons":[{"nomen":"Racilius","gender":"male","raw_name":"C. Racilius C. l. Pal. Amphio","praenomen":"Gaius","cognomen":"Amphio","status":"libertus, tribus: Palatina"},{"nomen":"Licinia","gender":"female","raw_name":"Licinia [3] Salvia","cognomen":"Salvia"},{"nomen":"Racilius","gender":"male","raw_name":"C. Racil[ius 3]ius","praenomen":"Gaius"},{"nomen":"Racilius","gender":"male","raw_name":"L. Racilius [","praenomen":"Lucius"}]}},{"type":"Feature","geometry":{"type":"Point","coordinates":[7.82,45.01]},"properties":{"edcs_id":"EDCS-10800353","findspot":"Chieri / Carreum Potentia","raw_text":"Volta Tatia T(iti) l(iberta)","date_from":null,"date_to":null,"marker_gender":"female","is_individual":false,"edcs_url":"https://edcs.hist.uzh.ch/en/document?edcs-id=EDCS-10800353","persons":[{"nomen":"Volta","gender":"female","raw_name":"Volta Tatia T. l.","cognomen":"Tatia","status":"liberta","cluster_id":410,"cluster_size":2}]}},{"type":"Feature","geometry":{"type":"Point","coordinates":[7.82,45.01]},"properties":{"edcs_id":"EDCS-10800354","findspot":"Chieri / Carreum Potentia","raw_text":"T(estamento) f(ieri) i(ussit) / [3]ninus / [6] / [3]nino patri / [3]iae Rufa[e] / [6] / [3]nino fratri","date_from":null,"date_to":null,"marker_gender":"female","is_individual":false,"edcs_url":"https://edcs.hist.uzh.ch/en/document?edcs-id=EDCS-10800354","persons":[{"nomen":"","gender":"female","raw_name":"[3]iae Rufa[e]","cognomen":"Rufa"}]}},{"type":"Feature","geometry":{"type":"Point","coordinates":[8.21,44.9]},"properties":{"edcs_id":"EDCS-10900019","findspot":"Asti / Hasta","raw_text":"P(ublio) Toranio T(iti) f(ilio) / Pol(lia) Secundo / veterano leg(ionis) XIII / patri / Iuniae M(arci) f(iliae) Primigenia[e] / matri / Torania P(ubli) [f(ilia)] Prima / v(iva) f(ecit)","date_from":1,"date_to":100,"marker_gender":"mixed","is_individual":false,"edcs_url":"https://edcs.hist.uzh.ch/en/document?edcs-id=EDCS-10900019","persons":[{"nomen":"T ran ius","gender":"male","raw_name":"P. Toranio T. f. Pol. Secundo veterano leg. XIII","praenomen":"Publius","cognomen":"Secundus","status":"tribus: Pollia, veteranus legionis XIII"},{"nomen":"Iunia","gender":"female","raw_name":"Iuniae M. f. Primigenia","cognomen":"Primigenia","status":"filia Marci, matri"},{"nomen":"Torania","gender":"female","raw_name":"Torania P. f. Prima","cognomen":"Prima","status":"filia Publi"}]}},{"type":"Feature","geometry":{"type":"Point","coordinates":[8.21,44.9]},"properties":{"edcs_id":"EDCS-10900020","findspot":"Asti / Hasta","raw_text":"C(aius) Silucius M(arci) f(ilius) / Secundus / IIIIIIvir sibi et / M(arco) Silucio M(arci) f(ilio) / Metello patri / Tilloniae Cn(aei) f(iliae) / Alebinnae matri / t(estamento) f(ieri) i(ussit)","date_from":101,"date_to":200,"marker_gender":"mixed","is_individual":false,"edcs_url":"https://edcs.hist.uzh.ch/en/document?edcs-id=EDCS-10900020","persons":[{"nomen":"Silucius","gender":"male","raw_name":"C. Silucius M. f. Secundus IIIIIIvir","praenomen":"Gaius","cognomen":"Secundus","status":"IIIIIIvir"},{"nomen":"Silucius","gender":"male","raw_name":"M. Silucio M. f. Metello","praenomen":"Marcus","cognomen":"Metellus","status":"patri"},{"nomen":"Tillonia","gender":"female","raw_name":"Tilloniae Cn. f. Alebinnae","cognomen":"Alebinna","status":"filia Gnaei, matri"}]}},{"type":"Feature","geometry":{"type":"Point","coordinates":[8.21,44.9]},"properties":{"edcs_id":"EDCS-10900021","findspot":"Asti / Hasta","raw_text":"Collegium / dendrophor(orum) / d(e) p(ecunia) s(ua) schol(am) exorn(avit) / M(arcus) Septimius Argus / locum dedit","date_from":101,"date_to":200,"marker_gender":"male","is_individual":false,"edcs_url":"https://edcs.hist.uzh.ch/en/document?edcs-id=EDCS-10900021","persons":[{"nomen":"Septimius","gender":"male","raw_name":"M. Septimius Argus","praenomen":"Marcus","cognomen":"Argus"}]}},{"type":"Feature","geometry":{"type":"Point","coordinates":[8.21,44.9]},"properties":{"edcs_id":"EDCS-10900022","findspot":"Cossombrato / Hasta","raw_text":"M(arco) Milionio / Thalasso / Q(uintus) Atilius Faustus / <p=M>(a)edagogus / colleg(ii) fabror(um) / hermas","date_from":51,"date_to":200,"marker_gender":"male","is_individual":false,"edcs_url":"https://edcs.hist.uzh.ch/en/document?edcs-id=EDCS-10900022","persons":[{"nomen":"Milionius","gender":"male","raw_name":"M. Milionio Thalasso","praenomen":"Marcus","cognomen":"Thalassus"},{"nomen":"Atilius","gender":"male","raw_name":"Q. Atilius Faustus","praenomen":"Quintus","cognomen":"Faustus","status":"paedagogus collegii fabrorum"}]}},{"type":"Feature","geometry":{"type":"Point","coordinates":[8.21,44.9]},"properties":{"edcs_id":"EDCS-10900024","findspot":"Asti / Hasta","raw_text":"Ategnatia / Adgennis f(ilia) / Secunda sibi et / Persaeo P(ubli) f(ilio) Tertio / filio suo t(estamento) f(ieri) i(ussit)","date_from":101,"date_to":200,"marker_gender":"mixed","is_individual":false,"edcs_url":"https://edcs.hist.uzh.ch/en/document?edcs-id=EDCS-10900024","persons":[{"nomen":"Ategnatia","gender":"female","raw_name":"Ategnatia Adgennis f. Secunda","cognomen":"Secunda","status":"filia Adgennis"},{"nomen":"","gender":"male","raw_name":"Persaeo P. f. Tertio","praenomen":"Publius","cognomen":"Persaeus Tertius","status":"filius"}]}},{"type":"Feature","geometry":{"type":"Point","coordinates":[8.21,44.9]},"properties":{"edcs_id":"EDCS-10900025","findspot":"Asti / Hasta","raw_text":"L(ucio) Campio / L(uci) f(ilio) Pol(lia) / Mansueto / patrono et sibi / L(ucius) Campius / L(uci) l(ibertus) Pal(atina) / Privatus / v(ivus) f(ecit)","date_from":101,"date_to":200,"marker_gender":"male","is_individual":false,"edcs_url":"https://edcs.hist.uzh.ch/en/document?edcs-id=EDCS-10900025","persons":[{"nomen":"Campius","gender":"male","raw_name":"L. Campio L. f. Pol. Mansueto","praenomen":"Lucius","cognomen":"Mansuetus","status":"tribus: Pol(lia), patronus"},{"nomen":"Campius","gender":"male","raw_name":"L. Campius L. l. Pal. Privatus","praenomen":"Lucius","cognomen":"Privatus","status":"tribus: Pal(atina), libertus, vivus fecit"}]}},{"type":"Feature","geometry":{"type":"Point","coordinates":[8.21,44.9]},"properties":{"edcs_id":"EDCS-10900026","findspot":"Asti / Hasta","raw_text":"Q(uintus) Didius |(mulieris) l(ibertus) Savius / sibi et / Didiae Q(uinti) l(ibertae) Elenae / matri","date_from":101,"date_to":200,"marker_gender":"mixed","is_individual":false,"edcs_url":"https://edcs.hist.uzh.ch/en/document?edcs-id=EDCS-10900026","persons":[{"nomen":"","gender":"male","raw_name":"Q. Didius |(mulieris) l. Savius","cognomen":"Savius","status":"mulieris libertus"},{"nomen":"Didia","gender":"female","raw_name":"Didiae Q. l. Elenae","cognomen":"Elena","status":"filia Quinti, libertae, matri"}]}},{"type":"Feature","geometry":{"type":"Point","coordinates":[8.21,44.9]},"properties":{"edcs_id":"EDCS-10900027","findspot":"Asti / Hasta","raw_text":"D(is) M(anibus) / Liciniae / Irenes / Petronius / Aepagathus / coniu[gi","date_from":51,"date_to":150,"marker_gender":"mixed","is_individual":false,"edcs_url":"https://edcs.hist.uzh.ch/en/document?edcs-id=EDCS-10900027","persons":[{"nomen":"Licinia","gender":"female","raw_name":"Liciniae Irenes","cognomen":"Irene","status":"coniug[i"},{"nomen":"Petronius","gender":"male","raw_name":"Petronius Aepagathus","cognomen":"Aepagathus","status":"coniug[i"}]}},{"type":"Feature","geometry":{"type":"Point","coordinates":[8.21,44.9]},"properties":{"edcs_id":"EDCS-10900028","findspot":"Asti / Hasta","raw_text":"[3 Flav]ius P(ubli) f(ilius) / Pol(lia) ann(orum) XX / Circenia(?) Sal(vi?) f(ilia) / Quarta mater / P(ublius) Flavius [P(ubli?)] f(ilius) / [","date_from":1,"date_to":100,"marker_gender":"mixed","is_individual":false,"edcs_url":"https://edcs.hist.uzh.ch/en/document?edcs-id=EDCS-10900028","persons":[{"nomen":"Flavius","gender":"male","raw_name":"[3 Flav]ius P. f. Pol. ann. XX","status":"tribus: Pol(lia), annorum XX"},{"nomen":"Circenia","gender":"female","raw_name":"Circenia(?) Sal(vi?) f. Quarta","cognomen":"Quarta","status":"salvi? f(ilia), mater"},{"nomen":"Flavius","gender":"male","raw_name":"P. Flavius [P. f.]","praenomen":"Publius"}]}},{"type":"Feature","geometry":{"type":"Point","coordinates":[8.21,44.9]},"properties":{"edcs_id":"EDCS-10900029","findspot":"Rocca d'Arazzo / Hasta","raw_text":"] / sibi et / Laevae Pau/linae uxori","date_from":101,"date_to":300,"marker_gender":"female","is_individual":false,"edcs_url":"https://edcs.hist.uzh.ch/en/document?edcs-id=EDCS-10900029","persons":[{"nomen":"Laevia","gender":"female","raw_name":"Laevae Paulinae","cognomen":"Paulina","status":"uxor"}]}},{"type":"Feature","geometry":{"type":"Point","coordinates":[8.21,44.9]},"properties":{"edcs_id":"EDCS-10900030","findspot":"Asti / Hasta","raw_text":"Martia L(uci) f(ilia) V/[","date_from":null,"date_to":null,"marker_gender":"female","is_individual":false,"edcs_url":"https://edcs.hist.uzh.ch/en/document?edcs-id=EDCS-10900030","persons":[{"nomen":"Martia","gender":"female","raw_name":"Martia L. f. V["}]}},{"type":"Feature","geometry":{"type":"Point","coordinates":[8.21,44.9]},"properties":{"edcs_id":"EDCS-10900032","findspot":"Asti / Hasta","raw_text":"]] / [[3]]O[[3]] / Secunda uxor / M(arcus) Cocceius M(arci) f(ilius) / Felix","date_from":101,"date_to":200,"marker_gender":"mixed","is_individual":false,"edcs_url":"https://edcs.hist.uzh.ch/en/document?edcs-id=EDCS-10900032","persons":[{"nomen":"","gender":"female","raw_name":"[[3]]O[[3]] Secunda","cognomen":"Secunda","status":"uxor","is_imperial":true},{"nomen":"Cocceius","gender":"male","raw_name":"M. Cocceius M. f. Felix","praenomen":"Marcus","cognomen":"Felix"}]}},{"type":"Feature","geometry":{"type":"Point","coordinates":[8.21,44.9]},"properties":{"edcs_id":"EDCS-10900033","findspot":"Asti / Hasta","raw_text":"] / optimi Secundi/na / et sibi / v(iva) f(ecit)","date_from":101,"date_to":300,"marker_gender":"female","is_individual":false,"edcs_url":"https://edcs.hist.uzh.ch/en/document?edcs-id=EDCS-10900033","persons":[{"nomen":"","gender":"female","raw_name":"optimi Secundi na","cognomen":"Secundina","status":"viva fecit"}]}},{"type":"Feature","geometry":{"type":"Point","coordinates":[8.21,44.9]},"properties":{"edcs_id":"EDCS-10900034","findspot":"Asti / Hasta","raw_text":"[3] Verredius / Sp(uri) f(ilius) Pol(lia) / M(arcus) L(ucius) fili(i) fece/[runt 3] M(arcus) Pe[3] / [6] / [6] / [3]R[3]D[","date_from":1,"date_to":100,"marker_gender":"male","is_individual":false,"edcs_url":"https://edcs.hist.uzh.ch/en/document?edcs-id=EDCS-10900034","persons":[{"nomen":"Verredius","gender":"male","raw_name":"Verredius Sp. f. Pol.","status":"tribus: Pol(lia), Spuri f(ilius)"}]}},{"type":"Feature","geometry":{"type":"Point","coordinates":[8.21,44.9]},"properties":{"edcs_id":"EDCS-10900035","findspot":"Asti / Hasta","raw_text":"P(ublius) Villius P(ubli) f(ilius) Popita / Cam(ilia) an(norum) LXXV / C(aius) Villius P(ubli) f(ilius) / an(norum) XXV","date_from":101,"date_to":300,"marker_gender":"male","is_individual":false,"edcs_url":"https://edcs.hist.uzh.ch/en/document?edcs-id=EDCS-10900035","persons":[{"nomen":"Villius","gender":"male","raw_name":"P. Villius P. f. Popita Cam. ann. LXXV","praenomen":"Publius","cognomen":"Popita","status":"tribus: Camilia, annorum LXXV"},{"nomen":"Villius","gender":"male","raw_name":"C. Villius P. f. ann. XXV","praenomen":"Caius","status":"annorum XXV"}]}},{"type":"Feature","geometry":{"type":"Point","coordinates":[8.21,44.9]},"properties":{"edcs_id":"EDCS-10900039","findspot":"Asti / Hasta","raw_text":"T(itus) Perssi[us","date_from":101,"date_to":200,"marker_gender":"male","is_individual":false,"edcs_url":"https://edcs.hist.uzh.ch/en/document?edcs-id=EDCS-10900039","persons":[{"nomen":"Perssius","gender":"male","raw_name":"T. Perssi[","praenomen":"Titus"}]}},{"type":"Feature","geometry":{"type":"Point","coordinates":[7.6,43.79]},"properties":{"edcs_id":"EDCS-10900040","findspot":"Ventimiglia / Albintimilium","raw_text":"Aescula[pio] / Q(uintus) Dillius Iep[3]/telus v(otum) s(olvit) l(ibens) / [l(aetus) m(erito)]","date_from":51,"date_to":100,"marker_gender":"male","is_individual":false,"edcs_url":"https://edcs.hist.uzh.ch/en/document?edcs-id=EDCS-10900040","persons":[{"nomen":"Dillius","gender":"male","raw_name":"Q. Dillius Iep[3]telus","praenomen":"Quintus","cognomen":"Ieptelus","status":"votum solvit libens"}]}},{"type":"Feature","geometry":{"type":"Point","coordinates":[7.6,43.78]},"properties":{"edcs_id":"EDCS-10900043","findspot":"Ventimiglia / Albintimilium","raw_text":"[M(arcus) A]emi[lius] M(arci) f(ilius) Fal(erna) / Bassus / [prae]f(ectus) coh(ortis) pr(imae) Antioch(ensium) / [trib(unus)] coh(ortis) pr(imae) Britton(um) / [pra]ef(ectus) alae Moesic(ae) / [pro]c(urator) Imp(eratoris) Caes(aris) Trai/[ani] Hadriani Aug(usti) ad / XXXX Gall(iarum) item ad / censum agend(um) Ponto / Bithyniae epistra/teg(us) Pelusio item / Thebaidis proc(urator) / provinciae Iudae/ae t(estamento) p(oni) i(ussit)","date_from":117,"date_to":136,"marker_gender":"male","is_individual":false,"edcs_url":"https://edcs.hist.uzh.ch/en/document?edcs-id=EDCS-10900043","persons":[{"nomen":"Aemilius","gender":"male","raw_name":"[M. A]emi[lius] M. f. Fal. Bassus","praenomen":"Marcus","cognomen":"Bassus","status":"tribus: Falerna, praefectus cohortis, tribunus cohortis, praefectus alae, procurator imperatoris Caesaris Traiani Hadriani Augusti, epistrategus, procurator provinciae Iudaeae","cluster_id":812,"cluster_size":2}]}},{"type":"Feature","geometry":{"type":"Point","coordinates":[7.6,43.79]},"properties":{"edcs_id":"EDCS-10900044","findspot":"Ventimiglia / Albintimilium","raw_text":"D(is) M(anibus) / Aemilius Sec/undinus Aemi/lio Thelonic(o) / ob m(erita) f(ecit)","date_from":null,"date_to":null,"marker_gender":"male","is_individual":false,"edcs_url":"https://edcs.hist.uzh.ch/en/document?edcs-id=EDCS-10900044","persons":[{"nomen":"Aemilius","gender":"male","raw_name":"Aemilius Secundinus","cognomen":"Secundinus","cluster_id":817,"cluster_size":2},{"nomen":"Aemilius","gender":"male","raw_name":"Aemilio Thelonic(o)","cognomen":"Thelonicus","cluster_id":818,"cluster_size":2}]}},{"type":"Feature","geometry":{"type":"Point","coordinates":[7.6,43.78]},"properties":{"edcs_id":"EDCS-10900045","findspot":"Ventimiglia / Albintimilium","raw_text":"D(is) o(mnibus) M(anibus) / bene mere(n)ti / (A)emili(a)e Marc(e)l/l(a)e alu(mnae) Novici","date_from":101,"date_to":200,"marker_gender":"female","is_individual":false,"edcs_url":"https://edcs.hist.uzh.ch/en/document?edcs-id=EDCS-10900045","persons":[{"nomen":"Aemilia","gender":"female","raw_name":"(A)emili(a)e Marc(e)l l(a)e","cognomen":"Marcella","status":"alumna"}]}},{"type":"Feature","geometry":{"type":"Point","coordinates":[7.6,43.79]},"properties":{"edcs_id":"EDCS-10900046","findspot":"Ventimiglia / Albintimilium","raw_text":"D(is) M(anibus) / L(ucius) Allius / Ligus sib(i) / et Valer(iae) / Thallusae / et L(ucio) Allio Al/liano f(ilio) piis/simo an(norum) XX","date_from":101,"date_to":200,"marker_gender":"mixed","is_individual":false,"edcs_url":"https://edcs.hist.uzh.ch/en/document?edcs-id=EDCS-10900046","persons":[{"nomen":"Allius","gender":"male","raw_name":"L. Allius Ligus","praenomen":"Lucius","cognomen":"Ligus"},{"nomen":"Valeria","gender":"female","raw_name":"Valer(iae) Thallusae","cognomen":"Thallusa"},{"nomen":"Allius","gender":"male","raw_name":"L. Allio Alliano","praenomen":"Lucius","cognomen":"Allianus","status":"filius, piissimus"}]}},{"type":"Feature","geometry":{"type":"Point","coordinates":[7.6,43.79]},"properties":{"edcs_id":"EDCS-10900048","findspot":"Ventimiglia / Albintimilium","raw_text":"Q(uinto) Calventio / Severo / C(aio) Calventio / Manna mater fecit","date_from":101,"date_to":300,"marker_gender":"male","is_individual":false,"edcs_url":"https://edcs.hist.uzh.ch/en/document?edcs-id=EDCS-10900048","persons":[{"nomen":"Calventius","gender":"male","raw_name":"Q. Calventio Severo","praenomen":"Quintus","cognomen":"Severus"},{"nomen":"Calventius","gender":"male","raw_name":"C. Calventio Manna","praenomen":"Gaius","cognomen":"Manna"}]}},{"type":"Feature","geometry":{"type":"Point","coordinates":[7.6,43.79]},"properties":{"edcs_id":"EDCS-10900051","findspot":"Ventimiglia / Albintimilium","raw_text":"D(is) [M(anibus) s(acrum)] / T(itus) Flavius Tertius / Flavio Tertio fi/lio infanti et si/bi cum suis","date_from":131,"date_to":170,"marker_gender":"male","is_individual":false,"edcs_url":"https://edcs.hist.uzh.ch/en/document?edcs-id=EDCS-10900051","persons":[{"nomen":"Flavius","gender":"male","raw_name":"T. Flavius Tertius","praenomen":"Titus","cognomen":"Tertius","cluster_id":783,"cluster_size":2},{"nomen":"Flavius","gender":"male","raw_name":"Flavio Tertio filio infanti","cognomen":"Tertius","status":"filius, infans","cluster_id":783,"cluster_size":2}]}},{"type":"Feature","geometry":{"type":"Point","coordinates":[7.6,43.79]},"properties":{"edcs_id":"EDCS-10900052","findspot":"Ventimiglia / Albintimilium","raw_text":"D(is) M(anibus) / Iuniae Marul/[lae","date_from":101,"date_to":200,"marker_gender":"female","is_individual":false,"edcs_url":"https://edcs.hist.uzh.ch/en/document?edcs-id=EDCS-10900052","persons":[{"nomen":"Iunia","gender":"female","raw_name":"Iuniae Marul[lae","cognomen":"Marulla"}]}},{"type":"Feature","geometry":{"type":"Point","coordinates":[7.6,43.79]},"properties":{"edcs_id":"EDCS-10900053","findspot":"Ventimiglia / Albintimilium","raw_text":"Liciniae / Amoenae","date_from":101,"date_to":200,"marker_gender":"female","is_individual":false,"edcs_url":"https://edcs.hist.uzh.ch/en/document?edcs-id=EDCS-10900053","persons":[{"nomen":"Licinia","gender":"female","raw_name":"Liciniae Amoenae","cognomen":"Amoena","cluster_id":801,"cluster_size":2}]}},{"type":"Feature","geometry":{"type":"Point","coordinates":[7.6,43.79]},"properties":{"edcs_id":"EDCS-10900054","findspot":"Ventimiglia / Albintimilium","raw_text":"D(is) M(anibus) / Nicomede / Apronia Theo/dote con/tubernali / karissimo","date_from":101,"date_to":200,"marker_gender":"mixed","is_individual":false,"edcs_url":"https://edcs.hist.uzh.ch/en/document?edcs-id=EDCS-10900054","persons":[{"nomen":"","gender":"male","raw_name":"Nicomede","cognomen":"Nicomedes"},{"nomen":"Apronia","gender":"female","raw_name":"Apronia Theodote","cognomen":"Theodote","status":"contubernalis, karissimus"}]}},{"type":"Feature","geometry":{"type":"Point","coordinates":[7.6,43.79]},"properties":{"edcs_id":"EDCS-10900055","findspot":"Ventimiglia / Albintimilium","raw_text":"Porciae L(uci) f(iliae) / Tertiae / Uxsubiae(!) / L(ucius) Asinius / Ligus coniugi","date_from":1,"date_to":100,"marker_gender":"mixed","is_individual":false,"edcs_url":"https://edcs.hist.uzh.ch/en/document?edcs-id=EDCS-10900055","persons":[{"nomen":"Porcia","gender":"female","raw_name":"Porciae L. f. Tertiae","cognomen":"Tertia","status":"filia Luci"},{"nomen":"Asinius","gender":"male","raw_name":"L. Asinius Ligus","praenomen":"Lucius","cognomen":"Ligus","status":"coniunx"}]}},{"type":"Feature","geometry":{"type":"Point","coordinates":[7.6,43.79]},"properties":{"edcs_id":"EDCS-10900057","findspot":"Ventimiglia / Albintimilium","raw_text":"[No]vicia [3] / d(is) M(anibus) / [con]iugi m[e]/[r]enti Sex(tus) S() / [I]anuario","date_from":null,"date_to":null,"marker_gender":"mixed","is_individual":false,"edcs_url":"https://edcs.hist.uzh.ch/en/document?edcs-id=EDCS-10900057","persons":[{"nomen":"","gender":"female","raw_name":"[No]vicia","cognomen":"Novicia","cluster_id":1316,"cluster_size":2,"cluster_confidence":"low"},{"nomen":"","gender":"male","raw_name":"Sex. S() [I]anuario","praenomen":"Sextus","cognomen":"Ianuarius","status":"coniunx, merens","cluster_id":1317,"cluster_size":2,"cluster_confidence":"low"}]}},{"type":"Feature","geometry":{"type":"Point","coordinates":[7.6,43.79]},"properties":{"edcs_id":"EDCS-10900058","findspot":"Ventimiglia / Albintimilium","raw_text":"Salvio L(uci) f(ilio) Ani(ensi) / Canuleio / Valeria Mon/tana coniugi","date_from":1,"date_to":100,"marker_gender":"mixed","is_individual":false,"edcs_url":"https://edcs.hist.uzh.ch/en/document?edcs-id=EDCS-10900058","persons":[{"nomen":"Salvius","gender":"male","raw_name":"Salvio L. f. Ani. Canuleio","cognomen":"Canuleius","status":"tribus: Aniensis"},{"nomen":"Valeria","gender":"female","raw_name":"Valeria Montana","cognomen":"Montana","status":"coniux"}]}},{"type":"Feature","geometry":{"type":"Point","coordinates":[7.6,43.79]},"properties":{"edcs_id":"EDCS-10900060","findspot":"Ventimiglia / Albintimilium","raw_text":"D(is) M(anibus) / [S]extiliae Paternae / coniugi pientissim(a)e / qu(a)e vixit ann(is) XXVIIII / mensibus III dieb(us) V / horis VIIII","date_from":null,"date_to":null,"marker_gender":"female","is_individual":false,"edcs_url":"https://edcs.hist.uzh.ch/en/document?edcs-id=EDCS-10900060","persons":[{"nomen":"Sextilia","gender":"female","raw_name":"[S]extiliae Paternae","cognomen":"Paterna","status":"coniunx, pientissima","cluster_id":802,"cluster_size":2}]}},{"type":"Feature","geometry":{"type":"Point","coordinates":[7.6,43.79]},"properties":{"edcs_id":"EDCS-10900066","findspot":"Ventimiglia / Albintimilium","raw_text":"P(ublius) [3] / S[","date_from":101,"date_to":200,"marker_gender":"male","is_individual":false,"edcs_url":"https://edcs.hist.uzh.ch/en/document?edcs-id=EDCS-10900066","persons":[{"nomen":"","gender":"male","raw_name":"P. [3]","praenomen":"Publius"}]}},{"type":"Feature","geometry":{"type":"Point","coordinates":[7.6,43.79]},"properties":{"edcs_id":"EDCS-10900068","findspot":"Ventimiglia / Albintimilium","raw_text":"] / Q(uintus) [3] / T[","date_from":71,"date_to":130,"marker_gender":"male","is_individual":false,"edcs_url":"https://edcs.hist.uzh.ch/en/document?edcs-id=EDCS-10900068","persons":[{"nomen":"","gender":"male","raw_name":"Q. [3]","praenomen":"Quintus"}]}},{"type":"Feature","geometry":{"type":"Point","coordinates":[8.08,44.4]},"properties":{"edcs_id":"EDCS-10900160","findspot":"Sale San Giovanni","raw_text":"C[3]lio / [3 f(ilio)] Pob(lilia) / Tessellae / IIIIIIviro / Calpurn[iae] / T(iti) f(iliae) Prisc[ae] / [","date_from":51,"date_to":150,"marker_gender":"mixed","is_individual":true,"edcs_url":"https://edcs.hist.uzh.ch/en/document?edcs-id=EDCS-10900160","persons":[{"nomen":"","gender":"male","raw_name":"C[3]lio [3 f.] Pob. Tessellae IIIIIIviro","cognomen":"Tessella","status":"tribus: Publilia, VIvir","is_deity":true,"cluster_confidence":"excluded"},{"nomen":"Calpurnia","gender":"female","raw_name":"Calpurn[iae] T. f. Prisc[ae]","cognomen":"Prisca","status":"filia Titi"}]}},{"type":"Feature","geometry":{"type":"Point","coordinates":[7.98,44.43]},"properties":{"edcs_id":"EDCS-10900161","findspot":"Castellino Tanaro","raw_text":"V(ivi) f(ecerunt) / P(ublius) Albius M(arci) f(ilius) / Pub(lilia) Paetasus / Albia Oct(avi) f(ilia) / [V]eltona / [ux]or / [","date_from":1,"date_to":100,"marker_gender":"mixed","is_individual":false,"edcs_url":"https://edcs.hist.uzh.ch/en/document?edcs-id=EDCS-10900161","persons":[{"nomen":"Albius","gender":"male","raw_name":"P. Albius M. f. Pub. Paetasus","praenomen":"Publius","cognomen":"Paetasus","status":"tribus: Publilia"},{"nomen":"Albia","gender":"female","raw_name":"Albia Oct. f. [V]eltona [ux]or","cognomen":"Veltona","status":"filia Octavi, uxor"}]}},{"type":"Feature","geometry":{"type":"Point","coordinates":[8.08,44.4]},"properties":{"edcs_id":"EDCS-10900162","findspot":"Sale San Giovanni","raw_text":"M(arco) Aticio M(arci) f(ilio) / [3]tio / [","date_from":51,"date_to":150,"marker_gender":"male","is_individual":true,"edcs_url":"https://edcs.hist.uzh.ch/en/document?edcs-id=EDCS-10900162","persons":[{"nomen":"Aticius","gender":"male","raw_name":"M. Aticio M. f. [3]tio","praenomen":"Marcus","status":"filius Marci"}]}},{"type":"Feature","geometry":{"type":"Point","coordinates":[7.97,44.29]},"properties":{"edcs_id":"EDCS-10900163","findspot":"Viola","raw_text":"P(ubli) Betuti C(ai) f(ilii) / annorum XXXV","date_from":1,"date_to":100,"marker_gender":"male","is_individual":true,"edcs_url":"https://edcs.hist.uzh.ch/en/document?edcs-id=EDCS-10900163","persons":[{"nomen":"Betutius","gender":"male","raw_name":"P. Betuti C. f. filii","praenomen":"Publius","status":"filius Caii"}]}},{"type":"Feature","geometry":{"type":"Point","coordinates":[7.97,44.37]},"properties":{"edcs_id":"EDCS-10900164","findspot":"Mombasiglio","raw_text":"L(ucio) Papirio / P(ubli) f(ilio) Pob(lilia) / Bitironi","date_from":51,"date_to":150,"marker_gender":"male","is_individual":false,"edcs_url":"https://edcs.hist.uzh.ch/en/document?edcs-id=EDCS-10900164","persons":[{"nomen":"Papirius","gender":"male","raw_name":"L. Papirio P. f. Pob. Bitironi","praenomen":"Lucius","cognomen":"Bitiro","status":"tribus: Poblilia, filius Publii"}]}},{"type":"Feature","geometry":{"type":"Point","coordinates":[8.02,44.42]},"properties":{"edcs_id":"EDCS-10900165","findspot":"Roascio","raw_text":"[1 Te]rentius / [1] f(ilius) Pub(lilia) / [Li]cinus(?)","date_from":101,"date_to":200,"marker_gender":"male","is_individual":false,"edcs_url":"https://edcs.hist.uzh.ch/en/document?edcs-id=EDCS-10900165","persons":[{"nomen":"Terentius","gender":"male","raw_name":"[1 Te]rentius [1] f. Pub. [Li]cinus","cognomen":"Licinus","status":"tribus: Publilia"}]}},{"type":"Feature","geometry":{"type":"Point","coordinates":[7.98,44.45]},"properties":{"edcs_id":"EDCS-10900166","findspot":"Marsaglia","raw_text":"L(ucius) Terentius / P(ubli) f(ilius) Pob(lilia) / Varro / et Val[er]ia / M(arci) f(ilia) [Te]rtia","date_from":51,"date_to":150,"marker_gender":"mixed","is_individual":true,"edcs_url":"https://edcs.hist.uzh.ch/en/document?edcs-id=EDCS-10900166","persons":[{"nomen":"Terentius","gender":"male","raw_name":"L. Terentius P. f. Pob. Varro","praenomen":"Lucius","cognomen":"Varro","status":"tribus: Publilia"},{"nomen":"Valeria","gender":"female","raw_name":"Val[er]ia M. f. [Te]rtia","cognomen":"Tertia","status":"filia Marci"}]}},{"type":"Feature","geometry":{"type":"Point","coordinates":[7.98,44.43]},"properties":{"edcs_id":"EDCS-10900167","findspot":"Castellino Tanaro","raw_text":"L(ucius) Valerius / P(ubli) f(ilius) Pub(lilia) / [v(ivus)] f(ecit) sibi et / [1] Valerio / [1] f(ilio) Pub(lilia)","date_from":1,"date_to":100,"marker_gender":"male","is_individual":false,"edcs_url":"https://edcs.hist.uzh.ch/en/document?edcs-id=EDCS-10900167","persons":[{"nomen":"Valerius","gender":"male","raw_name":"L. Valerius P. f. Pub. [v. f.]","praenomen":"Lucius","status":"tribus: Publilia, v(ivus) f(ecit)"},{"nomen":"Valerius","gender":"male","raw_name":"[1] Valerio [1] f. Pub.","status":"tribus: Publilia, filius"}]}},{"type":"Feature","geometry":{"type":"Point","coordinates":[7.82,44.39]},"properties":{"edcs_id":"EDCS-10900168","findspot":"Mondovi","raw_text":"M(arco) Valerio M(arci) f(ilio) / [","date_from":1,"date_to":50,"marker_gender":"male","is_individual":false,"edcs_url":"https://edcs.hist.uzh.ch/en/document?edcs-id=EDCS-10900168","persons":[{"nomen":"Valerius","gender":"male","raw_name":"M. Valerio M. f.","praenomen":"Marcus","status":"filius Marci"}]}},{"type":"Feature","geometry":{"type":"Point","coordinates":[7.82,44.39]},"properties":{"edcs_id":"EDCS-10900169","findspot":"Mondovi","raw_text":"[1] Valer(ius) / T(iti) f(ilius) Mat()","date_from":1,"date_to":100,"marker_gender":"male","is_individual":false,"edcs_url":"https://edcs.hist.uzh.ch/en/document?edcs-id=EDCS-10900169","persons":[{"nomen":"Valerius","gender":"male","raw_name":"[1] Valer. T. f. Mat()","cognomen":"Mat","status":"filius Titi"}]}},{"type":"Feature","geometry":{"type":"Point","coordinates":[8.01,44.44]},"properties":{"edcs_id":"EDCS-10900171","findspot":"Igliano","raw_text":"M(arcus) Valerius M(arci) f(ilius) / Pub(lilia) Secundus / sibi et / Valeriae M(arci) f(iliae) / Pollae uxori","date_from":51,"date_to":200,"marker_gender":"mixed","is_individual":true,"edcs_url":"https://edcs.hist.uzh.ch/en/document?edcs-id=EDCS-10900171","persons":[{"nomen":"Valerius","gender":"male","raw_name":"M. Valerius M. f. Pub. Secundus","praenomen":"Marcus","cognomen":"Secundus","status":"tribus: Publilia"},{"nomen":"Valeria","gender":"female","raw_name":"Valeriae M. f. Pollae","cognomen":"Polla","status":"filia Marci, uxor"}]}},{"type":"Feature","geometry":{"type":"Point","coordinates":[7.98,44.22]},"properties":{"edcs_id":"EDCS-10900172","findspot":"Mindino","raw_text":"Sal(vius) Val(erius) / T(iti) f(ilius) Sup()","date_from":101,"date_to":250,"marker_gender":"male","is_individual":true,"edcs_url":"https://edcs.hist.uzh.ch/en/document?edcs-id=EDCS-10900172","persons":[{"nomen":"Salvius","gender":"male","raw_name":"Sal. Val. T. f.","cognomen":"Valerius","status":"filius Titi"}]}},{"type":"Feature","geometry":{"type":"Point","coordinates":[7.82,44.39]},"properties":{"edcs_id":"EDCS-10900173","findspot":"Mondovi","raw_text":"T(itus) Voconi(us) T(iti) f(ilius) Iucun(dus) vi(xit) a(nnos) XV","date_from":null,"date_to":null,"marker_gender":"male","is_individual":false,"edcs_url":"https://edcs.hist.uzh.ch/en/document?edcs-id=EDCS-10900173","persons":[{"nomen":"Voconius","gender":"male","raw_name":"T. Voconius T. f. Iucundus","praenomen":"Titus","cognomen":"Iucundus","status":"filius Titi","cluster_id":573,"cluster_size":2}]}},{"type":"Feature","geometry":{"type":"Point","coordinates":[7.91,44.48]},"properties":{"edcs_id":"EDCS-10900174","findspot":"Clavesana","raw_text":"] / M(arci) Voconi / M(arci) f(ilii) Pub(lilia) / Marcelli / [","date_from":1,"date_to":100,"marker_gender":"male","is_individual":true,"edcs_url":"https://edcs.hist.uzh.ch/en/document?edcs-id=EDCS-10900174","persons":[{"nomen":"Voconius","gender":"male","raw_name":"M. Voconi M. f. Pub. Marcelli","praenomen":"Marcus","cognomen":"Marcellus","status":"tribus: Publilia"}]}},{"type":"Feature","geometry":{"type":"Point","coordinates":[8.86,44.9]},"properties":{"edcs_id":"EDCS-11600090","findspot":"Tortona / Dertona","raw_text":"Lariae / Chrysodice / T(itus) Larius / Dionysius / lib(ertae) optima[e] / [","date_from":51,"date_to":150,"marker_gender":"mixed","is_individual":false,"edcs_url":"https://edcs.hist.uzh.ch/en/document?edcs-id=EDCS-11600090","persons":[{"nomen":"Laria","gender":"female","raw_name":"Lariae Chrysodice","cognomen":"Chrysodice"},{"nomen":"Larius","gender":"male","raw_name":"T. Larius Dionysius","praenomen":"Titus","cognomen":"Dionysius","status":"libertae optimae"}]}},{"type":"Feature","geometry":{"type":"Point","coordinates":[8.86,44.9]},"properties":{"edcs_id":"EDCS-11600091","findspot":"Tortona / Dertona","raw_text":"[D(is)] M(anibus) / [3]ieli / [3 Pomp]t(ina?) / [3]I / Eu[tact]i VIvir(i) / Dert(onae) / C(aius) Arruntius Meleager / collegae et a[di]utori et / rectori ino[3] dis/pensatori co[llegii 3] / Dert(onensium) coll(egae) bene [3] / C(aius) Arruntius H[3] / fili(i) ipsi[us] / ob memoriam ben[e merenti]","date_from":101,"date_to":200,"marker_gender":"male","is_individual":false,"edcs_url":"https://edcs.hist.uzh.ch/en/document?edcs-id=EDCS-11600091","persons":[{"nomen":"","gender":"male","raw_name":"Eu[tact]i VIvir(i) Dert(onae)","cognomen":"Eutactius","status":"VIvir Dertonae"},{"nomen":"Arruntius","gender":"male","raw_name":"C(aius) Arruntius Meleager","praenomen":"Gaius","cognomen":"Meleager","status":"collega, adiutor, rector, dispensator collegii Dertonensium"},{"nomen":"Arruntius","gender":"male","raw_name":"C(aius) Arruntius H[3]","praenomen":"Gaius","status":"filius"}]}},{"type":"Feature","geometry":{"type":"Point","coordinates":[8.86,44.71]},"properties":{"edcs_id":"EDCS-11600092","findspot":"Serravalle Scrivia / Libarna","raw_text":"[Hic r]eq(uiescit) b(onae) m(emo)r(iae) / [3]la qui / [vix(it) pl(us) m(inus)] annos XXXII / [re]cessit sub d(ie) / Kal(endas) Maias {c}c(onsule) d(omino) n(ostro) / Iulio Maiorian[o]","date_from":null,"date_to":null,"marker_gender":"male","is_individual":false,"edcs_url":"https://edcs.hist.uzh.ch/en/document?edcs-id=EDCS-11600092","persons":[{"nomen":"Iulius","gender":"male","raw_name":"Iulio Maiorian[o]","cognomen":"Maiorianus","status":"consul"}]}},{"type":"Feature","geometry":{"type":"Point","coordinates":[8.47,44.68]},"properties":{"edcs_id":"EDCS-11600094","findspot":"Acqui Terme / Aquae Statiellae","raw_text":"L(ucio) Albino / L(uci) f(ilio) Optato / [V]ib[i]a(?) L(uci) f(ilia)","date_from":71,"date_to":130,"marker_gender":"mixed","is_individual":false,"edcs_url":"https://edcs.hist.uzh.ch/en/document?edcs-id=EDCS-11600094","persons":[{"nomen":"Albinus","gender":"male","raw_name":"L. Albino L. f. Optato","praenomen":"Lucius","cognomen":"Optatus"},{"nomen":"Vibia","gender":"female","raw_name":"[V]ib[i]a(?) L. f.","status":"filia Luci"}]}},{"type":"Feature","geometry":{"type":"Point","coordinates":[8.47,44.68]},"properties":{"edcs_id":"EDCS-11600095","findspot":"Acqui Terme / Aquae Statiellae","raw_text":"Corneliae / L(uci) f(iliae) Q[3]ae / [","date_from":1,"date_to":100,"marker_gender":"female","is_individual":false,"edcs_url":"https://edcs.hist.uzh.ch/en/document?edcs-id=EDCS-11600095","persons":[{"nomen":"Cornelia","gender":"female","raw_name":"Corneliae L. f. Q[3]ae","status":"filia Luci"}]}},{"type":"Feature","geometry":{"type":"Point","coordinates":[8.47,44.68]},"properties":{"edcs_id":"EDCS-11600096","findspot":"Acqui Terme / Aquae Statiellae","raw_text":"Pacon/ia Q(uinti) f(ilia) / Celsa / a(nnorum) XIIX","date_from":1,"date_to":100,"marker_gender":"female","is_individual":false,"edcs_url":"https://edcs.hist.uzh.ch/en/document?edcs-id=EDCS-11600096","persons":[{"nomen":"Paconia","gender":"female","raw_name":"Paconia Q. f. Celsa","cognomen":"Celsa"}]}},{"type":"Feature","geometry":{"type":"Point","coordinates":[7.59,44.5]},"properties":{"edcs_id":"EDCS-11600097","findspot":"Centallo / Pollentia","raw_text":"C(aio) Vennio Rufi f(ilio) / Pol(lia) Maxsimo(!) / v(ivae) Flaviae C(ai) f(iliae) Salviae / v(ivus) C(aius) Vennius C(ai) f(ilius) Super / v(ivus) L(ucius) Vennius C(ai) f(ilius) Secundus / v(ivus) C(aius) Vennius C(ai) f(ilius) Quartus / filii pos[u]er(unt) / et / v(ivae) Venniae C(ai) f(iliae) Tertullae / sorori / in fr(onte) p(edes) XXX in ag(ro) p(edes) XXX","date_from":1,"date_to":50,"marker_gender":"mixed","is_individual":false,"edcs_url":"https://edcs.hist.uzh.ch/en/document?edcs-id=EDCS-11600097","persons":[{"nomen":"Vennius","gender":"male","raw_name":"C. Vennio Rufi f. Pol. Maxsimo(!)","praenomen":"Gaius","cognomen":"Maximus","status":"tribus: Pollia"},{"nomen":"Flavia","gender":"female","raw_name":"Flaviae C. f. Salviae","praenomen":"Gaius","cognomen":"Salvia","status":"filia Cai"},{"nomen":"Vennius","gender":"male","raw_name":"C. Vennius C. f. Super","praenomen":"Gaius","cognomen":"Super"},{"nomen":"Vennius","gender":"male","raw_name":"L. Vennius C. f. Secundus","praenomen":"Lucius","cognomen":"Secundus"},{"nomen":"Vennius","gender":"male","raw_name":"C. Vennius C. f. Quartus","praenomen":"Gaius","cognomen":"Quartus"},{"nomen":"Vennia","gender":"female","raw_name":"Venniae C. f. Tertullae","cognomen":"Tertulla","status":"filia Cai, soror"}]}},{"type":"Feature","geometry":{"type":"Point","coordinates":[8.22,44.05]},"properties":{"edcs_id":"EDCS-11600100","findspot":"Diano Marina","raw_text":"C(aius) Piranus Primus fe(cit) / C(aius) Piranus Philomusus f(ecit)","date_from":null,"date_to":null,"marker_gender":"male","is_individual":false,"edcs_url":"https://edcs.hist.uzh.ch/en/document?edcs-id=EDCS-11600100","persons":[{"nomen":"Piranus","gender":"male","raw_name":"C. Piranus Primus","praenomen":"Gaius","cognomen":"Primus","cluster_id":404,"cluster_size":2},{"nomen":"Piranus","gender":"male","raw_name":"C. Piranus Philomusus","praenomen":"Gaius","cognomen":"Philomusus","cluster_id":405,"cluster_size":3}]}},{"type":"Feature","geometry":{"type":"Point","coordinates":[8.02,45.15]},"properties":{"edcs_id":"EDCS-12300359","findspot":"Monteu da Po / Industria","raw_text":"Imp(erator) Caes(ar) P(ublius) Lici[ni]us Valeria/nus Pius {IVS} Fel(ix) Aug(ustus) / pont(ifex) max(imus) tr(ibunicia) pot(estate) II [co(n)s(ul) II et] / Imp(erator) Caes(ar) P(ublius) Lici[nius Egnatius Gallienus Pius Fel(ix) Aug(ustus) pont(ifex) max(imus) trib(unicia) pot(estate) II co(n)s(ul)] / [nomina militum qui // a(nte) d(iem) VI [I]d(us) Ian(uarias) / Impp(eratoribus) Val[eriano Aug(usto) II et Gallieno Aug(usto) co(n)s(ulibus)] / [coh(ors) I] pr(aetoria) [Valerian(a) Galliena P(ia) V(index)] / P(ublio) Anneio P(ubli) f(ilio) Probo / Papir(ia) Poetovio(ne) / [descriptu(m) et recognitu(m) // Imp(erator) Caes(ar) P(ublius) Licin[ius Valerianus] / Pius Fel(ix) Aug(ustus) pont(ifex) max(imus) tr(ibunicia) [pot(estate) II co(n)s(ul) II et] / Imp(erator) Caes(ar) P(ublius) Licinius Egnatius Gal[lienus Pius] / Fel(ix) Aug(ustus) pont(ifex) max(imus) trib(unicia) pot(estate) II co(n)s(ul) / nomina militum qui militaverunt in c[ohorti]/bus praetori[is] Valerianis Gal(l)ienis d[ecem] / I II III IIII V VI VII VIII VIIII X Piis Vindici[bus] / qui pi{a}e et fortiter militia{m} funct[i sunt] / ius tribuimus conub{u}ii [dumtaxat cum sin]/gulis et primis uxoribu[s ut etiamsi pe]/re[grin]i iuris feminas i<n=M> matrimonio su/o iu[n]xerint proinde liberos tollant ac si / ex duobus civibus Romanis natos a(nte) d(iem) (!) Id(us) Ian(uarias) / Impp(eratoribus) Valeriano Aug(usto) II et Gal(l)ieno Aug(usto) co(n)s(ulibus) / coh(ors) I pr(aetoria) Valerian(a) Gal(l)iena P(ia) V(index) / P(ublio) Anneio P(ubli) f(ilio) Probo / Pap(iria) P(o)eto<v=B>ione / descriptu(m) et recognitu(m) e[x] tabula aer[ea] / q[uae f]ixa est Rom(ae) i<n=M> mu[ro] pos[t templum divi] / Aug(usti) ad M[inervam] // M(arci) Aureli Quintiani / L(uci) Aureli Simplici / P(ubli) Appei Marcellini / C(ai) Caeli Germanicini / P(ubli) Aeli Bassani / M(arci) Aureli Magrini(!) / P(ubli) Bellici Vicenti","date_from":254,"date_to":254,"marker_gender":"male","is_individual":false,"edcs_url":"https://edcs.hist.uzh.ch/en/document?edcs-id=EDCS-12300359","persons":[{"nomen":"Licinius","gender":"male","raw_name":"P. Lici[ni]us Valerianus","praenomen":"Publius","cognomen":"Valerianus","status":"Imperator Caesar, Pius, Felix, Augustus, pontifex maximus, tribunicia potestate","is_imperial":true},{"nomen":"Licinius","gender":"male","raw_name":"P. Lici[nius Egnatius Gallienus]","praenomen":"Publius","cognomen":"Egnatius Gallienus","status":"Imperator Caesar, Pius, Felix, Augustus, pontifex maximus, tribunicia potestate","is_imperial":true},{"nomen":"Anneius","gender":"male","raw_name":"P. Anneio P. f. Probo Papir(ia) Poetovio(ne)","praenomen":"Publius","cognomen":"Probus","status":"tribus: Papiria, Poetovio"},{"nomen":"Aurelius","gender":"male","raw_name":"M. Aureli Quintiani","praenomen":"Marcus","cognomen":"Quintianus","is_imperial":true,"cluster_confidence":"low"},{"nomen":"Aurelius","gender":"male","raw_name":"L. Aureli Simplici","praenomen":"Lucius","cognomen":"Simplex","cluster_confidence":"low"},{"nomen":"Appius","gender":"male","raw_name":"P. Appei Marcellini","praenomen":"Publius","cognomen":"Marcellinus"},{"nomen":"Caelius","gender":"male","raw_name":"C. Caeli Germanicini","praenomen":"Gaius","cognomen":"Germanicus"},{"nomen":"Aelius","gender":"male","raw_name":"P. Aeli Bassani","praenomen":"Publius","cognomen":"Bassus"},{"nomen":"Aurelius","gender":"male","raw_name":"M. Aureli Magrini","praenomen":"Marcus","cognomen":"Magrinus","is_imperial":true,"cluster_confidence":"low"},{"nomen":"Bellicius","gender":"male","raw_name":"P. Bellici Vicenti","praenomen":"Publius","cognomen":"Vicens"}]}},{"type":"Feature","geometry":{"type":"Point","coordinates":[9.83,44.11]},"properties":{"edcs_id":"EDCS-12800344","findspot":"La Spezia / Luna","raw_text":"[C]alid[io] / Eutyche[ti] / homini dulcis[simo] / qui vixit cum c[oniuge] / sua a[n]n(os) XXI d(ies) [3] Stati[a] Euangelis ux[or] / bene merenti in [p]ace","date_from":null,"date_to":null,"marker_gender":"mixed","is_individual":false,"edcs_url":"https://edcs.hist.uzh.ch/en/document?edcs-id=EDCS-12800344","persons":[{"nomen":"Calidius","gender":"male","raw_name":"[C]alid[io] Eutyche[ti]","cognomen":"Eutychus"},{"nomen":"Statia","gender":"female","raw_name":"Stati[a] Euangelis","cognomen":"Euangelis","status":"uxor"}]}},{"type":"Feature","geometry":{"type":"Point","coordinates":[7.48,44.52]},"properties":{"edcs_id":"EDCS-12800374","findspot":"Stura / Augusta Bagiennorum","raw_text":"C(aius) Vibius / Colianus","date_from":51,"date_to":150,"marker_gender":"male","is_individual":false,"edcs_url":"https://edcs.hist.uzh.ch/en/document?edcs-id=EDCS-12800374","persons":[{"nomen":"Vibius","gender":"male","raw_name":"C. Vibius Colianus","praenomen":"Gaius","cognomen":"Colianus"}]}},{"type":"Feature","geometry":{"type":"Point","coordinates":[7.83,44.54]},"properties":{"edcs_id":"EDCS-13200282","findspot":"Bene Vagienna / Augusta Bagiennorum","raw_text":"] / Capiton/ius M(arci) f(ilius) Cam(ilia) / Bassus mil(es) / [l]eg(ionis) XV Apo(llinaris) / [si]gnifer t(estamento) f(ieri) i(ussit) / [h]eredes f(ecerunt)","date_from":1,"date_to":50,"marker_gender":"male","is_individual":false,"edcs_url":"https://edcs.hist.uzh.ch/en/document?edcs-id=EDCS-13200282","persons":[{"nomen":"Capitonius","gender":"male","raw_name":"Capitonius M. f. Cam. Bassus mil. leg. XV Apo. signifer","cognomen":"Bassus","status":"tribus: Camilia, miles legionis XV Apollinaris, signifer"}]}},{"type":"Feature","geometry":{"type":"Point","coordinates":[7.9,44.69]},"properties":{"edcs_id":"EDCS-13302512","findspot":"Pollenzo / Pollentia","raw_text":"M(arcus) Lucretius / M(arci) l(ibertus) Pal(atina) Chrestus / mer<c=K>ator / vinarius / testam(ento) fieri iussit / p(edes) q(uoquoversus) XV","date_from":31,"date_to":100,"marker_gender":"male","is_individual":false,"edcs_url":"https://edcs.hist.uzh.ch/en/document?edcs-id=EDCS-13302512","persons":[{"nomen":"Lucretius","gender":"male","raw_name":"M. Lucretius M. l. Pal. Chrestus","praenomen":"Marcus","cognomen":"Chrestus","status":"libertus Marci, tribus: Palatina, mercator vinarius"}]}},{"type":"Feature","geometry":{"type":"Point","coordinates":[8.87,44.9]},"properties":{"edcs_id":"EDCS-13302721","findspot":"Tortona / Dertona","raw_text":"H(is?) pulvis Aur(eli) / Pruden(tis) Clementis / poetae h(ominis?) b(oni?)","date_from":null,"date_to":null,"marker_gender":"male","is_individual":false,"edcs_url":"https://edcs.hist.uzh.ch/en/document?edcs-id=EDCS-13302721","persons":[{"nomen":"Aurelius","gender":"male","raw_name":"Aur. Pruden(tis) Clementis","cognomen":"Prudens Clemens","status":"poeta","cluster_id":665,"cluster_size":2}]}},{"type":"Feature","geometry":{"type":"Point","coordinates":[7.6,43.78]},"properties":{"edcs_id":"EDCS-13400243","findspot":"Ventimiglia / Albintimilium","raw_text":"Vicia / d(is) M(anibus) / [con]iugi / [bene mer]enti Sex(to) <C=K>l(audio?) / [2 Ia]nuario","date_from":301,"date_to":500,"marker_gender":"male","is_individual":false,"edcs_url":"https://edcs.hist.uzh.ch/en/document?edcs-id=EDCS-13400243","persons":[{"nomen":"Claudius","gender":"male","raw_name":"Sex. Kl. [Ia]nuario","praenomen":"Sextus","cognomen":"Ianuarius"}]}},{"type":"Feature","geometry":{"type":"Point","coordinates":[7.37,44.79]},"properties":{"edcs_id":"EDCS-13600039","findspot":"Cavour / Cavorre / Forum Vibii Caburrum","raw_text":"Se[xt]us(?) Atiliu[s] / C(aius) [Atili]us C(ai) f(ilius) Stel(latina) / Sex(tus) Atilius C(ai) f(ilius) / Ser(gia)","date_from":1,"date_to":50,"marker_gender":"male","is_individual":false,"edcs_url":"https://edcs.hist.uzh.ch/en/document?edcs-id=EDCS-13600039","persons":[{"nomen":"Atilius","gender":"male","raw_name":"Sex. Atiliu[s]","praenomen":"Sextus","status":"tribus: Stellatina"},{"nomen":"Atilius","gender":"male","raw_name":"C. [Atili]us C. f. Stel.","praenomen":"Gaius","status":"tribus: Stellatina"},{"nomen":"Atilius","gender":"male","raw_name":"Sex. Atilius C. f. Ser.","praenomen":"Sextus","status":"tribus: Sergia"}]}},{"type":"Feature","geometry":{"type":"Point","coordinates":[7.33,44.89]},"properties":{"edcs_id":"EDCS-13600040","findspot":"Pinerolo / Forum Vibii Caburrum","raw_text":"Cintul[l]/us Vel[","date_from":-30,"date_to":30,"marker_gender":"male","is_individual":false,"edcs_url":"https://edcs.hist.uzh.ch/en/document?edcs-id=EDCS-13600040","persons":[{"nomen":"","gender":"male","raw_name":"Cintul[l]us","cognomen":"Cintullus"}]}},{"type":"Feature","geometry":{"type":"Point","coordinates":[7.37,44.79]},"properties":{"edcs_id":"EDCS-13600041","findspot":"Cavour / Cavorre / Forum Vibii Caburrum","raw_text":"Disius / Pramanius / Momi f(ilius) Moccus f(ilius) / Ena uxor / t(itulum) f(ieri) i(usserunt)","date_from":-30,"date_to":30,"marker_gender":"mixed","is_individual":false,"edcs_url":"https://edcs.hist.uzh.ch/en/document?edcs-id=EDCS-13600041","persons":[{"nomen":"Disius","gender":"male","raw_name":"Disius Pramanius Momi f. Moccus f.","cognomen":"Moccus"},{"nomen":"","gender":"female","raw_name":"Ena","cognomen":"Ena","status":"uxor"}]}},{"type":"Feature","geometry":{"type":"Point","coordinates":[8.25,45.35]},"properties":{"edcs_id":"EDCS-13600042","findspot":"San Germano Vercellese / Forum Vibii Caburrum","raw_text":"V(ivus) f(ecit) / Valius / Titioni/s sibi et / Vibio / fratri / militi","date_from":-50,"date_to":-1,"marker_gender":"male","is_individual":true,"edcs_url":"https://edcs.hist.uzh.ch/en/document?edcs-id=EDCS-13600042","persons":[{"nomen":"Valius","gender":"male","raw_name":"Valius"},{"nomen":"Titionius","gender":"male","raw_name":"Titionis"},{"nomen":"Vibius","gender":"male","raw_name":"Vibio","status":"frater, miles"}]}},{"type":"Feature","geometry":{"type":"Point","coordinates":[7.37,44.68]},"properties":{"edcs_id":"EDCS-13600043","findspot":"Envie / Forum Vibii Caburrum","raw_text":"Vibia C(ai) f(ilia) / Tertia [","date_from":-30,"date_to":100,"marker_gender":"female","is_individual":true,"edcs_url":"https://edcs.hist.uzh.ch/en/document?edcs-id=EDCS-13600043","persons":[{"nomen":"Vibia","gender":"female","raw_name":"Vibia C(ai) f(ilia) Tertia [","cognomen":"Tertia","status":"filia Caii"}]}},{"type":"Feature","geometry":{"type":"Point","coordinates":[7.37,44.79]},"properties":{"edcs_id":"EDCS-13600044","findspot":"Cavour / Cavorre / Forum Vibii Caburrum","raw_text":"T(itus) Villius / L(uci) f(ilius) Veco / sib[i et","date_from":1,"date_to":50,"marker_gender":"male","is_individual":false,"edcs_url":"https://edcs.hist.uzh.ch/en/document?edcs-id=EDCS-13600044","persons":[{"nomen":"Villius","gender":"male","raw_name":"T. Villius L. f. Veco","praenomen":"Titus","cognomen":"Veco"}]}},{"type":"Feature","geometry":{"type":"Point","coordinates":[7.37,44.79]},"properties":{"edcs_id":"EDCS-13600045","findspot":"Cavour / Cavorre / Forum Vibii Caburrum","raw_text":"] Maxsuma(!) / P(ublius) Louticinius M(arci) f(ilius) / [","date_from":1,"date_to":50,"marker_gender":"mixed","is_individual":false,"edcs_url":"https://edcs.hist.uzh.ch/en/document?edcs-id=EDCS-13600045","persons":[{"nomen":"","gender":"female","raw_name":"[ Maxsuma(!)","cognomen":"Maxsuma"},{"nomen":"Louticinius","gender":"male","raw_name":"P. Louticinius M. f.","praenomen":"Publius"}]}},{"type":"Feature","geometry":{"type":"Point","coordinates":[7.37,44.79]},"properties":{"edcs_id":"EDCS-13600047","findspot":"Cavour / Cavorre / Forum Vibii Caburrum","raw_text":"[Si lector huius vis] nosse nomen defu{i}ncti hic requi/[escit in pace b(onae) m(emoriae) 3]ola h(onesta) f(emina) qui(!) vixit in s(a)eculo an(nos) / [plus min]us LIII deposi(ti)o eius XII Kal(endas) De(cembres) / [3]no v(iro) c(larissimo) cons(ule) III","date_from":null,"date_to":null,"marker_gender":"female","is_individual":false,"edcs_url":"https://edcs.hist.uzh.ch/en/document?edcs-id=EDCS-13600047","persons":[{"nomen":"","gender":"female","raw_name":"[3]ola h. f.","cognomen":"Iola","status":"honesta femina, bonae memoriae"}]}},{"type":"Feature","geometry":null,"properties":{"edcs_id":"EDCS-13600049","findspot":"Revello / Forum Vibii Caburrum","raw_text":"[Hic requiescit in som]/[no p]acis Valentinia[nus] / [qui] vixit ann(os) XIII et m(enses) [3] / [et d]epos(i)t(us) est prid(ie) Ka[l(endas)] / Mar<t=C>i(as) Pro<b=V>ino / c(larissimo) cons(u)l(e)","date_from":null,"date_to":null,"marker_gender":"male","is_individual":true,"edcs_url":"https://edcs.hist.uzh.ch/en/document?edcs-id=EDCS-13600049","persons":[{"nomen":"","gender":"male","raw_name":"Valentinia[nus]","cognomen":"Valentinianus","is_imperial":true}]}},{"type":"Feature","geometry":{"type":"Point","coordinates":[8.86,44.71]},"properties":{"edcs_id":"EDCS-13900604","findspot":"Silvano d'Orba / Libarna","raw_text":"L(ucio) Castricio / M(arci) f(ilio) Pom(ptina) / decuri(oni) / Priscus f(ilius) / f(aciendum) c(uravit)","date_from":1,"date_to":200,"marker_gender":"male","is_individual":false,"edcs_url":"https://edcs.hist.uzh.ch/en/document?edcs-id=EDCS-13900604","persons":[{"nomen":"Castricius","gender":"male","raw_name":"L. Castricio M. f. Pom. decuri.","praenomen":"Lucius","status":"tribus: Pomptina, decurio"},{"nomen":"","gender":"male","raw_name":"Priscus","cognomen":"Priscus","status":"filius"}]}},{"type":"Feature","geometry":{"type":"Point","coordinates":[8.53,44.89]},"properties":{"edcs_id":"EDCS-14100303","findspot":"Villa del Foro / Forum Fulvii / Valentia","raw_text":"] / Cassi[3] / Secu[","date_from":1,"date_to":100,"marker_gender":"male","is_individual":false,"edcs_url":"https://edcs.hist.uzh.ch/en/document?edcs-id=EDCS-14100303","persons":[{"nomen":"Cassius","gender":"male","raw_name":"Cassi[3]"},{"nomen":"","gender":"male","raw_name":"Secu[","cognomen":"Secundus"}]}},{"type":"Feature","geometry":{"type":"Point","coordinates":[8.26,44.96]},"properties":{"edcs_id":"EDCS-14100305","findspot":"Portacomaro / Hasta","raw_text":"T(itus) Decimius T(iti) f(ilius?) 3] / [6] / sibi et / Vibiae M(arci) l(ibertae) Felici / ux{s}ori / Decimiae [T(iti)] f(iliae) Vitali f(iliae) / mon<u=I>mentum / pro re magnum / pro pietate parum / l(ocus) m(onumenti) in fr(onte) p(edes) XII / in agr(o) p(edes) XXIIII","date_from":1,"date_to":100,"marker_gender":"mixed","is_individual":true,"edcs_url":"https://edcs.hist.uzh.ch/en/document?edcs-id=EDCS-14100305","persons":[{"nomen":"Decimius","gender":"male","raw_name":"T. Decimius T. f.","praenomen":"Titus"},{"nomen":"Vibia","gender":"female","raw_name":"Vibiae M. l. Felici","cognomen":"Felix","status":"liberta Marci, uxor"},{"nomen":"Decimia","gender":"female","raw_name":"Decimiae [T.] f. Vitali f.","cognomen":"Vitalis","status":"filia Titi"}]}},{"type":"Feature","geometry":{"type":"Point","coordinates":[8.03,44.69]},"properties":{"edcs_id":"EDCS-14100310","findspot":"Alba / Alba Pompeia","raw_text":"] M(arci) f(iliae?) / [6] / [3 Se]cundae / [6] / [3]S[","date_from":71,"date_to":150,"marker_gender":"female","is_individual":false,"edcs_url":"https://edcs.hist.uzh.ch/en/document?edcs-id=EDCS-14100310","persons":[{"nomen":"","gender":"female","raw_name":"] M. f. [6] Secundae","cognomen":"Secunda"}]}},{"type":"Feature","geometry":{"type":"Point","coordinates":[10.74,45.26]},"properties":{"edcs_id":"EDCS-15700144","findspot":"Marengo","raw_text":"Fortun(ae) Meliori / M(arcus) Vindius / Verianus praef(ectus) / clas(sis) Fl(aviae) Moes(icae) / et a militiis III / d(onum) d(edit)","date_from":161,"date_to":238,"marker_gender":"male","is_individual":true,"edcs_url":"https://edcs.hist.uzh.ch/en/document?edcs-id=EDCS-15700144","persons":[{"nomen":"Vindius","gender":"male","raw_name":"M. Vindius Verianus","praenomen":"Marcus","cognomen":"Verianus","status":"praefectus classis Flaviae Moesicae"}]}},{"type":"Feature","geometry":{"type":"Point","coordinates":[8.87,44.9]},"properties":{"edcs_id":"EDCS-15900382","findspot":"Tortona / Dertona","raw_text":"C(aius) Iul(ius) Ianuarius fac(it) Der(tonae)","date_from":51,"date_to":150,"marker_gender":"male","is_individual":false,"edcs_url":"https://edcs.hist.uzh.ch/en/document?edcs-id=EDCS-15900382","persons":[{"nomen":"Iulius","gender":"male","raw_name":"C. Iul. Ianuarius","praenomen":"Gaius","cognomen":"Ianuarius","status":"Derthonensis"}]}},{"type":"Feature","geometry":{"type":"Point","coordinates":[8.47,44.68]},"properties":{"edcs_id":"EDCS-16900056","findspot":"Acqui Terme / Aquae Statiellae","raw_text":"L(ucius) Ulattius P(ubli) f(ilius) L(ucius) Valeriu[s M(arci) f(ilius) aediles(?)] / d(ecreto) d(ecurionum) cameras pavimenta tect[um fec(erunt?)] / L(ucius) Valerius M(arci) f(ilius) cu[ra]tor pro[bavit]","date_from":-30,"date_to":50,"marker_gender":"male","is_individual":false,"edcs_url":"https://edcs.hist.uzh.ch/en/document?edcs-id=EDCS-16900056","persons":[{"nomen":"Ulattius","gender":"male","raw_name":"L. Ulattius P. f. L. Valeriu[s M. f. aediles(?)]","praenomen":"Lucius","status":"aedilis"},{"nomen":"Valerius","gender":"male","raw_name":"L. Valerius M. f. cu[ra]tor","praenomen":"Lucius"}]}},{"type":"Feature","geometry":{"type":"Point","coordinates":[8.93,44.41]},"properties":{"edcs_id":"EDCS-20000142","findspot":"Genova / Genua","raw_text":"Q(uintus) M(arcus) Minucieis Q(uinti) f(ilii) Rufeis de controversieis inter / Genuateis et Veiturios in re praesente cognoverunt et coram inter eos controvosias composeiverunt / et qua lege agrum possiderent et qua fineis fierent dixserunt eos fineis facere terminosque statui iuserunt / ubei ea facta essent Romam coram venire iouserunt Romae coram sententiam ex senati consulto dixerunt Eidib(us) / Decemb(ribus) L(ucio) Caecilio Q(uinti) f(ilio) Q(uinto) Muucio Q(uinti) f(ilio) co(n)s(ulibus) qua ager privatus casteli Vituriorum est quem agrum eos vendere heredemque / sequi licet is ager vectigal(is) nei siet Langatium fineis agri privati ab rivo infimo qui oritur ab fontei in Mannicelo ad flovium / edem ibi terminus stat inde flovio suso vorsum in flovium Lemurim inde flovio Lemuri susum usque ad rivom Comberane(am) / inde rivo Comberanea susum usque ad comvalem Caeptiemam ibi termina duo stant circum viam Postumiam ex eis terminis recta / regione in rivo Vendupale ex rivo Vindupale in flovium Neviascam inde dorsum fl(o)vio Neviasca in flovium Procoberam inde / flovio Procoberam deorsum usque ad rivom Vinelascam infumum ibei terminus stat inde sursum rivo recto Vinelesca / ibei terminus stat propter viam Postumiam inde alter trans viam Postumiam terminus stat ex eo termino quei stat / trans viam Postumiam recta regione in fontem in Manicelum inde deorsum rivo quei oritur ab fonte en Manicelo / ad terminum quei stat ad flovium Edem agri poplici quod Langenses posident hisce finis videntur esse ubi comfluont / Edus et Procobera ibei terminus stat inde Ede flovio surs(o) vorsum in montem Lemurino infumo ibei terminus / stat inde sursum vorsum iugo recto monte Lemurino ibei termin(u)s stat inde su(r)sum iugo recto Lemurino ibi terminus / stat in monte pro cavo inde sursum iugo recto in montem Lemurinum summum ibi terminus stat inde sursum iugo / recto in castelum quei vocitatust Alianus ibei terminus stat inde sursum iugo recto in montem Ioventionem ibi terminus / stat inde sursum iugo recto in montem Apeninum quei vocatur Boplo ibei terminus stat inde Apeninum iugo recto / in montem Tuledonem ibei terminus stat inde deorsum iugo recto in flovium Veraglascam in montem Berigiemam / infumo ibi terminus stat inde sursum iugo recto in montem Prenicum ibi terminus stat inde dorsum iugo recto in / flovium Tulelascam ibi terminus stat inde sursum iugo recto Blustiemelo in montem Claxelum ibi terminus stat inde / deorsum in fontem Lebriemelum ibi terminus stat inde recto rivo Eniseca in flovium Porcoberam ibi terminus stat / inde deorsum in floviom Porcoberam ubei conflovont flovi Edus et Porcobera ibi terminus stat quem agrum poplicum / iudicamus esse eum agrum castelanos Langenses Veiturios po[si]dere fruique videtur oportere pro eo agro vectigal Langenses / Veituris in poplicum Genuam dent in an(n)os singulos vic(toriatos) n(ummos) CCCC sei Langenses eam pequniam non dabunt neque satis / facient arbitratuu Genuatium quod per Genuenses mo[r]a non fiat suo setius eam pequniam acipiant tum quod in eo agro / natum erit frumenti partem vicensumam vini partem sextam Langenses in poplicum Genuam dare debento / in annos singolos quei intra eos fineis agrum posedet Genuas aut Viturius quei eorum posedeit K(alendis) Sextil(ibus) L(ucio) Ca<e=I>cilio / Q(uinto) Muucio co(n)s(ulibus) eos ita posidere colereque liceat e[i]s quei posidebunt vectigal Langensibus pro portione dent ita uti ceteri / Langenses qui eorum in eo agro agrum posidebunt fruenturque praeter ea in eo agro ni quis posideto nisi de maiore parte / Langensium Veituriorum sententia dum ne alium intro mitat nisi Genuatem aut Veiturium colendi causa quei eorum / de maiore parte Langensium Veituri(or)um sententia ita non parebit is eum agrum nei habeto nive fruimino quei / ager compascuos erit in eo agro quo minus pecus [p]ascere Genuates Veituriosque liceat ita utei in cetera agro / Genuati compascuo ni quis prohibeto nive quis vim facito neive prohibeto quo minus ex eo agro ligna materiamque / sumant utanturque vectigal anni primi K(alendis) Ianuari(i)s secundis Veturis Langenses in poplicum Genuam dare / debento quod ante K(alendas) Ianuar(ias) primas Langenses fructi sunt eruntque vectigal invitei dare nei debento / prata quae fuerunt proxuma faenisicei L(ucio) Caecilio Q(uinto) Muucio co(n)s(ulibus) in agro poplico quem Vituries Langenses / posident et quem Odiates et quem Dectunines et quem Cavaturineis et quem Mentovines posident ea prata / invitis Langensibus et Odiatibus et Dectuninebus et Cavaturines et Mentovines quem quisque eorum agrum / posidebit inviteis eis niquis sicet nive pascat nvie fruatur sei Langueses aut Odiates aut Dectunines aut Cavaturines / aut Mentovines malent in eo agro alia prata inmittere defendere sicare id uti facere liceat dum ne ampliorem / modum pratorum habeant quam proxuma aestate habuerunt fructique sunt Vituries quei controvorsias / Genuensium ob iniourias iudicati aut damnati sunt sei quis in vinculeis ob eas res est eos omneis / solvei mittei leiber(are)ique Genuenses videtur oportere ante Eidus Sextilis primas seiquoi de ea re / iniquom videbitur esse ad nos adeant primo quoque die et ab omnibus controversis et <b=H>ono publ(ico) li(berentur?) / leg(ati) Moco Meticanio Meticoni f(ilius) Plaucus Peliani(o) Pelioni f(ilius)","date_from":null,"date_to":null,"marker_gender":"male","is_individual":false,"edcs_url":"https://edcs.hist.uzh.ch/en/document?edcs-id=EDCS-20000142","persons":[{"nomen":"Minucius","gender":"male","raw_name":"Q. M. Minucieis Q. f. Rufeis","praenomen":"Quintus","cognomen":"Rufus"},{"nomen":"Caecilius","gender":"male","raw_name":"L. Caecilio Q. f.","praenomen":"Lucius","status":"consul"},{"nomen":"Mucius","gender":"male","raw_name":"Q. Muucio Q. f.","praenomen":"Quintus","status":"consul"},{"nomen":"","gender":"male","raw_name":"Moco Meticanio Meticoni f. Plaucus","cognomen":"Plaucus","status":"legatus, filius Meticanii"}]}},{"type":"Feature","geometry":{"type":"Point","coordinates":[8.47,44.68]},"properties":{"edcs_id":"EDCS-23500697","findspot":"Acqui Terme / Aquae Statiellae","raw_text":"Erastus / aed(ilis) tr(ibunus) q(uaestor) / Larib(us) et / famil(iae)","date_from":71,"date_to":130,"marker_gender":"male","is_individual":false,"edcs_url":"https://edcs.hist.uzh.ch/en/document?edcs-id=EDCS-23500697","persons":[{"nomen":"","gender":"male","raw_name":"Erastus aed. tr. q.","cognomen":"Erastus","status":"aedilis, tribunus, quaestor"}]}},{"type":"Feature","geometry":{"type":"Point","coordinates":[8.33,44.57]},"properties":{"edcs_id":"EDCS-23800831","findspot":"Mombaldone / Aquae Statiellae","raw_text":"P(ublio) Caelio Sp(uri) f(ilio) / Tro(mentina) patri / Valeriae Tertiae / matri fili(i) p(osuerunt)","date_from":1,"date_to":50,"marker_gender":"mixed","is_individual":true,"edcs_url":"https://edcs.hist.uzh.ch/en/document?edcs-id=EDCS-23800831","persons":[{"nomen":"Caelius","gender":"male","raw_name":"P. Caelio Sp. f. Tro.","praenomen":"Publius","status":"tribus: Tromentina, filius Spurii, pater"},{"nomen":"Valeria","gender":"female","raw_name":"Valeriae Tertiae","cognomen":"Tertia","status":"mater","cluster_id":507,"cluster_size":3}]}},{"type":"Feature","geometry":{"type":"Point","coordinates":[8.47,44.68]},"properties":{"edcs_id":"EDCS-23800832","findspot":"Mombaldone / Aquae Statiellae","raw_text":"]inius L(uci) f(ilius) / Indus[","date_from":null,"date_to":null,"marker_gender":"male","is_individual":false,"edcs_url":"https://edcs.hist.uzh.ch/en/document?edcs-id=EDCS-23800832","persons":[{"nomen":"","gender":"male","raw_name":"]inius L. f. Indus[","cognomen":"Indus","status":"filius Lucii"}]}},{"type":"Feature","geometry":{"type":"Point","coordinates":[8.47,44.68]},"properties":{"edcs_id":"EDCS-23800833","findspot":"Mombaldone / Aquae Statiellae","raw_text":"Serviliae M(arci) f(iliae) / Primae / matri / [","date_from":null,"date_to":null,"marker_gender":"female","is_individual":false,"edcs_url":"https://edcs.hist.uzh.ch/en/document?edcs-id=EDCS-23800833","persons":[{"nomen":"Servilia","gender":"female","raw_name":"Serviliae M. f. Primae","cognomen":"Prima","status":"filia Marci, mater"}]}},{"type":"Feature","geometry":{"type":"Point","coordinates":[8.47,44.68]},"properties":{"edcs_id":"EDCS-23800834","findspot":"Mombaldone / Aquae Statiellae","raw_text":"M(arcus) Volusius / [M(arci)] D(ecimi) l(ibertus) Amomus / t(estamento) f(ieri) i(ussit) / C(aius) Mettius C(ai) f(ilius) / Macer et / Laelia St(ati) f(iliae) Optata / f(aciendum) c(uraverunt)","date_from":null,"date_to":null,"marker_gender":"mixed","is_individual":false,"edcs_url":"https://edcs.hist.uzh.ch/en/document?edcs-id=EDCS-23800834","persons":[{"nomen":"Volusius","gender":"male","raw_name":"M. Volusius [M.] D. l. Amomus","praenomen":"Marcus","cognomen":"Amomus","status":"libertus Marci et Decimi"},{"nomen":"Mettius","gender":"male","raw_name":"C. Mettius C. f. Macer","praenomen":"Gaius","cognomen":"Macer","status":"filius Cai"},{"nomen":"Laelia","gender":"female","raw_name":"Laelia St. f. Optata","cognomen":"Optata","status":"filia Statii"}]}},{"type":"Feature","geometry":{"type":"Point","coordinates":[8.67,44.94]},"properties":{"edcs_id":"EDCS-24300047","findspot":"Pietra Marazzi","raw_text":"Sarapi / O(ptimo) M(aximo) / Marius / Maro / d(onum) d(edit)","date_from":101,"date_to":200,"marker_gender":"male","is_individual":true,"edcs_url":"https://edcs.hist.uzh.ch/en/document?edcs-id=EDCS-24300047","persons":[{"nomen":"Marius","gender":"male","raw_name":"Marius Maro","cognomen":"Maro","status":"donum dedit"}]}},{"type":"Feature","geometry":{"type":"Point","coordinates":[7.49,44.64]},"properties":{"edcs_id":"EDCS-25700526","findspot":"Saluzzo / Pollentia","raw_text":"] Imp(eratoris) Caes(aris) [3] / [3 An]tonini Pii Felicis Aug(usti) [","date_from":211,"date_to":222,"marker_gender":"male","is_individual":false,"edcs_url":"https://edcs.hist.uzh.ch/en/document?edcs-id=EDCS-25700526","persons":[{"nomen":"","gender":"male","raw_name":"Imp. Caes. [3] [3 An]tonini Pii Felicis Aug.","cognomen":"Antoninus","status":"Imperator Caesar, Pius, Felix, Augustus","is_imperial":true}]}},{"type":"Feature","geometry":{"type":"Point","coordinates":[7.83,44.54]},"properties":{"edcs_id":"EDCS-25800626","findspot":"Bene Vagienna / Augusta Bagiennorum","raw_text":"Victor(iae) sacr(um) / [3]ius Mellati[cus","date_from":1,"date_to":100,"marker_gender":"male","is_individual":false,"edcs_url":"https://edcs.hist.uzh.ch/en/document?edcs-id=EDCS-25800626","persons":[{"nomen":"","gender":"male","raw_name":"[3]ius Mellati[cus","cognomen":"Mellaticus"}]}},{"type":"Feature","geometry":{"type":"Point","coordinates":[8.03,44.69]},"properties":{"edcs_id":"EDCS-25900215","findspot":"Alba / Alba Pompeia","raw_text":"V(ivus) f(ecit) / [1] Veianius C(ai) f(ilius) / Cam(ilia) Tertius sibi et / [A]mantiae M(arci) f(iliae) / [3]ae matri et / [1 Veiani]o C(ai) f(ilio) Cam(ilia) / Secundo f[r(atri)] / in fro(nte) [p(edes) 3] / h(oc) m(onumentum) h(eredem) [n(on) s(equetur)]","date_from":101,"date_to":150,"marker_gender":"mixed","is_individual":false,"edcs_url":"https://edcs.hist.uzh.ch/en/document?edcs-id=EDCS-25900215","persons":[{"nomen":"Veianius","gender":"male","raw_name":"[1] Veianius C. f. Cam. Tertius","cognomen":"Tertius","status":"tribus: Camilia"},{"nomen":"Amantia","gender":"female","raw_name":"[A]mantiae M. f. [3]ae","cognomen":"Tertia","status":"filia M. f., mater"},{"nomen":"Veianius","gender":"male","raw_name":"[1 Veiani]o C. f. Cam. Secundo","cognomen":"Secundus","status":"tribus: Camilia, frater"}]}},{"type":"Feature","geometry":null,"properties":{"edcs_id":"EDCS-26601023","findspot":"Bobbio / Bobium / Ebovium / Libarna","raw_text":"M(arci) Vipponi / M(arci) f(ilii) mag(istri) / et L(uci) Veibull[ei] / L(uci) f(ilii) Bucconis","date_from":null,"date_to":null,"marker_gender":"male","is_individual":true,"edcs_url":"https://edcs.hist.uzh.ch/en/document?edcs-id=EDCS-26601023","persons":[{"nomen":"Vipponius","gender":"male","raw_name":"M. Vipponi M. f. mag.","praenomen":"Marcus","status":"magister"},{"nomen":"Veibulleius","gender":"male","raw_name":"L. Veibull[ei] L. f. Bucconis","praenomen":"Lucius","cognomen":"Bucconis"}]}},{"type":"Feature","geometry":{"type":"Point","coordinates":[8.03,44.69]},"properties":{"edcs_id":"EDCS-26601025","findspot":"Alba / Alba Pompeia","raw_text":"Q(uintus) Caninius / Sex(ti) f(ilius) Cam(ilia) / [","date_from":1,"date_to":50,"marker_gender":"male","is_individual":false,"edcs_url":"https://edcs.hist.uzh.ch/en/document?edcs-id=EDCS-26601025","persons":[{"nomen":"Caninius","gender":"male","raw_name":"Q. Caninius Sex. f. Cam.","praenomen":"Quintus","status":"tribus: Camilia"}]}},{"type":"Feature","geometry":{"type":"Point","coordinates":[7.6,43.79]},"properties":{"edcs_id":"EDCS-26700349","findspot":"Ventimiglia / Albintimilium","raw_text":"Q(uinti) Sex(ti) P[3]","date_from":null,"date_to":null,"marker_gender":"male","is_individual":false,"edcs_url":"https://edcs.hist.uzh.ch/en/document?edcs-id=EDCS-26700349","persons":[{"nomen":"","gender":"male","raw_name":"Q(uinti) Sex(ti) P[3]","praenomen":"Quintus"}]}},{"type":"Feature","geometry":{"type":"Point","coordinates":[7.6,43.79]},"properties":{"edcs_id":"EDCS-26700350","findspot":"Ventimiglia / Albintimilium","raw_text":"Ses(tius)","date_from":null,"date_to":null,"marker_gender":"male","is_individual":false,"edcs_url":"https://edcs.hist.uzh.ch/en/document?edcs-id=EDCS-26700350","persons":[{"nomen":"","gender":"male","raw_name":"Ses(tius)","cognomen":"Sestius","cluster_id":1321,"cluster_size":2,"cluster_confidence":"low"}]}},{"type":"Feature","geometry":{"type":"Point","coordinates":[7.6,43.79]},"properties":{"edcs_id":"EDCS-26700351","findspot":"Ventimiglia / Albintimilium","raw_text":"Sest(ius)","date_from":null,"date_to":null,"marker_gender":"male","is_individual":false,"edcs_url":"https://edcs.hist.uzh.ch/en/document?edcs-id=EDCS-26700351","persons":[{"nomen":"","gender":"male","raw_name":"Sest(ius)","cognomen":"Sestius","cluster_id":1321,"cluster_size":2,"cluster_confidence":"low"}]}},{"type":"Feature","geometry":{"type":"Point","coordinates":[8.03,44.69]},"properties":{"edcs_id":"EDCS-28000934","findspot":"Alba / Alba Pompeia","raw_text":"[3]","date_from":51,"date_to":100,"marker_gender":"male","is_individual":false,"edcs_url":"https://edcs.hist.uzh.ch/en/document?edcs-id=EDCS-28000934","persons":[{"nomen":"","gender":"male","raw_name":"Q. l. Secu[nd","cognomen":"Secundus"}]}},{"type":"Feature","geometry":{"type":"Point","coordinates":[7.59,44.5]},"properties":{"edcs_id":"EDCS-28000939","findspot":"Centallo / Pollentia","raw_text":"] / PA[3] / M(arcus) Flav[ius 3] / Gener[osus(?)","date_from":101,"date_to":200,"marker_gender":"male","is_individual":false,"edcs_url":"https://edcs.hist.uzh.ch/en/document?edcs-id=EDCS-28000939","persons":[{"nomen":"Flavius","gender":"male","raw_name":"M. Flav[ius 3] Gener[osus(?)]","praenomen":"Marcus","cognomen":"Generosus"}]}},{"type":"Feature","geometry":{"type":"Point","coordinates":[7.9,44.68]},"properties":{"edcs_id":"EDCS-28000940","findspot":"Pollenzo / Pollentia","raw_text":"Prisca / Iunia / L(uci) f(ilia) p(osuit?) / [","date_from":1,"date_to":50,"marker_gender":"female","is_individual":false,"edcs_url":"https://edcs.hist.uzh.ch/en/document?edcs-id=EDCS-28000940","persons":[{"nomen":"Iunia","gender":"female","raw_name":"Prisca Iunia L. f.","cognomen":"Prisca","status":"filia Luci"}]}},{"type":"Feature","geometry":{"type":"Point","coordinates":[7.59,44.5]},"properties":{"edcs_id":"EDCS-28000942","findspot":"Centallo / Pollentia","raw_text":"] Valeri[","date_from":1,"date_to":100,"marker_gender":"unknown","is_individual":false,"edcs_url":"https://edcs.hist.uzh.ch/en/document?edcs-id=EDCS-28000942","persons":[{"nomen":"Valerius","gender":"unknown","raw_name":"Valeri["}]}},{"type":"Feature","geometry":{"type":"Point","coordinates":[7.9,44.68]},"properties":{"edcs_id":"EDCS-28000943","findspot":"Pollenzo / Pollentia","raw_text":"] vixit / [an]n(os) XXV / [me]ns(es) X / [di]es VI / [3]cessus / [fr]atri [","date_from":1,"date_to":200,"marker_gender":"male","is_individual":false,"edcs_url":"https://edcs.hist.uzh.ch/en/document?edcs-id=EDCS-28000943","persons":[{"nomen":"","gender":"male","raw_name":"[3]cessus","cognomen":"Successus","status":"frater"}]}},{"type":"Feature","geometry":{"type":"Point","coordinates":[7.83,44.54]},"properties":{"edcs_id":"EDCS-28000947","findspot":"Bene Vagienna / Augusta Bagiennorum","raw_text":"C(ai) Mami/si M(arci) f(ilii)","date_from":1,"date_to":50,"marker_gender":"male","is_individual":false,"edcs_url":"https://edcs.hist.uzh.ch/en/document?edcs-id=EDCS-28000947","persons":[{"nomen":"Mamisius","gender":"male","raw_name":"C. Mamisi Marci f.","praenomen":"Gaius"}]}},{"type":"Feature","geometry":{"type":"Point","coordinates":[7.83,44.54]},"properties":{"edcs_id":"EDCS-28000948","findspot":"Bene Vagienna / Augusta Bagiennorum","raw_text":"[3] Scribo/[n]ius L(uci) f(ilius) / [","date_from":1,"date_to":100,"marker_gender":"male","is_individual":false,"edcs_url":"https://edcs.hist.uzh.ch/en/document?edcs-id=EDCS-28000948","persons":[{"nomen":"Scribonius","gender":"male","raw_name":"[3]Scribo [n]ius L. f."}]}},{"type":"Feature","geometry":{"type":"Point","coordinates":[7.83,44.54]},"properties":{"edcs_id":"EDCS-28000950","findspot":"Bene Vagienna / Augusta Bagiennorum","raw_text":"L(uci) Veiani / [3] f(ilii) Philipi","date_from":1,"date_to":50,"marker_gender":"male","is_individual":false,"edcs_url":"https://edcs.hist.uzh.ch/en/document?edcs-id=EDCS-28000950","persons":[{"nomen":"Veianus","gender":"male","raw_name":"L. Veiani [3] f. Philipi","praenomen":"Lucius","cognomen":"Philippus"}]}},{"type":"Feature","geometry":{"type":"Point","coordinates":[7.6,43.79]},"properties":{"edcs_id":"EDCS-28000953","findspot":"Ventimiglia / Albintimilium","raw_text":"C() Euhodia","date_from":null,"date_to":null,"marker_gender":"female","is_individual":false,"edcs_url":"https://edcs.hist.uzh.ch/en/document?edcs-id=EDCS-28000953","persons":[{"nomen":"","gender":"female","raw_name":"Euhodia","cognomen":"Euhodia"}]}},{"type":"Feature","geometry":{"type":"Point","coordinates":[8.04,44.43]},"properties":{"edcs_id":"EDCS-29200086","findspot":"Torresina / Vallis Tanari Superior","raw_text":"Sex(tus) / M[a]lius / P(ubli) f(ilius) Pub(lilia) / Vennania / C(ai) f(ilia) Secunda / [ux]{s}or v(iva?) / [","date_from":51,"date_to":100,"marker_gender":"mixed","is_individual":true,"edcs_url":"https://edcs.hist.uzh.ch/en/document?edcs-id=EDCS-29200086","persons":[{"nomen":"Malius","gender":"male","raw_name":"Sex. M[a]lius P. f. Pub.","praenomen":"Sextus","status":"filius Publi, tribus: Publilia"},{"nomen":"Vennania","gender":"female","raw_name":"Vennania C. f. Secunda","cognomen":"Secunda","status":"filia Caii, uxor"}]}},{"type":"Feature","geometry":{"type":"Point","coordinates":[9.01,44.99]},"properties":{"edcs_id":"EDCS-29200140","findspot":"Voghera / Forum Iulii Iriensium","raw_text":"] Eburio [3] / patri","date_from":1,"date_to":100,"marker_gender":"male","is_individual":false,"edcs_url":"https://edcs.hist.uzh.ch/en/document?edcs-id=EDCS-29200140","persons":[{"nomen":"Eburius","gender":"male","raw_name":"] Eburio [3]","status":"pater"}]}},{"type":"Feature","geometry":null,"properties":{"edcs_id":"EDCS-29900229","findspot":"Broni / Comelimagus","raw_text":"Hic requiescit b(onae) m(emoriae) Simplicius subdiaconus qui vixit annos XXV menses X dies XI discessit sub die XI Kal(endas) Iulias indictione I","date_from":null,"date_to":null,"marker_gender":"male","is_individual":true,"edcs_url":"https://edcs.hist.uzh.ch/en/document?edcs-id=EDCS-29900229","persons":[{"nomen":"","gender":"male","raw_name":"Simplicius subdiaconus","cognomen":"Simplicius","status":"subdiaconus, bonae memoriae"}]}},{"type":"Feature","geometry":{"type":"Point","coordinates":[8.93,44.41]},"properties":{"edcs_id":"EDCS-32100080","findspot":"Genova / Genua","raw_text":"Edxate","date_from":null,"date_to":null,"marker_gender":"male","is_individual":false,"edcs_url":"https://edcs.hist.uzh.ch/en/document?edcs-id=EDCS-32100080","persons":[{"nomen":"","gender":"male","raw_name":"Edxate","cognomen":"Edxate"}]}},{"type":"Feature","geometry":{"type":"Point","coordinates":[8.44,44.27]},"properties":{"edcs_id":"EDCS-32100112","findspot":"Vado Ligure / Vada Sabatia","raw_text":"Nigo","date_from":null,"date_to":null,"marker_gender":"male","is_individual":false,"edcs_url":"https://edcs.hist.uzh.ch/en/document?edcs-id=EDCS-32100112","persons":[{"nomen":"","gender":"male","raw_name":"Nigo","cognomen":"Nigo"}]}},{"type":"Feature","geometry":{"type":"Point","coordinates":[8.93,44.41]},"properties":{"edcs_id":"EDCS-32100147","findspot":"Genova / Genua","raw_text":"A() / Aertha","date_from":null,"date_to":null,"marker_gender":"female","is_individual":false,"edcs_url":"https://edcs.hist.uzh.ch/en/document?edcs-id=EDCS-32100147","persons":[{"nomen":"","gender":"female","raw_name":"Aertha","cognomen":"Aertha"}]}},{"type":"Feature","geometry":{"type":"Point","coordinates":[8.93,44.41]},"properties":{"edcs_id":"EDCS-32100148","findspot":"Genova / Genua","raw_text":"Lu(ci) Her()","date_from":null,"date_to":null,"marker_gender":"male","is_individual":false,"edcs_url":"https://edcs.hist.uzh.ch/en/document?edcs-id=EDCS-32100148","persons":[{"nomen":"Herius","gender":"male","raw_name":"Lu(ci) Her()","praenomen":"Lucius"}]}},{"type":"Feature","geometry":{"type":"Point","coordinates":[8.21,44.9]},"properties":{"edcs_id":"EDCS-32100182","findspot":"Asti / Hasta","raw_text":"] Piaca","date_from":null,"date_to":null,"marker_gender":"female","is_individual":false,"edcs_url":"https://edcs.hist.uzh.ch/en/document?edcs-id=EDCS-32100182","persons":[{"nomen":"","gender":"female","raw_name":"Piaca","cognomen":"Piaca"}]}},{"type":"Feature","geometry":{"type":"Point","coordinates":[8.02,45.15]},"properties":{"edcs_id":"EDCS-32100183","findspot":"Monteu da Po / Industria","raw_text":"L(uci) Trebeli Cresi","date_from":null,"date_to":null,"marker_gender":"male","is_individual":false,"edcs_url":"https://edcs.hist.uzh.ch/en/document?edcs-id=EDCS-32100183","persons":[{"nomen":"Trebellius","gender":"male","raw_name":"L. Trebeli Cresi","praenomen":"Lucius","cognomen":"Cres"}]}},{"type":"Feature","geometry":null,"properties":{"edcs_id":"EDCS-32100187","findspot":"Carru","raw_text":"C(ai) Clivani A()","date_from":null,"date_to":null,"marker_gender":"male","is_individual":true,"edcs_url":"https://edcs.hist.uzh.ch/en/document?edcs-id=EDCS-32100187","persons":[{"nomen":"Clivanius","gender":"male","raw_name":"C. Clivani A()","praenomen":"Gaius","cognomen":"Avelanius"}]}},{"type":"Feature","geometry":{"type":"Point","coordinates":[8.19,44.49]},"properties":{"edcs_id":"EDCS-32100201","findspot":"Castelletto Uzzone / Augusta Bagiennorum","raw_text":"Augus/tiani","date_from":null,"date_to":null,"marker_gender":"male","is_individual":false,"edcs_url":"https://edcs.hist.uzh.ch/en/document?edcs-id=EDCS-32100201","persons":[{"nomen":"","gender":"male","raw_name":"Augustiani","cognomen":"Augustianus"}]}},{"type":"Feature","geometry":{"type":"Point","coordinates":[8.93,44.41]},"properties":{"edcs_id":"EDCS-32100272","findspot":"Genova / Genua","raw_text":"Aprio / f(ecit)","date_from":null,"date_to":null,"marker_gender":"male","is_individual":false,"edcs_url":"https://edcs.hist.uzh.ch/en/document?edcs-id=EDCS-32100272","persons":[{"nomen":"","gender":"male","raw_name":"Aprio","cognomen":"Aprius"}]}},{"type":"Feature","geometry":{"type":"Point","coordinates":[8.93,44.41]},"properties":{"edcs_id":"EDCS-32100274","findspot":"Genova / Genua","raw_text":"Cerialis","date_from":null,"date_to":null,"marker_gender":"male","is_individual":false,"edcs_url":"https://edcs.hist.uzh.ch/en/document?edcs-id=EDCS-32100274","persons":[{"nomen":"","gender":"male","raw_name":"Cerialis","cognomen":"Cerialis"}]}},{"type":"Feature","geometry":{"type":"Point","coordinates":[8.93,44.41]},"properties":{"edcs_id":"EDCS-32100275","findspot":"Genova / Genua","raw_text":"Com(mu)nis","date_from":null,"date_to":null,"marker_gender":"male","is_individual":false,"edcs_url":"https://edcs.hist.uzh.ch/en/document?edcs-id=EDCS-32100275","persons":[{"nomen":"","gender":"male","raw_name":"Com(mu)nis","cognomen":"Communis"}]}},{"type":"Feature","geometry":null,"properties":{"edcs_id":"EDCS-32100311","findspot":"Carru","raw_text":"Q() T()","date_from":null,"date_to":null,"marker_gender":"unknown","is_individual":true,"edcs_url":"https://edcs.hist.uzh.ch/en/document?edcs-id=EDCS-32100311","persons":[{"nomen":"","gender":"unknown","raw_name":"Q() T()","praenomen":"Quintus"}]}},{"type":"Feature","geometry":null,"properties":{"edcs_id":"EDCS-32100313","findspot":"Carru","raw_text":"L(uci) Enni","date_from":null,"date_to":null,"marker_gender":"male","is_individual":true,"edcs_url":"https://edcs.hist.uzh.ch/en/document?edcs-id=EDCS-32100313","persons":[{"nomen":"Ennius","gender":"male","raw_name":"L. Enni","praenomen":"Lucius"}]}},{"type":"Feature","geometry":null,"properties":{"edcs_id":"EDCS-32100315","findspot":"Carru","raw_text":"C(ai) P() Pf()","date_from":null,"date_to":null,"marker_gender":"male","is_individual":true,"edcs_url":"https://edcs.hist.uzh.ch/en/document?edcs-id=EDCS-32100315","persons":[{"nomen":"Silvius","gender":"male","raw_name":"C. Silvi","praenomen":"Gaius"},{"nomen":"","gender":"unknown","raw_name":"T. D()","praenomen":"Titus"}]}},{"type":"Feature","geometry":null,"properties":{"edcs_id":"EDCS-32100316","findspot":"Carru","raw_text":"C(ai) Silvi / T(iti) D()","date_from":null,"date_to":null,"marker_gender":"male","is_individual":true,"edcs_url":"https://edcs.hist.uzh.ch/en/document?edcs-id=EDCS-32100316","persons":[{"nomen":"Silvius","gender":"male","raw_name":"C. Silvi","praenomen":"Gaius"},{"nomen":"","gender":"unknown","raw_name":"T. D()","praenomen":"Titus"}]}},{"type":"Feature","geometry":null,"properties":{"edcs_id":"EDCS-32100317","findspot":"Carru","raw_text":"T() M()","date_from":null,"date_to":null,"marker_gender":"unknown","is_individual":true,"edcs_url":"https://edcs.hist.uzh.ch/en/document?edcs-id=EDCS-32100317","persons":[{"nomen":"","gender":"unknown","raw_name":"T() M()","praenomen":"Titus"}]}},{"type":"Feature","geometry":null,"properties":{"edcs_id":"EDCS-32100318","findspot":"Carru","raw_text":"Villai","date_from":null,"date_to":null,"marker_gender":"unknown","is_individual":true,"edcs_url":"https://edcs.hist.uzh.ch/en/document?edcs-id=EDCS-32100318","persons":[{"nomen":"","gender":"unknown","raw_name":"Villai","cognomen":"Villius"}]}},{"type":"Feature","geometry":{"type":"Point","coordinates":[7.6,43.79]},"properties":{"edcs_id":"EDCS-32100337","findspot":"Ventimiglia / Albintimilium","raw_text":"Gaviani","date_from":null,"date_to":null,"marker_gender":"male","is_individual":false,"edcs_url":"https://edcs.hist.uzh.ch/en/document?edcs-id=EDCS-32100337","persons":[{"nomen":"","gender":"male","raw_name":"Gaviani","cognomen":"Gavianus"}]}},{"type":"Feature","geometry":{"type":"Point","coordinates":[7.6,43.79]},"properties":{"edcs_id":"EDCS-32100338","findspot":"Ventimiglia / Albintimilium","raw_text":"]aprix[","date_from":null,"date_to":null,"marker_gender":"unknown","is_individual":false,"edcs_url":"https://edcs.hist.uzh.ch/en/document?edcs-id=EDCS-32100338","persons":[{"nomen":"","gender":"unknown","raw_name":"]aprix[","cognomen":"Aprix"}]}},{"type":"Feature","geometry":{"type":"Point","coordinates":[7.6,43.79]},"properties":{"edcs_id":"EDCS-32100340","findspot":"Ventimiglia / Albintimilium","raw_text":"P(ubli) Vibi","date_from":null,"date_to":null,"marker_gender":"male","is_individual":false,"edcs_url":"https://edcs.hist.uzh.ch/en/document?edcs-id=EDCS-32100340","persons":[{"nomen":"Vibius","gender":"male","raw_name":"P. Vibi","praenomen":"Publius"}]}},{"type":"Feature","geometry":{"type":"Point","coordinates":[7.6,43.79]},"properties":{"edcs_id":"EDCS-32100342","findspot":"Ventimiglia / Albintimilium","raw_text":"C(ai) Iul(i) Cor()","date_from":null,"date_to":null,"marker_gender":"male","is_individual":false,"edcs_url":"https://edcs.hist.uzh.ch/en/document?edcs-id=EDCS-32100342","persons":[{"nomen":"Iulius","gender":"male","raw_name":"C. Iul. Cor.","praenomen":"Gaius"}]}},{"type":"Feature","geometry":{"type":"Point","coordinates":[7.6,43.79]},"properties":{"edcs_id":"EDCS-32100343","findspot":"Ventimiglia / Albintimilium","raw_text":"L(uci) R() P[1]s()","date_from":null,"date_to":null,"marker_gender":"male","is_individual":false,"edcs_url":"https://edcs.hist.uzh.ch/en/document?edcs-id=EDCS-32100343","persons":[{"nomen":"","gender":"male","raw_name":"L. R() P[1]s()","praenomen":"Lucius","cognomen":"Rs"}]}},{"type":"Feature","geometry":{"type":"Point","coordinates":[7.6,43.79]},"properties":{"edcs_id":"EDCS-32100344","findspot":"Ventimiglia / Albintimilium","raw_text":"C(ai) Rasinii","date_from":null,"date_to":null,"marker_gender":"male","is_individual":false,"edcs_url":"https://edcs.hist.uzh.ch/en/document?edcs-id=EDCS-32100344","persons":[{"nomen":"Rasinius","gender":"male","raw_name":"C. Rasinii","praenomen":"Gaius"}]}},{"type":"Feature","geometry":{"type":"Point","coordinates":[8.86,44.71]},"properties":{"edcs_id":"EDCS-32100801","findspot":"Serravalle Scrivia / Libarna","raw_text":"Atei","date_from":null,"date_to":null,"marker_gender":"male","is_individual":false,"edcs_url":"https://edcs.hist.uzh.ch/en/document?edcs-id=EDCS-32100801","persons":[{"nomen":"Ateius","gender":"male","raw_name":"Atei"}]}},{"type":"Feature","geometry":{"type":"Point","coordinates":[8.86,44.71]},"properties":{"edcs_id":"EDCS-32100803","findspot":"Serravalle Scrivia / Libarna","raw_text":"Clodi (P)ro(c)","date_from":null,"date_to":null,"marker_gender":"male","is_individual":false,"edcs_url":"https://edcs.hist.uzh.ch/en/document?edcs-id=EDCS-32100803","persons":[{"nomen":"Clodius","gender":"male","raw_name":"Clodi (P)ro(c)","cognomen":"Proculus"}]}},{"type":"Feature","geometry":{"type":"Point","coordinates":[8.86,44.71]},"properties":{"edcs_id":"EDCS-32100805","findspot":"Serravalle Scrivia / Libarna","raw_text":"P(ubli) Cornel(i)","date_from":null,"date_to":null,"marker_gender":"male","is_individual":false,"edcs_url":"https://edcs.hist.uzh.ch/en/document?edcs-id=EDCS-32100805","persons":[{"nomen":"Cornelius","gender":"male","raw_name":"P(ubli) Cornel(i)","praenomen":"Publius"}]}},{"type":"Feature","geometry":{"type":"Point","coordinates":[8.86,44.71]},"properties":{"edcs_id":"EDCS-32100807","findspot":"Serravalle Scrivia / Libarna","raw_text":"Gelli","date_from":null,"date_to":null,"marker_gender":"male","is_individual":false,"edcs_url":"https://edcs.hist.uzh.ch/en/document?edcs-id=EDCS-32100807","persons":[{"nomen":"Gellius","gender":"male","raw_name":"Gelli"}]}},{"type":"Feature","geometry":{"type":"Point","coordinates":[8.86,44.71]},"properties":{"edcs_id":"EDCS-32100809","findspot":"Serravalle Scrivia / Libarna","raw_text":"Murri","date_from":null,"date_to":null,"marker_gender":"male","is_individual":false,"edcs_url":"https://edcs.hist.uzh.ch/en/document?edcs-id=EDCS-32100809","persons":[{"nomen":"Murrius","gender":"male","raw_name":"Murri"}]}},{"type":"Feature","geometry":{"type":"Point","coordinates":[8.86,44.71]},"properties":{"edcs_id":"EDCS-32100810","findspot":"Serravalle Scrivia / Libarna","raw_text":"C(ai) Mur(r)i","date_from":null,"date_to":null,"marker_gender":"male","is_individual":false,"edcs_url":"https://edcs.hist.uzh.ch/en/document?edcs-id=EDCS-32100810","persons":[{"nomen":"Murrius","gender":"male","raw_name":"C(ai) Mur(r)i","praenomen":"Gaius"}]}},{"type":"Feature","geometry":{"type":"Point","coordinates":[8.86,44.71]},"properties":{"edcs_id":"EDCS-32100812","findspot":"Serravalle Scrivia / Libarna","raw_text":"Tetti / Samia","date_from":null,"date_to":null,"marker_gender":"mixed","is_individual":false,"edcs_url":"https://edcs.hist.uzh.ch/en/document?edcs-id=EDCS-32100812","persons":[{"nomen":"Tettius","gender":"male","raw_name":"Tetti"},{"nomen":"","gender":"female","raw_name":"Samia","cognomen":"Samia"}]}},{"type":"Feature","geometry":{"type":"Point","coordinates":[8.86,44.71]},"properties":{"edcs_id":"EDCS-32100817","findspot":"Serravalle Scrivia / Libarna","raw_text":"Q() Aim()","date_from":null,"date_to":null,"marker_gender":"male","is_individual":false,"edcs_url":"https://edcs.hist.uzh.ch/en/document?edcs-id=EDCS-32100817","persons":[{"nomen":"Aimius","gender":"male","raw_name":"Q() Aim()","praenomen":"Quintus"}]}},{"type":"Feature","geometry":{"type":"Point","coordinates":[8.93,44.41]},"properties":{"edcs_id":"EDCS-32100821","findspot":"Genova / Genua","raw_text":"Clodia","date_from":null,"date_to":null,"marker_gender":"female","is_individual":false,"edcs_url":"https://edcs.hist.uzh.ch/en/document?edcs-id=EDCS-32100821","persons":[{"nomen":"Clodia","gender":"female","raw_name":"Clodia"}]}},{"type":"Feature","geometry":{"type":"Point","coordinates":[8.93,44.41]},"properties":{"edcs_id":"EDCS-32100822","findspot":"Genova / Genua","raw_text":"Cresce(n)/s","date_from":null,"date_to":null,"marker_gender":"male","is_individual":false,"edcs_url":"https://edcs.hist.uzh.ch/en/document?edcs-id=EDCS-32100822","persons":[{"nomen":"","gender":"male","raw_name":"Cresce(n) s","cognomen":"Crescens"}]}},{"type":"Feature","geometry":{"type":"Point","coordinates":[8.93,44.41]},"properties":{"edcs_id":"EDCS-32100824","findspot":"Genova / Genua","raw_text":"C(ai) Dessi","date_from":null,"date_to":null,"marker_gender":"male","is_individual":false,"edcs_url":"https://edcs.hist.uzh.ch/en/document?edcs-id=EDCS-32100824","persons":[{"nomen":"Dessius","gender":"male","raw_name":"C(ai) Dessi"}]}},{"type":"Feature","geometry":{"type":"Point","coordinates":[8.93,44.41]},"properties":{"edcs_id":"EDCS-32100826","findspot":"Genova / Genua","raw_text":"Festi","date_from":null,"date_to":null,"marker_gender":"male","is_individual":false,"edcs_url":"https://edcs.hist.uzh.ch/en/document?edcs-id=EDCS-32100826","persons":[{"nomen":"","gender":"male","raw_name":"Festi","cognomen":"Festus"}]}},{"type":"Feature","geometry":{"type":"Point","coordinates":[8.93,44.41]},"properties":{"edcs_id":"EDCS-32100827","findspot":"Genova / Genua","raw_text":"Fortis","date_from":null,"date_to":null,"marker_gender":"male","is_individual":false,"edcs_url":"https://edcs.hist.uzh.ch/en/document?edcs-id=EDCS-32100827","persons":[{"nomen":"","gender":"male","raw_name":"Fortis","cognomen":"Fortis"}]}},{"type":"Feature","geometry":{"type":"Point","coordinates":[8.93,44.41]},"properties":{"edcs_id":"EDCS-32100829","findspot":"Genova / Genua","raw_text":"Front(o)","date_from":null,"date_to":null,"marker_gender":"male","is_individual":false,"edcs_url":"https://edcs.hist.uzh.ch/en/document?edcs-id=EDCS-32100829","persons":[{"nomen":"","gender":"male","raw_name":"Front(o)","cognomen":"Fronto"}]}},{"type":"Feature","geometry":{"type":"Point","coordinates":[8.93,44.41]},"properties":{"edcs_id":"EDCS-32100830","findspot":"Genova / Genua","raw_text":"Gabinia","date_from":null,"date_to":null,"marker_gender":"female","is_individual":false,"edcs_url":"https://edcs.hist.uzh.ch/en/document?edcs-id=EDCS-32100830","persons":[{"nomen":"Gabinia","gender":"female","raw_name":"Gabinia"}]}},{"type":"Feature","geometry":{"type":"Point","coordinates":[8.93,44.41]},"properties":{"edcs_id":"EDCS-32100831","findspot":"Genova / Genua","raw_text":"Gelli","date_from":null,"date_to":null,"marker_gender":"male","is_individual":false,"edcs_url":"https://edcs.hist.uzh.ch/en/document?edcs-id=EDCS-32100831","persons":[{"nomen":"Gellius","gender":"male","raw_name":"Gelli"}]}},{"type":"Feature","geometry":{"type":"Point","coordinates":[8.93,44.41]},"properties":{"edcs_id":"EDCS-32100832","findspot":"Genova / Genua","raw_text":"L() Nari","date_from":null,"date_to":null,"marker_gender":"male","is_individual":false,"edcs_url":"https://edcs.hist.uzh.ch/en/document?edcs-id=EDCS-32100832","persons":[{"nomen":"","gender":"male","raw_name":"L() Nari","cognomen":"Narius"}]}},{"type":"Feature","geometry":{"type":"Point","coordinates":[8.93,44.41]},"properties":{"edcs_id":"EDCS-32100833","findspot":"Genova / Genua","raw_text":"Octavi","date_from":null,"date_to":null,"marker_gender":"male","is_individual":false,"edcs_url":"https://edcs.hist.uzh.ch/en/document?edcs-id=EDCS-32100833","persons":[{"nomen":"Octavius","gender":"male","raw_name":"Octavi"}]}},{"type":"Feature","geometry":{"type":"Point","coordinates":[8.93,44.41]},"properties":{"edcs_id":"EDCS-32100834","findspot":"Genova / Genua","raw_text":"Herto","date_from":null,"date_to":null,"marker_gender":"male","is_individual":false,"edcs_url":"https://edcs.hist.uzh.ch/en/document?edcs-id=EDCS-32100834","persons":[{"nomen":"","gender":"male","raw_name":"Herto","cognomen":"Herto"}]}},{"type":"Feature","geometry":{"type":"Point","coordinates":[8.93,44.41]},"properties":{"edcs_id":"EDCS-32100835","findspot":"Genova / Genua","raw_text":"C(ai) Cap() Sabiniani dia<p=B>/soricum ad calig(inem) // Sabiniani che/l<i=E>don(ium) ad cla(ritatem) // C(ai) Cap() Sabiniani nar/dinum ad impetum // Sabiniani c(h)lo/ron ad clar(itatem) // N C CL // TN","date_from":null,"date_to":null,"marker_gender":"male","is_individual":false,"edcs_url":"https://edcs.hist.uzh.ch/en/document?edcs-id=EDCS-32100835","persons":[{"nomen":"Capius","gender":"male","raw_name":"C. Cap() Sabiniani","praenomen":"Gaius","cognomen":"Sabinianus"}]}},{"type":"Feature","geometry":{"type":"Point","coordinates":[8.87,44.9]},"properties":{"edcs_id":"EDCS-32100836","findspot":"Tortona / Dertona","raw_text":"Cydnus Setori","date_from":null,"date_to":null,"marker_gender":"male","is_individual":false,"edcs_url":"https://edcs.hist.uzh.ch/en/document?edcs-id=EDCS-32100836","persons":[{"nomen":"Setorius","gender":"male","raw_name":"Cydnus Setori","cognomen":"Cydnus"}]}},{"type":"Feature","geometry":{"type":"Point","coordinates":[8.87,44.9]},"properties":{"edcs_id":"EDCS-32100837","findspot":"Tortona / Dertona","raw_text":"Martialis","date_from":null,"date_to":null,"marker_gender":"male","is_individual":false,"edcs_url":"https://edcs.hist.uzh.ch/en/document?edcs-id=EDCS-32100837","persons":[{"nomen":"","gender":"male","raw_name":"Martialis","cognomen":"Martialis"}]}},{"type":"Feature","geometry":{"type":"Point","coordinates":[8.87,44.9]},"properties":{"edcs_id":"EDCS-32100842","findspot":"Tortona / Dertona","raw_text":"Atei","date_from":null,"date_to":null,"marker_gender":"male","is_individual":false,"edcs_url":"https://edcs.hist.uzh.ch/en/document?edcs-id=EDCS-32100842","persons":[{"nomen":"Ateius","gender":"male","raw_name":"Atei"}]}},{"type":"Feature","geometry":{"type":"Point","coordinates":[8.87,44.9]},"properties":{"edcs_id":"EDCS-32100843","findspot":"Tortona / Dertona","raw_text":"P(ubli) Ati","date_from":null,"date_to":null,"marker_gender":"male","is_individual":false,"edcs_url":"https://edcs.hist.uzh.ch/en/document?edcs-id=EDCS-32100843","persons":[{"nomen":"Atius","gender":"male","raw_name":"P(ubli) Ati","praenomen":"Publius"}]}},{"type":"Feature","geometry":{"type":"Point","coordinates":[8.87,44.9]},"properties":{"edcs_id":"EDCS-32100844","findspot":"Tortona / Dertona","raw_text":"P(ubli) At/i","date_from":null,"date_to":null,"marker_gender":"male","is_individual":false,"edcs_url":"https://edcs.hist.uzh.ch/en/document?edcs-id=EDCS-32100844","persons":[{"nomen":"Atius","gender":"male","raw_name":"P(ubli) At i","praenomen":"Publius"}]}},{"type":"Feature","geometry":{"type":"Point","coordinates":[8.87,44.9]},"properties":{"edcs_id":"EDCS-32100845","findspot":"Tortona / Dertona","raw_text":"T(iti) Atti","date_from":null,"date_to":null,"marker_gender":"male","is_individual":false,"edcs_url":"https://edcs.hist.uzh.ch/en/document?edcs-id=EDCS-32100845","persons":[{"nomen":"Attius","gender":"male","raw_name":"T(iti) Atti","praenomen":"Titus"}]}},{"type":"Feature","geometry":{"type":"Point","coordinates":[8.87,44.9]},"properties":{"edcs_id":"EDCS-32100846","findspot":"Tortona / Dertona","raw_text":"Batu/llus","date_from":null,"date_to":null,"marker_gender":"male","is_individual":false,"edcs_url":"https://edcs.hist.uzh.ch/en/document?edcs-id=EDCS-32100846","persons":[{"nomen":"","gender":"male","raw_name":"Batu llus","cognomen":"Batullus"}]}},{"type":"Feature","geometry":{"type":"Point","coordinates":[8.87,44.9]},"properties":{"edcs_id":"EDCS-32100848","findspot":"Tortona / Dertona","raw_text":"Clo(di) <P=T>ro(c)","date_from":null,"date_to":null,"marker_gender":"male","is_individual":false,"edcs_url":"https://edcs.hist.uzh.ch/en/document?edcs-id=EDCS-32100848","persons":[{"nomen":"Clodius","gender":"male","raw_name":"Clo(di) <P=T>ro(c)","cognomen":"Troccus"}]}},{"type":"Feature","geometry":{"type":"Point","coordinates":[8.87,44.9]},"properties":{"edcs_id":"EDCS-32100849","findspot":"Tortona / Dertona","raw_text":"Herto","date_from":null,"date_to":null,"marker_gender":"male","is_individual":false,"edcs_url":"https://edcs.hist.uzh.ch/en/document?edcs-id=EDCS-32100849","persons":[{"nomen":"","gender":"male","raw_name":"Herto","cognomen":"Herto"}]}},{"type":"Feature","geometry":{"type":"Point","coordinates":[8.87,44.9]},"properties":{"edcs_id":"EDCS-32100850","findspot":"Tortona / Dertona","raw_text":"Of(ficina) Iucund(i)","date_from":null,"date_to":null,"marker_gender":"male","is_individual":false,"edcs_url":"https://edcs.hist.uzh.ch/en/document?edcs-id=EDCS-32100850","persons":[{"nomen":"","gender":"male","raw_name":"Iucund(i)","cognomen":"Iucundus"}]}},{"type":"Feature","geometry":{"type":"Point","coordinates":[8.87,44.9]},"properties":{"edcs_id":"EDCS-32100851","findspot":"Tortona / Dertona","raw_text":"P(ubli) Lol(li) Ci() / Umbri","date_from":null,"date_to":null,"marker_gender":"male","is_individual":false,"edcs_url":"https://edcs.hist.uzh.ch/en/document?edcs-id=EDCS-32100851","persons":[{"nomen":"Lollius","gender":"male","raw_name":"P(ubli) Lol(li)","praenomen":"Publius"},{"nomen":"","gender":"male","raw_name":"Umbri","cognomen":"Umbrius"}]}},{"type":"Feature","geometry":{"type":"Point","coordinates":[8.87,44.9]},"properties":{"edcs_id":"EDCS-32100852","findspot":"Tortona / Dertona","raw_text":"Sex(ti) M() Fes()","date_from":null,"date_to":null,"marker_gender":"male","is_individual":false,"edcs_url":"https://edcs.hist.uzh.ch/en/document?edcs-id=EDCS-32100852","persons":[{"nomen":"","gender":"male","raw_name":"Sex. M() Fes()","praenomen":"Sextus"}]}},{"type":"Feature","geometry":{"type":"Point","coordinates":[8.87,44.9]},"properties":{"edcs_id":"EDCS-32100853","findspot":"Tortona / Dertona","raw_text":"[M]aximinus","date_from":null,"date_to":null,"marker_gender":"male","is_individual":false,"edcs_url":"https://edcs.hist.uzh.ch/en/document?edcs-id=EDCS-32100853","persons":[{"nomen":"","gender":"male","raw_name":"[M]aximinus","cognomen":"Maximinus"}]}},{"type":"Feature","geometry":{"type":"Point","coordinates":[8.87,44.9]},"properties":{"edcs_id":"EDCS-32100854","findspot":"Tortona / Dertona","raw_text":"Murri","date_from":null,"date_to":null,"marker_gender":"male","is_individual":false,"edcs_url":"https://edcs.hist.uzh.ch/en/document?edcs-id=EDCS-32100854","persons":[{"nomen":"Murrius","gender":"male","raw_name":"Murri"}]}},{"type":"Feature","geometry":{"type":"Point","coordinates":[8.87,44.9]},"properties":{"edcs_id":"EDCS-32100855","findspot":"Tortona / Dertona","raw_text":"C(ai) Murri","date_from":null,"date_to":null,"marker_gender":"male","is_individual":false,"edcs_url":"https://edcs.hist.uzh.ch/en/document?edcs-id=EDCS-32100855","persons":[{"nomen":"Murrius","gender":"male","raw_name":"C. Murri","status":"filius Caii"}]}},{"type":"Feature","geometry":{"type":"Point","coordinates":[8.87,44.9]},"properties":{"edcs_id":"EDCS-32100856","findspot":"Tortona / Dertona","raw_text":"Cnaei","date_from":null,"date_to":null,"marker_gender":"male","is_individual":false,"edcs_url":"https://edcs.hist.uzh.ch/en/document?edcs-id=EDCS-32100856","persons":[{"nomen":"","gender":"male","raw_name":"Cnaei","praenomen":"Gnaeus"}]}},{"type":"Feature","geometry":{"type":"Point","coordinates":[8.87,44.9]},"properties":{"edcs_id":"EDCS-32100857","findspot":"Tortona / Dertona","raw_text":"Cneate","date_from":null,"date_to":null,"marker_gender":"male","is_individual":false,"edcs_url":"https://edcs.hist.uzh.ch/en/document?edcs-id=EDCS-32100857","persons":[{"nomen":"","gender":"male","raw_name":"Cneate","cognomen":"Cneatus"}]}},{"type":"Feature","geometry":{"type":"Point","coordinates":[8.87,44.9]},"properties":{"edcs_id":"EDCS-32100858","findspot":"Tortona / Dertona","raw_text":"M(arci) P() A()","date_from":null,"date_to":null,"marker_gender":"male","is_individual":false,"edcs_url":"https://edcs.hist.uzh.ch/en/document?edcs-id=EDCS-32100858","persons":[{"nomen":"","gender":"male","raw_name":"M. P() A()","praenomen":"Marcus"}]}},{"type":"Feature","geometry":{"type":"Point","coordinates":[8.87,44.9]},"properties":{"edcs_id":"EDCS-32100859","findspot":"Tortona / Dertona","raw_text":"Paterc/ulus","date_from":null,"date_to":null,"marker_gender":"male","is_individual":false,"edcs_url":"https://edcs.hist.uzh.ch/en/document?edcs-id=EDCS-32100859","persons":[{"nomen":"","gender":"male","raw_name":"Paterculus","cognomen":"Paterculus"}]}},{"type":"Feature","geometry":{"type":"Point","coordinates":[8.87,44.9]},"properties":{"edcs_id":"EDCS-32100860","findspot":"Tortona / Dertona","raw_text":"M(arci) Peren(ni?) Cri()","date_from":null,"date_to":null,"marker_gender":"male","is_individual":false,"edcs_url":"https://edcs.hist.uzh.ch/en/document?edcs-id=EDCS-32100860","persons":[{"nomen":"Perennius","gender":"male","raw_name":"M. Peren(ni?) Cri()","praenomen":"Marcus"}]}},{"type":"Feature","geometry":{"type":"Point","coordinates":[8.87,44.9]},"properties":{"edcs_id":"EDCS-32100861","findspot":"Tortona / Dertona","raw_text":"Plato(nis)","date_from":null,"date_to":null,"marker_gender":"male","is_individual":false,"edcs_url":"https://edcs.hist.uzh.ch/en/document?edcs-id=EDCS-32100861","persons":[{"nomen":"","gender":"male","raw_name":"Plato(nis)","cognomen":"Plato"}]}},{"type":"Feature","geometry":{"type":"Point","coordinates":[8.87,44.9]},"properties":{"edcs_id":"EDCS-32100862","findspot":"Tortona / Dertona","raw_text":"Primus","date_from":null,"date_to":null,"marker_gender":"male","is_individual":false,"edcs_url":"https://edcs.hist.uzh.ch/en/document?edcs-id=EDCS-32100862","persons":[{"nomen":"","gender":"male","raw_name":"Primus","cognomen":"Primus","cluster_id":1210,"cluster_size":4,"cluster_confidence":"low"}]}},{"type":"Feature","geometry":{"type":"Point","coordinates":[8.87,44.9]},"properties":{"edcs_id":"EDCS-32100863","findspot":"Tortona / Dertona","raw_text":"Prim/us","date_from":null,"date_to":null,"marker_gender":"male","is_individual":false,"edcs_url":"https://edcs.hist.uzh.ch/en/document?edcs-id=EDCS-32100863","persons":[{"nomen":"","gender":"male","raw_name":"Primus","cognomen":"Primus","cluster_id":1210,"cluster_size":4,"cluster_confidence":"low"}]}},{"type":"Feature","geometry":{"type":"Point","coordinates":[8.87,44.9]},"properties":{"edcs_id":"EDCS-32100864","findspot":"Tortona / Dertona","raw_text":"Quadra()","date_from":null,"date_to":null,"marker_gender":"male","is_individual":false,"edcs_url":"https://edcs.hist.uzh.ch/en/document?edcs-id=EDCS-32100864","persons":[{"nomen":"","gender":"male","raw_name":"Quadra()","cognomen":"Quadratus","cluster_id":1257,"cluster_size":2,"cluster_confidence":"low"}]}},{"type":"Feature","geometry":{"type":"Point","coordinates":[8.87,44.9]},"properties":{"edcs_id":"EDCS-32100865","findspot":"Tortona / Dertona","raw_text":"Qua/dra()","date_from":null,"date_to":null,"marker_gender":"male","is_individual":false,"edcs_url":"https://edcs.hist.uzh.ch/en/document?edcs-id=EDCS-32100865","persons":[{"nomen":"","gender":"male","raw_name":"Quadra()","cognomen":"Quadratus","cluster_id":1257,"cluster_size":2,"cluster_confidence":"low"}]}},{"type":"Feature","geometry":{"type":"Point","coordinates":[8.87,44.9]},"properties":{"edcs_id":"EDCS-32100866","findspot":"Tortona / Dertona","raw_text":"L(uci) S() G()","date_from":null,"date_to":null,"marker_gender":"male","is_individual":false,"edcs_url":"https://edcs.hist.uzh.ch/en/document?edcs-id=EDCS-32100866","persons":[{"nomen":"","gender":"male","raw_name":"L. S() G()","praenomen":"Lucius"}]}},{"type":"Feature","geometry":{"type":"Point","coordinates":[8.87,44.9]},"properties":{"edcs_id":"EDCS-32100867","findspot":"Tortona / Dertona","raw_text":"C(ai) Sari","date_from":null,"date_to":null,"marker_gender":"male","is_individual":false,"edcs_url":"https://edcs.hist.uzh.ch/en/document?edcs-id=EDCS-32100867","persons":[{"nomen":"Sarius","gender":"male","raw_name":"C. Sari"}]}},{"type":"Feature","geometry":{"type":"Point","coordinates":[8.87,44.9]},"properties":{"edcs_id":"EDCS-32100870","findspot":"Tortona / Dertona","raw_text":"Vetti","date_from":null,"date_to":null,"marker_gender":"male","is_individual":false,"edcs_url":"https://edcs.hist.uzh.ch/en/document?edcs-id=EDCS-32100870","persons":[{"nomen":"Vettius","gender":"male","raw_name":"Vetti"}]}},{"type":"Feature","geometry":{"type":"Point","coordinates":[8.87,44.9]},"properties":{"edcs_id":"EDCS-32100871","findspot":"Tortona / Dertona","raw_text":"Vetti / Optat()","date_from":null,"date_to":null,"marker_gender":"male","is_individual":false,"edcs_url":"https://edcs.hist.uzh.ch/en/document?edcs-id=EDCS-32100871","persons":[{"nomen":"Vettius","gender":"male","raw_name":"Vetti Optat()","cognomen":"Optatus"}]}},{"type":"Feature","geometry":{"type":"Point","coordinates":[8.87,44.9]},"properties":{"edcs_id":"EDCS-32100872","findspot":"Tortona / Dertona","raw_text":"Umbr()","date_from":null,"date_to":null,"marker_gender":"male","is_individual":false,"edcs_url":"https://edcs.hist.uzh.ch/en/document?edcs-id=EDCS-32100872","persons":[{"nomen":"Umbrus","gender":"male","raw_name":"Umbr()"}]}},{"type":"Feature","geometry":{"type":"Point","coordinates":[8.87,44.9]},"properties":{"edcs_id":"EDCS-32100873","findspot":"Tortona / Dertona","raw_text":"Umbr() / Philolo()","date_from":null,"date_to":null,"marker_gender":"male","is_individual":false,"edcs_url":"https://edcs.hist.uzh.ch/en/document?edcs-id=EDCS-32100873","persons":[{"nomen":"Umbrus","gender":"male","raw_name":"Umbr() Philolo()","cognomen":"Philologus"}]}},{"type":"Feature","geometry":{"type":"Point","coordinates":[8.87,44.9]},"properties":{"edcs_id":"EDCS-32100876","findspot":"Tortona / Dertona","raw_text":"Atimar/ci Fer()","date_from":null,"date_to":null,"marker_gender":"male","is_individual":false,"edcs_url":"https://edcs.hist.uzh.ch/en/document?edcs-id=EDCS-32100876","persons":[{"nomen":"","gender":"male","raw_name":"Atimarci","cognomen":"Atimarcius"},{"nomen":"","gender":"male","raw_name":"Fer()","cognomen":"Ferus"}]}},{"type":"Feature","geometry":{"type":"Point","coordinates":[8.87,44.9]},"properties":{"edcs_id":"EDCS-32100877","findspot":"Tortona / Dertona","raw_text":"Cai Ael(i)","date_from":null,"date_to":null,"marker_gender":"male","is_individual":false,"edcs_url":"https://edcs.hist.uzh.ch/en/document?edcs-id=EDCS-32100877","persons":[{"nomen":"Aelius","gender":"male","raw_name":"Cai Ael(i)","praenomen":"Gaius"}]}},{"type":"Feature","geometry":{"type":"Point","coordinates":[8.87,44.9]},"properties":{"edcs_id":"EDCS-32100878","findspot":"Tortona / Dertona","raw_text":"Caius","date_from":null,"date_to":null,"marker_gender":"male","is_individual":false,"edcs_url":"https://edcs.hist.uzh.ch/en/document?edcs-id=EDCS-32100878","persons":[{"nomen":"","gender":"male","raw_name":"Caius","praenomen":"Gaius"}]}},{"type":"Feature","geometry":{"type":"Point","coordinates":[8.87,44.9]},"properties":{"edcs_id":"EDCS-32100879","findspot":"Tortona / Dertona","raw_text":"Etaer()","date_from":null,"date_to":null,"marker_gender":"male","is_individual":false,"edcs_url":"https://edcs.hist.uzh.ch/en/document?edcs-id=EDCS-32100879","persons":[{"nomen":"","gender":"male","raw_name":"Etaer()","cognomen":"Etaerus"}]}},{"type":"Feature","geometry":{"type":"Point","coordinates":[8.87,44.9]},"properties":{"edcs_id":"EDCS-32100881","findspot":"Tortona / Dertona","raw_text":"Iucc/i","date_from":null,"date_to":null,"marker_gender":"male","is_individual":false,"edcs_url":"https://edcs.hist.uzh.ch/en/document?edcs-id=EDCS-32100881","persons":[{"nomen":"","gender":"male","raw_name":"Iucci","cognomen":"Iuccius"}]}},{"type":"Feature","geometry":{"type":"Point","coordinates":[8.87,44.9]},"properties":{"edcs_id":"EDCS-32100884","findspot":"Tortona / Dertona","raw_text":"Mecnus","date_from":null,"date_to":null,"marker_gender":"male","is_individual":false,"edcs_url":"https://edcs.hist.uzh.ch/en/document?edcs-id=EDCS-32100884","persons":[{"nomen":"","gender":"male","raw_name":"Mecnus","cognomen":"Mecnus"}]}},{"type":"Feature","geometry":{"type":"Point","coordinates":[8.87,44.9]},"properties":{"edcs_id":"EDCS-32100886","findspot":"Tortona / Dertona","raw_text":"Reassa","date_from":null,"date_to":null,"marker_gender":"female","is_individual":false,"edcs_url":"https://edcs.hist.uzh.ch/en/document?edcs-id=EDCS-32100886","persons":[{"nomen":"","gender":"female","raw_name":"Reassa","cognomen":"Reassa"}]}},{"type":"Feature","geometry":{"type":"Point","coordinates":[8.87,44.9]},"properties":{"edcs_id":"EDCS-32100887","findspot":"Tortona / Dertona","raw_text":"Solo","date_from":null,"date_to":null,"marker_gender":"male","is_individual":false,"edcs_url":"https://edcs.hist.uzh.ch/en/document?edcs-id=EDCS-32100887","persons":[{"nomen":"","gender":"male","raw_name":"Solo","cognomen":"Solus"}]}},{"type":"Feature","geometry":{"type":"Point","coordinates":[7.9,44.68]},"properties":{"edcs_id":"EDCS-32200585","findspot":"Pollenzo / Pollentia","raw_text":"Neri","date_from":null,"date_to":null,"marker_gender":"male","is_individual":false,"edcs_url":"https://edcs.hist.uzh.ch/en/document?edcs-id=EDCS-32200585","persons":[{"nomen":"Nerius","gender":"male","raw_name":"Neri"}]}},{"type":"Feature","geometry":{"type":"Point","coordinates":[7.9,44.68]},"properties":{"edcs_id":"EDCS-32200586","findspot":"Pollenzo / Pollentia","raw_text":"Iegidi","date_from":null,"date_to":null,"marker_gender":"male","is_individual":false,"edcs_url":"https://edcs.hist.uzh.ch/en/document?edcs-id=EDCS-32200586","persons":[{"nomen":"Iegidius","gender":"male","raw_name":"Iegidi"}]}},{"type":"Feature","geometry":{"type":"Point","coordinates":[7.9,44.68]},"properties":{"edcs_id":"EDCS-32200587","findspot":"Pollenzo / Pollentia","raw_text":"Fortis","date_from":null,"date_to":null,"marker_gender":"male","is_individual":false,"edcs_url":"https://edcs.hist.uzh.ch/en/document?edcs-id=EDCS-32200587","persons":[{"nomen":"","gender":"male","raw_name":"Fortis","cognomen":"Fortis"}]}},{"type":"Feature","geometry":{"type":"Point","coordinates":[7.9,44.68]},"properties":{"edcs_id":"EDCS-32200588","findspot":"Pollenzo / Pollentia","raw_text":"Cresce(n)/s","date_from":null,"date_to":null,"marker_gender":"male","is_individual":false,"edcs_url":"https://edcs.hist.uzh.ch/en/document?edcs-id=EDCS-32200588","persons":[{"nomen":"","gender":"male","raw_name":"Cresce(n)s","cognomen":"Crescens"}]}},{"type":"Feature","geometry":{"type":"Point","coordinates":[7.9,44.68]},"properties":{"edcs_id":"EDCS-32200589","findspot":"Pollenzo / Pollentia","raw_text":"Communis","date_from":null,"date_to":null,"marker_gender":"male","is_individual":false,"edcs_url":"https://edcs.hist.uzh.ch/en/document?edcs-id=EDCS-32200589","persons":[{"nomen":"","gender":"male","raw_name":"Communis","cognomen":"Communis"}]}},{"type":"Feature","geometry":{"type":"Point","coordinates":[7.9,44.68]},"properties":{"edcs_id":"EDCS-32200590","findspot":"Pollenzo / Pollentia","raw_text":"Ursio / f(ecit)","date_from":null,"date_to":null,"marker_gender":"male","is_individual":false,"edcs_url":"https://edcs.hist.uzh.ch/en/document?edcs-id=EDCS-32200590","persons":[{"nomen":"","gender":"male","raw_name":"Ursio","cognomen":"Ursio"}]}},{"type":"Feature","geometry":{"type":"Point","coordinates":[7.9,44.68]},"properties":{"edcs_id":"EDCS-32200591","findspot":"Pollenzo / Pollentia","raw_text":"L(uci) Gel(li)","date_from":null,"date_to":null,"marker_gender":"male","is_individual":false,"edcs_url":"https://edcs.hist.uzh.ch/en/document?edcs-id=EDCS-32200591","persons":[{"nomen":"Gellius","gender":"male","raw_name":"L. Gel(li)","praenomen":"Lucius"}]}},{"type":"Feature","geometry":{"type":"Point","coordinates":[7.9,44.68]},"properties":{"edcs_id":"EDCS-32200593","findspot":"Pollenzo / Pollentia","raw_text":"L(uci) Licini Mo()","date_from":null,"date_to":null,"marker_gender":"male","is_individual":false,"edcs_url":"https://edcs.hist.uzh.ch/en/document?edcs-id=EDCS-32200593","persons":[{"nomen":"Licinius","gender":"male","raw_name":"L. Licini Mo()","praenomen":"Lucius"}]}},{"type":"Feature","geometry":{"type":"Point","coordinates":[7.9,44.68]},"properties":{"edcs_id":"EDCS-32200595","findspot":"Pollenzo / Pollentia","raw_text":"Sex(ti) M() Fes()","date_from":null,"date_to":null,"marker_gender":"male","is_individual":false,"edcs_url":"https://edcs.hist.uzh.ch/en/document?edcs-id=EDCS-32200595","persons":[{"nomen":"","gender":"male","raw_name":"Sex. M() Fes()","praenomen":"Sextus"}]}},{"type":"Feature","geometry":{"type":"Point","coordinates":[7.9,44.68]},"properties":{"edcs_id":"EDCS-32200596","findspot":"Pollenzo / Pollentia","raw_text":"M(arci) P() A()","date_from":null,"date_to":null,"marker_gender":"male","is_individual":false,"edcs_url":"https://edcs.hist.uzh.ch/en/document?edcs-id=EDCS-32200596","persons":[{"nomen":"","gender":"male","raw_name":"M. P() A()","praenomen":"Marcus"}]}},{"type":"Feature","geometry":{"type":"Point","coordinates":[7.9,44.68]},"properties":{"edcs_id":"EDCS-32200597","findspot":"Pollenzo / Pollentia","raw_text":"N(umeri) Petroni","date_from":null,"date_to":null,"marker_gender":"male","is_individual":false,"edcs_url":"https://edcs.hist.uzh.ch/en/document?edcs-id=EDCS-32200597","persons":[{"nomen":"Petronius","gender":"male","raw_name":"N. Petroni","praenomen":"Numerius"}]}},{"type":"Feature","geometry":{"type":"Point","coordinates":[7.9,44.68]},"properties":{"edcs_id":"EDCS-32200598","findspot":"Pollenzo / Pollentia","raw_text":"L(uci) S() M()","date_from":null,"date_to":null,"marker_gender":"male","is_individual":false,"edcs_url":"https://edcs.hist.uzh.ch/en/document?edcs-id=EDCS-32200598","persons":[{"nomen":"","gender":"male","raw_name":"L. S() M()","praenomen":"Lucius"}]}},{"type":"Feature","geometry":{"type":"Point","coordinates":[7.9,44.68]},"properties":{"edcs_id":"EDCS-32200599","findspot":"Pollenzo / Pollentia","raw_text":"Q(uinti) V() P()","date_from":null,"date_to":null,"marker_gender":"male","is_individual":false,"edcs_url":"https://edcs.hist.uzh.ch/en/document?edcs-id=EDCS-32200599","persons":[{"nomen":"","gender":"male","raw_name":"Q. V() P()","praenomen":"Quintus"}]}},{"type":"Feature","geometry":{"type":"Point","coordinates":[7.9,44.68]},"properties":{"edcs_id":"EDCS-32200600","findspot":"Pollenzo / Pollentia","raw_text":"Valens","date_from":null,"date_to":null,"marker_gender":"male","is_individual":false,"edcs_url":"https://edcs.hist.uzh.ch/en/document?edcs-id=EDCS-32200600","persons":[{"nomen":"","gender":"male","raw_name":"Valens","cognomen":"Valens"}]}},{"type":"Feature","geometry":{"type":"Point","coordinates":[7.9,44.68]},"properties":{"edcs_id":"EDCS-32200601","findspot":"Pollenzo / Pollentia","raw_text":"Eger","date_from":null,"date_to":null,"marker_gender":"unknown","is_individual":false,"edcs_url":"https://edcs.hist.uzh.ch/en/document?edcs-id=EDCS-32200601","persons":[{"nomen":"","gender":"unknown","raw_name":"Eger","cognomen":"Eger"}]}},{"type":"Feature","geometry":{"type":"Point","coordinates":[7.9,44.68]},"properties":{"edcs_id":"EDCS-32200603","findspot":"Pollenzo / Pollentia","raw_text":"L() Mall()","date_from":null,"date_to":null,"marker_gender":"male","is_individual":false,"edcs_url":"https://edcs.hist.uzh.ch/en/document?edcs-id=EDCS-32200603","persons":[{"nomen":"Mallius","gender":"male","raw_name":"L() Mall()","praenomen":"Lucius"}]}},{"type":"Feature","geometry":{"type":"Point","coordinates":[8.86,44.71]},"properties":{"edcs_id":"EDCS-32200641","findspot":"Serravalle Scrivia / Libarna","raw_text":"Cirrat()","date_from":null,"date_to":null,"marker_gender":"male","is_individual":false,"edcs_url":"https://edcs.hist.uzh.ch/en/document?edcs-id=EDCS-32200641","persons":[{"nomen":"","gender":"male","raw_name":"Cirrat()","cognomen":"Cirratus"}]}},{"type":"Feature","geometry":{"type":"Point","coordinates":[8.86,44.71]},"properties":{"edcs_id":"EDCS-32200642","findspot":"Serravalle Scrivia / Libarna","raw_text":"Vari","date_from":null,"date_to":null,"marker_gender":"male","is_individual":false,"edcs_url":"https://edcs.hist.uzh.ch/en/document?edcs-id=EDCS-32200642","persons":[{"nomen":"","gender":"male","raw_name":"Vari","cognomen":"Varius"}]}},{"type":"Feature","geometry":{"type":"Point","coordinates":[8.86,44.71]},"properties":{"edcs_id":"EDCS-32200643","findspot":"Serravalle Scrivia / Libarna","raw_text":"C(ai) Varil() / Prima","date_from":null,"date_to":null,"marker_gender":"mixed","is_individual":false,"edcs_url":"https://edcs.hist.uzh.ch/en/document?edcs-id=EDCS-32200643","persons":[{"nomen":"Varilius","gender":"male","raw_name":"C. Varil()"},{"nomen":"","gender":"female","raw_name":"Prima","cognomen":"Prima"}]}},{"type":"Feature","geometry":{"type":"Point","coordinates":[8.86,44.71]},"properties":{"edcs_id":"EDCS-32200644","findspot":"Serravalle Scrivia / Libarna","raw_text":"C(ai) Clo(di) Suc(cessi)","date_from":null,"date_to":null,"marker_gender":"male","is_individual":false,"edcs_url":"https://edcs.hist.uzh.ch/en/document?edcs-id=EDCS-32200644","persons":[{"nomen":"Clodius","gender":"male","raw_name":"C. Clo. Suc.","praenomen":"Gaius","cognomen":"Successus"}]}},{"type":"Feature","geometry":{"type":"Point","coordinates":[8.86,44.71]},"properties":{"edcs_id":"EDCS-32200645","findspot":"Serravalle Scrivia / Libarna","raw_text":"Com(m)un(i)s","date_from":null,"date_to":null,"marker_gender":"male","is_individual":false,"edcs_url":"https://edcs.hist.uzh.ch/en/document?edcs-id=EDCS-32200645","persons":[{"nomen":"","gender":"male","raw_name":"Com(m)un(i)s","cognomen":"Communis"}]}},{"type":"Feature","geometry":{"type":"Point","coordinates":[8.86,44.71]},"properties":{"edcs_id":"EDCS-32200646","findspot":"Serravalle Scrivia / Libarna","raw_text":"Celeri","date_from":null,"date_to":null,"marker_gender":"male","is_individual":false,"edcs_url":"https://edcs.hist.uzh.ch/en/document?edcs-id=EDCS-32200646","persons":[{"nomen":"","gender":"male","raw_name":"Celeri","cognomen":"Celer"}]}},{"type":"Feature","geometry":{"type":"Point","coordinates":[8.86,44.71]},"properties":{"edcs_id":"EDCS-32200647","findspot":"Serravalle Scrivia / Libarna","raw_text":"Primi Offili L(uci) f(ilii)","date_from":null,"date_to":null,"marker_gender":"male","is_individual":false,"edcs_url":"https://edcs.hist.uzh.ch/en/document?edcs-id=EDCS-32200647","persons":[{"nomen":"Offilius","gender":"male","raw_name":"Primi Offili L. f.","cognomen":"Primus","status":"filius Luci"}]}},{"type":"Feature","geometry":{"type":"Point","coordinates":[8.86,44.71]},"properties":{"edcs_id":"EDCS-32200648","findspot":"Serravalle Scrivia / Libarna","raw_text":"C(ai) Murri","date_from":null,"date_to":null,"marker_gender":"male","is_individual":false,"edcs_url":"https://edcs.hist.uzh.ch/en/document?edcs-id=EDCS-32200648","persons":[{"nomen":"Murrius","gender":"male","raw_name":"C(ai) Murri","praenomen":"Gaius"}]}},{"type":"Feature","geometry":{"type":"Point","coordinates":[8.93,44.41]},"properties":{"edcs_id":"EDCS-32200686","findspot":"Genova / Genua","raw_text":"Ursio / f(ecit)","date_from":null,"date_to":null,"marker_gender":"male","is_individual":false,"edcs_url":"https://edcs.hist.uzh.ch/en/document?edcs-id=EDCS-32200686","persons":[{"nomen":"","gender":"male","raw_name":"Ursio","cognomen":"Ursio","status":"fecit"}]}},{"type":"Feature","geometry":{"type":"Point","coordinates":[8.87,44.9]},"properties":{"edcs_id":"EDCS-32200720","findspot":"Tortona / Dertona","raw_text":"Celeri","date_from":null,"date_to":null,"marker_gender":"male","is_individual":false,"edcs_url":"https://edcs.hist.uzh.ch/en/document?edcs-id=EDCS-32200720","persons":[{"nomen":"","gender":"male","raw_name":"Celeri","cognomen":"Celer"}]}},{"type":"Feature","geometry":{"type":"Point","coordinates":[8.87,44.9]},"properties":{"edcs_id":"EDCS-32200723","findspot":"Tortona / Dertona","raw_text":"Com(m)un(i)s","date_from":null,"date_to":null,"marker_gender":"male","is_individual":false,"edcs_url":"https://edcs.hist.uzh.ch/en/document?edcs-id=EDCS-32200723","persons":[{"nomen":"","gender":"male","raw_name":"Com(m)un(i)s","cognomen":"Communis"}]}},{"type":"Feature","geometry":{"type":"Point","coordinates":[8.87,44.9]},"properties":{"edcs_id":"EDCS-32200724","findspot":"Tortona / Dertona","raw_text":"Cresce(n)/s","date_from":null,"date_to":null,"marker_gender":"male","is_individual":false,"edcs_url":"https://edcs.hist.uzh.ch/en/document?edcs-id=EDCS-32200724","persons":[{"nomen":"","gender":"male","raw_name":"Cresce(n) s","cognomen":"Crescens"}]}},{"type":"Feature","geometry":{"type":"Point","coordinates":[8.87,44.9]},"properties":{"edcs_id":"EDCS-32200725","findspot":"Tortona / Dertona","raw_text":"C(ai) Dessi","date_from":null,"date_to":null,"marker_gender":"male","is_individual":false,"edcs_url":"https://edcs.hist.uzh.ch/en/document?edcs-id=EDCS-32200725","persons":[{"nomen":"Dessius","gender":"male","raw_name":"C(ai) Dessi","praenomen":"Gaius"}]}},{"type":"Feature","geometry":{"type":"Point","coordinates":[8.87,44.9]},"properties":{"edcs_id":"EDCS-32200726","findspot":"Tortona / Dertona","raw_text":"Fortis","date_from":null,"date_to":null,"marker_gender":"male","is_individual":false,"edcs_url":"https://edcs.hist.uzh.ch/en/document?edcs-id=EDCS-32200726","persons":[{"nomen":"","gender":"male","raw_name":"Fortis","cognomen":"Fortis"}]}},{"type":"Feature","geometry":{"type":"Point","coordinates":[8.87,44.9]},"properties":{"edcs_id":"EDCS-32200727","findspot":"Tortona / Dertona","raw_text":"F<r=I>onto / <f=I>(ecit)","date_from":null,"date_to":null,"marker_gender":"male","is_individual":false,"edcs_url":"https://edcs.hist.uzh.ch/en/document?edcs-id=EDCS-32200727","persons":[{"nomen":"","gender":"male","raw_name":"F<r=I>onto","cognomen":"Fronto"}]}},{"type":"Feature","geometry":{"type":"Point","coordinates":[8.87,44.9]},"properties":{"edcs_id":"EDCS-32200728","findspot":"Tortona / Dertona","raw_text":"Lutati","date_from":null,"date_to":null,"marker_gender":"male","is_individual":false,"edcs_url":"https://edcs.hist.uzh.ch/en/document?edcs-id=EDCS-32200728","persons":[{"nomen":"Lutatius","gender":"male","raw_name":"Lutati"}]}},{"type":"Feature","geometry":{"type":"Point","coordinates":[8.87,44.9]},"properties":{"edcs_id":"EDCS-32200729","findspot":"Tortona / Dertona","raw_text":"Strobili","date_from":null,"date_to":null,"marker_gender":"male","is_individual":false,"edcs_url":"https://edcs.hist.uzh.ch/en/document?edcs-id=EDCS-32200729","persons":[{"nomen":"","gender":"male","raw_name":"Strobili","cognomen":"Strobilus"}]}},{"type":"Feature","geometry":{"type":"Point","coordinates":[8.87,44.9]},"properties":{"edcs_id":"EDCS-32200730","findspot":"Tortona / Dertona","raw_text":"C(ai) Murri","date_from":null,"date_to":null,"marker_gender":"male","is_individual":false,"edcs_url":"https://edcs.hist.uzh.ch/en/document?edcs-id=EDCS-32200730","persons":[{"nomen":"Murrius","gender":"male","raw_name":"C. Murri","status":"filius Caii"}]}},{"type":"Feature","geometry":{"type":"Point","coordinates":[7.6,43.79]},"properties":{"edcs_id":"EDCS-32200811","findspot":"Ventimiglia / Albintimilium","raw_text":"Gluco() / Corne()","date_from":null,"date_to":null,"marker_gender":"female","is_individual":false,"edcs_url":"https://edcs.hist.uzh.ch/en/document?edcs-id=EDCS-32200811","persons":[{"nomen":"","gender":"unknown","raw_name":"Gluco()","cognomen":"Gluco"},{"nomen":"Cornelia","gender":"female","raw_name":"Corne()"}]}},{"type":"Feature","geometry":{"type":"Point","coordinates":[7.6,43.79]},"properties":{"edcs_id":"EDCS-32200812","findspot":"Ventimiglia / Albintimilium","raw_text":"M(arci) / Aemili / Bassi","date_from":null,"date_to":null,"marker_gender":"male","is_individual":false,"edcs_url":"https://edcs.hist.uzh.ch/en/document?edcs-id=EDCS-32200812","persons":[{"nomen":"Aemilius","gender":"male","raw_name":"M. Aemili Bassi","praenomen":"Marcus","cognomen":"Bassus","cluster_id":812,"cluster_size":2}]}},{"type":"Feature","geometry":{"type":"Point","coordinates":[7.6,43.79]},"properties":{"edcs_id":"EDCS-32200813","findspot":"Ventimiglia / Albintimilium","raw_text":"Octavi","date_from":null,"date_to":null,"marker_gender":"male","is_individual":false,"edcs_url":"https://edcs.hist.uzh.ch/en/document?edcs-id=EDCS-32200813","persons":[{"nomen":"Octavius","gender":"male","raw_name":"Octavi"}]}},{"type":"Feature","geometry":{"type":"Point","coordinates":[7.6,43.79]},"properties":{"edcs_id":"EDCS-32200814","findspot":"Ventimiglia / Albintimilium","raw_text":"Fortis","date_from":null,"date_to":null,"marker_gender":"male","is_individual":false,"edcs_url":"https://edcs.hist.uzh.ch/en/document?edcs-id=EDCS-32200814","persons":[{"nomen":"","gender":"male","raw_name":"Fortis","cognomen":"Fortis"}]}},{"type":"Feature","geometry":{"type":"Point","coordinates":[7.6,43.79]},"properties":{"edcs_id":"EDCS-32200815","findspot":"Ventimiglia / Albintimilium","raw_text":"L(uci) Herenn(i)","date_from":null,"date_to":null,"marker_gender":"male","is_individual":false,"edcs_url":"https://edcs.hist.uzh.ch/en/document?edcs-id=EDCS-32200815","persons":[{"nomen":"Herennius","gender":"male","raw_name":"L(uci) Herenn(i)","praenomen":"Lucius"}]}},{"type":"Feature","geometry":{"type":"Point","coordinates":[7.6,43.79]},"properties":{"edcs_id":"EDCS-32200816","findspot":"Ventimiglia / Albintimilium","raw_text":"Catili Vesta","date_from":null,"date_to":null,"marker_gender":"female","is_individual":false,"edcs_url":"https://edcs.hist.uzh.ch/en/document?edcs-id=EDCS-32200816","persons":[{"nomen":"Catilia","gender":"female","raw_name":"Catili Vesta","cognomen":"Vesta","cluster_id":784,"cluster_size":2}]}},{"type":"Feature","geometry":{"type":"Point","coordinates":[7.6,43.79]},"properties":{"edcs_id":"EDCS-32200817","findspot":"Ventimiglia / Albintimilium","raw_text":"Catili Ves(ta)","date_from":null,"date_to":null,"marker_gender":"female","is_individual":false,"edcs_url":"https://edcs.hist.uzh.ch/en/document?edcs-id=EDCS-32200817","persons":[{"nomen":"Catilia","gender":"female","raw_name":"Catili Ves(ta)","cognomen":"Vesta","cluster_id":784,"cluster_size":2}]}},{"type":"Feature","geometry":{"type":"Point","coordinates":[7.6,43.79]},"properties":{"edcs_id":"EDCS-32200818","findspot":"Ventimiglia / Albintimilium","raw_text":"Vesta","date_from":null,"date_to":null,"marker_gender":"female","is_individual":false,"edcs_url":"https://edcs.hist.uzh.ch/en/document?edcs-id=EDCS-32200818","persons":[{"nomen":"","gender":"female","raw_name":"Vesta","cognomen":"Vesta","is_deity":true,"cluster_confidence":"excluded"}]}},{"type":"Feature","geometry":{"type":"Point","coordinates":[8.03,44.69]},"properties":{"edcs_id":"EDCS-32200819","findspot":"Alba / Alba Pompeia","raw_text":"Ap(h)rodisi","date_from":null,"date_to":null,"marker_gender":"unknown","is_individual":false,"edcs_url":"https://edcs.hist.uzh.ch/en/document?edcs-id=EDCS-32200819","persons":[{"nomen":"","gender":"unknown","raw_name":"Aphrodisi","cognomen":"Aphrodisius"}]}},{"type":"Feature","geometry":{"type":"Point","coordinates":[8.03,44.69]},"properties":{"edcs_id":"EDCS-32200821","findspot":"Alba / Alba Pompeia","raw_text":"Varii Aug(usti?)","date_from":null,"date_to":null,"marker_gender":"male","is_individual":false,"edcs_url":"https://edcs.hist.uzh.ch/en/document?edcs-id=EDCS-32200821","persons":[{"nomen":"","gender":"male","raw_name":"Varii Aug.","cognomen":"Varius","status":"Augusti?"}]}},{"type":"Feature","geometry":{"type":"Point","coordinates":[8.47,44.68]},"properties":{"edcs_id":"EDCS-32201497","findspot":"Acqui Terme / Aquae Statiellae","raw_text":"C(ai) Salvi / Grati","date_from":null,"date_to":null,"marker_gender":"male","is_individual":false,"edcs_url":"https://edcs.hist.uzh.ch/en/document?edcs-id=EDCS-32201497","persons":[{"nomen":"Salvius","gender":"male","raw_name":"C. Salvi Grati","praenomen":"Gaius","cognomen":"Gratus"}]}},{"type":"Feature","geometry":{"type":"Point","coordinates":[8.02,45.15]},"properties":{"edcs_id":"EDCS-32201501","findspot":"Monteu da Po / Industria","raw_text":"P(ubli) Atii","date_from":null,"date_to":null,"marker_gender":"male","is_individual":false,"edcs_url":"https://edcs.hist.uzh.ch/en/document?edcs-id=EDCS-32201501","persons":[{"nomen":"Atius","gender":"male","raw_name":"P. Atii","praenomen":"Publius"}]}},{"type":"Feature","geometry":{"type":"Point","coordinates":[7.6,43.79]},"properties":{"edcs_id":"EDCS-32201735","findspot":"Ventimiglia / Albintimilium","raw_text":"Vibiani","date_from":null,"date_to":null,"marker_gender":"male","is_individual":false,"edcs_url":"https://edcs.hist.uzh.ch/en/document?edcs-id=EDCS-32201735","persons":[{"nomen":"","gender":"male","raw_name":"Vibiani","cognomen":"Vibianus"}]}},{"type":"Feature","geometry":{"type":"Point","coordinates":[7.6,43.79]},"properties":{"edcs_id":"EDCS-32201736","findspot":"Ventimiglia / Albintimilium","raw_text":"Vibule","date_from":null,"date_to":null,"marker_gender":"female","is_individual":false,"edcs_url":"https://edcs.hist.uzh.ch/en/document?edcs-id=EDCS-32201736","persons":[{"nomen":"","gender":"female","raw_name":"Vibule","cognomen":"Vibula"}]}},{"type":"Feature","geometry":{"type":"Point","coordinates":[7.6,43.79]},"properties":{"edcs_id":"EDCS-32201737","findspot":"Ventimiglia / Albintimilium","raw_text":"Strobili","date_from":null,"date_to":null,"marker_gender":"male","is_individual":false,"edcs_url":"https://edcs.hist.uzh.ch/en/document?edcs-id=EDCS-32201737","persons":[{"nomen":"","gender":"male","raw_name":"Strobili","cognomen":"Strobilus"}]}},{"type":"Feature","geometry":{"type":"Point","coordinates":[7.6,43.79]},"properties":{"edcs_id":"EDCS-32201738","findspot":"Ventimiglia / Albintimilium","raw_text":"C(ai) Oppi Res()","date_from":null,"date_to":null,"marker_gender":"male","is_individual":false,"edcs_url":"https://edcs.hist.uzh.ch/en/document?edcs-id=EDCS-32201738","persons":[{"nomen":"Oppius","gender":"male","raw_name":"C(ai) Oppi Res()","praenomen":"Caius","cognomen":"Res"}]}},{"type":"Feature","geometry":{"type":"Point","coordinates":[7.6,43.79]},"properties":{"edcs_id":"EDCS-32201739","findspot":"Ventimiglia / Albintimilium","raw_text":"Florent()","date_from":null,"date_to":null,"marker_gender":"male","is_individual":false,"edcs_url":"https://edcs.hist.uzh.ch/en/document?edcs-id=EDCS-32201739","persons":[{"nomen":"","gender":"male","raw_name":"Florent()","cognomen":"Florentius"}]}},{"type":"Feature","geometry":{"type":"Point","coordinates":[7.6,43.79]},"properties":{"edcs_id":"EDCS-32201740","findspot":"Ventimiglia / Albintimilium","raw_text":"[C(ai)] Clo(di) Suc(cessi)","date_from":null,"date_to":null,"marker_gender":"male","is_individual":false,"edcs_url":"https://edcs.hist.uzh.ch/en/document?edcs-id=EDCS-32201740","persons":[{"nomen":"Clodius","gender":"male","raw_name":"[C(ai)] Clo(di) Suc(cessi)","praenomen":"Caius","cognomen":"Successus"}]}},{"type":"Feature","geometry":{"type":"Point","coordinates":[7.6,43.79]},"properties":{"edcs_id":"EDCS-32201741","findspot":"Ventimiglia / Albintimilium","raw_text":"L(ucius) Fabric(ius) Mas(clus)","date_from":null,"date_to":null,"marker_gender":"male","is_individual":false,"edcs_url":"https://edcs.hist.uzh.ch/en/document?edcs-id=EDCS-32201741","persons":[{"nomen":"Fabricius","gender":"male","raw_name":"L(ucius) Fabric(ius) Mas(clus)","praenomen":"Lucius","cognomen":"Masclus"}]}},{"type":"Feature","geometry":{"type":"Point","coordinates":[8.19,44.49]},"properties":{"edcs_id":"EDCS-32300824","findspot":"Castelletto Uzzone / Augusta Bagiennorum","raw_text":"L(uci) Arre(ni) Maur(iani) Ana[u(ni)]","date_from":null,"date_to":null,"marker_gender":"male","is_individual":false,"edcs_url":"https://edcs.hist.uzh.ch/en/document?edcs-id=EDCS-32300824","persons":[{"nomen":"Arrenius","gender":"male","raw_name":"L. Arre. Maur. Anau.","praenomen":"Lucius","cognomen":"Maurianus"}]}},{"type":"Feature","geometry":{"type":"Point","coordinates":[7.33,44.89]},"properties":{"edcs_id":"EDCS-32300849","findspot":"Pinerolo / Forum Vibii Caburrum","raw_text":"L(uci) Aeli / Anthii","date_from":null,"date_to":null,"marker_gender":"male","is_individual":false,"edcs_url":"https://edcs.hist.uzh.ch/en/document?edcs-id=EDCS-32300849","persons":[{"nomen":"Aelius","gender":"male","raw_name":"L. Aeli Anthii","praenomen":"Lucius","cognomen":"Anthius"}]}},{"type":"Feature","geometry":{"type":"Point","coordinates":[7.71,44.42]},"properties":{"edcs_id":"EDCS-32300850","findspot":"Morozzo / Augusta Bagiennorum","raw_text":"L(uci) Cl(audi) Puri","date_from":null,"date_to":null,"marker_gender":"male","is_individual":false,"edcs_url":"https://edcs.hist.uzh.ch/en/document?edcs-id=EDCS-32300850","persons":[{"nomen":"Claudius","gender":"male","raw_name":"L. Cl. Puri","praenomen":"Lucius","cognomen":"Purus"}]}},{"type":"Feature","geometry":{"type":"Point","coordinates":[7.71,44.42]},"properties":{"edcs_id":"EDCS-32300851","findspot":"Morozzo / Augusta Bagiennorum","raw_text":"Sasae Coci","date_from":null,"date_to":null,"marker_gender":"male","is_individual":false,"edcs_url":"https://edcs.hist.uzh.ch/en/document?edcs-id=EDCS-32300851","persons":[{"nomen":"","gender":"unknown","raw_name":"Sasae","cognomen":"Sasa"},{"nomen":"","gender":"male","raw_name":"Coci","cognomen":"Cocus"}]}},{"type":"Feature","geometry":{"type":"Point","coordinates":[7.83,44.54]},"properties":{"edcs_id":"EDCS-32300852","findspot":"Bene Vagienna / Augusta Bagiennorum","raw_text":"Coccei","date_from":null,"date_to":null,"marker_gender":"unknown","is_individual":false,"edcs_url":"https://edcs.hist.uzh.ch/en/document?edcs-id=EDCS-32300852","persons":[{"nomen":"Cocceius","gender":"unknown","raw_name":"Coccei"}]}},{"type":"Feature","geometry":{"type":"Point","coordinates":[8.62,44.91]},"properties":{"edcs_id":"EDCS-32300853","findspot":"Alessandria / Forum Fulvii","raw_text":"L(uci) Viri Vi/talini","date_from":null,"date_to":null,"marker_gender":"male","is_individual":true,"edcs_url":"https://edcs.hist.uzh.ch/en/document?edcs-id=EDCS-32300853","persons":[{"nomen":"Viri","gender":"male","raw_name":"L. Viri Vitalini","praenomen":"Lucius","cognomen":"Vitalinus"}]}},{"type":"Feature","geometry":{"type":"Point","coordinates":[8.62,44.91]},"properties":{"edcs_id":"EDCS-32300854","findspot":"Alessandria / Forum Fulvii","raw_text":"Vibiani","date_from":null,"date_to":null,"marker_gender":"male","is_individual":true,"edcs_url":"https://edcs.hist.uzh.ch/en/document?edcs-id=EDCS-32300854","persons":[{"nomen":"","gender":"male","raw_name":"Vibiani","cognomen":"Vibianus"}]}},{"type":"Feature","geometry":{"type":"Point","coordinates":[8.62,44.91]},"properties":{"edcs_id":"EDCS-32300855","findspot":"Alessandria / Forum Fulvii","raw_text":"Fortis","date_from":null,"date_to":null,"marker_gender":"male","is_individual":true,"edcs_url":"https://edcs.hist.uzh.ch/en/document?edcs-id=EDCS-32300855","persons":[{"nomen":"","gender":"male","raw_name":"Fortis","cognomen":"Fortis"}]}},{"type":"Feature","geometry":{"type":"Point","coordinates":[8.62,44.91]},"properties":{"edcs_id":"EDCS-32300857","findspot":"Alessandria / Forum Fulvii","raw_text":"P(ubli) Sepuli{um} P(ubli) f(ilii) // CVVM P CXC","date_from":null,"date_to":null,"marker_gender":"male","is_individual":true,"edcs_url":"https://edcs.hist.uzh.ch/en/document?edcs-id=EDCS-32300857","persons":[{"nomen":"Sepulius","gender":"male","raw_name":"P. Sepuli P. f.","praenomen":"Publius"}]}},{"type":"Feature","geometry":null,"properties":{"edcs_id":"EDCS-32300858","findspot":"Mellea","raw_text":"L(uci) Urvini Thiasi","date_from":null,"date_to":null,"marker_gender":"male","is_individual":true,"edcs_url":"https://edcs.hist.uzh.ch/en/document?edcs-id=EDCS-32300858","persons":[{"nomen":"Urvinus","gender":"male","raw_name":"L. Urvini Thiasi","praenomen":"Lucius","cognomen":"Thiasus"}]}},{"type":"Feature","geometry":{"type":"Point","coordinates":[9.01,44.99]},"properties":{"edcs_id":"EDCS-32300859","findspot":"Voghera / Forum Iulii Iriensium","raw_text":"Asciae Acuri","date_from":null,"date_to":null,"marker_gender":"female","is_individual":false,"edcs_url":"https://edcs.hist.uzh.ch/en/document?edcs-id=EDCS-32300859","persons":[{"nomen":"Acuria","gender":"female","raw_name":"Asciae Acuri","cognomen":"Ascia"}]}},{"type":"Feature","geometry":null,"properties":{"edcs_id":"EDCS-32300860","findspot":"Taggia / Tavia","raw_text":"Fortis","date_from":null,"date_to":null,"marker_gender":"male","is_individual":true,"edcs_url":"https://edcs.hist.uzh.ch/en/document?edcs-id=EDCS-32300860","persons":[{"nomen":"","gender":"male","raw_name":"Fortis","cognomen":"Fortis"}]}},{"type":"Feature","geometry":null,"properties":{"edcs_id":"EDCS-32300861","findspot":"Taggia / Tavia","raw_text":"P() Coepisii","date_from":null,"date_to":null,"marker_gender":"male","is_individual":true,"edcs_url":"https://edcs.hist.uzh.ch/en/document?edcs-id=EDCS-32300861","persons":[{"nomen":"Coepisius","gender":"male","raw_name":"P() Coepisii"}]}},{"type":"Feature","geometry":null,"properties":{"edcs_id":"EDCS-32300862","findspot":"Taggia / Tavia","raw_text":"CXX / et Rasi(?) XX","date_from":null,"date_to":null,"marker_gender":"male","is_individual":true,"edcs_url":"https://edcs.hist.uzh.ch/en/document?edcs-id=EDCS-32300862","persons":[{"nomen":"","gender":"male","raw_name":"Rasi","cognomen":"Rasius"}]}},{"type":"Feature","geometry":null,"properties":{"edcs_id":"EDCS-32300863","findspot":"Taggia / Tavia","raw_text":"Proba II |()","date_from":null,"date_to":null,"marker_gender":"female","is_individual":true,"edcs_url":"https://edcs.hist.uzh.ch/en/document?edcs-id=EDCS-32300863","persons":[{"nomen":"","gender":"female","raw_name":"Proba","cognomen":"Proba"}]}},{"type":"Feature","geometry":{"type":"Point","coordinates":[8.02,45.15]},"properties":{"edcs_id":"EDCS-32300873","findspot":"Monteu da Po / Industria","raw_text":"Atimeti","date_from":null,"date_to":null,"marker_gender":"male","is_individual":false,"edcs_url":"https://edcs.hist.uzh.ch/en/document?edcs-id=EDCS-32300873","persons":[{"nomen":"","gender":"male","raw_name":"Atimeti","cognomen":"Atimetus"}]}},{"type":"Feature","geometry":null,"properties":{"edcs_id":"EDCS-32400193","findspot":"El Rosal","raw_text":"Fortis / f(ecit)","date_from":null,"date_to":null,"marker_gender":"male","is_individual":true,"edcs_url":"https://edcs.hist.uzh.ch/en/document?edcs-id=EDCS-32400193","persons":[{"nomen":"","gender":"male","raw_name":"Fortis","cognomen":"Fortis"}]}},{"type":"Feature","geometry":{"type":"Point","coordinates":[7.37,44.79]},"properties":{"edcs_id":"EDCS-32400208","findspot":"Cavour / Cavorre / Forum Vibii Caburrum","raw_text":"Fortis","date_from":null,"date_to":null,"marker_gender":"unknown","is_individual":false,"edcs_url":"https://edcs.hist.uzh.ch/en/document?edcs-id=EDCS-32400208","persons":[{"nomen":"","gender":"unknown","raw_name":"Fortis","cognomen":"Fortis"}]}},{"type":"Feature","geometry":{"type":"Point","coordinates":[8.21,44.9]},"properties":{"edcs_id":"EDCS-32400212","findspot":"Asti / Hasta","raw_text":"Fortis","date_from":null,"date_to":null,"marker_gender":"male","is_individual":false,"edcs_url":"https://edcs.hist.uzh.ch/en/document?edcs-id=EDCS-32400212","persons":[{"nomen":"","gender":"male","raw_name":"Fortis","cognomen":"Fortis"}]}},{"type":"Feature","geometry":{"type":"Point","coordinates":[7.49,44.64]},"properties":{"edcs_id":"EDCS-32400214","findspot":"Saluzzo / Pollentia","raw_text":"Fron(o)","date_from":null,"date_to":null,"marker_gender":"male","is_individual":false,"edcs_url":"https://edcs.hist.uzh.ch/en/document?edcs-id=EDCS-32400214","persons":[{"nomen":"","gender":"male","raw_name":"Fron(o)","cognomen":"Fronto"}]}},{"type":"Feature","geometry":{"type":"Point","coordinates":[7.6,43.79]},"properties":{"edcs_id":"EDCS-32400218","findspot":"Ventimiglia / Albintimilium","raw_text":"Ex of(ficina) Iusti","date_from":null,"date_to":null,"marker_gender":"male","is_individual":false,"edcs_url":"https://edcs.hist.uzh.ch/en/document?edcs-id=EDCS-32400218","persons":[{"nomen":"","gender":"male","raw_name":"Iusti","cognomen":"Iustus"}]}},{"type":"Feature","geometry":{"type":"Point","coordinates":[8.03,44.69]},"properties":{"edcs_id":"EDCS-32400237","findspot":"Alba / Alba Pompeia","raw_text":"P(ubli) V() F()","date_from":null,"date_to":null,"marker_gender":"unknown","is_individual":false,"edcs_url":"https://edcs.hist.uzh.ch/en/document?edcs-id=EDCS-32400237","persons":[{"nomen":"","gender":"unknown","raw_name":"P. V() F()","praenomen":"Publius"}]}},{"type":"Feature","geometry":{"type":"Point","coordinates":[8.93,44.41]},"properties":{"edcs_id":"EDCS-32602056","findspot":"Genova / Genua","raw_text":"Gelli","date_from":null,"date_to":null,"marker_gender":"male","is_individual":false,"edcs_url":"https://edcs.hist.uzh.ch/en/document?edcs-id=EDCS-32602056","persons":[{"nomen":"Gellius","gender":"male","raw_name":"Gelli"}]}},{"type":"Feature","geometry":{"type":"Point","coordinates":[7.9,44.68]},"properties":{"edcs_id":"EDCS-33400672","findspot":"Pollenzo / Pollentia","raw_text":"M(emoriae) / Lolliae M(arci) [3] / C(aius) Trent[ius 3] / [Ce]rialis [","date_from":71,"date_to":130,"marker_gender":"mixed","is_individual":false,"edcs_url":"https://edcs.hist.uzh.ch/en/document?edcs-id=EDCS-33400672","persons":[{"nomen":"Lollia","gender":"female","raw_name":"Lolliae M. [3]"},{"nomen":"Trentius","gender":"male","raw_name":"C. Trent[ius 3] [Ce]rialis","praenomen":"Gaius","cognomen":"Cerialis"}]}},{"type":"Feature","geometry":{"type":"Point","coordinates":[7.83,44.54]},"properties":{"edcs_id":"EDCS-33400674","findspot":"Bene Vagienna / Augusta Bagiennorum","raw_text":"]eracratori Ult(ori) A(ulus) M() [3]","date_from":1,"date_to":100,"marker_gender":"male","is_individual":false,"edcs_url":"https://edcs.hist.uzh.ch/en/document?edcs-id=EDCS-33400674","persons":[{"nomen":"","gender":"male","raw_name":"Geracratori Ultori A. M. [3]","praenomen":"Aulus","cognomen":"Geracrator Ultor"}]}},{"type":"Feature","geometry":{"type":"Point","coordinates":[7.48,44.52]},"properties":{"edcs_id":"EDCS-38001212","findspot":"Stura / Augusta Bagiennorum","raw_text":"C(ai) Br<u=I>tti Praesentis // T(itus) Flavius Modestus fec(it)","date_from":null,"date_to":null,"marker_gender":"male","is_individual":false,"edcs_url":"https://edcs.hist.uzh.ch/en/document?edcs-id=EDCS-38001212","persons":[{"nomen":"Bruttius","gender":"male","raw_name":"C. Brutti Praesentis","praenomen":"Gaius","cognomen":"Praesens"},{"nomen":"Flavius","gender":"male","raw_name":"T. Flavius Modestus","praenomen":"Titus","cognomen":"Modestus"}]}},{"type":"Feature","geometry":{"type":"Point","coordinates":[8.93,44.41]},"properties":{"edcs_id":"EDCS-39200606","findspot":"Genova / Genua","raw_text":"Μάνης κεραμεύς / Εὐρῶπα Μάνους γυνή","date_from":null,"date_to":null,"marker_gender":"mixed","is_individual":false,"edcs_url":"https://edcs.hist.uzh.ch/en/document?edcs-id=EDCS-39200606","persons":[{"nomen":"","gender":"male","raw_name":"Μάνης","cognomen":"Manes","status":"kerameus","is_deity":true,"cluster_confidence":"excluded"},{"nomen":"","gender":"female","raw_name":"Εὐρῶπα","cognomen":"Europa","status":"uxor Manes"}]}},{"type":"Feature","geometry":null,"properties":{"edcs_id":"EDCS-39200607","findspot":"Bordighera / Albintimilium","raw_text":"Η / Α Θ / (Γ)ναῖον / Οὐέργιον / Πάριν Κά/τλου ἀπελεύ/θερον ἰα{ν}τρό(ν) / Πόπλιον Κ(α)λ/πούρ{ι}νιον Ὕ/περον Λίνου / ἀπελεύθερον / Μαί(κ)ιον / Ἰανουά/ριο[ν] / (Ε)ὐόδου / ἀπελεύ/θερον / Σέρ(γ)ιον / Ἀθήναιο[ν] / Ὑπ(ε)ρίδο[υ](?) / ἀπε/λεύθε[ρον]","date_from":null,"date_to":null,"marker_gender":"male","is_individual":true,"edcs_url":"https://edcs.hist.uzh.ch/en/document?edcs-id=EDCS-39200607","persons":[{"nomen":"","gender":"male","raw_name":"Α. Ἀθαναῖον","cognomen":"Athanaios","status":"libertus Catli, medicus"},{"nomen":"Calpurnius","gender":"male","raw_name":"Πόπλιον Καλπουρ{ι}νιον Ὕπερον","cognomen":"Hyper","status":"libertus"},{"nomen":"Maecius","gender":"male","raw_name":"Μαί(κ)ιον Ἰανουά ριο[ν] (Ε)ὐόδου","cognomen":"Ianuarius","status":"libertus Evodou"},{"nomen":"Sergius","gender":"male","raw_name":"Σέρ(γ)ιον Ἀθήναιο[ν] Ὑπ(ε)ρίδο[υ]","cognomen":"Athenaeus","status":"libertus Hyperidos"}]}},{"type":"Feature","geometry":{"type":"Point","coordinates":[7.9,44.68]},"properties":{"edcs_id":"EDCS-41700253","findspot":"Pollenzo / Pollentia","raw_text":"L(ucius) Veianius / C(ai) f(ilius) Tertius / D<i=E>anae / v(otum) s(olvit) l(ibens) [m(erito)]","date_from":null,"date_to":null,"marker_gender":"male","is_individual":false,"edcs_url":"https://edcs.hist.uzh.ch/en/document?edcs-id=EDCS-41700253","persons":[{"nomen":"Veianius","gender":"male","raw_name":"L. Veianius C. f. Tertius","praenomen":"Lucius","cognomen":"Tertius","status":"votum solvit libens merito"}]}},{"type":"Feature","geometry":{"type":"Point","coordinates":[8.86,44.9]},"properties":{"edcs_id":"EDCS-46600867","findspot":"Tortona / Dertona","raw_text":"] A(uli) Iuli L(uci) / [3] VIvir(i) / [","date_from":1,"date_to":100,"marker_gender":"male","is_individual":false,"edcs_url":"https://edcs.hist.uzh.ch/en/document?edcs-id=EDCS-46600867","persons":[{"nomen":"Iulius","gender":"male","raw_name":"A. Iuli L.","praenomen":"Aulus","status":"VIvir"}]}},{"type":"Feature","geometry":{"type":"Point","coordinates":[8.22,44.05]},"properties":{"edcs_id":"EDCS-46600868","findspot":"Albenga / Albingaunum","raw_text":"Iustus diac(conu)s","date_from":null,"date_to":null,"marker_gender":"male","is_individual":false,"edcs_url":"https://edcs.hist.uzh.ch/en/document?edcs-id=EDCS-46600868","persons":[{"nomen":"","gender":"male","raw_name":"Iustus diac(conu)s","cognomen":"Iustus","status":"diaconus"}]}},{"type":"Feature","geometry":null,"properties":{"edcs_id":"EDCS-47900259","findspot":"San Giovanni","raw_text":"C(ai) Messi L(uci) f(ilii)","date_from":null,"date_to":null,"marker_gender":"male","is_individual":true,"edcs_url":"https://edcs.hist.uzh.ch/en/document?edcs-id=EDCS-47900259","persons":[{"nomen":"Messius","gender":"male","raw_name":"C. Messi L. f.","praenomen":"Gaius","status":"filius Lucii"}]}},{"type":"Feature","geometry":null,"properties":{"edcs_id":"EDCS-48000134","findspot":"Bargone","raw_text":"Communis","date_from":null,"date_to":null,"marker_gender":"unknown","is_individual":true,"edcs_url":"https://edcs.hist.uzh.ch/en/document?edcs-id=EDCS-48000134","persons":[{"nomen":"","gender":"unknown","raw_name":"Communis","cognomen":"Communis"}]}},{"type":"Feature","geometry":{"type":"Point","coordinates":[8.47,44.68]},"properties":{"edcs_id":"EDCS-48700839","findspot":"Acqui Terme / Aquae Statiellae","raw_text":"Licinia / Primigenia / pro se suisque / consensu deorum / dearumq(ue) omnium / v(otum) s(olvit) l(ibens) m(erito)","date_from":1,"date_to":200,"marker_gender":"female","is_individual":false,"edcs_url":"https://edcs.hist.uzh.ch/en/document?edcs-id=EDCS-48700839","persons":[{"nomen":"Licinia","gender":"female","raw_name":"Licinia Primigenia","cognomen":"Primigenia","status":"consensu deorum dearumque omnium, votum solvit libens merito"}]}},{"type":"Feature","geometry":{"type":"Point","coordinates":[8.47,44.68]},"properties":{"edcs_id":"EDCS-48700845","findspot":"Acqui Terme / Aquae Statiellae","raw_text":"M(arco) Maio M(arci) f(ilio) / Tro(mentina) / Marcello / an(norum) XX / filio [3] pater / p(osuit)","date_from":1,"date_to":200,"marker_gender":"male","is_individual":false,"edcs_url":"https://edcs.hist.uzh.ch/en/document?edcs-id=EDCS-48700845","persons":[{"nomen":"Maius","gender":"male","raw_name":"M. Maio M. f. Tro. Marcello","praenomen":"Marcus","cognomen":"Marcellus","status":"tribus: Tromentina"}]}},{"type":"Feature","geometry":{"type":"Point","coordinates":[8.47,44.68]},"properties":{"edcs_id":"EDCS-48700846","findspot":"Acqui Terme / Aquae Statiellae","raw_text":"] / L(uci) f(ilius) Onitus fra(ter) / et Prisca / Vibia mater / et Petronia / Q(uinti) f(ilia) Vera avia [m(onumentum?)] p(osuerunt) / in fr(onte) p(edes) XIX / in ag(ro) p(edes) XX","date_from":1,"date_to":50,"marker_gender":"mixed","is_individual":false,"edcs_url":"https://edcs.hist.uzh.ch/en/document?edcs-id=EDCS-48700846","persons":[{"nomen":"","gender":"male","raw_name":"L. f. Onitus","cognomen":"Onitus","status":"frater"},{"nomen":"Vibia","gender":"female","raw_name":"Prisca Vibia","cognomen":"Prisca","status":"mater"},{"nomen":"","gender":"female","raw_name":"Petronia Q. f. Vera","cognomen":"Vera","status":"avia, filia Quinti"}]}},{"type":"Feature","geometry":{"type":"Point","coordinates":[8.47,44.68]},"properties":{"edcs_id":"EDCS-48700847","findspot":"Acqui Terme / Aquae Statiellae","raw_text":"]ci [3] / [3]tri / [3] M(arci) f(ilia) Tertia / [d(e) s(ua)] p(ecunia) v(iva) p(osuit)","date_from":1,"date_to":100,"marker_gender":"female","is_individual":false,"edcs_url":"https://edcs.hist.uzh.ch/en/document?edcs-id=EDCS-48700847","persons":[{"nomen":"","gender":"female","raw_name":"[3] M. f. Tertia","cognomen":"Tertia"}]}},{"type":"Feature","geometry":{"type":"Point","coordinates":[8.47,44.68]},"properties":{"edcs_id":"EDCS-48700851","findspot":"Acqui Terme / Aquae Statiellae","raw_text":"]io Cons[3] / [3]atis","date_from":271,"date_to":330,"marker_gender":"male","is_individual":false,"edcs_url":"https://edcs.hist.uzh.ch/en/document?edcs-id=EDCS-48700851","persons":[{"nomen":"","gender":"male","raw_name":"Cons[3]","cognomen":"Constans"}]}},{"type":"Feature","geometry":{"type":"Point","coordinates":[8.93,44.41]},"properties":{"edcs_id":"EDCS-51400949","findspot":"Genova / Genua","raw_text":"[I]mp(eratoris) Nervae Traiani Caesar(is) Aug(usti) Ger(manici) Dacici / sub cura C(ai) P[o]mpon(i) Hylli proc(uratoris) off(icinatore) Telesph(oro) ser(vo)","date_from":102,"date_to":117,"marker_gender":"male","is_individual":false,"edcs_url":"https://edcs.hist.uzh.ch/en/document?edcs-id=EDCS-51400949","persons":[{"nomen":"Pomponius","gender":"male","raw_name":"C. P[o]mpon(i) Hylli","praenomen":"Gaius","cognomen":"Hyllus","status":"procurator"},{"nomen":"","gender":"male","raw_name":"Telesph(oro)","cognomen":"Telesphorus","status":"servus, officinator"}]}},{"type":"Feature","geometry":{"type":"Point","coordinates":[7.55,44.39]},"properties":{"edcs_id":"EDCS-51700879","findspot":"Cuneo","raw_text":"Quintus / Caturlius","date_from":null,"date_to":null,"marker_gender":"male","is_individual":false,"edcs_url":"https://edcs.hist.uzh.ch/en/document?edcs-id=EDCS-51700879","persons":[{"nomen":"","gender":"male","raw_name":"Quintus","cognomen":"Quintus"},{"nomen":"","gender":"male","raw_name":"Caturlius","cognomen":"Caturlius"}]}},{"type":"Feature","geometry":{"type":"Point","coordinates":[8.93,44.41]},"properties":{"edcs_id":"EDCS-52300948","findspot":"Genova / Genua","raw_text":"[St]ati Mar(ci) / [Lu]cifer","date_from":null,"date_to":null,"marker_gender":"male","is_individual":false,"edcs_url":"https://edcs.hist.uzh.ch/en/document?edcs-id=EDCS-52300948","persons":[{"nomen":"Statius","gender":"male","raw_name":"[St]ati"},{"nomen":"","gender":"male","raw_name":"[Lu]cifer","cognomen":"Lucifer"}]}},{"type":"Feature","geometry":{"type":"Point","coordinates":[8.47,44.68]},"properties":{"edcs_id":"EDCS-52600311","findspot":"Acqui Terme / Aquae Statiellae","raw_text":"]nia / [3 A]mpliata / [3] et / [","date_from":null,"date_to":null,"marker_gender":"female","is_individual":false,"edcs_url":"https://edcs.hist.uzh.ch/en/document?edcs-id=EDCS-52600311","persons":[{"nomen":"","gender":"female","raw_name":"[3 A]mpliata","cognomen":"Ampliata"}]}},{"type":"Feature","geometry":{"type":"Point","coordinates":[8.47,44.68]},"properties":{"edcs_id":"EDCS-55702027","findspot":"Acqui Terme / Aquae Statiellae","raw_text":"Murri","date_from":null,"date_to":null,"marker_gender":"male","is_individual":false,"edcs_url":"https://edcs.hist.uzh.ch/en/document?edcs-id=EDCS-55702027","persons":[{"nomen":"","gender":"male","raw_name":"Murri","cognomen":"Murrus","cluster_id":912,"cluster_size":2,"cluster_confidence":"low"}]}},{"type":"Feature","geometry":{"type":"Point","coordinates":[8.47,44.68]},"properties":{"edcs_id":"EDCS-55702028","findspot":"Acqui Terme / Aquae Statiellae","raw_text":"Zoili","date_from":null,"date_to":null,"marker_gender":"male","is_individual":false,"edcs_url":"https://edcs.hist.uzh.ch/en/document?edcs-id=EDCS-55702028","persons":[{"nomen":"","gender":"male","raw_name":"Zoili","cognomen":"Zoilus"}]}},{"type":"Feature","geometry":{"type":"Point","coordinates":[8.47,44.68]},"properties":{"edcs_id":"EDCS-55702029","findspot":"Acqui Terme / Aquae Statiellae","raw_text":"Avili","date_from":null,"date_to":null,"marker_gender":"male","is_individual":false,"edcs_url":"https://edcs.hist.uzh.ch/en/document?edcs-id=EDCS-55702029","persons":[{"nomen":"Avilius","gender":"male","raw_name":"Avili"}]}},{"type":"Feature","geometry":{"type":"Point","coordinates":[8.47,44.68]},"properties":{"edcs_id":"EDCS-55702030","findspot":"Acqui Terme / Aquae Statiellae","raw_text":"Murri","date_from":null,"date_to":null,"marker_gender":"male","is_individual":false,"edcs_url":"https://edcs.hist.uzh.ch/en/document?edcs-id=EDCS-55702030","persons":[{"nomen":"","gender":"male","raw_name":"Murri","cognomen":"Murrus","cluster_id":912,"cluster_size":2,"cluster_confidence":"low"}]}},{"type":"Feature","geometry":null,"properties":{"edcs_id":"EDCS-55702084","findspot":"Villafranca d'Asti","raw_text":"Aelia L(uci) f(ilia) / Maxuma(!) / uxor","date_from":null,"date_to":null,"marker_gender":"female","is_individual":true,"edcs_url":"https://edcs.hist.uzh.ch/en/document?edcs-id=EDCS-55702084","persons":[{"nomen":"Aelia","gender":"female","raw_name":"Aelia L. f. Maxuma","cognomen":"Maxuma","status":"filia Lucii, uxor"}]}},{"type":"Feature","geometry":{"type":"Point","coordinates":[8.03,44.69]},"properties":{"edcs_id":"EDCS-55900156","findspot":"Alba / Alba Pompeia","raw_text":"V(ivus) f(ecit) / C(aius) Atilius L(uci) f(ilius) / Cam(ilia) sibi et / [","date_from":null,"date_to":null,"marker_gender":"male","is_individual":false,"edcs_url":"https://edcs.hist.uzh.ch/en/document?edcs-id=EDCS-55900156","persons":[{"nomen":"Atilius","gender":"male","raw_name":"C. Atilius L. f. Cam.","praenomen":"Gaius","status":"tribus: Camilia"}]}},{"type":"Feature","geometry":{"type":"Point","coordinates":[8.12,44.73]},"properties":{"edcs_id":"EDCS-55900157","findspot":"Neive / Alba Pompeia","raw_text":"] / C(aius) Attius / T(iti) f(ilius) Cam(ilia) t(estamento) f(ieri) i(ussit) / Valeria Sex(ti) f(ilia) Tertia / ma[te]r faciend(um) / cur(avit)","date_from":null,"date_to":null,"marker_gender":"mixed","is_individual":false,"edcs_url":"https://edcs.hist.uzh.ch/en/document?edcs-id=EDCS-55900157","persons":[{"nomen":"Attius","gender":"male","raw_name":"C. Attius T. f. Cam.","praenomen":"Gaius","status":"tribus: Camilia"},{"nomen":"Valeria","gender":"female","raw_name":"Valeria Sex. f. Tertia","cognomen":"Tertia","status":"filia Sexti, mater","cluster_id":507,"cluster_size":3}]}},{"type":"Feature","geometry":{"type":"Point","coordinates":[8.86,44.9]},"properties":{"edcs_id":"EDCS-56500049","findspot":"Tortona / Dertona","raw_text":"[3 M]ario M(arci) f(ilio) / Liberto trib(uno) co/hor(tis) [3] Mariae M(arci) f(iliae) / Pupa[e sor]ori [3] Mario M(arci) f(ilio) / [3] pat<r=E>[i] F<lav=IL>iae(?) Quintae / [uxo]ri Helix et / Florus liberti d(e) s(uo) p(osuerunt)","date_from":1,"date_to":200,"marker_gender":"mixed","is_individual":false,"edcs_url":"https://edcs.hist.uzh.ch/en/document?edcs-id=EDCS-56500049","persons":[{"nomen":"Marius","gender":"male","raw_name":"[3 M]ario M. f. Liberto trib. cohor.","praenomen":"Marcus","cognomen":"Libertus","status":"tribunus cohortis"},{"nomen":"Maria","gender":"female","raw_name":"Mariae M. f. Pupa[e sor]ori","cognomen":"Pupa","status":"filia Marci, soror"},{"nomen":"Marius","gender":"male","raw_name":"[3] Mario M. f. [3] pat<r=E>[i]","praenomen":"Marcus","status":"pater"},{"nomen":"Flavia","gender":"female","raw_name":"F<lav=IL>iae(?) Quintae [uxo]ri","cognomen":"Quinta","status":"uxor"},{"nomen":"","gender":"male","raw_name":"Helix","cognomen":"Helix","status":"libertus"},{"nomen":"","gender":"male","raw_name":"Florus","cognomen":"Florus","status":"libertus"}]}},{"type":"Feature","geometry":{"type":"Point","coordinates":[8.86,44.9]},"properties":{"edcs_id":"EDCS-56500058","findspot":"Tortona / Dertona","raw_text":"D(is) M(anibus) / Corneliae / Crysogone / Q(uintus) Valerius / Verus / [c]o(n)iugi sanc[t(issimae)] / [quae] vix(it) me(cum) an(nos) XXXV/IIII","date_from":151,"date_to":200,"marker_gender":"mixed","is_individual":false,"edcs_url":"https://edcs.hist.uzh.ch/en/document?edcs-id=EDCS-56500058","persons":[{"nomen":"Cornelia","gender":"female","raw_name":"Corneliae Crysogone","cognomen":"Chrysogone","status":"sanctissima, uxor"},{"nomen":"Valerius","gender":"male","raw_name":"Q. Valerius Verus","praenomen":"Quintus","cognomen":"Verus","status":"coniunx"}]}},{"type":"Feature","geometry":{"type":"Point","coordinates":[8.86,44.9]},"properties":{"edcs_id":"EDCS-56500059","findspot":"Tortona / Dertona","raw_text":"]PON[3] / [3] Privat[","date_from":1,"date_to":100,"marker_gender":"male","is_individual":false,"edcs_url":"https://edcs.hist.uzh.ch/en/document?edcs-id=EDCS-56500059","persons":[{"nomen":"","gender":"male","raw_name":"Privat[","cognomen":"Privatus"}]}},{"type":"Feature","geometry":{"type":"Point","coordinates":[8.86,44.9]},"properties":{"edcs_id":"EDCS-56500060","findspot":"Tortona / Dertona","raw_text":"] Rufo / [3] t(estamento) f(ieri) i(ussit)","date_from":1,"date_to":200,"marker_gender":"male","is_individual":false,"edcs_url":"https://edcs.hist.uzh.ch/en/document?edcs-id=EDCS-56500060","persons":[{"nomen":"","gender":"male","raw_name":"Rufo","cognomen":"Rufus"}]}},{"type":"Feature","geometry":{"type":"Point","coordinates":[8.86,44.9]},"properties":{"edcs_id":"EDCS-56500065","findspot":"Tortona / Dertona","raw_text":"Sub cu(ra) P(ubli) Val(eri) Sab(ini) / fa(cit) Ianuarius","date_from":51,"date_to":150,"marker_gender":"male","is_individual":false,"edcs_url":"https://edcs.hist.uzh.ch/en/document?edcs-id=EDCS-56500065","persons":[{"nomen":"Valerius","gender":"male","raw_name":"P. Val. Sab.","praenomen":"Publius","cognomen":"Sabinus"},{"nomen":"","gender":"male","raw_name":"Ianuarius","cognomen":"Ianuarius"}]}},{"type":"Feature","geometry":{"type":"Point","coordinates":[8.86,44.9]},"properties":{"edcs_id":"EDCS-56500121","findspot":"Tortona / Dertona","raw_text":"Sex(tus?) [","date_from":1,"date_to":200,"marker_gender":"male","is_individual":false,"edcs_url":"https://edcs.hist.uzh.ch/en/document?edcs-id=EDCS-56500121","persons":[{"nomen":"","gender":"male","raw_name":"Sex(tus?) [","praenomen":"Sextus"}]}},{"type":"Feature","geometry":{"type":"Point","coordinates":[8.87,44.9]},"properties":{"edcs_id":"EDCS-57600004","findspot":"Tortona / Dertona","raw_text":"[A]sclae A(uli) Curti","date_from":null,"date_to":null,"marker_gender":"male","is_individual":false,"edcs_url":"https://edcs.hist.uzh.ch/en/document?edcs-id=EDCS-57600004","persons":[{"nomen":"Curtius","gender":"male","raw_name":"[A]sclae A. Curti","praenomen":"Aulus","cognomen":"Ascla"}]}},{"type":"Feature","geometry":{"type":"Point","coordinates":[8.22,44.05]},"properties":{"edcs_id":"EDCS-59100004","findspot":"Albenga / Albingaunum","raw_text":"T(iti) Betulici / a(nnorum) XXXV","date_from":null,"date_to":null,"marker_gender":"male","is_individual":false,"edcs_url":"https://edcs.hist.uzh.ch/en/document?edcs-id=EDCS-59100004","persons":[{"nomen":"Betulicius","gender":"male","raw_name":"T. Betulici"}]}},{"type":"Feature","geometry":{"type":"Point","coordinates":[8.86,44.71]},"properties":{"edcs_id":"EDCS-60700072","findspot":"Serravalle Scrivia / Libarna","raw_text":"Pulli","date_from":null,"date_to":null,"marker_gender":"male","is_individual":false,"edcs_url":"https://edcs.hist.uzh.ch/en/document?edcs-id=EDCS-60700072","persons":[{"nomen":"Pullius","gender":"male","raw_name":"Pulli"}]}},{"type":"Feature","geometry":{"type":"Point","coordinates":[8.48,44.31]},"properties":{"edcs_id":"EDCS-60700079","findspot":"Savona / Savo","raw_text":"P(ubli) M() Scribon(i)","date_from":null,"date_to":null,"marker_gender":"male","is_individual":false,"edcs_url":"https://edcs.hist.uzh.ch/en/document?edcs-id=EDCS-60700079","persons":[{"nomen":"Scribonius","gender":"male","raw_name":"P. M() Scribon.","praenomen":"Publius"}]}},{"type":"Feature","geometry":null,"properties":{"edcs_id":"EDCS-61700699","findspot":"Bobbio / Bobium / Ebovium / Libarna","raw_text":"C(ai) Coccei Alexandri / C(aius) Cocceius Terentianus / patri pientissimo","date_from":null,"date_to":null,"marker_gender":"male","is_individual":true,"edcs_url":"https://edcs.hist.uzh.ch/en/document?edcs-id=EDCS-61700699","persons":[{"nomen":"Cocceius","gender":"male","raw_name":"C. Coccei Alexandri","praenomen":"Gaius","cognomen":"Alexander"},{"nomen":"Cocceius","gender":"male","raw_name":"C. Cocceius Terentianus","praenomen":"Gaius","cognomen":"Terentianus","status":"patri pientissimo"}]}},{"type":"Feature","geometry":{"type":"Point","coordinates":[7.83,44.54]},"properties":{"edcs_id":"EDCS-65800089","findspot":"Bene Vagienna / Augusta Bagiennorum","raw_text":"Secu(ndi?)","date_from":null,"date_to":null,"marker_gender":"male","is_individual":false,"edcs_url":"https://edcs.hist.uzh.ch/en/document?edcs-id=EDCS-65800089","persons":[{"nomen":"","gender":"male","raw_name":"Secu(ndi?)","cognomen":"Secundus"}]}},{"type":"Feature","geometry":{"type":"Point","coordinates":[8.47,44.68]},"properties":{"edcs_id":"EDCS-65900088","findspot":"Acqui Terme / Aquae Statiellae","raw_text":"C(aio) Valerio M(arci) f(ilio) / Tromen(tina) Albo / [3 v]iro / q[ui] viam [3] / [3]bus str(avit) / thermas e[3] / Aquenses Stat(iellenses) / [6] / [3]ME[","date_from":null,"date_to":null,"marker_gender":"male","is_individual":false,"edcs_url":"https://edcs.hist.uzh.ch/en/document?edcs-id=EDCS-65900088","persons":[{"nomen":"Valerius","gender":"male","raw_name":"C. Valerio M. f. Tromen. Albo","praenomen":"Gaius","cognomen":"Albus","status":"tribus: Tromentina"}]}},{"type":"Feature","geometry":{"type":"Point","coordinates":[7.6,43.79]},"properties":{"edcs_id":"EDCS-70900548","findspot":"Ventimiglia / Albintimilium","raw_text":"Aufidius Decianus / Blattuniae Valeriae / coniugi bene merenti / fecit","date_from":1,"date_to":50,"marker_gender":"mixed","is_individual":false,"edcs_url":"https://edcs.hist.uzh.ch/en/document?edcs-id=EDCS-70900548","persons":[{"nomen":"Aufidius","gender":"male","raw_name":"Aufidius Decianus","cognomen":"Decianus"},{"nomen":"Blattunia","gender":"female","raw_name":"Blattuniae Valeriae","cognomen":"Valeria","status":"coniunx"}]}},{"type":"Feature","geometry":{"type":"Point","coordinates":[8.86,44.71]},"properties":{"edcs_id":"EDCS-70900728","findspot":"Libarna","raw_text":"Pietas / Dianae / pos(u)it","date_from":1,"date_to":50,"marker_gender":"female","is_individual":true,"edcs_url":"https://edcs.hist.uzh.ch/en/document?edcs-id=EDCS-70900728","persons":[{"nomen":"","gender":"female","raw_name":"Pietas","cognomen":"Pietas","is_deity":true,"cluster_confidence":"excluded"}]}},{"type":"Feature","geometry":{"type":"Point","coordinates":[8.03,44.69]},"properties":{"edcs_id":"EDCS-71300053","findspot":"Alba / Alba Pompeia","raw_text":"] St(ati) l(iberto) / [3]ae Aug(ustali) / [p]atri / [3]aniae Comice / sorori / [3]eciliae Primi/geniae libert(ae)","date_from":31,"date_to":70,"marker_gender":"female","is_individual":false,"edcs_url":"https://edcs.hist.uzh.ch/en/document?edcs-id=EDCS-71300053","persons":[{"nomen":"","gender":"female","raw_name":"[3]aniae Comice","cognomen":"Comice","status":"soror"},{"nomen":"","gender":"female","raw_name":"[3]eciliae Primigeniae libert(ae)","cognomen":"Primigenia","status":"liberta"}]}},{"type":"Feature","geometry":{"type":"Point","coordinates":[8.03,44.69]},"properties":{"edcs_id":"EDCS-71300055","findspot":"Alba / Alba Pompeia","raw_text":"D(is) M(anibus) // Aeburcelliae / G(ai!) f(iliae) Ingenuae / L(ucius) Aebutius Carpo/forus coniugis / obsequium signu/m solamen amoris / h<u=O>nc titulum pos/uit confusa mente / maritus","date_from":101,"date_to":150,"marker_gender":"mixed","is_individual":false,"edcs_url":"https://edcs.hist.uzh.ch/en/document?edcs-id=EDCS-71300055","persons":[{"nomen":"Aeburcellia","gender":"female","raw_name":"Aeburcelliae G. f. Ingenuae","cognomen":"Ingenua","status":"filia Gai"},{"nomen":"Aebutius","gender":"male","raw_name":"L. Aebutius Carpo forus","praenomen":"Lucius","cognomen":"Carpoforus","status":"coniux, maritus"}]}},{"type":"Feature","geometry":{"type":"Point","coordinates":[8.03,44.69]},"properties":{"edcs_id":"EDCS-71300056","findspot":"Alba / Alba Pompeia","raw_text":"D(is) M(anibus) / Victoris / [","date_from":1,"date_to":100,"marker_gender":"unknown","is_individual":false,"edcs_url":"https://edcs.hist.uzh.ch/en/document?edcs-id=EDCS-71300056","persons":[{"nomen":"","gender":"unknown","raw_name":"Victoris","cognomen":"Victoris"}]}},{"type":"Feature","geometry":null,"properties":{"edcs_id":"EDCS-72800050","findspot":"Rivalta Bormida / Aquae Statiellae","raw_text":"DDD(ominis) nnn(ostris) FFFlll(avis) / Valentiniano / Valenti et Gratia/no victoribus ac / triumfatoribus / se<m=N>per Aug(ustis) / b(ono) r(ei) p(ublicae) n(atis)","date_from":null,"date_to":null,"marker_gender":"male","is_individual":true,"edcs_url":"https://edcs.hist.uzh.ch/en/document?edcs-id=EDCS-72800050","persons":[{"nomen":"Flavius","gender":"male","raw_name":"Valentiniano","cognomen":"Valentinianus","status":"Augustus","is_imperial":true},{"nomen":"Flavius","gender":"male","raw_name":"Valenti","cognomen":"Valens","status":"Augustus","is_imperial":true},{"nomen":"Flavius","gender":"male","raw_name":"Gratiano","cognomen":"Gratianus","status":"Augustus","is_imperial":true}]}},{"type":"Feature","geometry":{"type":"Point","coordinates":[8.22,44.05]},"properties":{"edcs_id":"EDCS-72800113","findspot":"Diano Marina","raw_text":"Felix M(arci) P(ubli) Andi Clemen(tis) s(ervus?) f(ecit)","date_from":null,"date_to":null,"marker_gender":"male","is_individual":false,"edcs_url":"https://edcs.hist.uzh.ch/en/document?edcs-id=EDCS-72800113","persons":[{"nomen":"","gender":"male","raw_name":"Felix M. P. Andi Clementis","cognomen":"Felix","status":"servus Marci et Publi Andi Clementis"}]}},{"type":"Feature","geometry":{"type":"Point","coordinates":[8.22,44.05]},"properties":{"edcs_id":"EDCS-72800114","findspot":"Diano Marina","raw_text":"Hilarus M(arci) P(ubli) / [An]di Clemen(tis) s(ervus?) f(ecit)","date_from":null,"date_to":null,"marker_gender":"male","is_individual":false,"edcs_url":"https://edcs.hist.uzh.ch/en/document?edcs-id=EDCS-72800114","persons":[{"nomen":"","gender":"male","raw_name":"Hilarus","cognomen":"Hilarus","status":"servus"}]}},{"type":"Feature","geometry":{"type":"Point","coordinates":[8.22,44.05]},"properties":{"edcs_id":"EDCS-72800115","findspot":"Diano Marina","raw_text":"C(aius) Pir(anus) Phi(lomusus) fe(cit)","date_from":null,"date_to":null,"marker_gender":"male","is_individual":false,"edcs_url":"https://edcs.hist.uzh.ch/en/document?edcs-id=EDCS-72800115","persons":[{"nomen":"Piranus","gender":"male","raw_name":"C. Pir(anus) Phi(lomusus)","praenomen":"Gaius","cognomen":"Philomusus","cluster_id":405,"cluster_size":3}]}},{"type":"Feature","geometry":{"type":"Point","coordinates":[8.22,44.05]},"properties":{"edcs_id":"EDCS-73300072","findspot":"Albenga / Albingaunum","raw_text":"Hilarus M(arci) P(ubli)","date_from":null,"date_to":null,"marker_gender":"male","is_individual":false,"edcs_url":"https://edcs.hist.uzh.ch/en/document?edcs-id=EDCS-73300072","persons":[{"nomen":"Cassius","gender":"male","raw_name":"Hilarus M. P.","cognomen":"Hilarus"}]}},{"type":"Feature","geometry":{"type":"Point","coordinates":[8.87,44.9]},"properties":{"edcs_id":"EDCS-74100090","findspot":"Tortona / Dertona","raw_text":"T(iti) Silli","date_from":null,"date_to":null,"marker_gender":"male","is_individual":false,"edcs_url":"https://edcs.hist.uzh.ch/en/document?edcs-id=EDCS-74100090","persons":[{"nomen":"Sillius","gender":"male","raw_name":"T. Silli","praenomen":"Titus"}]}},{"type":"Feature","geometry":{"type":"Point","coordinates":[8.87,44.9]},"properties":{"edcs_id":"EDCS-74100091","findspot":"Tortona / Dertona","raw_text":"H(ic) pulvis Aur(eli) / Pruden(ti) Clementis / poetae h(ominis) b(oni)","date_from":null,"date_to":null,"marker_gender":"male","is_individual":false,"edcs_url":"https://edcs.hist.uzh.ch/en/document?edcs-id=EDCS-74100091","persons":[{"nomen":"Aurelius","gender":"male","raw_name":"Aur. Pruden(ti)","cognomen":"Prudens","status":"poeta, homo bonus","cluster_id":665,"cluster_size":2},{"nomen":"","gender":"male","raw_name":"Clementis","cognomen":"Clemens","cluster_id":1212,"cluster_size":2,"cluster_confidence":"low"}]}},{"type":"Feature","geometry":{"type":"Point","coordinates":[8.47,44.68]},"properties":{"edcs_id":"EDCS-74100098","findspot":"Acqui Terme / Aquae Statiellae","raw_text":"Biti","date_from":-10,"date_to":10,"marker_gender":"male","is_individual":false,"edcs_url":"https://edcs.hist.uzh.ch/en/document?edcs-id=EDCS-74100098","persons":[{"nomen":"","gender":"male","raw_name":"Biti","cognomen":"Bitus"}]}},{"type":"Feature","geometry":{"type":"Point","coordinates":[8.47,44.68]},"properties":{"edcs_id":"EDCS-74100099","findspot":"Acqui Terme / Aquae Statiellae","raw_text":"Cn(aeus) Ateius Xanthi","date_from":5,"date_to":50,"marker_gender":"male","is_individual":false,"edcs_url":"https://edcs.hist.uzh.ch/en/document?edcs-id=EDCS-74100099","persons":[{"nomen":"Ateius","gender":"male","raw_name":"Cn. Ateius Xanthi","praenomen":"Gnaeus","cognomen":"Xanthus"}]}},{"type":"Feature","geometry":{"type":"Point","coordinates":[8.47,44.68]},"properties":{"edcs_id":"EDCS-74100100","findspot":"Acqui Terme / Aquae Statiellae","raw_text":"L(ucius) Aemilius Fortis","date_from":51,"date_to":100,"marker_gender":"male","is_individual":false,"edcs_url":"https://edcs.hist.uzh.ch/en/document?edcs-id=EDCS-74100100","persons":[{"nomen":"Aemilius","gender":"male","raw_name":"L. Aemilius Fortis","praenomen":"Lucius","cognomen":"Fortis"}]}},{"type":"Feature","geometry":{"type":"Point","coordinates":[8.47,44.68]},"properties":{"edcs_id":"EDCS-74100101","findspot":"Acqui Terme / Aquae Statiellae","raw_text":"Baulli","date_from":null,"date_to":null,"marker_gender":"male","is_individual":false,"edcs_url":"https://edcs.hist.uzh.ch/en/document?edcs-id=EDCS-74100101","persons":[{"nomen":"","gender":"male","raw_name":"Baulli","cognomen":"Baullus"}]}},{"type":"Feature","geometry":{"type":"Point","coordinates":[8.45,45.14]},"properties":{"edcs_id":"EDCS-74100102","findspot":"Casale Monferrato / Vardagate / Vardacate","raw_text":"C(ai) Murri","date_from":null,"date_to":null,"marker_gender":"male","is_individual":false,"edcs_url":"https://edcs.hist.uzh.ch/en/document?edcs-id=EDCS-74100102","persons":[{"nomen":"Murrius","gender":"male","raw_name":"C. Murri","praenomen":"Gaius"}]}},{"type":"Feature","geometry":{"type":"Point","coordinates":[8.45,45.14]},"properties":{"edcs_id":"EDCS-74100103","findspot":"Casale Monferrato / Vardagate / Vardacate","raw_text":"C(ai) Murri","date_from":null,"date_to":null,"marker_gender":"male","is_individual":false,"edcs_url":"https://edcs.hist.uzh.ch/en/document?edcs-id=EDCS-74100103","persons":[{"nomen":"Murrius","gender":"male","raw_name":"C. Murri","praenomen":"Gaius"}]}},{"type":"Feature","geometry":null,"properties":{"edcs_id":"EDCS-74100107","findspot":"Costigliole Saluzzo","raw_text":"L(uci) Urvini Thiasi","date_from":null,"date_to":null,"marker_gender":"male","is_individual":true,"edcs_url":"https://edcs.hist.uzh.ch/en/document?edcs-id=EDCS-74100107","persons":[{"nomen":"Urvius","gender":"male","raw_name":"L. Urvini Thiasi","praenomen":"Lucius","cognomen":"Thiasus"}]}},{"type":"Feature","geometry":null,"properties":{"edcs_id":"EDCS-74100108","findspot":"Costigliole Saluzzo","raw_text":"L() Mesae","date_from":null,"date_to":null,"marker_gender":"female","is_individual":true,"edcs_url":"https://edcs.hist.uzh.ch/en/document?edcs-id=EDCS-74100108","persons":[{"nomen":"Mesa","gender":"female","raw_name":"L() Mesae"}]}},{"type":"Feature","geometry":{"type":"Point","coordinates":[8.03,44.69]},"properties":{"edcs_id":"EDCS-74100116","findspot":"Alba / Alba Pompeia","raw_text":"XVII p(ondo) XCV // Ab Antonio // Q TP XCIII s(emis) // Ant()","date_from":null,"date_to":null,"marker_gender":"male","is_individual":false,"edcs_url":"https://edcs.hist.uzh.ch/en/document?edcs-id=EDCS-74100116","persons":[{"nomen":"","gender":"male","raw_name":"Antonio","cognomen":"Antonius"}]}},{"type":"Feature","geometry":{"type":"Point","coordinates":[8.03,44.69]},"properties":{"edcs_id":"EDCS-75100019","findspot":"Alba / Alba Pompeia","raw_text":"Imp(eratori) Caesari Fl(avio) Val(erio) / Constantino Pio Fel(ici) / Invicto Aug(usto) / divi Const[anti] Pii Aug(usti) / filio civitas Albae / Pompeiae bono rei p(ublicae) nato","date_from":null,"date_to":null,"marker_gender":"male","is_individual":false,"edcs_url":"https://edcs.hist.uzh.ch/en/document?edcs-id=EDCS-75100019","persons":[{"nomen":"Flavius Valerius","gender":"male","raw_name":"Imp. Caes. Fl. Val. Constantino Pio Fel. Invicto Aug. divi Const[anti] Pii Aug. filio","cognomen":"Constantinus","status":"Imperator Caesar, Pius, Felix, Invictus Augustus, filius divi Constantini Pii Augusti, civitas Albae Pompeiae, bono rei publicae natus","is_imperial":true,"cluster_id":72,"cluster_size":2}]}},{"type":"Feature","geometry":{"type":"Point","coordinates":[8.2,44.67]},"properties":{"edcs_id":"EDCS-76000153","findspot":"Cossano Belbo","raw_text":"M(arco) Virio P(ubli) f(ilio) Cam(ilia) / Valeria uxor","date_from":1,"date_to":50,"marker_gender":"mixed","is_individual":true,"edcs_url":"https://edcs.hist.uzh.ch/en/document?edcs-id=EDCS-76000153","persons":[{"nomen":"Virius","gender":"male","raw_name":"M. Virio P. f. Cam.","praenomen":"Marcus","status":"tribus: Camilia"},{"nomen":"Valeria","gender":"female","raw_name":"Valeria","status":"uxor"}]}},{"type":"Feature","geometry":{"type":"Point","coordinates":[7.6,43.79]},"properties":{"edcs_id":"EDCS-76200236","findspot":"Ventimiglia / Albintimilium","raw_text":"[D(is)] M(anibus?) / [3] Agricola [","date_from":null,"date_to":null,"marker_gender":"male","is_individual":false,"edcs_url":"https://edcs.hist.uzh.ch/en/document?edcs-id=EDCS-76200236","persons":[{"nomen":"","gender":"male","raw_name":"Agricola","cognomen":"Agricola"}]}},{"type":"Feature","geometry":{"type":"Point","coordinates":[9.83,44.11]},"properties":{"edcs_id":"EDCS-76300106","findspot":"La Spezia / Luna","raw_text":"] / L(ucius?) Tit[","date_from":1,"date_to":70,"marker_gender":"male","is_individual":false,"edcs_url":"https://edcs.hist.uzh.ch/en/document?edcs-id=EDCS-76300106","persons":[{"nomen":"Titius","gender":"male","raw_name":"L. Tit[","praenomen":"Lucius"}]}},{"type":"Feature","geometry":{"type":"Point","coordinates":[7.49,44.33]},"properties":{"edcs_id":"EDCS-78200059","findspot":"Borgo San Dalmazzo / Pedona","raw_text":"D(is) M(anibus) / Vito[3] / Nu[3] / Eni[3] / Mi[3] / vix(it) [3] / XV[","date_from":101,"date_to":200,"marker_gender":"male","is_individual":false,"edcs_url":"https://edcs.hist.uzh.ch/en/document?edcs-id=EDCS-78200059","persons":[{"nomen":"","gender":"male","raw_name":"Vito[3]","cognomen":"Vitus"},{"nomen":"","gender":"male","raw_name":"Nu[3]eni[3]","cognomen":"Numenius"},{"nomen":"","gender":"male","raw_name":"Mi[3]","cognomen":"Mius"}]}},{"type":"Feature","geometry":{"type":"Point","coordinates":[8.47,44.68]},"properties":{"edcs_id":"EDCS-80200115","findspot":"Acqui Terme / Aquae Statiellae","raw_text":"M(arco) Val[e]rio / M(arci) l(iberto) Spa[e]ro / VIviro / [g]r(atuito) et Aug(ustali) p(ecunia) s(ua) / pos(uit)","date_from":-30,"date_to":30,"marker_gender":"male","is_individual":false,"edcs_url":"https://edcs.hist.uzh.ch/en/document?edcs-id=EDCS-80200115","persons":[{"nomen":"Valerius","gender":"male","raw_name":"M. Val[e]rio   M. l. Spa[e]ro VIviro   [g]r(atuito) et Aug(ustali)","praenomen":"Marcus","cognomen":"Sphaerus","status":"libertus, VIvir, Augustalis"}]}},{"type":"Feature","geometry":{"type":"Point","coordinates":[8.03,44.69]},"properties":{"edcs_id":"EDCS-81000085","findspot":"Alba / Alba Pompeia","raw_text":"apollini sac / c cornelius c f / germanus / aed iivir praef fabr","date_from":null,"date_to":null,"marker_gender":"male","is_individual":false,"edcs_url":"https://edcs.hist.uzh.ch/en/document?edcs-id=EDCS-81000085","persons":[{"nomen":"Cornelius","gender":"male","raw_name":"C. Cornelius C. f. Germanus aed. IIvir praef. fabr.","praenomen":"Gaius","cognomen":"Germanus","status":"aedilis, IIvir, praefectus fabrum","cluster_id":59,"cluster_size":2}]}},{"type":"Feature","geometry":{"type":"Point","coordinates":[8.03,44.69]},"properties":{"edcs_id":"EDCS-81000086","findspot":"Alba / Alba Pompeia","raw_text":"dianae sac / l didius primus l f aed / q iivir et c fabricius / l f camp[","date_from":null,"date_to":null,"marker_gender":"male","is_individual":false,"edcs_url":"https://edcs.hist.uzh.ch/en/document?edcs-id=EDCS-81000086","persons":[{"nomen":"Didius","gender":"male","raw_name":"L. Didius Primus L. f. aed. IIvir","praenomen":"Lucius","cognomen":"Primus","status":"aedilis, IIvir","cluster_id":60,"cluster_size":2},{"nomen":"Fabricius","gender":"male","raw_name":"C. Fabricius L. f. camp[","praenomen":"Gaius"}]}},{"type":"Feature","geometry":{"type":"Point","coordinates":[8.03,44.69]},"properties":{"edcs_id":"EDCS-81000087","findspot":"Alba / Alba Pompeia","raw_text":"imp t caesar / divi f vespasiano / aug p m trib pot x imp xvii p p / censor cos viii s p q[","date_from":null,"date_to":null,"marker_gender":"male","is_individual":false,"edcs_url":"https://edcs.hist.uzh.ch/en/document?edcs-id=EDCS-81000087","persons":[{"nomen":"Flavius Valerius","gender":"male","raw_name":"Imp. T. Caesar divi f. Vespasiano Aug. p. m. trib. pot. X Imp. XVII p. p. censor cos. VIII s. p. q.","cognomen":"Constantinus","status":"Imperator Caesar, Pius, Felix, Invictus Augustus, filius divi Constantini Pii Augusti","is_imperial":true,"cluster_id":72,"cluster_size":2}]}},{"type":"Feature","geometry":{"type":"Point","coordinates":[8.03,44.69]},"properties":{"edcs_id":"EDCS-81000088","findspot":"Alba / Alba Pompeia","raw_text":"d m / t albritio t f cam / petroniano eq rom / eq publ / petronia c f maxima / mater t f i / in f p xv in ag p LX","date_from":null,"date_to":null,"marker_gender":"mixed","is_individual":false,"edcs_url":"https://edcs.hist.uzh.ch/en/document?edcs-id=EDCS-81000088","persons":[{"nomen":"Albritius","gender":"male","raw_name":"T. Albritio T. f. Cam. Petroniano eq. Rom. eq. publ.","praenomen":"Titus","cognomen":"Petronianus","status":"tribus: Camilia, eques Romanus, equo publico"},{"nomen":"Petronia","gender":"female","raw_name":"Petronia C. f. Maxima","cognomen":"Maxima","status":"filia T. f."}]}},{"type":"Feature","geometry":{"type":"Point","coordinates":[8.03,44.69]},"properties":{"edcs_id":"EDCS-81000089","findspot":"Alba / Alba Pompeia","raw_text":"d m / t severus aug lib / taurionis auphileni / nomenclatoris / a censibus severa uxor / [","date_from":null,"date_to":null,"marker_gender":"mixed","is_individual":false,"edcs_url":"https://edcs.hist.uzh.ch/en/document?edcs-id=EDCS-81000089","persons":[{"nomen":"Severus","gender":"male","raw_name":"T. Severus Aug. lib. Taurionis auphileni nomenclatoris","praenomen":"Titus","cognomen":"Taurionis","status":"Augusti libertus, auphileni nomenclatoris"},{"nomen":"","gender":"female","raw_name":"Severa","cognomen":"Severa","status":"uxor"}]}},{"type":"Feature","geometry":{"type":"Point","coordinates":[8.03,44.69]},"properties":{"edcs_id":"EDCS-81000090","findspot":"Alba / Alba Pompeia","raw_text":"l ucranius c f / domo pedona / mil coh x pr / scipionis / men lib vix / ann xxx m x / mil ann x m vii / fac c / l aufilenus l f et / scx lacl sex f / com[","date_from":null,"date_to":null,"marker_gender":"male","is_individual":false,"edcs_url":"https://edcs.hist.uzh.ch/en/document?edcs-id=EDCS-81000090","persons":[{"nomen":"Ucranius","gender":"male","raw_name":"L. Ucranius C. f. domo Pedona mil. coh. X pr.","praenomen":"Lucius","status":"domo Pedona, miles cohortis X praetoriae"},{"nomen":"","gender":"male","raw_name":"Scipionis","cognomen":"Scipio","status":"men lib"},{"nomen":"","gender":"male","raw_name":"L. Aufilenus L. f.","cognomen":"Aufilenus"},{"nomen":"","gender":"male","raw_name":"Sclaclus Sex. f.","cognomen":"Sexclaclus"}]}},{"type":"Feature","geometry":{"type":"Point","coordinates":[8.03,44.69]},"properties":{"edcs_id":"EDCS-81000091","findspot":"Alba / Alba Pompeia","raw_text":"hic requiescit laurent prbter / frater lampadii epis vixit ann / pl m lxxxv depst xiv kal octu / manlio anicio severino [3] / v c cos","date_from":null,"date_to":null,"marker_gender":"male","is_individual":false,"edcs_url":"https://edcs.hist.uzh.ch/en/document?edcs-id=EDCS-81000091","persons":[{"nomen":"","gender":"male","raw_name":"Laurent prbter","cognomen":"Laurentius","status":"prbyter"},{"nomen":"","gender":"male","raw_name":"Lampadii epis","cognomen":"Lampadius","status":"frater, epis"},{"nomen":"Manlius","gender":"male","raw_name":"Manlio Anicio Severino","cognomen":"Severinus","status":"vir clarissimus, consul"}]}}]}