{"type":"FeatureCollection","features":[{"type":"Feature","geometry":null,"properties":{"edcs_id":"EDCS-00380182","findspot":"Rogliano","raw_text":"Eufroni","date_from":null,"date_to":null,"marker_gender":"male","is_individual":true,"edcs_url":"https://edcs.hist.uzh.ch/en/document?edcs-id=EDCS-00380182","persons":[{"nomen":"","gender":"male","raw_name":"Eufroni","cognomen":"Eufronius"}]}},{"type":"Feature","geometry":{"type":"Point","coordinates":[15.87,38.63]},"properties":{"edcs_id":"EDCS-02900135","findspot":"Ricadi / Brivadi / Trapeia","raw_text":"Victoria qu(a)e vi[xit annos] / p(lus) m(i)n(us) LXIII quievit in [pace Chr(isti)] / cui fecit Felix b[ene me]/renti coniugi nob[ili depos(ita)] / pridie Idus Maias [Flavio] / Constantio v(iro) c(larissimo) c[onsule] // In (h)oc tumulo requie<v=B>it in p/ace s(an)c(ta)e recordationis Fanti/nus presb<y=I>ter e<t=D> abbas mon/ast<e=I>rii qui <v=B>i<x=SS>it annos XL / m(enses) X <d=X>(ies) V defunctus est V Id(us) Iu/nias ind(ictione) VIII i(n) nom(ine) (!) pos(t) con/s<u=O>lat<u=O>(m) Basili an(n)o XXXIIII / Iustini an(no) (VI)I in(d)i(ctione) e[a(dem)]","date_from":327,"date_to":575,"marker_gender":"mixed","is_individual":false,"edcs_url":"https://edcs.hist.uzh.ch/en/document?edcs-id=EDCS-02900135","persons":[{"nomen":"","gender":"female","raw_name":"Victoria","cognomen":"Victoria","is_deity":true,"cluster_confidence":"excluded"},{"nomen":"","gender":"male","raw_name":"Felix","cognomen":"Felix","status":"bene merens"},{"nomen":"","gender":"male","raw_name":"Fantinus","cognomen":"Fantinus","status":"presbyter, abbas"}]}},{"type":"Feature","geometry":null,"properties":{"edcs_id":"EDCS-03000130","findspot":"Tolve","raw_text":"Luci Domiti Cnidi","date_from":null,"date_to":null,"marker_gender":"male","is_individual":true,"edcs_url":"https://edcs.hist.uzh.ch/en/document?edcs-id=EDCS-03000130","persons":[{"nomen":"Domitius","gender":"male","raw_name":"L(uci) Domiti Cnidi","praenomen":"Lucius","cognomen":"Cnidus"}]}},{"type":"Feature","geometry":{"type":"Point","coordinates":[15.0,40.42]},"properties":{"edcs_id":"EDCS-03000131","findspot":"Capaccio / Poseidonia / Paestum","raw_text":"]us(i) f(ilius?) C(ai) n(epos?) Venerei / [3 d]onavit","date_from":null,"date_to":null,"marker_gender":"male","is_individual":false,"edcs_url":"https://edcs.hist.uzh.ch/en/document?edcs-id=EDCS-03000131","persons":[{"nomen":"","gender":"male","raw_name":"]us(i) f(ilius?) C(ai) n(epos?) Venerei","cognomen":"Venereus","status":"filius, nepos Caii"}]}},{"type":"Feature","geometry":{"type":"Point","coordinates":[15.01,40.42]},"properties":{"edcs_id":"EDCS-03000135","findspot":"Capaccio / Poseidonia / Paestum","raw_text":"Valeria C(ai) f(ilia) Sa[bina 3] / privigna C(ai) F[laccei] / Fla[c]ci m[ater(?)","date_from":1,"date_to":25,"marker_gender":"mixed","is_individual":false,"edcs_url":"https://edcs.hist.uzh.ch/en/document?edcs-id=EDCS-03000135","persons":[{"nomen":"Valeria","gender":"female","raw_name":"Valeria C. f. Sa[bina]","cognomen":"Sabina","status":"filia Caii, privigna Caii Flaccei Flacci, mater"},{"nomen":"Flacceius","gender":"male","raw_name":"C. F[laccei] Fla[c]ci","praenomen":"Caius","cognomen":"Flaccus","cluster_id":127,"cluster_size":2}]}},{"type":"Feature","geometry":{"type":"Point","coordinates":[15.0,40.42]},"properties":{"edcs_id":"EDCS-03000137","findspot":"Capaccio / Poseidonia / Paestum","raw_text":"C(aio) Flacc[eio C(ai?)] f(ilio) C(ai) n(epoti) [Maec(ia)] / Flacco tr(ibuno) mil(itum) I[Ivir(o)] / quinquen(nali) patr[ono] / municipi(i)","date_from":-20,"date_to":30,"marker_gender":"male","is_individual":false,"edcs_url":"https://edcs.hist.uzh.ch/en/document?edcs-id=EDCS-03000137","persons":[{"nomen":"Flacceius","gender":"male","raw_name":"C(aio) Flacc[eio C(ai?)] f(ilio) C(ai) n(epoti) [Maec(ia)]   Flacco","praenomen":"Caius","cognomen":"Flaccus","status":"filius Caii, nepos Caii, tribus Maecia, tribunus militum, duovir quinquennalis, patronus municipii","cluster_id":127,"cluster_size":2}]}},{"type":"Feature","geometry":{"type":"Point","coordinates":[15.8,40.64]},"properties":{"edcs_id":"EDCS-03300084","findspot":"Potenza / Potentia","raw_text":"D(is) M(anibus) // C(aius) Canius For/tunatus vix(it) / an(nos) XXX posu/[it(?)","date_from":1,"date_to":200,"marker_gender":"male","is_individual":false,"edcs_url":"https://edcs.hist.uzh.ch/en/document?edcs-id=EDCS-03300084","persons":[{"nomen":"Canius","gender":"male","raw_name":"C. Canius Fortunatus","praenomen":"Gaius","cognomen":"Fortunatus"}]}},{"type":"Feature","geometry":{"type":"Point","coordinates":[15.8,40.64]},"properties":{"edcs_id":"EDCS-03300085","findspot":"Potenza / Potentia","raw_text":"P(ublius) Canul[eius(?)] P(ubli) f(ilius) Bassus","date_from":1,"date_to":100,"marker_gender":"male","is_individual":false,"edcs_url":"https://edcs.hist.uzh.ch/en/document?edcs-id=EDCS-03300085","persons":[{"nomen":"Canuleius","gender":"male","raw_name":"P. Canul[eius(?)] P. f. Bassus","praenomen":"Publius","cognomen":"Bassus","status":"filius Publii"}]}},{"type":"Feature","geometry":{"type":"Point","coordinates":[15.8,40.64]},"properties":{"edcs_id":"EDCS-03300086","findspot":"Potenza / Potentia","raw_text":"D(is) M(anibus) / M(arco) Cocceio / Aug(usti) lib(erto) Resti/tuto h(ic) s(itus) e(st) / vix(it) a(nnos) LXV Flavi/us Speratus / et Cocceius Restitutus / patri et Coc/ceia Primige/nia contub/ernali b(ene) m(erenti) / posuerunt","date_from":96,"date_to":150,"marker_gender":"mixed","is_individual":false,"edcs_url":"https://edcs.hist.uzh.ch/en/document?edcs-id=EDCS-03300086","persons":[{"nomen":"Cocceius","gender":"male","raw_name":"M. Cocceio Restituto","praenomen":"Marcus","cognomen":"Restitutus","status":"libertus Augusti","cluster_id":607,"cluster_size":2},{"nomen":"Flavius","gender":"male","raw_name":"Flavius Speratus","cognomen":"Speratus"},{"nomen":"Cocceius","gender":"male","raw_name":"Cocceius Restitutus","cognomen":"Restitutus","cluster_id":607,"cluster_size":2},{"nomen":"Cocceia","gender":"female","raw_name":"Cocceia Primigenia","cognomen":"Primigenia","status":"contubernalis"}]}},{"type":"Feature","geometry":{"type":"Point","coordinates":[15.8,40.64]},"properties":{"edcs_id":"EDCS-03300087","findspot":"Potenza / Potentia","raw_text":"D(is) M(anibus) / Seiae / Pistic(a)e v(ixit) a(nnos) LXX / Campule/ia Caesania / matri","date_from":1,"date_to":100,"marker_gender":"female","is_individual":false,"edcs_url":"https://edcs.hist.uzh.ch/en/document?edcs-id=EDCS-03300087","persons":[{"nomen":"Seia","gender":"female","raw_name":"Seiae Pisticae","cognomen":"Pistica"},{"nomen":"Campuleia","gender":"female","raw_name":"Campuleia Caesania","cognomen":"Caesania","status":"filia"}]}},{"type":"Feature","geometry":{"type":"Point","coordinates":[15.8,40.64]},"properties":{"edcs_id":"EDCS-03300088","findspot":"Potenza / Potentia","raw_text":"D(is) M(anibus) // Prisca Magnesio / f(ilio) dulcissimo / b(ene) m(erenti) p(osuit)","date_from":101,"date_to":300,"marker_gender":"mixed","is_individual":false,"edcs_url":"https://edcs.hist.uzh.ch/en/document?edcs-id=EDCS-03300088","persons":[{"nomen":"","gender":"female","raw_name":"Prisca","cognomen":"Prisca"},{"nomen":"","gender":"male","raw_name":"Magnesio","cognomen":"Magnesius","status":"filius, bene merens"}]}},{"type":"Feature","geometry":{"type":"Point","coordinates":[15.8,40.64]},"properties":{"edcs_id":"EDCS-03300089","findspot":"Potenza / Potentia","raw_text":"[Luc]ifer(?) Callis/[te f]il(iae) b(ene) m(erenti) qu(a)e / [vi]x(it) ann(os) IIII","date_from":101,"date_to":200,"marker_gender":"female","is_individual":false,"edcs_url":"https://edcs.hist.uzh.ch/en/document?edcs-id=EDCS-03300089","persons":[{"nomen":"","gender":"female","raw_name":"[Luc]ifer Callis[te]","cognomen":"Lucifer","status":"filia, bene merens"},{"nomen":"","gender":"female","raw_name":"Callis[te]","cognomen":"Calliste","status":"filia, bene merens"}]}},{"type":"Feature","geometry":{"type":"Point","coordinates":[15.8,40.64]},"properties":{"edcs_id":"EDCS-03300090","findspot":"Potenza / Potentia","raw_text":"L(ucius) Dasim[ius] / Ser(gia) [","date_from":1,"date_to":200,"marker_gender":"male","is_individual":false,"edcs_url":"https://edcs.hist.uzh.ch/en/document?edcs-id=EDCS-03300090","persons":[{"nomen":"Dasimius","gender":"male","raw_name":"L. Dasim[ius] Ser(gia)","praenomen":"Lucius","status":"tribus Sergia"}]}},{"type":"Feature","geometry":{"type":"Point","coordinates":[15.8,40.64]},"properties":{"edcs_id":"EDCS-03300092","findspot":"Potenza / Potentia","raw_text":"]nia A(uli) f(ilia) Maxsum[a(!)","date_from":-100,"date_to":100,"marker_gender":"female","is_individual":false,"edcs_url":"https://edcs.hist.uzh.ch/en/document?edcs-id=EDCS-03300092","persons":[{"nomen":"","gender":"female","raw_name":"]nia A. f. Maxsum[a","cognomen":"Maxsuma","status":"filia Auli"}]}},{"type":"Feature","geometry":{"type":"Point","coordinates":[15.66,40.34]},"properties":{"edcs_id":"EDCS-03300094","findspot":"Padula / Cosilinum","raw_text":"Triario Pa/catiano fil/io Sabbatiu/s et Statia / parentes / b(ene) m(erenti) f(ecerunt) q(ui) v(ixit) a(nnos) / II m(enses) V","date_from":251,"date_to":300,"marker_gender":"mixed","is_individual":false,"edcs_url":"https://edcs.hist.uzh.ch/en/document?edcs-id=EDCS-03300094","persons":[{"nomen":"","gender":"male","raw_name":"Triario Pacatiano","cognomen":"Triarius Pacatianus","status":"filius"},{"nomen":"","gender":"male","raw_name":"Sabbatius","cognomen":"Sabbatius","status":"parens"},{"nomen":"Statia","gender":"female","raw_name":"Statia","status":"parens"}]}},{"type":"Feature","geometry":{"type":"Point","coordinates":[15.56,40.46]},"properties":{"edcs_id":"EDCS-03300095","findspot":"Atena Lucana / Atina","raw_text":"D(is) M(anibus) / Pontilio Mar/co filio Pontil/ius Urbanus / et Fortunata / et [","date_from":171,"date_to":300,"marker_gender":"mixed","is_individual":false,"edcs_url":"https://edcs.hist.uzh.ch/en/document?edcs-id=EDCS-03300095","persons":[{"nomen":"Pontilius","gender":"male","raw_name":"Pontilio Marco","cognomen":"Marcus","status":"filius"},{"nomen":"Pontilius","gender":"male","raw_name":"Pontilius Urbanus","cognomen":"Urbanus"},{"nomen":"","gender":"female","raw_name":"Fortunata","cognomen":"Fortunata"}]}},{"type":"Feature","geometry":{"type":"Point","coordinates":[15.37,40.63]},"properties":{"edcs_id":"EDCS-03300096","findspot":"Buccino / Volcei","raw_text":"D(is) M(anibus) / Antoniae Ian/uariae coniu/gi karissimae / cum qua vixit an(nos) [3] / Q(uintus) Vinius Red/emtus","date_from":171,"date_to":250,"marker_gender":"mixed","is_individual":false,"edcs_url":"https://edcs.hist.uzh.ch/en/document?edcs-id=EDCS-03300096","persons":[{"nomen":"Antonia","gender":"female","raw_name":"Antoniae Ian uariae","cognomen":"Ianuaria","status":"coniunx, karissima","cluster_id":18,"cluster_size":2},{"nomen":"Vinius","gender":"male","raw_name":"Q(uintus) Vinius Red emtus","praenomen":"Quintus","cognomen":"Redemtus"}]}},{"type":"Feature","geometry":{"type":"Point","coordinates":[15.49,40.75]},"properties":{"edcs_id":"EDCS-03700104","findspot":"Muro Lucano / Numistro","raw_text":"Po]m(ptina) Rufus an(norum) LIII vivus fecit [3] / [R]ufilo mortu(u)s est an(nis) IIX frat[ri 3] / [3 sup]erare fac melius si potes [3] / [la]bore sum(m)o quaesivi et [3] / [lo]ca mon<u=I>mentum[que 3]","date_from":-50,"date_to":-1,"marker_gender":"male","is_individual":false,"edcs_url":"https://edcs.hist.uzh.ch/en/document?edcs-id=EDCS-03700104","persons":[{"nomen":"","gender":"male","raw_name":"Po]m(ptina) Rufus","cognomen":"Rufus","status":"tribus Pomptina"},{"nomen":"","gender":"male","raw_name":"[R]ufilo","cognomen":"Rufilus","status":"frater"}]}},{"type":"Feature","geometry":{"type":"Point","coordinates":[15.89,40.28]},"properties":{"edcs_id":"EDCS-03700105","findspot":"Grumento Nova / Grumentum","raw_text":"] / [g]rammatico / Graeco / Iulia / uxor","date_from":71,"date_to":200,"marker_gender":"female","is_individual":false,"edcs_url":"https://edcs.hist.uzh.ch/en/document?edcs-id=EDCS-03700105","persons":[{"nomen":"Iulia","gender":"female","raw_name":"Iulia","status":"uxor"}]}},{"type":"Feature","geometry":{"type":"Point","coordinates":[15.56,40.34]},"properties":{"edcs_id":"EDCS-04900049","findspot":"Sassano / Tegianum","raw_text":"Aur(eliae) Saepharae c(larissimae) f(eminae)","date_from":201,"date_to":300,"marker_gender":"female","is_individual":true,"edcs_url":"https://edcs.hist.uzh.ch/en/document?edcs-id=EDCS-04900049","persons":[{"nomen":"Aurelia","gender":"female","raw_name":"Aur. Saepharae","cognomen":"Saephara","status":"clarissima femina"}]}},{"type":"Feature","geometry":{"type":"Point","coordinates":[15.0,40.42]},"properties":{"edcs_id":"EDCS-05200089","findspot":"Capaccio / Poseidonia / Paestum","raw_text":"Vulcaci<o=Q> Rufino et Fl(avio) Eusebio conss(ulibus) Kalendis / Augustis / cum ci<v=B>es frequentes coloniae Paestanorum in uno / adfuissent consilioque habito <v=B>erba fecerunt cum / tot tantaque beneficia sblendentia(!) de domo Aquili{ni} Nes/tori probi adulescentis descendant quibus colonia nos/tra exornata unicuique nobis ci<v=B>ibus in oculis adque / animis sint praecipuae cum unusquisque civium se con/berterit opera ab his extructa oculis eorum occurrant / sic faciem ci<v=B>itatis honestam reddant utinam qui tantus / populus esset status ut tantis muneribus domus eorum / aliis quoque gloriosis muneribus remunerandus esset / fateri beneficia eius munera populi inte<r=B>imque contentos / esse hoc munere flaminis gratulit quod publica voce / et offerendum etiam ci<v=B>es cupierant cum Aquilius Nesto/rius contemplatione mutui honoris nos municipes sua / dignatione unice diligat sitque similem nobis adfec/tionem etiam Aquilius Aper filius e<i=F>u(s) praebiturus / placere ci<v=B>ibus patronatus ci<v=B>itatis eidem offerri / ut fulti patrocinio eorum populus noster plus ho/noris consecutus quam optulisse(t) videatur / quod fieri placere de ea re ita censuerunt / feliciter","date_from":347,"date_to":347,"marker_gender":"male","is_individual":false,"edcs_url":"https://edcs.hist.uzh.ch/en/document?edcs-id=EDCS-05200089","persons":[{"nomen":"Aquilius","gender":"male","raw_name":"Aquili{ni} Nes tori","cognomen":"Nestor","status":"adulescens","cluster_id":58,"cluster_size":2},{"nomen":"Aquilius","gender":"male","raw_name":"Aquilius Aper","cognomen":"Aper","status":"filius Aquilii Nestoris"}]}},{"type":"Feature","geometry":{"type":"Point","coordinates":[14.35,40.81]},"properties":{"edcs_id":"EDCS-05200090","findspot":"Capaccio / Poseidonia / Paestum","raw_text":"C(aius) Sextilius L(uci) f(ilius) / P(ublius) Claudius C(ai) f(ilius) / IIvir(i)","date_from":-70,"date_to":-31,"marker_gender":"male","is_individual":true,"edcs_url":"https://edcs.hist.uzh.ch/en/document?edcs-id=EDCS-05200090","persons":[{"nomen":"Sextilius","gender":"male","raw_name":"C(aius) Sextilius","praenomen":"Gaius","status":"duovir"},{"nomen":"Claudius","gender":"male","raw_name":"P(ublius) Claudius","praenomen":"Publius","status":"duovir"}]}},{"type":"Feature","geometry":{"type":"Point","coordinates":[15.64,38.1]},"properties":{"edcs_id":"EDCS-05200094","findspot":"Reggio di Calabria / Reggio Calabria / Regium Iulium","raw_text":"ho]c pretium vit[ae 3] / [3] Restuto potu[3] / [3] praesidium GEN[","date_from":201,"date_to":400,"marker_gender":"male","is_individual":false,"edcs_url":"https://edcs.hist.uzh.ch/en/document?edcs-id=EDCS-05200094","persons":[{"nomen":"","gender":"male","raw_name":"Restuto","cognomen":"Restutus","cluster_id":1483,"cluster_size":2,"cluster_confidence":"low"}]}},{"type":"Feature","geometry":{"type":"Point","coordinates":[15.27,40.74]},"properties":{"edcs_id":"EDCS-06600001","findspot":"Valva","raw_text":"D(is) M(anibus) / Castricio / Marciano / nutritor(i) / b(ene) m(erenti) / Spedius / Atimetu[s] / feci(t)","date_from":171,"date_to":250,"marker_gender":"male","is_individual":true,"edcs_url":"https://edcs.hist.uzh.ch/en/document?edcs-id=EDCS-06600001","persons":[{"nomen":"","gender":"male","raw_name":"Castricio","cognomen":"Castricius","status":"nutritor"},{"nomen":"","gender":"male","raw_name":"Marciano","cognomen":"Marcianus"},{"nomen":"","gender":"male","raw_name":"Spedius","cognomen":"Spedius"},{"nomen":"","gender":"male","raw_name":"Atimetu[s]","cognomen":"Atimetus"}]}},{"type":"Feature","geometry":{"type":"Point","coordinates":[15.37,40.63]},"properties":{"edcs_id":"EDCS-06600003","findspot":"Buccino / Volcei","raw_text":"Cin]namo / [3 opti]mo con(iugi) [","date_from":101,"date_to":250,"marker_gender":"male","is_individual":false,"edcs_url":"https://edcs.hist.uzh.ch/en/document?edcs-id=EDCS-06600003","persons":[{"nomen":"","gender":"male","raw_name":"Cin]namo","cognomen":"Cinnamus","status":"coniunx"}]}},{"type":"Feature","geometry":{"type":"Point","coordinates":[15.37,40.63]},"properties":{"edcs_id":"EDCS-06600005","findspot":"Buccino / Volcei","raw_text":"] / in quem induxi sarcophagum in quem / dum receptum fuerit corpus meum nulli / unquam liceat accedere neque vexare / ossa mea non filius neq(ue) nepotes neq(ue) / de affinitate ullus si quis autem / infringere vel aperire ausus fuerit / is tum inferet poen(a)e nomine rei p(ublicae) / folles mille sane Nevia Prisca / si permanserit usq(ue) in diem finitionis / suae recipietur ibi iuxta maritum suum","date_from":301,"date_to":350,"marker_gender":"female","is_individual":false,"edcs_url":"https://edcs.hist.uzh.ch/en/document?edcs-id=EDCS-06600005","persons":[{"nomen":"Nevia","gender":"female","raw_name":"Nevia Prisca","cognomen":"Prisca"}]}},{"type":"Feature","geometry":{"type":"Point","coordinates":[15.38,40.63]},"properties":{"edcs_id":"EDCS-06600007","findspot":"Buccino / Volcei","raw_text":"Genio / Fulloniani / [Q]uintianus act(or) / [e]x voto posuit / dedicat(um) Impp(eratoribus) duobus Augg(ustis) / Severo ter(tium) et Antonino fil(io) co(n)s(ulibus) / Idib(us) Mart(iis)","date_from":202,"date_to":202,"marker_gender":"male","is_individual":false,"edcs_url":"https://edcs.hist.uzh.ch/en/document?edcs-id=EDCS-06600007","persons":[{"nomen":"","gender":"male","raw_name":"[Q]uintianus","cognomen":"Quintianus","status":"actor","cluster_id":1019,"cluster_size":2,"cluster_confidence":"low"},{"nomen":"Septimius","gender":"male","raw_name":"Severo","praenomen":"Lucius","cognomen":"Severus","status":"Imperator, Augustus","is_imperial":true},{"nomen":"Aurelius","gender":"male","raw_name":"Antonino","praenomen":"Marcus","cognomen":"Antoninus","status":"Imperator, Augustus, filius Severi","is_imperial":true}]}},{"type":"Feature","geometry":{"type":"Point","coordinates":[15.37,40.63]},"properties":{"edcs_id":"EDCS-06600008","findspot":"Buccino / Volcei","raw_text":"D(is) M(anibus) / [N]umoniae Q(uinti) f(iliae) / [M]arcianae ux/o[r]i karis(s)imae / [3] Manilius M(arci) f(ilius) / Iustus fecit","date_from":101,"date_to":200,"marker_gender":"mixed","is_individual":false,"edcs_url":"https://edcs.hist.uzh.ch/en/document?edcs-id=EDCS-06600008","persons":[{"nomen":"Numonia","gender":"female","raw_name":"[N]umoniae [M]arcianae","cognomen":"Marciana","status":"filia Quinti, uxor karissima","cluster_id":24,"cluster_size":2},{"nomen":"Manilius","gender":"male","raw_name":"Manilius M(arci) f(ilius) Iustus","praenomen":"Marcus","cognomen":"Iustus","status":"filius Marci","cluster_id":25,"cluster_size":2}]}},{"type":"Feature","geometry":{"type":"Point","coordinates":[15.37,40.63]},"properties":{"edcs_id":"EDCS-06600009","findspot":"Buccino / Volcei","raw_text":"O]tacilius [1] / [3 mar]itus coniug[i] / b(ene) m(erenti) / fecit","date_from":101,"date_to":250,"marker_gender":"male","is_individual":false,"edcs_url":"https://edcs.hist.uzh.ch/en/document?edcs-id=EDCS-06600009","persons":[{"nomen":"Otacilius","gender":"male","raw_name":"Otacilius","status":"maritus"}]}},{"type":"Feature","geometry":{"type":"Point","coordinates":[15.51,40.6]},"properties":{"edcs_id":"EDCS-06600010","findspot":"Vietri di Potenza / Atina","raw_text":"Q(uintus) Poppaedius Q(uinti) l(ibertus) / Dorotheus Poppaedia Q(uinti) l(iberta) / Dionysia","date_from":-30,"date_to":10,"marker_gender":"mixed","is_individual":false,"edcs_url":"https://edcs.hist.uzh.ch/en/document?edcs-id=EDCS-06600010","persons":[{"nomen":"Poppaedius","gender":"male","raw_name":"Q(uintus) Poppaedius Q(uinti) l(ibertus)   Dorotheus","praenomen":"Quintus","cognomen":"Dorotheus","status":"libertus Quinti"},{"nomen":"Poppaedia","gender":"female","raw_name":"Poppaedia Q(uinti) l(iberta)   Dionysia","cognomen":"Dionysia","status":"liberta Quinti"}]}},{"type":"Feature","geometry":{"type":"Point","coordinates":[15.4,40.66]},"properties":{"edcs_id":"EDCS-06600012","findspot":"San Gregorio Magno","raw_text":"]nio L(uci) f(ilio) / Rufo / IIIIvir(o) q(uin)q(uennali) / L(ucius) Haedinius / [","date_from":51,"date_to":200,"marker_gender":"male","is_individual":false,"edcs_url":"https://edcs.hist.uzh.ch/en/document?edcs-id=EDCS-06600012","persons":[{"nomen":"","gender":"male","raw_name":"nio L. f. Rufo","cognomen":"Rufus","status":"filius Lucii, IIIIvir quinquennalis"},{"nomen":"Haedinius","gender":"male","raw_name":"L. Haedinius","praenomen":"Lucius"}]}},{"type":"Feature","geometry":{"type":"Point","coordinates":[15.4,40.66]},"properties":{"edcs_id":"EDCS-06600013","findspot":"San Gregorio Magno","raw_text":"B]ruttio Firma/[no Fi]rmanus et A/[3]a f(ilio) karissi/[mo 3] fecerunt","date_from":171,"date_to":250,"marker_gender":"male","is_individual":false,"edcs_url":"https://edcs.hist.uzh.ch/en/document?edcs-id=EDCS-06600013","persons":[{"nomen":"","gender":"male","raw_name":"Bruttio Firmano","cognomen":"Bruttius Firmanus"},{"nomen":"","gender":"male","raw_name":"Firmanus","cognomen":"Firmanus"}]}},{"type":"Feature","geometry":{"type":"Point","coordinates":[15.3,40.56]},"properties":{"edcs_id":"EDCS-06600014","findspot":"Sicignano degli Alburni / Nares Lucanae","raw_text":"]Allidio [ // ] C(ai) f(ilio) Aem(ilia) P[","date_from":1,"date_to":50,"marker_gender":"male","is_individual":false,"edcs_url":"https://edcs.hist.uzh.ch/en/document?edcs-id=EDCS-06600014","persons":[{"nomen":"Allidius","gender":"male","raw_name":"Allidio C. f. Aem. P[","status":"filius Caii, tribus Aemilia"}]}},{"type":"Feature","geometry":{"type":"Point","coordinates":[15.42,40.56]},"properties":{"edcs_id":"EDCS-06600015","findspot":"Auletta / Acerronia / Atina","raw_text":"D(is) M(anibus) / Callippo ac/tori sodal/es b(ene) m(erenti) f(ecerunt)","date_from":201,"date_to":300,"marker_gender":"male","is_individual":false,"edcs_url":"https://edcs.hist.uzh.ch/en/document?edcs-id=EDCS-06600015","persons":[{"nomen":"","gender":"male","raw_name":"Callippo","cognomen":"Callippus","status":"actor"}]}},{"type":"Feature","geometry":{"type":"Point","coordinates":[15.49,40.57]},"properties":{"edcs_id":"EDCS-06600017","findspot":"Caggiano / Atina","raw_text":"Dis Manibus / N(umerio) Aeserio Rufo / Baia Thallusa / coniugi suo / fac(iendum) cur(avit)","date_from":71,"date_to":200,"marker_gender":"mixed","is_individual":false,"edcs_url":"https://edcs.hist.uzh.ch/en/document?edcs-id=EDCS-06600017","persons":[{"nomen":"Aeserius","gender":"male","raw_name":"N(umerio) Aeserio Rufo","praenomen":"Numerius","cognomen":"Rufus"},{"nomen":"","gender":"female","raw_name":"Baia Thallusa","cognomen":"Baia Thallusa","status":"uxor"}]}},{"type":"Feature","geometry":{"type":"Point","coordinates":[15.49,40.57]},"properties":{"edcs_id":"EDCS-06600018","findspot":"Caggiano / Atina","raw_text":"Mar(aeus) Deinius C(ai) f(ilius)","date_from":null,"date_to":null,"marker_gender":"male","is_individual":false,"edcs_url":"https://edcs.hist.uzh.ch/en/document?edcs-id=EDCS-06600018","persons":[{"nomen":"Deinius","gender":"male","raw_name":"Mar(aeus) Deinius C(ai) f(ilius)","praenomen":"Marcus","status":"filius Caii"}]}},{"type":"Feature","geometry":{"type":"Point","coordinates":[15.49,40.57]},"properties":{"edcs_id":"EDCS-06600019","findspot":"Caggiano / Atina","raw_text":"] Insteio Celerin(o) / [so]dales / Minervenses / ae(re) c(ollato) f(ecerunt)","date_from":151,"date_to":250,"marker_gender":"male","is_individual":false,"edcs_url":"https://edcs.hist.uzh.ch/en/document?edcs-id=EDCS-06600019","persons":[{"nomen":"Insteius","gender":"male","raw_name":"] Insteio Celerin(o)","cognomen":"Celerinus"}]}},{"type":"Feature","geometry":{"type":"Point","coordinates":[15.49,40.57]},"properties":{"edcs_id":"EDCS-06600020","findspot":"Caggiano / Atina","raw_text":"[M(arco) I]n[s]teio / [F]elicissim/o Tullia S[ep]/tima co(n)iug[i] / bene m(erenti) fecit / cum q(uo) vixit / ann(os) XXX","date_from":201,"date_to":300,"marker_gender":"mixed","is_individual":false,"edcs_url":"https://edcs.hist.uzh.ch/en/document?edcs-id=EDCS-06600020","persons":[{"nomen":"Insteius","gender":"male","raw_name":"[M(arco) I]n[s]teio [F]elicissim o","praenomen":"Marcus","cognomen":"Felicissimus","status":"coniunx"},{"nomen":"Tullia","gender":"female","raw_name":"Tullia S[ep] tima","cognomen":"Septima","status":"coniunx","cluster_id":53,"cluster_size":2}]}},{"type":"Feature","geometry":{"type":"Point","coordinates":[15.49,40.57]},"properties":{"edcs_id":"EDCS-06600021","findspot":"Caggiano / Atina","raw_text":"M(arco) Insteio Pulch/ro M(arcus) Insteius / Callitychus / et Praepusa / fil(i)o karissimo / fecerunt vixit ann(os) III / m(enses) III d(ies) V","date_from":101,"date_to":200,"marker_gender":"mixed","is_individual":false,"edcs_url":"https://edcs.hist.uzh.ch/en/document?edcs-id=EDCS-06600021","persons":[{"nomen":"Insteius","gender":"male","raw_name":"M(arco) Insteio Pulch ro","praenomen":"Marcus","cognomen":"Pulcher","status":"filius"},{"nomen":"Insteius","gender":"male","raw_name":"M(arcus) Insteius Callitychus","praenomen":"Marcus","cognomen":"Callitychus","status":"pater"},{"nomen":"","gender":"female","raw_name":"Praepusa","cognomen":"Praepusa","status":"mater"}]}},{"type":"Feature","geometry":{"type":"Point","coordinates":[15.49,40.57]},"properties":{"edcs_id":"EDCS-06600022","findspot":"Caggiano / Atina","raw_text":"Otaciliae L(uci) l(ibertae) / Arbusculae / nutrici","date_from":1,"date_to":50,"marker_gender":"female","is_individual":false,"edcs_url":"https://edcs.hist.uzh.ch/en/document?edcs-id=EDCS-06600022","persons":[{"nomen":"Otacilia","gender":"female","raw_name":"Otaciliae L(uci) l(ibertae) Arbusculae","cognomen":"Arbuscula","status":"liberta, nutrix"}]}},{"type":"Feature","geometry":{"type":"Point","coordinates":[15.49,40.57]},"properties":{"edcs_id":"EDCS-06600023","findspot":"Caggiano / Atina","raw_text":"D(is) M(anibus) / Pon<t=L>io Faus[to] / filio dulc(issimo) / fec(erunt) Pon<t=L>i(ius) / et Gavia / par(entes) qui / vix(it) an(nos) XIII / scel(erati) fun(ere)","date_from":null,"date_to":null,"marker_gender":"mixed","is_individual":false,"edcs_url":"https://edcs.hist.uzh.ch/en/document?edcs-id=EDCS-06600023","persons":[{"nomen":"Pontius","gender":"male","raw_name":"Pon<t=L>io Faus[to]","cognomen":"Faustus","status":"filius"},{"nomen":"Pontius","gender":"male","raw_name":"Pon<t=L>i(ius)","status":"pater"},{"nomen":"Gavia","gender":"female","raw_name":"Gavia","status":"mater"}]}},{"type":"Feature","geometry":{"type":"Point","coordinates":[15.49,40.57]},"properties":{"edcs_id":"EDCS-06600024","findspot":"Caggiano / Atina","raw_text":"D(is) M(anibus) / Verus pater filio / carissimo Calitano / vix(it) a(nnos) XVI[","date_from":151,"date_to":300,"marker_gender":"male","is_individual":false,"edcs_url":"https://edcs.hist.uzh.ch/en/document?edcs-id=EDCS-06600024","persons":[{"nomen":"","gender":"male","raw_name":"Verus","cognomen":"Verus","status":"pater"},{"nomen":"","gender":"male","raw_name":"Calitano","cognomen":"Calitanus","status":"filius"}]}},{"type":"Feature","geometry":{"type":"Point","coordinates":[15.45,40.54]},"properties":{"edcs_id":"EDCS-06600026","findspot":"Pertosa / Atina","raw_text":"M(arcus) Alutius M(arci) f(ilius) Pom(ptina) / C[3]tus an(norum) XIX / mater [infel]ix fec[i]t filio / filius [3] d[ebui]t","date_from":1,"date_to":100,"marker_gender":"male","is_individual":false,"edcs_url":"https://edcs.hist.uzh.ch/en/document?edcs-id=EDCS-06600026","persons":[{"nomen":"Alutius","gender":"male","raw_name":"M. Alutius M. f. Pom.","praenomen":"Marcus","status":"filius Marci, tribus Pomptina"}]}},{"type":"Feature","geometry":{"type":"Point","coordinates":[15.5,40.52]},"properties":{"edcs_id":"EDCS-06600028","findspot":"Polla / Forum Popilii","raw_text":"] Fauno / M(arcus) Iulius / Staphylus / L(ucius) Rufius / Mysticus / d(onum) d(ederunt)","date_from":31,"date_to":100,"marker_gender":"male","is_individual":false,"edcs_url":"https://edcs.hist.uzh.ch/en/document?edcs-id=EDCS-06600028","persons":[{"nomen":"Iulius","gender":"male","raw_name":"M. Iulius Staphylus","praenomen":"Marcus","cognomen":"Staphylus"},{"nomen":"Rufius","gender":"male","raw_name":"L. Rufius Mysticus","praenomen":"Lucius","cognomen":"Mysticus"}]}},{"type":"Feature","geometry":{"type":"Point","coordinates":[15.5,40.52]},"properties":{"edcs_id":"EDCS-06600029","findspot":"Polla / Forum Popilii","raw_text":"C(aio) Utiano C(ai) f(ilio) Pom(ptina) Rufo / Latiniano IIIIvir(o) i(ure) d(icundo) iter(um) / Insteia M(arci) f(ilia) Polla sacerd(os) Iuliae / Augustae Volceis et Atinae / optimo et indulgentissimo viro qui / eam pupillam annorum VII in domum(!) / receptam per annos LV cum summo / honore uxorem habuit / hunc decuriones Volceiani i<m=N>pensa / publica funerandum et statua equestri / honorandum censuerunt / Latiniae M(arci) f(iliae) Posillae [sor]ori Latiniani","date_from":14,"date_to":30,"marker_gender":"mixed","is_individual":false,"edcs_url":"https://edcs.hist.uzh.ch/en/document?edcs-id=EDCS-06600029","persons":[{"nomen":"Utianus","gender":"male","raw_name":"C. Utiano C. f. Pom. Rufo Latiniano IIIIvir. i. d. iter.","praenomen":"Gaius","cognomen":"Rufus Latinianus","status":"filius Caii, tribus Pomptina, IIIIvir iure dicundo iterum"},{"nomen":"Insteia","gender":"female","raw_name":"Insteia M. f. Polla","cognomen":"Polla","status":"filia Marci, sacerdos Iuliae Augustae"},{"nomen":"Latinia","gender":"female","raw_name":"Latiniae M. f. Posillae [sor]ori","cognomen":"Posilla","status":"filia Marci, soror Latiniani"}]}},{"type":"Feature","geometry":{"type":"Point","coordinates":[15.5,40.52]},"properties":{"edcs_id":"EDCS-06600031","findspot":"Polla / Forum Popilii","raw_text":"D(is) M(anibus) / Allidio Valer/io Acenti bene merenti Albi/us Antoniu/s pro merito / suo fecit qui vixit an(nos) p(lus) / m(inus) LV","date_from":201,"date_to":300,"marker_gender":"male","is_individual":false,"edcs_url":"https://edcs.hist.uzh.ch/en/document?edcs-id=EDCS-06600031","persons":[{"nomen":"Allidius","gender":"male","raw_name":"Allidio Valerio Acenti","cognomen":"Valerius Acentius","status":"bene merens"},{"nomen":"Albius","gender":"male","raw_name":"Albius Antonius","cognomen":"Antonius"}]}},{"type":"Feature","geometry":{"type":"Point","coordinates":[15.5,40.52]},"properties":{"edcs_id":"EDCS-06600032","findspot":"Polla / Forum Popilii","raw_text":"P(ublio) Apronio |(mulieris) l(iberto) [3] / v(ivit) Apr[o]niae L(uci) l(ibertae) Ico[niae] / ex testamen[to] / P(ubli) Valeri P(ubli) l(iberti) Lepidi et [3] / HS septem milibus","date_from":1,"date_to":70,"marker_gender":"mixed","is_individual":false,"edcs_url":"https://edcs.hist.uzh.ch/en/document?edcs-id=EDCS-06600032","persons":[{"nomen":"Apronius","gender":"male","raw_name":"P. Apronio |(mulieris) l.","praenomen":"Publius","status":"libertus mulieris"},{"nomen":"Apronia","gender":"female","raw_name":"Apr[o]niae L. l. Ico[niae]","cognomen":"Iconia","status":"liberta Lucii"},{"nomen":"Valerius","gender":"male","raw_name":"P. Valeri P. l. Lepidi","praenomen":"Publius","cognomen":"Lepidus","status":"libertus Publii"}]}},{"type":"Feature","geometry":{"type":"Point","coordinates":[15.5,40.52]},"properties":{"edcs_id":"EDCS-06600034","findspot":"Polla / Forum Popilii","raw_text":"D(is) [M(anibus)] / M(arco) Insteio Sil[va]/no fec(it) M(arcus) Ins/teius Silve[ster] / fratri pienti/ssimo vix{s}/[it a(nnos)] XXXV","date_from":171,"date_to":250,"marker_gender":"male","is_individual":false,"edcs_url":"https://edcs.hist.uzh.ch/en/document?edcs-id=EDCS-06600034","persons":[{"nomen":"Insteius","gender":"male","raw_name":"M. Insteio Sil[va]no","praenomen":"Marcus","cognomen":"Silvanus"},{"nomen":"Insteius","gender":"male","raw_name":"M. Insteius Silve[ster]","praenomen":"Marcus","cognomen":"Silvester","status":"frater pientissimus","cluster_id":27,"cluster_size":2}]}},{"type":"Feature","geometry":{"type":"Point","coordinates":[13.8,41.62]},"properties":{"edcs_id":"EDCS-06600037","findspot":"Atena Lucana / Atina","raw_text":"[Imp(eratori)] Caes(ari) M(arco) Au/[relio] Severo / [Alex]andro Pio / [Fe]l(ici) Aug(usto) div[i] Seve/ri Pii nep[ot]i divi / [Ant]onini Magni Pii / [fili]o pon(tifici) max(imo) / d(ecreto) d(ecurionum)","date_from":222,"date_to":235,"marker_gender":"male","is_individual":false,"edcs_url":"https://edcs.hist.uzh.ch/en/document?edcs-id=EDCS-06600037","persons":[{"nomen":"Aurelius","gender":"male","raw_name":"Imp. Caes. M. Aurelio Severo Alexandro","praenomen":"Marcus","cognomen":"Severus Alexander","status":"Imperator, Caesar, Pius, Felix, Augustus, pontifex maximus, nepos divi Severi Pii, filius divi Antonini Magni Pii","is_imperial":true,"cluster_confidence":"low"}]}},{"type":"Feature","geometry":{"type":"Point","coordinates":[13.8,41.62]},"properties":{"edcs_id":"EDCS-06600038","findspot":"Atena Lucana / Atina","raw_text":"Iul(i) Amatoris / mil(itis) c(o)h(ortis) III pr(aetoriae) / Iun(ius) Felix mil(es) / c(o)h(ortis) X urb(anae) opt[i]/mo commilitoni","date_from":151,"date_to":230,"marker_gender":"male","is_individual":false,"edcs_url":"https://edcs.hist.uzh.ch/en/document?edcs-id=EDCS-06600038","persons":[{"nomen":"Iulius","gender":"male","raw_name":"Iul. Amatoris","cognomen":"Amator","status":"miles cohortis III praetoriae"},{"nomen":"Iunius","gender":"male","raw_name":"Iun. Felix","cognomen":"Felix","status":"miles cohortis X urbanae"}]}},{"type":"Feature","geometry":{"type":"Point","coordinates":[15.56,40.46]},"properties":{"edcs_id":"EDCS-06600040","findspot":"Atena Lucana / Atina","raw_text":"D(is) M(anibus) / Teltoni / Heli b(ene) m(erenti) / patrono / Teltonus / Marcus lib(ertus)","date_from":171,"date_to":300,"marker_gender":"male","is_individual":false,"edcs_url":"https://edcs.hist.uzh.ch/en/document?edcs-id=EDCS-06600040","persons":[{"nomen":"Teltonius","gender":"male","raw_name":"Teltoni Heli","cognomen":"Helius","status":"bene merens, patronus"},{"nomen":"Teltonius","gender":"male","raw_name":"Teltonus Marcus","praenomen":"Marcus","status":"libertus"}]}},{"type":"Feature","geometry":{"type":"Point","coordinates":[15.56,40.46]},"properties":{"edcs_id":"EDCS-06600041","findspot":"Atena Lucana / Atina","raw_text":"D(is) M(anibus) / Herria(e) Pri/vae Par/dus p(ater) fil(iae) / b(ene) m(erenti) f(ecit)","date_from":null,"date_to":null,"marker_gender":"mixed","is_individual":false,"edcs_url":"https://edcs.hist.uzh.ch/en/document?edcs-id=EDCS-06600041","persons":[{"nomen":"Herria","gender":"female","raw_name":"Herriae Privae","cognomen":"Priva","status":"bene merens"},{"nomen":"","gender":"male","raw_name":"Pardus","cognomen":"Pardus","status":"pater"}]}},{"type":"Feature","geometry":{"type":"Point","coordinates":[15.56,40.46]},"properties":{"edcs_id":"EDCS-06600042","findspot":"Atena Lucana / Atina","raw_text":"M(arco) Tihonio / Helio filio / pientissi/mo M(arcus) Ti/honius Helius pater / b(ene) m(erenti) f(ecit)","date_from":171,"date_to":300,"marker_gender":"male","is_individual":false,"edcs_url":"https://edcs.hist.uzh.ch/en/document?edcs-id=EDCS-06600042","persons":[{"nomen":"Tihonius","gender":"male","raw_name":"M. Tihonio Helio","praenomen":"Marcus","cognomen":"Helius","status":"filius pientissimus","cluster_id":156,"cluster_size":2},{"nomen":"Tihonius","gender":"male","raw_name":"M. Tihonius Helius","praenomen":"Marcus","cognomen":"Helius","status":"pater, bene merens","cluster_id":156,"cluster_size":2}]}},{"type":"Feature","geometry":{"type":"Point","coordinates":[15.56,40.46]},"properties":{"edcs_id":"EDCS-06600043","findspot":"Atena Lucana / Atina","raw_text":"D(is) M(anibus) / T(ito) Helvio Helviano / filio karissimo / T(itus) Helvius Tertul/lus [","date_from":171,"date_to":250,"marker_gender":"male","is_individual":false,"edcs_url":"https://edcs.hist.uzh.ch/en/document?edcs-id=EDCS-06600043","persons":[{"nomen":"Helvius","gender":"male","raw_name":"T(ito) Helvio Helviano","praenomen":"Titus","cognomen":"Helvianus","status":"filius"},{"nomen":"Helvius","gender":"male","raw_name":"T(itus) Helvius Tertul lus","praenomen":"Titus","cognomen":"Tertullus","cluster_id":79,"cluster_size":3}]}},{"type":"Feature","geometry":{"type":"Point","coordinates":[15.56,40.46]},"properties":{"edcs_id":"EDCS-06600044","findspot":"Atena Lucana / Atina","raw_text":"D(is) M(anibus) / N(umerio) Pontili[o] / Campano / [p]atri optim[o] / N(umerius) Pontili[us","date_from":101,"date_to":200,"marker_gender":"male","is_individual":false,"edcs_url":"https://edcs.hist.uzh.ch/en/document?edcs-id=EDCS-06600044","persons":[{"nomen":"Pontilius","gender":"male","raw_name":"N. Pontilio Campano","praenomen":"Numerius","cognomen":"Campanus","status":"pater optimus"},{"nomen":"Pontilius","gender":"male","raw_name":"N. Pontilius","praenomen":"Numerius"}]}},{"type":"Feature","geometry":{"type":"Point","coordinates":[15.56,40.46]},"properties":{"edcs_id":"EDCS-06600045","findspot":"Atena Lucana / Atina","raw_text":"Cn(aeus) M(arcus) Vinucieis Cn(aei) f(ilii) / e() h() d(onum) d(ederunt) me(rito) / l<i=U>(bentes)","date_from":null,"date_to":null,"marker_gender":"male","is_individual":false,"edcs_url":"https://edcs.hist.uzh.ch/en/document?edcs-id=EDCS-06600045","persons":[{"nomen":"Vinucius","gender":"male","raw_name":"Cn. Vinucieis","praenomen":"Gnaeus","status":"filius Gnaei"},{"nomen":"Vinucius","gender":"male","raw_name":"M. Vinucieis","praenomen":"Marcus","status":"filius Gnaei"}]}},{"type":"Feature","geometry":{"type":"Point","coordinates":[15.56,40.55]},"properties":{"edcs_id":"EDCS-06600047","findspot":"Sant'Angelo le Fratte / Atina","raw_text":"D(is) M(anibus) / Stai(a)e Grum/entin(a)e / C(aius) Apidius / Faustus / m(aritus) b(ene) m(erenti) f(ecit)","date_from":201,"date_to":300,"marker_gender":"mixed","is_individual":false,"edcs_url":"https://edcs.hist.uzh.ch/en/document?edcs-id=EDCS-06600047","persons":[{"nomen":"Staia","gender":"female","raw_name":"Staiae Grumentinae","cognomen":"Grumentina"},{"nomen":"Apidius","gender":"male","raw_name":"C. Apidius Faustus","praenomen":"Gaius","cognomen":"Faustus","status":"maritus, bene merens"}]}},{"type":"Feature","geometry":{"type":"Point","coordinates":[15.56,40.55]},"properties":{"edcs_id":"EDCS-06600048","findspot":"Sant'Angelo le Fratte / Atina","raw_text":"[3 Vibi]o M(arci) f(ilio) / [3] M(arcus) Vibius / [3] p(ater) et / [","date_from":101,"date_to":200,"marker_gender":"male","is_individual":false,"edcs_url":"https://edcs.hist.uzh.ch/en/document?edcs-id=EDCS-06600048","persons":[{"nomen":"Vibius","gender":"male","raw_name":"[3 Vibio]o M. f.","status":"filius Marci"},{"nomen":"Vibius","gender":"male","raw_name":"M. Vibius","praenomen":"Marcus","status":"pater"}]}},{"type":"Feature","geometry":{"type":"Point","coordinates":[15.5,40.52]},"properties":{"edcs_id":"EDCS-06600049","findspot":"Intranita, Polla","raw_text":"D(is) M(anibus) / d(ecessit) Latiniae P(ubli) f(iliae) / German(a)e quae / vixit ann(os) XXXX / Latinii Lucan/us et Lucania/nus eorum am(antissimae) / sorori pienti/ssimae fecer(unt)","date_from":131,"date_to":230,"marker_gender":"mixed","is_individual":false,"edcs_url":"https://edcs.hist.uzh.ch/en/document?edcs-id=EDCS-06600049","persons":[{"nomen":"Latinia","gender":"female","raw_name":"Latiniae P(ubli) f(iliae) German(a)e","cognomen":"Germana","status":"filia Publii, soror pientissima"},{"nomen":"Latinius","gender":"male","raw_name":"Latinius Lucanus","cognomen":"Lucanus","cluster_id":34,"cluster_size":4},{"nomen":"Lucanius","gender":"male","raw_name":"Lucanianus"}]}},{"type":"Feature","geometry":{"type":"Point","coordinates":[15.44,40.6]},"properties":{"edcs_id":"EDCS-06600050","findspot":"Braida","raw_text":"D(is) M(anibus) / Antoniae One/sim(a)e S(purius) Baebius / Fortunatus / coniugi b(ene) m(erenti) / cum qua / v(ixit) a(nnos) XXVII","date_from":171,"date_to":250,"marker_gender":"mixed","is_individual":true,"edcs_url":"https://edcs.hist.uzh.ch/en/document?edcs-id=EDCS-06600050","persons":[{"nomen":"Antonia","gender":"female","raw_name":"Antoniae Onesim(a)e","cognomen":"Onesima","status":"coniunx"},{"nomen":"Baebius","gender":"male","raw_name":"S(purius) Baebius Fortunatus","praenomen":"Spurius","cognomen":"Fortunatus"}]}},{"type":"Feature","geometry":{"type":"Point","coordinates":[15.69,40.07]},"properties":{"edcs_id":"EDCS-06600051","findspot":"San Costantino","raw_text":"D(is) M(anibus) / Allidius Sopo / Allidius Epulia/nus Allidia Cal/ibe fili(i)s pater d/ulcis vale Alli/dia Cladisce So/poniano coni/ugi bene mere/nti fecit c<um=ON> q/u<o=EN> vixit annis / [3] XIII m(ensibus) VI d(iebus) V","date_from":201,"date_to":300,"marker_gender":"mixed","is_individual":true,"edcs_url":"https://edcs.hist.uzh.ch/en/document?edcs-id=EDCS-06600051","persons":[{"nomen":"Allidius","gender":"male","raw_name":"Allidius Sopo","cognomen":"Sopo"},{"nomen":"Allidius","gender":"male","raw_name":"Allidius Epulianus","cognomen":"Epulianus"},{"nomen":"Allidia","gender":"female","raw_name":"Allidia Calibe","cognomen":"Calibe","status":"filia"},{"nomen":"Allidia","gender":"female","raw_name":"Allidia Cladisce","cognomen":"Cladisce","status":"uxor"},{"nomen":"","gender":"male","raw_name":"Soponiano","cognomen":"Soponianus"}]}},{"type":"Feature","geometry":{"type":"Point","coordinates":[16.29,39.27]},"properties":{"edcs_id":"EDCS-06600052","findspot":"Sant'Ippolito","raw_text":"D(is) M(anibus) / [3]cliae Prim(a)e / coniu[gi Am]an[dus] / cum [fili]is / b(ene) m(erenti) fecit","date_from":151,"date_to":250,"marker_gender":"mixed","is_individual":true,"edcs_url":"https://edcs.hist.uzh.ch/en/document?edcs-id=EDCS-06600052","persons":[{"nomen":"","gender":"female","raw_name":"[3]cliae Prim(a)e","cognomen":"Prima","status":"coniunx"},{"nomen":"","gender":"male","raw_name":"Amandus","cognomen":"Amandus","status":"bene merens"}]}},{"type":"Feature","geometry":{"type":"Point","coordinates":[15.6,40.4]},"properties":{"edcs_id":"EDCS-06600054","findspot":"Sala Consilina / Cosilinum / Atina","raw_text":"D(is) M(anibus) / Anteae / Diaeonia / DIO[3] A[ti]meto / [coniugi s]uo / titulum / bene meren/ti fec(it)","date_from":null,"date_to":null,"marker_gender":"mixed","is_individual":false,"edcs_url":"https://edcs.hist.uzh.ch/en/document?edcs-id=EDCS-06600054","persons":[{"nomen":"Antea","gender":"female","raw_name":"Anteae"},{"nomen":"","gender":"male","raw_name":"DIO[3] A[ti]meto","cognomen":"Atimetus","status":"coniunx"}]}},{"type":"Feature","geometry":{"type":"Point","coordinates":[15.6,40.4]},"properties":{"edcs_id":"EDCS-06600055","findspot":"Sala Consilina / Cosilinum / Atina","raw_text":"Abuntantio / Marcus / c{h}arissimo","date_from":null,"date_to":null,"marker_gender":"male","is_individual":false,"edcs_url":"https://edcs.hist.uzh.ch/en/document?edcs-id=EDCS-06600055","persons":[{"nomen":"","gender":"male","raw_name":"Abuntantio","cognomen":"Abuntantius"},{"nomen":"","gender":"male","raw_name":"Marcus","praenomen":"Marcus","status":"charissimus"}]}},{"type":"Feature","geometry":{"type":"Point","coordinates":[15.6,40.4]},"properties":{"edcs_id":"EDCS-06600056","findspot":"Sala Consilina / Cosilinum / Atina","raw_text":"Cn(aeus) Balbius M(arci) f(ilius)","date_from":-50,"date_to":-21,"marker_gender":"male","is_individual":false,"edcs_url":"https://edcs.hist.uzh.ch/en/document?edcs-id=EDCS-06600056","persons":[{"nomen":"Balbius","gender":"male","raw_name":"Cn(aeus) Balbius M(arci) f(ilius)","praenomen":"Gnaeus","status":"filius Marci"}]}},{"type":"Feature","geometry":{"type":"Point","coordinates":[15.6,40.4]},"properties":{"edcs_id":"EDCS-06600057","findspot":"Sala Consilina / Cosilinum / Atina","raw_text":"M(anius) Scuracius |(mulieris) l(ibertus) / Marsus / bene quiesce","date_from":-20,"date_to":50,"marker_gender":"male","is_individual":false,"edcs_url":"https://edcs.hist.uzh.ch/en/document?edcs-id=EDCS-06600057","persons":[{"nomen":"Scuracius","gender":"male","raw_name":"M(anius) Scuracius |(mulieris) l(ibertus) Marsus","praenomen":"Manius","cognomen":"Marsus","status":"libertus mulieris"}]}},{"type":"Feature","geometry":{"type":"Point","coordinates":[15.6,40.4]},"properties":{"edcs_id":"EDCS-06600058","findspot":"Sala Consilina / Cosilinum / Atina","raw_text":"D(is) M(anibus) / Suro contu/bernali bene / merenti fecit / Fusca c<um=ON> qu<o=EM> v(ixit) an(nos) LXII","date_from":201,"date_to":300,"marker_gender":"mixed","is_individual":false,"edcs_url":"https://edcs.hist.uzh.ch/en/document?edcs-id=EDCS-06600058","persons":[{"nomen":"","gender":"male","raw_name":"Suro","cognomen":"Surus","status":"contubernalis"},{"nomen":"","gender":"female","raw_name":"Fusca","cognomen":"Fusca"}]}},{"type":"Feature","geometry":{"type":"Point","coordinates":[15.66,40.34]},"properties":{"edcs_id":"EDCS-06600063","findspot":"Padula / Cosilinum","raw_text":"] / Grati pat(er) et f(ilius) / [b]alneum sua pecu/nia fecerunt d(ecreto) d(ecurionum) / [p]ater epulo dato dedicavit","date_from":-30,"date_to":50,"marker_gender":"male","is_individual":false,"edcs_url":"https://edcs.hist.uzh.ch/en/document?edcs-id=EDCS-06600063","persons":[{"nomen":"","gender":"male","raw_name":"Grati pat(er)","cognomen":"Gratus","status":"pater"}]}},{"type":"Feature","geometry":{"type":"Point","coordinates":[15.66,40.34]},"properties":{"edcs_id":"EDCS-06600064","findspot":"Padula / Cosilinum","raw_text":"M(arcus) Vehilius [P]rimus / cur(ator) r(ei) p(ublicae) Cosilinatium / porticum Herculis / a solo i<m=N>pensa r(ei) p(ublicae) ins/tantia sua f(aciundam) c(uravit)","date_from":201,"date_to":300,"marker_gender":"male","is_individual":false,"edcs_url":"https://edcs.hist.uzh.ch/en/document?edcs-id=EDCS-06600064","persons":[{"nomen":"Vehilius","gender":"male","raw_name":"M(arcus) Vehilius [P]rimus","praenomen":"Marcus","cognomen":"Primus","status":"curator rei publicae"}]}},{"type":"Feature","geometry":{"type":"Point","coordinates":[15.66,40.34]},"properties":{"edcs_id":"EDCS-06600065","findspot":"Padula / Cosilinum","raw_text":"Maria C(ai) f(ilia) gnata An(nia)","date_from":-30,"date_to":-1,"marker_gender":"female","is_individual":false,"edcs_url":"https://edcs.hist.uzh.ch/en/document?edcs-id=EDCS-06600065","persons":[{"nomen":"Maria","gender":"female","raw_name":"Maria C(ai) f(ilia) gnata An(nia)","status":"filia Caii, gnata Annia"}]}},{"type":"Feature","geometry":{"type":"Point","coordinates":[15.66,40.34]},"properties":{"edcs_id":"EDCS-06600067","findspot":"Padula / Cosilinum","raw_text":"Spediae C(ai) f(iliae) Gallae / vix(it) an(nos) II mens(es) X / C(aio) Spedio C(ai) f(ilio) Basso / vix(it) an(nos) VI mens(es) X / C(aio) Spedio C(ai) f(ilio) Basso / [3]ae Spedi","date_from":null,"date_to":null,"marker_gender":"mixed","is_individual":false,"edcs_url":"https://edcs.hist.uzh.ch/en/document?edcs-id=EDCS-06600067","persons":[{"nomen":"Spedia","gender":"female","raw_name":"Spediae C(ai) f(iliae) Gallae","cognomen":"Galla","status":"filia Caii","cluster_id":526,"cluster_size":2},{"nomen":"Spedius","gender":"male","raw_name":"C(aio) Spedio C(ai) f(ilio) Basso","praenomen":"Gaius","cognomen":"Bassus","status":"filius Caii","cluster_id":527,"cluster_size":4},{"nomen":"Spedius","gender":"male","raw_name":"C(aio) Spedio C(ai) f(ilio) Basso","praenomen":"Gaius","cognomen":"Bassus","status":"filius Caii","cluster_id":527,"cluster_size":4}]}},{"type":"Feature","geometry":{"type":"Point","coordinates":[15.66,40.34]},"properties":{"edcs_id":"EDCS-06600068","findspot":"Padula / Cosilinum","raw_text":"Valeriae / <b=V>ene mer/{r}enti titu/lum / factum","date_from":180,"date_to":250,"marker_gender":"female","is_individual":false,"edcs_url":"https://edcs.hist.uzh.ch/en/document?edcs-id=EDCS-06600068","persons":[{"nomen":"Valeria","gender":"female","raw_name":"Valeriae","status":"bene merens"}]}},{"type":"Feature","geometry":{"type":"Point","coordinates":[15.66,40.34]},"properties":{"edcs_id":"EDCS-06600072","findspot":"Padula / Cosilinum","raw_text":"Imp(eratori) Caes(ari) / divi Magni / Antonini Pii / fil(io) divi Seve/ri nep(oti) M(arco) Aure/lio Antoni/no Pio Fel(ici) Aug(usto) / d(ecreto) d(ecurionum)","date_from":218,"date_to":222,"marker_gender":"male","is_individual":false,"edcs_url":"https://edcs.hist.uzh.ch/en/document?edcs-id=EDCS-06600072","persons":[{"nomen":"Aurelius","gender":"male","raw_name":"Imp(eratori) Caes(ari) M(arco) Aurelio Antonino Pio Fel(ici) Aug(usto)","praenomen":"Marcus","cognomen":"Antoninus","status":"Imperator Caesar, filius divi Magni Antonini Pii, nepos divi Severi, Pius, Felix, Augustus","is_imperial":true,"cluster_confidence":"low"}]}},{"type":"Feature","geometry":{"type":"Point","coordinates":[15.66,40.34]},"properties":{"edcs_id":"EDCS-06600073","findspot":"Padula / Cosilinum","raw_text":"A]ntesphor / [v(ivus) f(ecit) s(ibi)] et / [3 P]om(ptina) Pedoni f(ilio) / [3]nae v(ixit) a(nnos) XVII / [3]ulae f(iliae) v(ixit) a(nnos) XX / [3 a]e matri eorum","date_from":-20,"date_to":30,"marker_gender":"male","is_individual":false,"edcs_url":"https://edcs.hist.uzh.ch/en/document?edcs-id=EDCS-06600073","persons":[{"nomen":"","gender":"male","raw_name":"A]ntesphor","cognomen":"Antesphor"}]}},{"type":"Feature","geometry":{"type":"Point","coordinates":[15.66,40.34]},"properties":{"edcs_id":"EDCS-06600075","findspot":"Padula / Cosilinum","raw_text":"T(ito) Helvio Quarto filio / T(ito) Helvio Hespero priv[igno] / Helviae Secundae coniugi / Secundio Helviae Procu[l(ae)] / vilicus sibi et suis fecit / quod facer(e) filius / patri debuit [id]/circo filio fecit pat[er]","date_from":31,"date_to":80,"marker_gender":"mixed","is_individual":false,"edcs_url":"https://edcs.hist.uzh.ch/en/document?edcs-id=EDCS-06600075","persons":[{"nomen":"Helvius","gender":"male","raw_name":"T(ito) Helvio Quarto","praenomen":"Titus","cognomen":"Quartus","status":"filius"},{"nomen":"Helvius","gender":"male","raw_name":"T(ito) Helvio Hespero","praenomen":"Titus","cognomen":"Hesperus","status":"privignus"},{"nomen":"Helvia","gender":"female","raw_name":"Helviae Secundae","cognomen":"Secunda","status":"coniux"},{"nomen":"Helvia","gender":"female","raw_name":"Helviae Procu[l(ae)]","cognomen":"Procula"},{"nomen":"","gender":"male","raw_name":"Secundio","cognomen":"Secundio","status":"pater"}]}},{"type":"Feature","geometry":{"type":"Point","coordinates":[15.66,40.34]},"properties":{"edcs_id":"EDCS-06600076","findspot":"Padula / Cosilinum","raw_text":"D(is) M(anibus) / Marc/ellin/o filio / parent(es) / fecer(unt)","date_from":51,"date_to":150,"marker_gender":"male","is_individual":false,"edcs_url":"https://edcs.hist.uzh.ch/en/document?edcs-id=EDCS-06600076","persons":[{"nomen":"","gender":"male","raw_name":"Marc ellin o","cognomen":"Marcellinus","status":"filius"}]}},{"type":"Feature","geometry":{"type":"Point","coordinates":[15.66,40.34]},"properties":{"edcs_id":"EDCS-06600077","findspot":"Padula / Cosilinum","raw_text":"Ceriali / nutritori / bene merenti","date_from":51,"date_to":150,"marker_gender":"male","is_individual":false,"edcs_url":"https://edcs.hist.uzh.ch/en/document?edcs-id=EDCS-06600077","persons":[{"nomen":"","gender":"male","raw_name":"Ceriali","cognomen":"Cerialis","status":"nutritor"}]}},{"type":"Feature","geometry":{"type":"Point","coordinates":[15.66,40.34]},"properties":{"edcs_id":"EDCS-06600078","findspot":"Padula / Cosilinum","raw_text":"[M]atri Sec[u]/ndil(a)e pi[en]/tis(s)im(a)e be[ne] / merenti [3] / [3]s fecerun[t] / Secundus [et 3]essa","date_from":151,"date_to":250,"marker_gender":"mixed","is_individual":false,"edcs_url":"https://edcs.hist.uzh.ch/en/document?edcs-id=EDCS-06600078","persons":[{"nomen":"","gender":"female","raw_name":"Sec[u] ndil(a)e","cognomen":"Secundilla","status":"pientissima"},{"nomen":"","gender":"male","raw_name":"Secundus","cognomen":"Secundus"}]}},{"type":"Feature","geometry":{"type":"Point","coordinates":[15.54,40.38]},"properties":{"edcs_id":"EDCS-06600083","findspot":"Teggiano / Tegianum","raw_text":"Πλατορ Σκαλαπονιε","date_from":null,"date_to":null,"marker_gender":"mixed","is_individual":false,"edcs_url":"https://edcs.hist.uzh.ch/en/document?edcs-id=EDCS-06600083","persons":[{"nomen":"","gender":"male","raw_name":"Πλατορ","cognomen":"Plator"},{"nomen":"","gender":"female","raw_name":"Σκαλαπονιε","cognomen":"Scalaponia"}]}},{"type":"Feature","geometry":{"type":"Point","coordinates":[15.54,40.38]},"properties":{"edcs_id":"EDCS-06600085","findspot":"Teggiano / Tegianum","raw_text":"C(aius) Samius C(ai) f(ilius) ann(os) g/natu/s / XI","date_from":-50,"date_to":-31,"marker_gender":"male","is_individual":false,"edcs_url":"https://edcs.hist.uzh.ch/en/document?edcs-id=EDCS-06600085","persons":[{"nomen":"Samius","gender":"male","raw_name":"C(aius) Samius C(ai) f(ilius)","praenomen":"Gaius","status":"filius Gaii"}]}},{"type":"Feature","geometry":{"type":"Point","coordinates":[15.54,40.38]},"properties":{"edcs_id":"EDCS-06600088","findspot":"Teggiano / Tegianum","raw_text":"Tarsius sacer(dos) fecit quicumque precor legitis {h}orate pro e<o=UM>","date_from":301,"date_to":500,"marker_gender":"male","is_individual":false,"edcs_url":"https://edcs.hist.uzh.ch/en/document?edcs-id=EDCS-06600088","persons":[{"nomen":"","gender":"male","raw_name":"Tarsius","cognomen":"Tarsius","status":"sacerdos"}]}},{"type":"Feature","geometry":{"type":"Point","coordinates":[15.54,40.38]},"properties":{"edcs_id":"EDCS-06600090","findspot":"San Rufo / Tegianum","raw_text":"C(aius) Luxsilius(!) C(ai) f(ilius) / Pom(ptina) Macer / arma haec quae cernis princeps lu[dend]o fui / id ita fuisse campus urbis te[stis est] / v(ixit) a(nnos) XVIIII // [Here]nnia L(uci) f(ilia) / [T]ertia / [3] talarum vitilem / [3] cordi forem / [vixit annos? 3]II","date_from":51,"date_to":150,"marker_gender":"mixed","is_individual":true,"edcs_url":"https://edcs.hist.uzh.ch/en/document?edcs-id=EDCS-06600090","persons":[{"nomen":"Luxsilius","gender":"male","raw_name":"C. Luxsilius C. f. Pom. Macer","praenomen":"Gaius","cognomen":"Macer","status":"filius Caii, tribus Pomptina"},{"nomen":"Herennia","gender":"female","raw_name":"[Here]nnia L. f. [T]ertia","cognomen":"Tertia","status":"filia Lucii"}]}},{"type":"Feature","geometry":{"type":"Point","coordinates":[15.3,40.56]},"properties":{"edcs_id":"EDCS-06600092","findspot":"Sicignano degli Alburni / Nares Lucanae","raw_text":"D(ecumanus) XIII K(ardo) I // C(aius) Semp[ron]i(us) Ti(beri) f(ilius) / Ap(pius) Claudi(us) C(ai) f(ilius) / P(ublius) Licini(us) P(ubli) f(ilius) / IIIvir(i) a(gris) i(udicandis) a(dsignandis)","date_from":null,"date_to":null,"marker_gender":"male","is_individual":false,"edcs_url":"https://edcs.hist.uzh.ch/en/document?edcs-id=EDCS-06600092","persons":[{"nomen":"Sempronius","gender":"male","raw_name":"C. Sempronius Ti. f.","praenomen":"Gaius","status":"filius Tiberii, IIIvir agris iudicandis adsignandis"},{"nomen":"Claudius","gender":"male","raw_name":"Ap. Claudius C. f.","praenomen":"Appius","status":"filius Caii, IIIvir agris iudicandis adsignandis"},{"nomen":"Licinius","gender":"male","raw_name":"P. Licinius P. f.","praenomen":"Publius","status":"filius Publii, IIIvir agris iudicandis adsignandis"}]}},{"type":"Feature","geometry":{"type":"Point","coordinates":[15.56,40.46]},"properties":{"edcs_id":"EDCS-06600094","findspot":"Atena Lucana / Atina","raw_text":"D(is) M(anibus) / Caffius(!) bis con(sul) [3] / [3]ense Pomponii(!) / hic stat / alba VX t() f() f()","date_from":null,"date_to":null,"marker_gender":"male","is_individual":false,"edcs_url":"https://edcs.hist.uzh.ch/en/document?edcs-id=EDCS-06600094","persons":[{"nomen":"Caffius","gender":"male","raw_name":"Caffius","status":"bis consul"},{"nomen":"Pomponius","gender":"unknown","raw_name":"Pomponii"}]}},{"type":"Feature","geometry":{"type":"Point","coordinates":[15.66,40.34]},"properties":{"edcs_id":"EDCS-06600095","findspot":"Padula / Cosilinum","raw_text":"Co(n)stantio","date_from":null,"date_to":null,"marker_gender":"male","is_individual":false,"edcs_url":"https://edcs.hist.uzh.ch/en/document?edcs-id=EDCS-06600095","persons":[{"nomen":"","gender":"male","raw_name":"Co(n)stantio","cognomen":"Constantius"}]}},{"type":"Feature","geometry":{"type":"Point","coordinates":[15.29,40.73]},"properties":{"edcs_id":"EDCS-06600098","findspot":"Colliano","raw_text":"] Oppio [3]alma[3] / aedili IIIIv(iro) / Com<ps=PS>ae patri / aedili Volciis [Tu]lliae / |(mulieris) l(ibertae) / [Di]onysiae / matri","date_from":1,"date_to":70,"marker_gender":"mixed","is_individual":false,"edcs_url":"https://edcs.hist.uzh.ch/en/document?edcs-id=EDCS-06600098","persons":[{"nomen":"Oppius","gender":"male","raw_name":"Oppio","status":"aedilis, IVvir, pater"},{"nomen":"Tullia","gender":"female","raw_name":"Tulliae","status":"liberta, mater"},{"nomen":"","gender":"female","raw_name":"Dionysiae","cognomen":"Dionysia","status":"liberta, mater"}]}},{"type":"Feature","geometry":{"type":"Point","coordinates":[15.29,40.73]},"properties":{"edcs_id":"EDCS-06600099","findspot":"Colliano","raw_text":"Memoriae / Babbiani / L(ucius) Fulvius Pa/[3]alus fec(it) / [sibi et] suis","date_from":101,"date_to":200,"marker_gender":"male","is_individual":false,"edcs_url":"https://edcs.hist.uzh.ch/en/document?edcs-id=EDCS-06600099","persons":[{"nomen":"","gender":"male","raw_name":"Babbiani","cognomen":"Babbianus"},{"nomen":"Fulvius","gender":"male","raw_name":"L. Fulvius Pa[3]alus","praenomen":"Lucius","cognomen":"Palus"}]}},{"type":"Feature","geometry":{"type":"Point","coordinates":[15.29,40.73]},"properties":{"edcs_id":"EDCS-06600100","findspot":"Colliano","raw_text":"D(is) M(anibus) / Brutt/io Asia/tico Fe/licio p(osuit)","date_from":171,"date_to":300,"marker_gender":"male","is_individual":false,"edcs_url":"https://edcs.hist.uzh.ch/en/document?edcs-id=EDCS-06600100","persons":[{"nomen":"Bruttius","gender":"male","raw_name":"Bruttio Asiatico","cognomen":"Asiaticus"},{"nomen":"","gender":"male","raw_name":"Felicio","cognomen":"Felicius","cluster_id":1083,"cluster_size":2,"cluster_confidence":"low"}]}},{"type":"Feature","geometry":{"type":"Point","coordinates":[15.29,40.73]},"properties":{"edcs_id":"EDCS-06600101","findspot":"Colliano","raw_text":"D(is) M(anibus) / Glaphy/r(a)e matr/i bene m(erenti) / Felicio f/ilius f(ecit)","date_from":171,"date_to":300,"marker_gender":"mixed","is_individual":false,"edcs_url":"https://edcs.hist.uzh.ch/en/document?edcs-id=EDCS-06600101","persons":[{"nomen":"","gender":"female","raw_name":"Glaphyra","cognomen":"Glaphyra","status":"mater, bene merens"},{"nomen":"","gender":"male","raw_name":"Felicio","cognomen":"Felicius","status":"filius","cluster_id":1083,"cluster_size":2,"cluster_confidence":"low"}]}},{"type":"Feature","geometry":{"type":"Point","coordinates":[15.29,40.73]},"properties":{"edcs_id":"EDCS-06600102","findspot":"Colliano","raw_text":"D(is) M(anibus) / C(aius) Oppius / Romanus / et Caesellia / Luperca in/felicissimi / parentes / Ionio f(ilio) et / sibi","date_from":101,"date_to":250,"marker_gender":"mixed","is_individual":false,"edcs_url":"https://edcs.hist.uzh.ch/en/document?edcs-id=EDCS-06600102","persons":[{"nomen":"Oppius","gender":"male","raw_name":"C. Oppius Romanus","praenomen":"Gaius","cognomen":"Romanus","status":"parens, infelicissimus"},{"nomen":"Caesellia","gender":"female","raw_name":"Caesellia Luperca","cognomen":"Luperca","status":"parens, infelicissima"},{"nomen":"","gender":"male","raw_name":"Ionio","cognomen":"Ionius","status":"filius"}]}},{"type":"Feature","geometry":{"type":"Point","coordinates":[15.45,40.54]},"properties":{"edcs_id":"EDCS-06600104","findspot":"Pertosa / Atina","raw_text":"D(is) M(anibus) / S(purio) Teio Arelonio / filio S(purius) Teius Lig/damus pater / scelestus / b(ene) m(erenti) f(ecit) q(ui) v(ixit) an(nos) / XXIIII","date_from":171,"date_to":300,"marker_gender":"male","is_individual":false,"edcs_url":"https://edcs.hist.uzh.ch/en/document?edcs-id=EDCS-06600104","persons":[{"nomen":"Teius","gender":"male","raw_name":"S(purio) Teio Arelonio","praenomen":"Spurius","cognomen":"Arelonius","status":"filius Spurii"},{"nomen":"Teius","gender":"male","raw_name":"S(purius) Teius Ligdamus","praenomen":"Spurius","cognomen":"Ligdamus","status":"pater"}]}},{"type":"Feature","geometry":{"type":"Point","coordinates":[15.6,40.4]},"properties":{"edcs_id":"EDCS-06600105","findspot":"Sala Consilina / Cosilinum / Atina","raw_text":"c]o(n)iugi / [3]a Ve/[","date_from":151,"date_to":250,"marker_gender":"unknown","is_individual":false,"edcs_url":"https://edcs.hist.uzh.ch/en/document?edcs-id=EDCS-06600105","persons":[{"nomen":"","gender":"unknown","raw_name":"Ve[","cognomen":"Ve"}]}},{"type":"Feature","geometry":null,"properties":{"edcs_id":"EDCS-06600106","findspot":"Oliveto Citra","raw_text":"Quintus Poppaedius Quinti libertus Chrestionius l d v q fecit","date_from":null,"date_to":null,"marker_gender":"male","is_individual":true,"edcs_url":"https://edcs.hist.uzh.ch/en/document?edcs-id=EDCS-06600106","persons":[{"nomen":"Poppaedius","gender":"male","raw_name":"Q. Poppaediu[s]","praenomen":"Quintus"},{"nomen":"","gender":"male","raw_name":"Q. l. Chrestioniu[s]","praenomen":"Quintus","cognomen":"Chrestionius","status":"libertus, filius Quinti"}]}},{"type":"Feature","geometry":{"type":"Point","coordinates":[15.66,40.34]},"properties":{"edcs_id":"EDCS-07000341","findspot":"Civita / Cosilinum","raw_text":"D(is) M(anibus) s(acrum) / Led(a)e / Silvester / coniugi / b(ene) m(erenti) f(ecit) / cum qua vixit / an(nos) LXV","date_from":151,"date_to":220,"marker_gender":"mixed","is_individual":false,"edcs_url":"https://edcs.hist.uzh.ch/en/document?edcs-id=EDCS-07000341","persons":[{"nomen":"","gender":"female","raw_name":"Led(a)e","cognomen":"Leda","status":"coniunx, bene merens"},{"nomen":"","gender":"male","raw_name":"Silvester","cognomen":"Silvester","status":"maritus"}]}},{"type":"Feature","geometry":{"type":"Point","coordinates":[15.66,40.34]},"properties":{"edcs_id":"EDCS-07000342","findspot":"Civita / Cosilinum","raw_text":"D(is) M(anibus) / Quintian(a)e fili(a)e / carissim(a)e bene / merenti quae / vixit an(nos) XXXVI / fecit pia mater / Quinta","date_from":151,"date_to":200,"marker_gender":"female","is_individual":false,"edcs_url":"https://edcs.hist.uzh.ch/en/document?edcs-id=EDCS-07000342","persons":[{"nomen":"","gender":"female","raw_name":"Quintian(a)e","cognomen":"Quintiana","status":"filia, carissima, bene merens"},{"nomen":"","gender":"female","raw_name":"Quinta","cognomen":"Quinta","status":"mater, pia"}]}},{"type":"Feature","geometry":{"type":"Point","coordinates":[15.37,40.63]},"properties":{"edcs_id":"EDCS-07000348","findspot":"Buccino / Volcei","raw_text":"D(is) M(anibus) / [3]tus / [3]cundae / coniugi c[ar]issimae / [3] cum qua vixi / annis XX[1] T(itus) (A)elius / [3]antin(ae) fili/ae [cari]ssimae qu(ae) / vixit annis X m(ensibus) XI / d(iebus) V","date_from":null,"date_to":null,"marker_gender":"male","is_individual":false,"edcs_url":"https://edcs.hist.uzh.ch/en/document?edcs-id=EDCS-07000348","persons":[{"nomen":"","gender":"male","raw_name":"[3]cundae","cognomen":"Secundus","status":"coniux, carissimus"},{"nomen":"Aelius","gender":"male","raw_name":"T(itus) (A)elius","praenomen":"Titus"}]}},{"type":"Feature","geometry":{"type":"Point","coordinates":[15.38,40.63]},"properties":{"edcs_id":"EDCS-07000352","findspot":"Buccino / Volcei","raw_text":"D(is) M(anibus) / Ulpiae [3] / [H]era{i}idi / co(n)iugi car[i]/[ssi]m(a)e M(arcus) Ma/[3] Das[","date_from":101,"date_to":200,"marker_gender":"mixed","is_individual":false,"edcs_url":"https://edcs.hist.uzh.ch/en/document?edcs-id=EDCS-07000352","persons":[{"nomen":"Ulpia","gender":"female","raw_name":"Ulpiae [3] [H]era{i}idi","cognomen":"Heraidis","status":"coniux, carissima"},{"nomen":"Manilius","gender":"male","raw_name":"M(arcus) Ma [3] Das[","praenomen":"Marcus"}]}},{"type":"Feature","geometry":{"type":"Point","coordinates":[15.9,38.68]},"properties":{"edcs_id":"EDCS-07400239","findspot":"Tropea / Trapeia","raw_text":"B(onae) m(emoriae) s(acrum) / fideli<s=X> Criscenti/a(!) qu(a)e <v=B>i<x=SS>it annis(!) / pl(us) m(inus) LXX mens<e=I>s V dies / VIII cui bene fecerun(t) fili(i) recessit in pace","date_from":301,"date_to":500,"marker_gender":"female","is_individual":false,"edcs_url":"https://edcs.hist.uzh.ch/en/document?edcs-id=EDCS-07400239","persons":[{"nomen":"","gender":"female","raw_name":"Criscentia","cognomen":"Crescentia","cluster_id":1831,"cluster_size":2,"cluster_confidence":"low"}]}},{"type":"Feature","geometry":{"type":"Point","coordinates":[15.9,38.68]},"properties":{"edcs_id":"EDCS-07400241","findspot":"Tropea / Trapeia","raw_text":"B(onae) m(emo)r(iae) [s(acrum?)] / Ianuarius fi/delis in pace vixit / annis p(lus) m(inus) L cui be/ne fecit ux{s}or sua / recessit III Kal(endas) Sept(emb)r(es)","date_from":301,"date_to":500,"marker_gender":"male","is_individual":false,"edcs_url":"https://edcs.hist.uzh.ch/en/document?edcs-id=EDCS-07400241","persons":[{"nomen":"","gender":"male","raw_name":"Ianuarius","cognomen":"Ianuarius","status":"fidelis","cluster_id":1757,"cluster_size":2,"cluster_confidence":"low"}]}},{"type":"Feature","geometry":{"type":"Point","coordinates":[15.9,38.68]},"properties":{"edcs_id":"EDCS-07400242","findspot":"Tropea / Trapeia","raw_text":"Marcuana / fideli<s=X> q(ua)e / vi<x=S>it(!) annis(!) XXX / mens<e=I>s VIIII dies / cui maritus / et parentes fecerunt / bene","date_from":301,"date_to":500,"marker_gender":"female","is_individual":false,"edcs_url":"https://edcs.hist.uzh.ch/en/document?edcs-id=EDCS-07400242","persons":[{"nomen":"","gender":"female","raw_name":"Marcuana","cognomen":"Marcuana","status":"fidelis","cluster_id":1758,"cluster_size":2,"cluster_confidence":"low"}]}},{"type":"Feature","geometry":{"type":"Point","coordinates":[15.9,38.68]},"properties":{"edcs_id":"EDCS-07400243","findspot":"Tropea / Trapeia","raw_text":"B(onae) m(emoriae) s(acrum) Marcian[a] / fidelis qu(a)e vixit ann(os) / XLV m(enses) VII d(ies) VIII qu(a)e{i} be/ne fecerunt frater / et fili(i) pr(a)ecessit / in pace","date_from":301,"date_to":350,"marker_gender":"female","is_individual":false,"edcs_url":"https://edcs.hist.uzh.ch/en/document?edcs-id=EDCS-07400243","persons":[{"nomen":"","gender":"female","raw_name":"Marcian[a]","cognomen":"Marciana","status":"fidelis","cluster_id":1759,"cluster_size":2,"cluster_confidence":"low"}]}},{"type":"Feature","geometry":{"type":"Point","coordinates":[15.9,38.68]},"properties":{"edcs_id":"EDCS-07400245","findspot":"Tropea / Trapeia","raw_text":"B(onae) m(emo)r(iae) / Prima fidelis / qu(a)e vixit annis / plus minus LXX / m(ensibus) VIIII d(iebus) VII qu(a)e{i} / <b=V>ene fecit Firmus / pr(a)ecessit in pace","date_from":301,"date_to":500,"marker_gender":"mixed","is_individual":false,"edcs_url":"https://edcs.hist.uzh.ch/en/document?edcs-id=EDCS-07400245","persons":[{"nomen":"","gender":"female","raw_name":"Prima","cognomen":"Prima","status":"fidelis","cluster_id":1760,"cluster_size":2,"cluster_confidence":"low"},{"nomen":"","gender":"male","raw_name":"Firmus","cognomen":"Firmus","cluster_id":1761,"cluster_size":2,"cluster_confidence":"low"}]}},{"type":"Feature","geometry":{"type":"Point","coordinates":[15.9,38.68]},"properties":{"edcs_id":"EDCS-07400247","findspot":"Tropea / Trapeia","raw_text":"D(is) M(anibus) / Cl(audio) Helio qui vixit / annis LXIIII me(nsibus) II / Aurelia Marta / coniugi b(ene) m(erenti) f(ecit)","date_from":null,"date_to":null,"marker_gender":"mixed","is_individual":false,"edcs_url":"https://edcs.hist.uzh.ch/en/document?edcs-id=EDCS-07400247","persons":[{"nomen":"Claudius","gender":"male","raw_name":"Cl. Helio","cognomen":"Helius","cluster_id":783,"cluster_size":2},{"nomen":"Aurelia","gender":"female","raw_name":"Aurelia Marta","cognomen":"Marta","cluster_id":784,"cluster_size":2}]}},{"type":"Feature","geometry":{"type":"Point","coordinates":[15.9,38.68]},"properties":{"edcs_id":"EDCS-07400248","findspot":"Tropea / Trapeia","raw_text":"B(onae) m(emoriae) n(ostri) / Primenius fide/lis qui <v=B>i<x=S>it an/nos plus m<i=E>nus / LII def(u)nctus es(t) quar/tu(m) <K=C>alendas Feb(ru)/arias <c=Q>ui bene fe/c<i=E>t(!) u<x=S>or et fili(i) / eius","date_from":301,"date_to":500,"marker_gender":"male","is_individual":false,"edcs_url":"https://edcs.hist.uzh.ch/en/document?edcs-id=EDCS-07400248","persons":[{"nomen":"","gender":"male","raw_name":"Primenius","cognomen":"Primenius","status":"fidelis","cluster_id":1762,"cluster_size":2,"cluster_confidence":"low"}]}},{"type":"Feature","geometry":{"type":"Point","coordinates":[15.89,38.68]},"properties":{"edcs_id":"EDCS-07400250","findspot":"Tropea / Trapeia","raw_text":"Hic requ(i)e/sc<i=E>t Glor[io]/sa qu(a)e <v=B>ix(it) Ch(rist)o / annos plus mi/nus quinque","date_from":301,"date_to":500,"marker_gender":"female","is_individual":false,"edcs_url":"https://edcs.hist.uzh.ch/en/document?edcs-id=EDCS-07400250","persons":[{"nomen":"","gender":"female","raw_name":"Glor[io]sa","cognomen":"Gloriosa"}]}},{"type":"Feature","geometry":{"type":"Point","coordinates":[17.05,39.27]},"properties":{"edcs_id":"EDCS-07600165","findspot":"Strongoli / Petelia","raw_text":"Octaviae / Crotonidi / Sex(ti) Arelli Ursi / coniugi / merentissimae / locus datus d(ecreto) d(ecurionum)","date_from":51,"date_to":100,"marker_gender":"female","is_individual":false,"edcs_url":"https://edcs.hist.uzh.ch/en/document?edcs-id=EDCS-07600165","persons":[{"nomen":"Octavia","gender":"female","raw_name":"Octaviae Crotonidi Sex(ti) Arelli Ursi","cognomen":"Crotonis","status":"coniunx Sexti Arelli Ursi"}]}},{"type":"Feature","geometry":{"type":"Point","coordinates":[16.91,39.15]},"properties":{"edcs_id":"EDCS-07600166","findspot":"Santa Severina","raw_text":"L(ucius) Marius L(uci) f(ilius) L(ucius) Lurius L(uci) f(ilius) d(uum)vir(i) / murum fornicem area(m) / fecerunt","date_from":-100,"date_to":-1,"marker_gender":"male","is_individual":false,"edcs_url":"https://edcs.hist.uzh.ch/en/document?edcs-id=EDCS-07600166","persons":[{"nomen":"Marius","gender":"male","raw_name":"L. Marius L. f.","praenomen":"Lucius","status":"filius Lucii, duumvir"},{"nomen":"Lurius","gender":"male","raw_name":"L. Lurius L. f.","praenomen":"Lucius","status":"filius Lucii, duumvir"}]}},{"type":"Feature","geometry":{"type":"Point","coordinates":[16.91,39.15]},"properties":{"edcs_id":"EDCS-07600167","findspot":"Santa Severina","raw_text":"[3] Q(uinti) f(iliae) Severinae / ob merita patris / ordo dec(urionum) popul(us)[q(ue)] / aere conl(ato)","date_from":1,"date_to":100,"marker_gender":"female","is_individual":false,"edcs_url":"https://edcs.hist.uzh.ch/en/document?edcs-id=EDCS-07600167","persons":[{"nomen":"","gender":"female","raw_name":"[3] Q. f. Severinae","cognomen":"Severina","status":"filia Quinti"}]}},{"type":"Feature","geometry":{"type":"Point","coordinates":[16.1,38.68]},"properties":{"edcs_id":"EDCS-08300231","findspot":"Vibo Valentia / Monteleone Calabro / Hipponium","raw_text":"D(is) M(anibus) s(acrum) / Sex(tus) Clodius / Firmus / vix(it) an(nos) XVIIII / patro(no?) lib(ertus?) / b(ene) m(erenti) f(ecit)","date_from":101,"date_to":200,"marker_gender":"male","is_individual":false,"edcs_url":"https://edcs.hist.uzh.ch/en/document?edcs-id=EDCS-08300231","persons":[{"nomen":"Clodius","gender":"male","raw_name":"Sex. Clodius Firmus","praenomen":"Sextus","cognomen":"Firmus"}]}},{"type":"Feature","geometry":{"type":"Point","coordinates":[16.1,38.68]},"properties":{"edcs_id":"EDCS-08300232","findspot":"Vibo Valentia / Monteleone Calabro / Hipponium","raw_text":"D(is) M(anibus) s(acrum) / Iunia Ca/letyc(h)e v(ixit) / a(nnos) XX patro(nus) / lib(ertae) b(ene) m(erenti) f(ecit)","date_from":101,"date_to":200,"marker_gender":"female","is_individual":false,"edcs_url":"https://edcs.hist.uzh.ch/en/document?edcs-id=EDCS-08300232","persons":[{"nomen":"Iunia","gender":"female","raw_name":"Iunia Caletyche","cognomen":"Caletyche","status":"liberta"}]}},{"type":"Feature","geometry":{"type":"Point","coordinates":[16.1,38.68]},"properties":{"edcs_id":"EDCS-08300233","findspot":"Vibo Valentia / Monteleone Calabro / Hipponium","raw_text":"D(is) M(anibus) s(acrum) / Sex(tus) Lucilius / Felicianus / vern(a) Put<e=I>ol(anus) / vix(it) ann(os) LX / coniux / b(ene) m(erenti) f(ecit)","date_from":101,"date_to":230,"marker_gender":"male","is_individual":false,"edcs_url":"https://edcs.hist.uzh.ch/en/document?edcs-id=EDCS-08300233","persons":[{"nomen":"Lucilius","gender":"male","raw_name":"Sex. Lucilius Felicianus","praenomen":"Sextus","cognomen":"Felicianus","status":"verna, Puteolanus, coniux"}]}},{"type":"Feature","geometry":{"type":"Point","coordinates":[16.1,38.68]},"properties":{"edcs_id":"EDCS-08300234","findspot":"Vibo Valentia / Monteleone Calabro / Hipponium","raw_text":"D(is) M(anibus) / Sileria / Latice / v(ixit) a(nnos) XXXV m(enses) V / [3] b(ene) m(erenti) f(ecit)","date_from":101,"date_to":200,"marker_gender":"female","is_individual":false,"edcs_url":"https://edcs.hist.uzh.ch/en/document?edcs-id=EDCS-08300234","persons":[{"nomen":"Sileria","gender":"female","raw_name":"Sileria Latice","cognomen":"Latice"}]}},{"type":"Feature","geometry":{"type":"Point","coordinates":[17.05,39.27]},"properties":{"edcs_id":"EDCS-08300235","findspot":"Strongoli / Petelia","raw_text":"Flavia / Pher() / vix(i)t / annis / LXX","date_from":1,"date_to":100,"marker_gender":"female","is_individual":false,"edcs_url":"https://edcs.hist.uzh.ch/en/document?edcs-id=EDCS-08300235","persons":[{"nomen":"Flavia","gender":"female","raw_name":"Flavia Pher()"}]}},{"type":"Feature","geometry":{"type":"Point","coordinates":[17.05,39.27]},"properties":{"edcs_id":"EDCS-08300236","findspot":"Strongoli / Petelia","raw_text":"{H}Ave / C(ai) Mari / Ursule / vix(it) ann(os) L","date_from":1,"date_to":100,"marker_gender":"male","is_individual":false,"edcs_url":"https://edcs.hist.uzh.ch/en/document?edcs-id=EDCS-08300236","persons":[{"nomen":"Marius","gender":"male","raw_name":"C(ai) Mari Ursule","praenomen":"Caius","cognomen":"Ursula"}]}},{"type":"Feature","geometry":{"type":"Point","coordinates":[17.05,39.27]},"properties":{"edcs_id":"EDCS-08300237","findspot":"Strongoli / Petelia","raw_text":"Euctus publicus / Petelinorum / vilicus vixit / an(nos) XXIIII","date_from":1,"date_to":100,"marker_gender":"male","is_individual":false,"edcs_url":"https://edcs.hist.uzh.ch/en/document?edcs-id=EDCS-08300237","persons":[{"nomen":"","gender":"male","raw_name":"Euctus publicus","cognomen":"Euctus","status":"publicus, vilicus"}]}},{"type":"Feature","geometry":{"type":"Point","coordinates":[17.05,39.27]},"properties":{"edcs_id":"EDCS-08300238","findspot":"Strongoli / Petelia","raw_text":"{H}Ave Me/goni Nata/lis v(ixit) a(nnum) I / m(enses) X s(it) t(ibi) t(erra) l(evis)","date_from":1,"date_to":100,"marker_gender":"male","is_individual":false,"edcs_url":"https://edcs.hist.uzh.ch/en/document?edcs-id=EDCS-08300238","persons":[{"nomen":"Megonius","gender":"male","raw_name":"Megoni Natalis","cognomen":"Natalis"}]}},{"type":"Feature","geometry":{"type":"Point","coordinates":[14.96,40.48]},"properties":{"edcs_id":"EDCS-08300239","findspot":"Sele, Fiume / Silarus","raw_text":"D(is) M(anibus) / [3] Helvi Lucani / [3] Helvius Priscus / patri / [b(ene)] m(erenti) f(ecit)","date_from":101,"date_to":200,"marker_gender":"male","is_individual":false,"edcs_url":"https://edcs.hist.uzh.ch/en/document?edcs-id=EDCS-08300239","persons":[{"nomen":"Helvius","gender":"male","raw_name":"[3] Helvi Lucani","cognomen":"Lucanus"},{"nomen":"Helvius","gender":"male","raw_name":"[3] Helvius Priscus","cognomen":"Priscus","status":"filius"}]}},{"type":"Feature","geometry":{"type":"Point","coordinates":[15.67,40.74]},"properties":{"edcs_id":"EDCS-08300240","findspot":"San Giovanni di Ruoti","raw_text":"D(is) M(anibus) s(acrum) / Babulliae M(arci) f(iliae) / Villianae / vix(it) an(nos) XXII / M(arcus) Vaonius Lu/canus coniu/gi b(ene) m(erenti) et (!) / fecit","date_from":71,"date_to":130,"marker_gender":"mixed","is_individual":false,"edcs_url":"https://edcs.hist.uzh.ch/en/document?edcs-id=EDCS-08300240","persons":[{"nomen":"Babullia","gender":"female","raw_name":"Babulliae M. f. Villianae","cognomen":"Villiana","status":"filia Marci"},{"nomen":"Vaonius","gender":"male","raw_name":"M. Vaonius Lucanus","praenomen":"Marcus","cognomen":"Lucanus","status":"coniunx"}]}},{"type":"Feature","geometry":{"type":"Point","coordinates":[15.67,40.74]},"properties":{"edcs_id":"EDCS-08300241","findspot":"San Giovanni di Ruoti","raw_text":"[D(is)] M(anibus) / [M]eneiae / C(ai) f(iliae) / [M]arcellae / [3] Meneius / Marcellus / nepti et sibi","date_from":71,"date_to":130,"marker_gender":"mixed","is_individual":false,"edcs_url":"https://edcs.hist.uzh.ch/en/document?edcs-id=EDCS-08300241","persons":[{"nomen":"Meneia","gender":"female","raw_name":"[M]eneiae C(ai) f(iliae) [M]arcellae","cognomen":"Marcella","status":"filia Caii"},{"nomen":"Meneius","gender":"male","raw_name":"Meneius Marcellus","cognomen":"Marcellus"}]}},{"type":"Feature","geometry":{"type":"Point","coordinates":[15.67,40.74]},"properties":{"edcs_id":"EDCS-08300242","findspot":"San Giovanni di Ruoti","raw_text":"Coelia Q(uinti) f(ilia) Rufa / hic est sita","date_from":1,"date_to":100,"marker_gender":"female","is_individual":false,"edcs_url":"https://edcs.hist.uzh.ch/en/document?edcs-id=EDCS-08300242","persons":[{"nomen":"Coelia","gender":"female","raw_name":"Coelia Q. f. Rufa","cognomen":"Rufa","status":"filia Quinti"}]}},{"type":"Feature","geometry":{"type":"Point","coordinates":[15.67,40.74]},"properties":{"edcs_id":"EDCS-08300243","findspot":"San Giovanni di Ruoti","raw_text":"Firma Auga/ntian(a)e fili(a)e ti/tulum posui/t qu(a)e vixit a/nnis XXIIII d(iebus) V // D(is) M(anibus)","date_from":301,"date_to":400,"marker_gender":"female","is_individual":false,"edcs_url":"https://edcs.hist.uzh.ch/en/document?edcs-id=EDCS-08300243","persons":[{"nomen":"","gender":"female","raw_name":"Firma Augantianae filiae","cognomen":"Firma","status":"filia Augantiani"}]}},{"type":"Feature","geometry":{"type":"Point","coordinates":[15.0,40.42]},"properties":{"edcs_id":"EDCS-08400176","findspot":"Capaccio / Poseidonia / Paestum","raw_text":"Hic posita est / Petronia qu(a)e / recessit V Id(us) / Aug(ustas) et Adeo/data reces/sit Non(is) Mart(iis)","date_from":null,"date_to":null,"marker_gender":"female","is_individual":false,"edcs_url":"https://edcs.hist.uzh.ch/en/document?edcs-id=EDCS-08400176","persons":[{"nomen":"Petronia","gender":"female","raw_name":"Petronia"},{"nomen":"","gender":"female","raw_name":"Adeodata","cognomen":"Adeodata"}]}},{"type":"Feature","geometry":{"type":"Point","coordinates":[16.25,39.3]},"properties":{"edcs_id":"EDCS-08400178","findspot":"Cosenza / Cosentia","raw_text":"Um(i)diae / Flori Plae/to[r]ius Prim/us matri / [b(ene)] m(erenti)","date_from":201,"date_to":300,"marker_gender":"mixed","is_individual":false,"edcs_url":"https://edcs.hist.uzh.ch/en/document?edcs-id=EDCS-08400178","persons":[{"nomen":"Umidia","gender":"female","raw_name":"Umidiae","status":"mater, bene merens"},{"nomen":"Plaetorius","gender":"male","raw_name":"Plaetorius Primus","cognomen":"Primus","status":"filius"}]}},{"type":"Feature","geometry":{"type":"Point","coordinates":[17.05,39.27]},"properties":{"edcs_id":"EDCS-08400179","findspot":"Strongoli / Petelia","raw_text":"M(anius) Mego/nius Eryx / vixit / ann(os) XIIX / s(it) t(ibi) t(erra) l(evis)","date_from":1,"date_to":100,"marker_gender":"male","is_individual":false,"edcs_url":"https://edcs.hist.uzh.ch/en/document?edcs-id=EDCS-08400179","persons":[{"nomen":"Megonius","gender":"male","raw_name":"M(anius) Megonius Eryx","praenomen":"Manius","cognomen":"Eryx"}]}},{"type":"Feature","geometry":{"type":"Point","coordinates":[17.05,39.27]},"properties":{"edcs_id":"EDCS-08400180","findspot":"Strongoli / Petelia","raw_text":"{H}Ave / C(ai) Aufidi Felix / vix(it) ann(os) L","date_from":1,"date_to":100,"marker_gender":"male","is_individual":false,"edcs_url":"https://edcs.hist.uzh.ch/en/document?edcs-id=EDCS-08400180","persons":[{"nomen":"Aufidius","gender":"male","raw_name":"C(ai) Aufidi Felix","praenomen":"Caius","cognomen":"Felix"}]}},{"type":"Feature","geometry":{"type":"Point","coordinates":[17.05,39.27]},"properties":{"edcs_id":"EDCS-08400181","findspot":"Strongoli / Petelia","raw_text":"{H}Ave / C(ai) Aufidi / Successe / vix(it) a(nnos) XXX / s(it) t(ibi) t(erra) l(evis)","date_from":1,"date_to":100,"marker_gender":"male","is_individual":false,"edcs_url":"https://edcs.hist.uzh.ch/en/document?edcs-id=EDCS-08400181","persons":[{"nomen":"Aufidius","gender":"male","raw_name":"C(ai) Aufidi Successe","praenomen":"Caius","cognomen":"Successus"}]}},{"type":"Feature","geometry":{"type":"Point","coordinates":[17.05,39.27]},"properties":{"edcs_id":"EDCS-08400182","findspot":"Strongoli / Petelia","raw_text":"{H}Ave / Phili/cia L(uci) f(ilia) / Aphro / vix(it) an(nos) / III m(enses) XI d(ies) X / s(it) [t(ibi) t(erra) l(evis)]","date_from":71,"date_to":130,"marker_gender":"female","is_individual":false,"edcs_url":"https://edcs.hist.uzh.ch/en/document?edcs-id=EDCS-08400182","persons":[{"nomen":"Philicia","gender":"female","raw_name":"Philicia L(uci) f(ilia) Aphro","cognomen":"Aphro","status":"filia Lucii"}]}},{"type":"Feature","geometry":{"type":"Point","coordinates":[17.05,39.27]},"properties":{"edcs_id":"EDCS-08400183","findspot":"Strongoli / Petelia","raw_text":"{H}Ave / Silvia Sex(ti) / Arelli Ursi / ser(va) vix(it) ann(os) / XXX fecit Dion/ysius co(n)servae / bene merenti","date_from":71,"date_to":130,"marker_gender":"mixed","is_individual":false,"edcs_url":"https://edcs.hist.uzh.ch/en/document?edcs-id=EDCS-08400183","persons":[{"nomen":"Silvia","gender":"female","raw_name":"Silvia Sex(ti) Arelli Ursi ser(va)","status":"serva Sexti Arelli Ursi"},{"nomen":"","gender":"male","raw_name":"Dionysius","cognomen":"Dionysius"}]}},{"type":"Feature","geometry":{"type":"Point","coordinates":[17.05,39.27]},"properties":{"edcs_id":"EDCS-08400184","findspot":"Strongoli / Petelia","raw_text":"Di{i}s Mani/bus Modiae / Benedictae / v(ixit) a(nnos) XL","date_from":101,"date_to":130,"marker_gender":"female","is_individual":false,"edcs_url":"https://edcs.hist.uzh.ch/en/document?edcs-id=EDCS-08400184","persons":[{"nomen":"Modia","gender":"female","raw_name":"Modiae Benedictae","cognomen":"Benedicta"}]}},{"type":"Feature","geometry":{"type":"Point","coordinates":[16.81,40.37]},"properties":{"edcs_id":"EDCS-08500223","findspot":"Metaponto / Metapont / Metapontum","raw_text":"D(omino) n(ostro) Fl(avio) Cl(audio) Iuli/an<o=I> victori ac / triumfatori / semper Aug(usto)","date_from":null,"date_to":null,"marker_gender":"male","is_individual":false,"edcs_url":"https://edcs.hist.uzh.ch/en/document?edcs-id=EDCS-08500223","persons":[{"nomen":"Flavius","gender":"male","raw_name":"Fl(avio) Cl(audio) Iuliano","cognomen":"Iulianus","status":"Dominus noster, Claudius, victor, triumphator, Augustus","is_imperial":true,"cluster_id":463,"cluster_size":2}]}},{"type":"Feature","geometry":{"type":"Point","coordinates":[15.8,40.64]},"properties":{"edcs_id":"EDCS-08600134","findspot":"Potenza / Potentia","raw_text":"P(ublio) Petronio / Trophimo Pet/ronia Chreste ma/t(e)r posuit P(ublius) Petronius / T(h)iasus posu(i)t an(norum) XX / h(ic) i(acet) s(epultus)","date_from":31,"date_to":70,"marker_gender":"mixed","is_individual":true,"edcs_url":"https://edcs.hist.uzh.ch/en/document?edcs-id=EDCS-08600134","persons":[{"nomen":"Petronius","gender":"male","raw_name":"P. Petronio Trophimo","praenomen":"Publius","cognomen":"Trophimus"},{"nomen":"Petronia","gender":"female","raw_name":"Petronia Chreste","cognomen":"Chreste","status":"mater"},{"nomen":"Petronius","gender":"male","raw_name":"P. Petronius T(h)iasus","praenomen":"Publius","cognomen":"Thiasus"}]}},{"type":"Feature","geometry":{"type":"Point","coordinates":[15.87,38.39]},"properties":{"edcs_id":"EDCS-09001261","findspot":"Taureana di Palmi / Taureana / Taurianum","raw_text":"D(is) M(anibus) / Felici[s(?) 3] / qui vix[it] / annis [3] / mensi[bus duo]/bus(?) dieb(us) [3] / Benedict[a] / co(n)iugi b(ene) [m(erenti)]","date_from":null,"date_to":null,"marker_gender":"mixed","is_individual":false,"edcs_url":"https://edcs.hist.uzh.ch/en/document?edcs-id=EDCS-09001261","persons":[{"nomen":"","gender":"male","raw_name":"Felici[s","cognomen":"Felix"},{"nomen":"","gender":"female","raw_name":"Benedict[a]","cognomen":"Benedicta","status":"coniunx"}]}},{"type":"Feature","geometry":{"type":"Point","coordinates":[15.87,38.39]},"properties":{"edcs_id":"EDCS-09001262","findspot":"Taureana di Palmi / Taureana / Taurianum","raw_text":"D(is) M(anibus) s(acrum) / Sex(to) Arellio / Onesimo / vix(it) a(nnos) LXV / s(it) t(ibi) t(erra) l(evis)","date_from":101,"date_to":200,"marker_gender":"male","is_individual":false,"edcs_url":"https://edcs.hist.uzh.ch/en/document?edcs-id=EDCS-09001262","persons":[{"nomen":"Arellius","gender":"male","raw_name":"Sex. Arellio Onesimo","praenomen":"Sextus","cognomen":"Onesimus"}]}},{"type":"Feature","geometry":{"type":"Point","coordinates":[15.87,38.39]},"properties":{"edcs_id":"EDCS-09001263","findspot":"Taureana di Palmi / Taureana / Taurianum","raw_text":"D(is) M(anibus) / {h}ave Cas/te mater / f(ilio) pien(tissimo) f(ecit) / q(ui) v(ixit) a(nnos) XVI / m(enses) VII d(ies) XVIIII","date_from":171,"date_to":300,"marker_gender":"male","is_individual":false,"edcs_url":"https://edcs.hist.uzh.ch/en/document?edcs-id=EDCS-09001263","persons":[{"nomen":"","gender":"male","raw_name":"Caste","cognomen":"Castus","status":"filius"}]}},{"type":"Feature","geometry":{"type":"Point","coordinates":[15.16,40.16]},"properties":{"edcs_id":"EDCS-09200228","findspot":"Marina di Ascea / Castellammare di Velia / Castellamare della Bruca / Castellammare / Elea / Velia","raw_text":"D(is) M(anibus) / Nerviliae Narbuliae lib(ertae) b(ene) m(erenti) / vix(it) a(nnis) IV et C(aio) Nervilio Iusto filio qui mi/litavit in praetorio annis X vixit a(nnis) XXXII / C(aius) Nervilius Iustus veteranus deductus / Vellias militavit centurio in classe / praetoria Misenens<i=E> fecit sibi et / suis / b(ene) m(erentibus)","date_from":69,"date_to":200,"marker_gender":"mixed","is_individual":false,"edcs_url":"https://edcs.hist.uzh.ch/en/document?edcs-id=EDCS-09200228","persons":[{"nomen":"Nervilia","gender":"female","raw_name":"Nerviliae Narbuliae","cognomen":"Narbulia","status":"liberta"},{"nomen":"Nervilius","gender":"male","raw_name":"C(aio) Nervilio Iusto","praenomen":"Caius","cognomen":"Iustus","status":"filius","cluster_id":478,"cluster_size":2},{"nomen":"Nervilius","gender":"male","raw_name":"C(aius) Nervilius Iustus","praenomen":"Caius","cognomen":"Iustus","status":"veteranus, centurio","cluster_id":478,"cluster_size":2}]}},{"type":"Feature","geometry":{"type":"Point","coordinates":[15.16,40.16]},"properties":{"edcs_id":"EDCS-09200229","findspot":"Marina di Ascea / Castellammare di Velia / Castellamare della Bruca / Castellammare / Elea / Velia","raw_text":"] / Lucio A[3] / dulci I[3] / vix(it) an(nos) XII m(enses) VI / d(ies) XXVI Iulia / Crescentia A[3] / a(via) et Furia Nemesis m(ater) / f(aciendum) c(uraverunt)","date_from":null,"date_to":null,"marker_gender":"mixed","is_individual":false,"edcs_url":"https://edcs.hist.uzh.ch/en/document?edcs-id=EDCS-09200229","persons":[{"nomen":"","gender":"male","raw_name":"Lucio A[3]","praenomen":"Lucius"},{"nomen":"Iulia","gender":"female","raw_name":"Iulia Crescentia","cognomen":"Crescentia","status":"avia"},{"nomen":"Furia","gender":"female","raw_name":"Furia Nemesis","cognomen":"Nemesis","status":"mater"}]}},{"type":"Feature","geometry":{"type":"Point","coordinates":[15.16,40.16]},"properties":{"edcs_id":"EDCS-09200230","findspot":"Marina di Ascea / Castellammare di Velia / Castellamare della Bruca / Castellammare / Elea / Velia","raw_text":"D(is) M(anibus) / Magne/siae vix(it) / an(nos) XVIII / m(enses) XI / d(ies) III/X fecit L(ucius) Comini/us C[al]listio / b(ene) m(erenti)","date_from":101,"date_to":250,"marker_gender":"mixed","is_individual":false,"edcs_url":"https://edcs.hist.uzh.ch/en/document?edcs-id=EDCS-09200230","persons":[{"nomen":"","gender":"female","raw_name":"Magnesia","cognomen":"Magnesia"},{"nomen":"Cominius","gender":"male","raw_name":"L(ucius) Cominius C[al]listio","praenomen":"Lucius","cognomen":"Callistio"}]}},{"type":"Feature","geometry":{"type":"Point","coordinates":[15.16,40.16]},"properties":{"edcs_id":"EDCS-09200231","findspot":"Marina di Ascea / Castellammare di Velia / Castellamare della Bruca / Castellammare / Elea / Velia","raw_text":"Iulia Lais sibi et / A(ulo) Gabinio A(uli) f(ilio) Rom(ilia) Menandro suo aed(ili) / quaestori iterum et / Gabinio Theophilo vir/o patri eius et suis","date_from":1,"date_to":150,"marker_gender":"mixed","is_individual":false,"edcs_url":"https://edcs.hist.uzh.ch/en/document?edcs-id=EDCS-09200231","persons":[{"nomen":"Iulia","gender":"female","raw_name":"Iulia Lais","cognomen":"Lais"},{"nomen":"Gabinius","gender":"male","raw_name":"A(ulo) Gabinio A(uli) f(ilio) Rom(ilia) Menandro","praenomen":"Aulus","cognomen":"Menander","status":"filius Auli, tribus Romilia, aedilis, quaestor"},{"nomen":"Gabinius","gender":"male","raw_name":"Gabinio Theophilo","cognomen":"Theophilus","status":"pater"}]}},{"type":"Feature","geometry":{"type":"Point","coordinates":[15.16,40.16]},"properties":{"edcs_id":"EDCS-09200233","findspot":"Marina di Ascea / Castellammare di Velia / Castellamare della Bruca / Castellammare / Elea / Velia","raw_text":"Br<u=I>ttius Prae/sens v(ir) c(larissimus) / corrector / curavit","date_from":301,"date_to":350,"marker_gender":"male","is_individual":false,"edcs_url":"https://edcs.hist.uzh.ch/en/document?edcs-id=EDCS-09200233","persons":[{"nomen":"Brittius","gender":"male","raw_name":"Br{u}ttius Praesens","cognomen":"Praesens","status":"vir clarissimus, corrector","cluster_id":325,"cluster_size":2}]}},{"type":"Feature","geometry":{"type":"Point","coordinates":[15.16,40.16]},"properties":{"edcs_id":"EDCS-09200234","findspot":"Marina di Ascea / Castellammare di Velia / Castellamare della Bruca / Castellammare / Elea / Velia","raw_text":"Marsilio","date_from":null,"date_to":null,"marker_gender":"male","is_individual":false,"edcs_url":"https://edcs.hist.uzh.ch/en/document?edcs-id=EDCS-09200234","persons":[{"nomen":"","gender":"male","raw_name":"Marsilio","cognomen":"Marsilius"}]}},{"type":"Feature","geometry":{"type":"Point","coordinates":[16.26,38.24]},"properties":{"edcs_id":"EDCS-09200237","findspot":"Locri / Locri Epizephyrii","raw_text":"]tis / [3] fili(i) / Corneli/[","date_from":51,"date_to":150,"marker_gender":"unknown","is_individual":false,"edcs_url":"https://edcs.hist.uzh.ch/en/document?edcs-id=EDCS-09200237","persons":[{"nomen":"Cornelius","gender":"unknown","raw_name":"Corneli"}]}},{"type":"Feature","geometry":{"type":"Point","coordinates":[16.26,38.24]},"properties":{"edcs_id":"EDCS-09200238","findspot":"Locri / Locri Epizephyrii","raw_text":"D(is) [M(anibus)] / D(uceno?) For[t]una/to vix(it) an(nos) / VI Duc(enus?) Chry/sus filio pi/entissim[o]","date_from":201,"date_to":300,"marker_gender":"male","is_individual":false,"edcs_url":"https://edcs.hist.uzh.ch/en/document?edcs-id=EDCS-09200238","persons":[{"nomen":"Ducenus","gender":"male","raw_name":"D. For[t]unato","cognomen":"Fortunatus"},{"nomen":"Ducenus","gender":"male","raw_name":"Duc(enus?) Chrysus","cognomen":"Chrysus","status":"filius pientissimus"}]}},{"type":"Feature","geometry":{"type":"Point","coordinates":[16.26,38.24]},"properties":{"edcs_id":"EDCS-09200239","findspot":"Locri / Locri Epizephyrii","raw_text":"D(is) M(anibus) / Chariteni filiae / quae vixit annis / VI mens(ibus) X Margaris / mater bene meren/ti fecit","date_from":201,"date_to":300,"marker_gender":"female","is_individual":false,"edcs_url":"https://edcs.hist.uzh.ch/en/document?edcs-id=EDCS-09200239","persons":[{"nomen":"","gender":"female","raw_name":"Chariteni","cognomen":"Chariten","status":"filia, bene merens"},{"nomen":"","gender":"female","raw_name":"Margaris","cognomen":"Margaris","status":"mater"}]}},{"type":"Feature","geometry":{"type":"Point","coordinates":[16.25,39.3]},"properties":{"edcs_id":"EDCS-09300190","findspot":"Cosenza / Cosentia","raw_text":"Dis / Manibus / [3]nae A(uli) Quinti / [3 s]ervae vix(it) an(nos) / XIX / [sine cri]mine ullo florentes annos / [mors s]ubita eripuit / [3]es contubernali / [opti]mae","date_from":71,"date_to":150,"marker_gender":"female","is_individual":false,"edcs_url":"https://edcs.hist.uzh.ch/en/document?edcs-id=EDCS-09300190","persons":[{"nomen":"Quintius","gender":"female","raw_name":"[3]nae A. Quinti [3 s]ervae","praenomen":"Aulus","status":"serva"}]}},{"type":"Feature","geometry":{"type":"Point","coordinates":[16.47,39.7]},"properties":{"edcs_id":"EDCS-09300192","findspot":"Thurio / Thurioi / Copia Thurii","raw_text":"IV P(ublius) Paquius P(ubli) f(ilius) Priamus Q(uintus) Annius Q(uinti) f(ilius) Pom[3]n() IIIIvir(i)","date_from":null,"date_to":null,"marker_gender":"male","is_individual":false,"edcs_url":"https://edcs.hist.uzh.ch/en/document?edcs-id=EDCS-09300192","persons":[{"nomen":"Paquius","gender":"male","raw_name":"P(ublius) Paquius P(ubli) f(ilius) Priamus","praenomen":"Publius","cognomen":"Priamus","status":"filius Publii, IIIIvir"},{"nomen":"Annius","gender":"male","raw_name":"Q(uintus) Annius Q(uinti) f(ilius) Pom[3]n()","praenomen":"Quintus","status":"filius Quinti, tribus Pomptina, IIIIvir"}]}},{"type":"Feature","geometry":{"type":"Point","coordinates":[15.81,39.94]},"properties":{"edcs_id":"EDCS-09300193","findspot":"Tortora / Blanda Iulia","raw_text":"M(arco) Arrio M(arci) f(ilio) Pom(ptina) / Clymeno IIvir(o) q(uin)q(uennali) / q(uaestori) p(ecuniae) p(ublicae) populus ex aer(e) / conlato ob munifice/ntiam eius posuit qu/od eis annonam <g=C>ra/tuitam fr(umenti) de suo prae/buerit ob cuius dedica/tionem epulum divis/it decurionibus HS VIII n(ummum) / Aug(ustalibus) HS VI n(ummum) populo / viritim HS IIII n(ummum) / mulieribus HS II n(ummum) / l(ocus) d(atus) d(ecreto) d(ecurionum) // Curant<ibu=E>s / P(ublio) Stlammio / Simile et T(ito) Va/lerio Fabricio","date_from":151,"date_to":200,"marker_gender":"male","is_individual":false,"edcs_url":"https://edcs.hist.uzh.ch/en/document?edcs-id=EDCS-09300193","persons":[{"nomen":"Arrius","gender":"male","raw_name":"M. Arrio M. f. Pom. Clymeno","praenomen":"Marcus","cognomen":"Clymenus","status":"filius Marci, tribus Pomptina, IIvir quinquennalis, quaestor pecuniae publicae"},{"nomen":"Stlammius","gender":"male","raw_name":"P. Stlammio Simile","praenomen":"Publius","cognomen":"Similis"},{"nomen":"Valerius","gender":"male","raw_name":"T. Valerio Fabricio","praenomen":"Titus","cognomen":"Fabricius"}]}},{"type":"Feature","geometry":{"type":"Point","coordinates":[15.0,40.42]},"properties":{"edcs_id":"EDCS-09400197","findspot":"Capaccio / Poseidonia / Paestum","raw_text":"Collegi(o) dei Invic(ti) / Aurio li(bertus?) / p(ecunia) s(ua) f(ecit)","date_from":201,"date_to":330,"marker_gender":"male","is_individual":false,"edcs_url":"https://edcs.hist.uzh.ch/en/document?edcs-id=EDCS-09400197","persons":[{"nomen":"Aurius","gender":"male","raw_name":"Aurio li(bertus?)","status":"libertus"}]}},{"type":"Feature","geometry":{"type":"Point","coordinates":[15.0,40.42]},"properties":{"edcs_id":"EDCS-09400198","findspot":"Capaccio / Poseidonia / Paestum","raw_text":"C(aius) Iulius C(ai) l(ibertus) Phileros / M(arcus) Avianius M(arci) l(ibertus) Philippus / Ment(i) Bon(ae) sacr(averunt)","date_from":-40,"date_to":-1,"marker_gender":"male","is_individual":false,"edcs_url":"https://edcs.hist.uzh.ch/en/document?edcs-id=EDCS-09400198","persons":[{"nomen":"Iulius","gender":"male","raw_name":"C. Iulius C. l. Phileros","praenomen":"Gaius","cognomen":"Phileros","status":"libertus Caii"},{"nomen":"Avianius","gender":"male","raw_name":"M. Avianius M. l. Philippus","praenomen":"Marcus","cognomen":"Philippus","status":"libertus Marci"}]}},{"type":"Feature","geometry":{"type":"Point","coordinates":[15.0,40.42]},"properties":{"edcs_id":"EDCS-09400199","findspot":"Capaccio / Poseidonia / Paestum","raw_text":"[L(ucius)] Fundanius L(uci) l(ibertus) Hermes / magister / Bonae Menti sacrum","date_from":1,"date_to":70,"marker_gender":"male","is_individual":false,"edcs_url":"https://edcs.hist.uzh.ch/en/document?edcs-id=EDCS-09400199","persons":[{"nomen":"Fundanius","gender":"male","raw_name":"[L(ucius)] Fundanius L(uci) l(ibertus) Hermes","praenomen":"Lucius","cognomen":"Hermes","status":"libertus Lucii, magister"}]}},{"type":"Feature","geometry":{"type":"Point","coordinates":[15.0,40.42]},"properties":{"edcs_id":"EDCS-09400200","findspot":"Capaccio / Poseidonia / Paestum","raw_text":"P(ublius) Tirienus P(ubli) l(ibertus) / Agatho / mag(ister) Men(ti) Bon(ae)","date_from":-30,"date_to":30,"marker_gender":"male","is_individual":false,"edcs_url":"https://edcs.hist.uzh.ch/en/document?edcs-id=EDCS-09400200","persons":[{"nomen":"Tirienus","gender":"male","raw_name":"P(ublius) Tirienus P(ubli) l(ibertus) Agatho","praenomen":"Publius","cognomen":"Agatho","status":"libertus Publii, magister"}]}},{"type":"Feature","geometry":{"type":"Point","coordinates":[15.0,40.42]},"properties":{"edcs_id":"EDCS-09400201","findspot":"Capaccio / Poseidonia / Paestum","raw_text":"P(ublius) Pomponius / Lucanus / L(ucius) Valerius / Benignus / mag(istri) Ment(i) B[on(ae)] / August(ae) sacr(averunt)","date_from":1,"date_to":100,"marker_gender":"male","is_individual":false,"edcs_url":"https://edcs.hist.uzh.ch/en/document?edcs-id=EDCS-09400201","persons":[{"nomen":"Pomponius","gender":"male","raw_name":"P(ublius) Pomponius Lucanus","praenomen":"Publius","cognomen":"Lucanus","status":"magister"},{"nomen":"Valerius","gender":"male","raw_name":"L(ucius) Valerius Benignus","praenomen":"Lucius","cognomen":"Benignus","status":"magister"}]}},{"type":"Feature","geometry":{"type":"Point","coordinates":[15.0,40.42]},"properties":{"edcs_id":"EDCS-09400205","findspot":"Capaccio / Poseidonia / Paestum","raw_text":"L(ucio) Virusio Poll[ioni] / Daphno Au[g(ustali)] / Sextiae Sp(uri) f(iliae) Cl[3] / L(ucio) Virusio Ian[uario] / Augu[st(ali)]","date_from":31,"date_to":100,"marker_gender":"mixed","is_individual":false,"edcs_url":"https://edcs.hist.uzh.ch/en/document?edcs-id=EDCS-09400205","persons":[{"nomen":"Virusius","gender":"male","raw_name":"L(ucio) Virusio Poll[ioni] Daphno Au[g(ustali)]","praenomen":"Lucius","cognomen":"Pollio","status":"Augustalis"},{"nomen":"Sextia","gender":"female","raw_name":"Sextiae Sp(uri) f(iliae)","status":"filia Spurii"},{"nomen":"Virusius","gender":"male","raw_name":"L(ucio) Virusio Ian[uario] Augu[st(ali)]","praenomen":"Lucius","cognomen":"Ianuarius","status":"Augustalis"}]}},{"type":"Feature","geometry":{"type":"Point","coordinates":[15.0,40.42]},"properties":{"edcs_id":"EDCS-09400207","findspot":"Capaccio / Poseidonia / Paestum","raw_text":"N(umerius) Numestius / Callistratus / M(arcus) Brittius [A]ndronic[us]","date_from":-40,"date_to":-1,"marker_gender":"male","is_individual":false,"edcs_url":"https://edcs.hist.uzh.ch/en/document?edcs-id=EDCS-09400207","persons":[{"nomen":"Numestius","gender":"male","raw_name":"N(umerius) Numestius Callistratus","praenomen":"Numerius","cognomen":"Callistratus"},{"nomen":"Brittius","gender":"male","raw_name":"M(arcus) Brittius [A]ndronic[us]","praenomen":"Marcus","cognomen":"Andronicus"}]}},{"type":"Feature","geometry":{"type":"Point","coordinates":[15.0,40.42]},"properties":{"edcs_id":"EDCS-09400208","findspot":"Capaccio / Poseidonia / Paestum","raw_text":"M(arco) Mineio M(arci) f(ilio) / M(arci) n(epoti) Flacco tr[ib(uno)] / mil(itum) Mineia [sor]or","date_from":-20,"date_to":10,"marker_gender":"mixed","is_individual":false,"edcs_url":"https://edcs.hist.uzh.ch/en/document?edcs-id=EDCS-09400208","persons":[{"nomen":"Mineius","gender":"male","raw_name":"M(arco) Mineio M(arci) f(ilio)   M(arci) n(epoti) Flacco","praenomen":"Marcus","cognomen":"Flaccus","status":"filius Marci, nepos Marci, tribunus militum"},{"nomen":"Mineia","gender":"female","raw_name":"Mineia [sor]or","status":"soror"}]}},{"type":"Feature","geometry":{"type":"Point","coordinates":[15.0,40.42]},"properties":{"edcs_id":"EDCS-09400209","findspot":"Capaccio / Poseidonia / Paestum","raw_text":"L(ucio) Mineio / M(arci) f(ilio) M(arci) n(epoti) / Mineia sor(or)","date_from":-20,"date_to":10,"marker_gender":"mixed","is_individual":false,"edcs_url":"https://edcs.hist.uzh.ch/en/document?edcs-id=EDCS-09400209","persons":[{"nomen":"Mineius","gender":"male","raw_name":"L. Mineio M. f. M. n.","praenomen":"Lucius","status":"filius Marci, nepos Marci"},{"nomen":"Mineia","gender":"female","raw_name":"Mineia sor.","status":"soror"}]}},{"type":"Feature","geometry":{"type":"Point","coordinates":[15.0,40.42]},"properties":{"edcs_id":"EDCS-09400212","findspot":"Capaccio / Poseidonia / Paestum","raw_text":"C(aio) Pomponio M(arci) Pom/[p]oni Libonis trierarchi / [f]il(io) Maec(ia) Diogeni / duovir(o) q(uin)q(uennali) huic ordo decurio/num ob munificentiam eius quo<d=T> / familiam gladiatoriam ex sua / liberalitate ob honorem q(uin)q(uennalitatis) / primus ediderit [it]em accep/tis HS XXV m(ilibus) n(ummum) p[ecu]nia pu/blica alium d[iem] enixe c[u]/raverit statuam ponendam / pecunia publica censuerunt / l(ocus) d(atus) d(ecreto) d(ecurionum)","date_from":71,"date_to":130,"marker_gender":"male","is_individual":false,"edcs_url":"https://edcs.hist.uzh.ch/en/document?edcs-id=EDCS-09400212","persons":[{"nomen":"Pomponius","gender":"male","raw_name":"C. Pomponio M. Pomponi Libonis","praenomen":"Gaius","cognomen":"Libo","status":"trierarchus, filius Marci, tribus Maecia, duovir quinquennalis"},{"nomen":"","gender":"male","raw_name":"Diogeni","cognomen":"Diogenes","status":"trierarchus, filius Marci, tribus Maecia, duovir quinquennalis"}]}},{"type":"Feature","geometry":{"type":"Point","coordinates":[15.0,40.42]},"properties":{"edcs_id":"EDCS-09400213","findspot":"Capaccio / Poseidonia / Paestum","raw_text":"M(arco) Pomponio M(arci) / Pomponi Libonis tri/erarchi fil(io) Maec(ia) Di/ogeni duovir(o) q(uin)q(uennali) / coloni ex aere collato / statuam quam honoris / causa vivo ei summa / effecta o<b=P>tulerunt / T(itus) Flavius Marullus trie/rarchus Aug(usti) et L(ucius) Di<g=C>(itius?) Arte/midorus heredes ponendam / curaverunt","date_from":71,"date_to":150,"marker_gender":"male","is_individual":false,"edcs_url":"https://edcs.hist.uzh.ch/en/document?edcs-id=EDCS-09400213","persons":[{"nomen":"Pomponius","gender":"male","raw_name":"M. Pomponio M. Pomponi Libonis trierarchi fil. Maec. Diogeni duovir. q.q.","praenomen":"Marcus","cognomen":"Diogenes","status":"filius Marci Pomponii Libonis, trierarchus, tribus Maecia, duovir quinquennalis"},{"nomen":"Flavius","gender":"male","raw_name":"T. Flavius Marullus trierarchus Aug.","praenomen":"Titus","cognomen":"Marullus","status":"trierarchus Augusti"},{"nomen":"Dictius","gender":"male","raw_name":"L. Dictius Artemidorus","praenomen":"Lucius","cognomen":"Artemidorus","status":"heres"}]}},{"type":"Feature","geometry":{"type":"Point","coordinates":[15.0,40.42]},"properties":{"edcs_id":"EDCS-09400214","findspot":"Capaccio / Poseidonia / Paestum","raw_text":"C(aio) Plaetorio C(ai) f(ilio) / Crescenti IIvir(o) / ob munificentiam eiu/s quod is populo in / annonam HS XXV m(ilia) n(ummum) / ab herede suo dari iusserit / statuamque sibi ab eodem re/missa pecunia pub[lica] poni caverit ob cui[us] dedicationem decu[ri]/onibus sing(ulis) HS XII n(ummum) / Vinicius Maec(ia) Luc[anus] / [L]aurens prae[tor] / [h]eres ex tes[tamento] / [d]edit l(ocus) d(atus) [d(ecreto) d(ecurionum)]","date_from":171,"date_to":210,"marker_gender":"male","is_individual":false,"edcs_url":"https://edcs.hist.uzh.ch/en/document?edcs-id=EDCS-09400214","persons":[{"nomen":"Plaetorius","gender":"male","raw_name":"C. Plaetorio C. f. Crescenti IIvir.","praenomen":"Caius","cognomen":"Crescens","status":"filius Caii, duovir"},{"nomen":"Vinicius","gender":"male","raw_name":"Vinicius Maec. Lucanus","cognomen":"Lucanus","status":"tribus Maecia, praetor, heres"}]}},{"type":"Feature","geometry":{"type":"Point","coordinates":[15.0,40.42]},"properties":{"edcs_id":"EDCS-09400215","findspot":"Capaccio / Poseidonia / Paestum","raw_text":"M(arco) Egnio M(arci) f(ilio) / Mae(cia) Fortunatiano / IIvir(o) iter(um) q(uin)q(uennali) huic splen/didissimus ordo decuri/onum postulante populo ob / praecipuam et insignem mu/nificentiam erga patriam / statuam ponendam decre/vit quod cum XXV(milibus) HS ac/ceptis a<d=T> co<m=N>parationem / familiae gladiatoriae ma/iorem quantitatem au/xerit a<d=T> nobilium gladi/atorum conductionem / adiectis etiam ursis mi/rae magnitudinis se<d=T> et / nox<i=E>o omni quoque / cultu a<p=T>paratuque aucto / diem sublimiter exornavit","date_from":131,"date_to":200,"marker_gender":"male","is_individual":false,"edcs_url":"https://edcs.hist.uzh.ch/en/document?edcs-id=EDCS-09400215","persons":[{"nomen":"Egnius","gender":"male","raw_name":"M. Egnio M. f. Mae. Fortunatiano","praenomen":"Marcus","cognomen":"Fortunatianus","status":"filius Marci, tribus Maecia, duovir iterum quinquennalis"}]}},{"type":"Feature","geometry":{"type":"Point","coordinates":[15.0,40.42]},"properties":{"edcs_id":"EDCS-09400218","findspot":"Capaccio / Poseidonia / Paestum","raw_text":"M(arco) Tullio Cice[roni] / Venneiano pa[tro]/no col(oniae) Paesta[no]/rum praetor[i] / Laurentium Lavinatium / splendido / equiti Romano / Marcus alumnus tabularius","date_from":221,"date_to":250,"marker_gender":"male","is_individual":false,"edcs_url":"https://edcs.hist.uzh.ch/en/document?edcs-id=EDCS-09400218","persons":[{"nomen":"Tullius","gender":"male","raw_name":"M. Tullio Ciceroni Venneiano","praenomen":"Marcus","cognomen":"Cicero Venneianus","status":"patronus coloniae Paestanorum, praetor, Laurentium Lavinatium, eques Romanus","cluster_id":219,"cluster_size":5},{"nomen":"","gender":"male","raw_name":"Marcus","praenomen":"Marcus","status":"alumnus, tabularius"}]}},{"type":"Feature","geometry":{"type":"Point","coordinates":[15.0,40.42]},"properties":{"edcs_id":"EDCS-09400220","findspot":"Capaccio / Poseidonia / Paestum","raw_text":"D(is) M(anibus) / M(arcus) Tullius M(arci) f(ilius) Maec(ia) Cicero equiti Ro/mano sibi fecit / vivus","date_from":231,"date_to":260,"marker_gender":"male","is_individual":false,"edcs_url":"https://edcs.hist.uzh.ch/en/document?edcs-id=EDCS-09400220","persons":[{"nomen":"Tullius","gender":"male","raw_name":"M. Tullius M. f. Maec. Cicero","praenomen":"Marcus","cognomen":"Cicero","status":"filius Marci, tribus Maecia, eques Romanus","cluster_id":219,"cluster_size":5}]}},{"type":"Feature","geometry":{"type":"Point","coordinates":[15.0,40.42]},"properties":{"edcs_id":"EDCS-09400223","findspot":"Capaccio / Poseidonia / Paestum","raw_text":"C(aius) Camurtius C(ai) [f(ilius)] / C(aius) Vibius C(ai) f(ilius) IIvi[ri] / fac(iendum) ex s(enatus) c(onsulto) c(uraverunt)","date_from":-60,"date_to":-21,"marker_gender":"male","is_individual":false,"edcs_url":"https://edcs.hist.uzh.ch/en/document?edcs-id=EDCS-09400223","persons":[{"nomen":"Camurtius","gender":"male","raw_name":"C. Camurtius C. [f.]","praenomen":"Gaius","status":"filius Caii, duovir"},{"nomen":"Vibius","gender":"male","raw_name":"C. Vibius C. f.","praenomen":"Gaius","status":"filius Caii, duovir"}]}},{"type":"Feature","geometry":{"type":"Point","coordinates":[15.0,40.42]},"properties":{"edcs_id":"EDCS-09400224","findspot":"Capaccio / Poseidonia / Paestum","raw_text":"L(ucius) Caesius L(uci) f(ilius) Ma[3] / M(arcus) Valerius M(arci) f(ilius) Ruf[us] / IIvir(i) / macerias circum vire[c]ta / ex s(enatus) c(onsulto) fac(iendas) co(eraverunt)","date_from":-60,"date_to":-21,"marker_gender":"male","is_individual":false,"edcs_url":"https://edcs.hist.uzh.ch/en/document?edcs-id=EDCS-09400224","persons":[{"nomen":"Caesius","gender":"male","raw_name":"L(ucius) Caesius L(uci) f(ilius)","praenomen":"Lucius","status":"filius Lucii, duovir"},{"nomen":"Valerius","gender":"male","raw_name":"M(arcus) Valerius M(arci) f(ilius) Ruf[us]","praenomen":"Marcus","cognomen":"Rufus","status":"filius Marci, duovir"}]}},{"type":"Feature","geometry":{"type":"Point","coordinates":[15.0,40.42]},"properties":{"edcs_id":"EDCS-09400225","findspot":"Capaccio / Poseidonia / Paestum","raw_text":"C(aius) Sextilius L(uci) f(ilius) / P(ublius) Claudius C(ai) f(ilius) / IIvir(i) / de sen(atus) sent(entia)","date_from":-70,"date_to":-31,"marker_gender":"male","is_individual":false,"edcs_url":"https://edcs.hist.uzh.ch/en/document?edcs-id=EDCS-09400225","persons":[{"nomen":"Sextilius","gender":"male","raw_name":"C. Sextilius L. f.","praenomen":"Gaius","status":"filius Lucii, duovir"},{"nomen":"Claudius","gender":"male","raw_name":"P. Claudius C. f.","praenomen":"Publius","status":"filius Caii, duovir"}]}},{"type":"Feature","geometry":{"type":"Point","coordinates":[15.0,40.42]},"properties":{"edcs_id":"EDCS-09400226","findspot":"Capaccio / Poseidonia / Paestum","raw_text":"L(ucius) Galonius L(uci) l(ibertus) A[3] / d(e) s(uo) f[ac(iendum)] c(uravit)","date_from":-60,"date_to":-31,"marker_gender":"male","is_individual":false,"edcs_url":"https://edcs.hist.uzh.ch/en/document?edcs-id=EDCS-09400226","persons":[{"nomen":"Galonius","gender":"male","raw_name":"L. Galonius L. l. A[3]","praenomen":"Lucius","status":"libertus Lucii"}]}},{"type":"Feature","geometry":{"type":"Point","coordinates":[15.0,40.42]},"properties":{"edcs_id":"EDCS-09400227","findspot":"Capaccio / Poseidonia / Paestum","raw_text":"Q(uinto) Lautinio P(ubli) f(ilio) arc(h)itecto","date_from":-60,"date_to":-21,"marker_gender":"male","is_individual":false,"edcs_url":"https://edcs.hist.uzh.ch/en/document?edcs-id=EDCS-09400227","persons":[{"nomen":"Lautinius","gender":"male","raw_name":"Q. Lautinio P. f.","praenomen":"Quintus","status":"filius Publii, architectus"}]}},{"type":"Feature","geometry":{"type":"Point","coordinates":[15.0,40.42]},"properties":{"edcs_id":"EDCS-09400228","findspot":"Capaccio / Poseidonia / Paestum","raw_text":"Laureia Q(uinti) f(ilia) Polla aedem Isidis / cum portic(ib)us pecunia sua restituit d(ecreto) d(ecurionum)","date_from":51,"date_to":150,"marker_gender":"female","is_individual":false,"edcs_url":"https://edcs.hist.uzh.ch/en/document?edcs-id=EDCS-09400228","persons":[{"nomen":"Laureia","gender":"female","raw_name":"Laureia Q(uinti) f(ilia) Polla","cognomen":"Polla","status":"filia Quinti, aedilis"}]}},{"type":"Feature","geometry":{"type":"Point","coordinates":[15.0,40.42]},"properties":{"edcs_id":"EDCS-09400231","findspot":"Capaccio / Poseidonia / Paestum","raw_text":"[L(ucio)] Vene[dio(?)] L(uci) l(iberto) [3]O / qui vix(it) an(nos) LX / [v(ivo?)] L(ucio) Venedio L(uci) l(iberto) Artem[idoro] / v(ivae) Venediai(!) L(uci) l(ibertae) Philum[enae] / v(ivo) L(ucio) Venedio L(uci) l(iberto) Afro","date_from":-50,"date_to":-1,"marker_gender":"mixed","is_individual":false,"edcs_url":"https://edcs.hist.uzh.ch/en/document?edcs-id=EDCS-09400231","persons":[{"nomen":"Venedius","gender":"male","raw_name":"L(ucio) Vene[dio(?)] L(uci) l(iberto)","praenomen":"Lucius","status":"libertus Lucii"},{"nomen":"Venedius","gender":"male","raw_name":"L(ucio) Venedio L(uci) l(iberto) Artem[idoro]","praenomen":"Lucius","cognomen":"Artemidorus","status":"libertus Lucii"},{"nomen":"Venedia","gender":"female","raw_name":"Venediai L(uci) l(ibertae) Philum[enae]","cognomen":"Philumena","status":"liberta Lucii"},{"nomen":"Venedius","gender":"male","raw_name":"L(ucio) Venedio L(uci) l(iberto) Afro","praenomen":"Lucius","cognomen":"Afer","status":"libertus Lucii"}]}},{"type":"Feature","geometry":{"type":"Point","coordinates":[15.0,40.42]},"properties":{"edcs_id":"EDCS-09400232","findspot":"Capaccio / Poseidonia / Paestum","raw_text":"Cineribus / L(uci) Vari Primi tr(ierarchi) / de lib(urna) Diana","date_from":71,"date_to":130,"marker_gender":"male","is_individual":false,"edcs_url":"https://edcs.hist.uzh.ch/en/document?edcs-id=EDCS-09400232","persons":[{"nomen":"Varius","gender":"male","raw_name":"L(uci) Vari Primi","praenomen":"Lucius","cognomen":"Primus","status":"trierarchus"}]}},{"type":"Feature","geometry":{"type":"Point","coordinates":[15.0,40.42]},"properties":{"edcs_id":"EDCS-09400233","findspot":"Capaccio / Poseidonia / Paestum","raw_text":"D(is) M(anibus) / C(aio) Valerio Nasoni / mil(iti) ex classe pr(a)et(oria) Mise(nensi) / centuria Secundi vixit annis / XXXX mil(itavit) annis XXIII / Amatia Callytiche coniu/gi bene merenti fecit","date_from":101,"date_to":230,"marker_gender":"mixed","is_individual":false,"edcs_url":"https://edcs.hist.uzh.ch/en/document?edcs-id=EDCS-09400233","persons":[{"nomen":"Valerius","gender":"male","raw_name":"C(aio) Valerio Nasoni","praenomen":"Caius","cognomen":"Naso","status":"miles"},{"nomen":"Amatia","gender":"female","raw_name":"Amatia Callytiche","cognomen":"Callytiche"}]}},{"type":"Feature","geometry":{"type":"Point","coordinates":[15.0,40.42]},"properties":{"edcs_id":"EDCS-09400234","findspot":"Capaccio / Poseidonia / Paestum","raw_text":"D(is) M(anibus) / Nonia Zoe / hic quiescit / Q(uintus) Geminius / Artemidorus / uxori / pientissimae","date_from":101,"date_to":200,"marker_gender":"mixed","is_individual":false,"edcs_url":"https://edcs.hist.uzh.ch/en/document?edcs-id=EDCS-09400234","persons":[{"nomen":"Nonia","gender":"female","raw_name":"Nonia Zoe","cognomen":"Zoe"},{"nomen":"Geminius","gender":"male","raw_name":"Q(uintus) Geminius Artemidorus","praenomen":"Quintus","cognomen":"Artemidorus"}]}},{"type":"Feature","geometry":{"type":"Point","coordinates":[15.0,40.42]},"properties":{"edcs_id":"EDCS-09400235","findspot":"Capaccio / Poseidonia / Paestum","raw_text":"L(ucius) Lollius / Diogenes / sibi f(ecit)","date_from":51,"date_to":130,"marker_gender":"male","is_individual":false,"edcs_url":"https://edcs.hist.uzh.ch/en/document?edcs-id=EDCS-09400235","persons":[{"nomen":"Lollius","gender":"male","raw_name":"L(ucius) Lollius Diogenes","praenomen":"Lucius","cognomen":"Diogenes"}]}},{"type":"Feature","geometry":{"type":"Point","coordinates":[15.0,40.42]},"properties":{"edcs_id":"EDCS-09400236","findspot":"Capaccio / Poseidonia / Paestum","raw_text":"D(is) M(anibus) / Q(uinto) Veratio Volusi/ano vixi{i}t an(nos) LI / men(ses) X / d(ies) XXII","date_from":101,"date_to":200,"marker_gender":"male","is_individual":false,"edcs_url":"https://edcs.hist.uzh.ch/en/document?edcs-id=EDCS-09400236","persons":[{"nomen":"Veratius","gender":"male","raw_name":"Q(uinto) Veratio Volusiano","praenomen":"Quintus","cognomen":"Volusianus"}]}},{"type":"Feature","geometry":{"type":"Point","coordinates":[15.0,40.42]},"properties":{"edcs_id":"EDCS-09400237","findspot":"Capaccio / Poseidonia / Paestum","raw_text":"D(is) M(anibus) Numoniae / Veneriae co(n)iugi / dulcissim(a)e pientis/sim(a)e qu(a)e vi{c}xit me/cu(m) annis(!) VIII mense(s) VII / dies XV annoru(m) XXVII be/ne merenti Nannaeius Quetinus","date_from":201,"date_to":300,"marker_gender":"mixed","is_individual":false,"edcs_url":"https://edcs.hist.uzh.ch/en/document?edcs-id=EDCS-09400237","persons":[{"nomen":"Numonia","gender":"female","raw_name":"Numoniae Veneriae","cognomen":"Veneria","status":"coniunx"},{"nomen":"Nannaeius","gender":"male","raw_name":"Nannaeius Quetinus","cognomen":"Quetinus"}]}},{"type":"Feature","geometry":{"type":"Point","coordinates":[15.0,40.42]},"properties":{"edcs_id":"EDCS-09400238","findspot":"Capaccio / Poseidonia / Paestum","raw_text":"D(is) M(anibus) / Valeriae L(uci) f(iliae) / Marianae / vix(it) an(nos) II d(ies) XL","date_from":101,"date_to":200,"marker_gender":"female","is_individual":false,"edcs_url":"https://edcs.hist.uzh.ch/en/document?edcs-id=EDCS-09400238","persons":[{"nomen":"Valeria","gender":"female","raw_name":"Valeriae L(uci) f(iliae) Marianae","cognomen":"Mariana","status":"filia Lucii"}]}},{"type":"Feature","geometry":{"type":"Point","coordinates":[15.0,40.42]},"properties":{"edcs_id":"EDCS-09400239","findspot":"Capaccio / Poseidonia / Paestum","raw_text":"D(is) M(anibus) / Iucundo / Sotera / coniugi bene / merenti f(ecit)","date_from":171,"date_to":300,"marker_gender":"mixed","is_individual":false,"edcs_url":"https://edcs.hist.uzh.ch/en/document?edcs-id=EDCS-09400239","persons":[{"nomen":"","gender":"male","raw_name":"Iucundo","cognomen":"Iucundus"},{"nomen":"","gender":"female","raw_name":"Sotera","cognomen":"Sotera","status":"coniunx"}]}},{"type":"Feature","geometry":{"type":"Point","coordinates":[17.05,39.27]},"properties":{"edcs_id":"EDCS-09400240","findspot":"Strongoli / Petelia","raw_text":"Q(uintus) Blat/tius Eu/plus / vix(it) ann(os) / XXXX / s(it) t(ibi) t(erra) l(evis)","date_from":null,"date_to":null,"marker_gender":"male","is_individual":false,"edcs_url":"https://edcs.hist.uzh.ch/en/document?edcs-id=EDCS-09400240","persons":[{"nomen":"Blattius","gender":"male","raw_name":"Q. Blattius Euplus","praenomen":"Quintus","cognomen":"Euplus"}]}},{"type":"Feature","geometry":{"type":"Point","coordinates":[17.05,39.27]},"properties":{"edcs_id":"EDCS-09400241","findspot":"Strongoli / Petelia","raw_text":"{H}Ave / M(ani) Meconi / Aphrodisi / vix(it) an(nos) LXV / s(it) t(ibi) t(erra) l(evis)","date_from":null,"date_to":null,"marker_gender":"male","is_individual":false,"edcs_url":"https://edcs.hist.uzh.ch/en/document?edcs-id=EDCS-09400241","persons":[{"nomen":"Meconius","gender":"male","raw_name":"M. Meconi Aphrodisi","praenomen":"Manius","cognomen":"Aphrodisius"}]}},{"type":"Feature","geometry":{"type":"Point","coordinates":[17.05,39.27]},"properties":{"edcs_id":"EDCS-09400242","findspot":"Strongoli / Petelia","raw_text":"D(is) M(anibus) s(acrum) / M(arcus) Baebius / Pudens / vix(it) an(nos) XXXX / fec(i)t co(n)iux / bene merenti / s(it) t(ibi) t(erra) l(evis)","date_from":null,"date_to":null,"marker_gender":"male","is_individual":false,"edcs_url":"https://edcs.hist.uzh.ch/en/document?edcs-id=EDCS-09400242","persons":[{"nomen":"Baebius","gender":"male","raw_name":"M(arcus) Baebius Pudens","praenomen":"Marcus","cognomen":"Pudens"}]}},{"type":"Feature","geometry":{"type":"Point","coordinates":[17.05,39.27]},"properties":{"edcs_id":"EDCS-09400243","findspot":"Strongoli / Petelia","raw_text":"M(arcus) Naevius / Felicio vix(it) / annis L / Sallustia / Chione d(e) s(uo)","date_from":null,"date_to":null,"marker_gender":"mixed","is_individual":false,"edcs_url":"https://edcs.hist.uzh.ch/en/document?edcs-id=EDCS-09400243","persons":[{"nomen":"Naevius","gender":"male","raw_name":"M(arcus) Naevius Felicio","praenomen":"Marcus","cognomen":"Felicio"},{"nomen":"Sallustia","gender":"female","raw_name":"Sallustia Chione","cognomen":"Chione","status":"uxor"}]}},{"type":"Feature","geometry":{"type":"Point","coordinates":[15.16,40.16]},"properties":{"edcs_id":"EDCS-09401030","findspot":"Marina di Ascea / Castellammare di Velia / Castellamare della Bruca / Castellammare / Elea / Velia","raw_text":"A(ulo) Gab(inio) Crispino / Q(uinto) Cae[3]io Secundo / Ga[bi]niae Crispin[ae] / u[lt]imae gentis suae","date_from":-20,"date_to":30,"marker_gender":"mixed","is_individual":false,"edcs_url":"https://edcs.hist.uzh.ch/en/document?edcs-id=EDCS-09401030","persons":[{"nomen":"Gabinius","gender":"male","raw_name":"A(ulo) Gab(inio) Crispino","praenomen":"Aulus","cognomen":"Crispinus","cluster_id":468,"cluster_size":2},{"nomen":"Caesius","gender":"male","raw_name":"Q(uinto) Cae[3]io Secundo","praenomen":"Quintus","cognomen":"Secundus"},{"nomen":"Gabinia","gender":"female","raw_name":"Ga[bi]niae Crispin[ae]","cognomen":"Crispina","cluster_id":468,"cluster_size":2}]}},{"type":"Feature","geometry":{"type":"Point","coordinates":[15.16,40.16]},"properties":{"edcs_id":"EDCS-09401032","findspot":"Marina di Ascea / Castellammare di Velia / Castellamare della Bruca / Castellammare / Elea / Velia","raw_text":"D(is) M(anibus) / [Iul]ius Callis/tus [vi]xit an(nos) XV / m(enses) VI quod face/re debuer[it ill]e / patri suo fecit / Iulius Acianus pater filio pi/entissimo","date_from":151,"date_to":250,"marker_gender":"male","is_individual":false,"edcs_url":"https://edcs.hist.uzh.ch/en/document?edcs-id=EDCS-09401032","persons":[{"nomen":"Iulius","gender":"male","raw_name":"[Iul]ius Callistus","cognomen":"Callistus"},{"nomen":"Iulius","gender":"male","raw_name":"Iulius Acianus","cognomen":"Acianus","status":"pater"}]}},{"type":"Feature","geometry":{"type":"Point","coordinates":[15.16,40.16]},"properties":{"edcs_id":"EDCS-09401033","findspot":"Marina di Ascea / Castellammare di Velia / Castellamare della Bruca / Castellammare / Elea / Velia","raw_text":"D(is) M(anibus) / Terentiae / Compses fec(erunt) / Terentius / Scymnus et Philistia Iucun/dilla fec(erunt) / m(atri) b(ene) m(erenti)","date_from":171,"date_to":250,"marker_gender":"mixed","is_individual":false,"edcs_url":"https://edcs.hist.uzh.ch/en/document?edcs-id=EDCS-09401033","persons":[{"nomen":"Terentia","gender":"female","raw_name":"Terentiae Compses","cognomen":"Compses"},{"nomen":"Terentius","gender":"male","raw_name":"Terentius Scymnus","cognomen":"Scymnus"},{"nomen":"Philistia","gender":"female","raw_name":"Philistia Iucundilla","cognomen":"Iucundilla"}]}},{"type":"Feature","geometry":{"type":"Point","coordinates":[15.16,40.16]},"properties":{"edcs_id":"EDCS-09401034","findspot":"Marina di Ascea / Castellammare di Velia / Castellamare della Bruca / Castellammare / Elea / Velia","raw_text":"Valeria P(ubli) f(ilia) Florilla / fecit sibi et / P(ublio) Valerio Felicioni l(iberto) / et delicio suo qui vixit annos XV","date_from":-20,"date_to":50,"marker_gender":"mixed","is_individual":false,"edcs_url":"https://edcs.hist.uzh.ch/en/document?edcs-id=EDCS-09401034","persons":[{"nomen":"Valeria","gender":"female","raw_name":"Valeria P(ubli) f(ilia) Florilla","cognomen":"Florilla","status":"filia Publii"},{"nomen":"Valerius","gender":"male","raw_name":"P(ublio) Valerio Felicioni","praenomen":"Publius","cognomen":"Felicio","status":"libertus, delicio"}]}},{"type":"Feature","geometry":{"type":"Point","coordinates":[16.1,38.68]},"properties":{"edcs_id":"EDCS-09401406","findspot":"Vibo Valentia / Monteleone Calabro / Hipponium","raw_text":"L(ucio) Numisio C(ai) f(ilio) Lu[3] / C(aio) Musano C(ai) f(ilio) Cla[ssico] / IIIIvir(is) iur(e) dic(undo) / L(ucio) Licinio L(uci) f(ilio) Crasso P(ublio) All[3] / Pollione Q(uinto) Anicio L(uci) f(ilio) [3] / ostia in portas faciend[a] / muros reficiend(os) loca(ve)ru[nt]","date_from":null,"date_to":null,"marker_gender":"male","is_individual":false,"edcs_url":"https://edcs.hist.uzh.ch/en/document?edcs-id=EDCS-09401406","persons":[{"nomen":"Numisius","gender":"male","raw_name":"L. Numisio C. f. Lu[3]","praenomen":"Lucius","status":"filius Caii, IIIIvir iure dicundo"},{"nomen":"Musanus","gender":"male","raw_name":"C. Musano C. f. Cla[ssico]","praenomen":"Gaius","cognomen":"Classicus","status":"filius Caii, IIIIvir iure dicundo"},{"nomen":"Licinius","gender":"male","raw_name":"L. Licinio L. f. Crasso","praenomen":"Lucius","cognomen":"Crassus","status":"filius Lucii, IIIIvir iure dicundo","cluster_id":873,"cluster_size":2},{"nomen":"","gender":"male","raw_name":"P. All[3] Pollione","praenomen":"Publius","cognomen":"Pollio","status":"IIIIvir iure dicundo","cluster_id":1868,"cluster_size":2,"cluster_confidence":"low"},{"nomen":"Anicius","gender":"male","raw_name":"Q. Anicio L. f.","praenomen":"Quintus","status":"filius Lucii, IIIIvir iure dicundo"}]}},{"type":"Feature","geometry":{"type":"Point","coordinates":[16.6,38.82]},"properties":{"edcs_id":"EDCS-09700115","findspot":"Roccelletta / Scolacium","raw_text":"] f() L(ucio) Gavio [3] / [3 h]oc Fors Fortuna V[3] / [3]S ac tanti cordis AB[3] / [3 co]nventum exsumia vir[tute(?) 3] / [3]ma spoliatum INVI[","date_from":null,"date_to":null,"marker_gender":"male","is_individual":false,"edcs_url":"https://edcs.hist.uzh.ch/en/document?edcs-id=EDCS-09700115","persons":[{"nomen":"Gavius","gender":"male","raw_name":"L. Gavio","praenomen":"Lucius"}]}},{"type":"Feature","geometry":{"type":"Point","coordinates":[16.6,38.82]},"properties":{"edcs_id":"EDCS-09700118","findspot":"Roccelletta / Scolacium","raw_text":"Pancarpus Liv(iae)","date_from":null,"date_to":null,"marker_gender":"male","is_individual":false,"edcs_url":"https://edcs.hist.uzh.ch/en/document?edcs-id=EDCS-09700118","persons":[{"nomen":"","gender":"male","raw_name":"Pancarpus","cognomen":"Pancarpus","cluster_id":1590,"cluster_size":2,"cluster_confidence":"low"}]}},{"type":"Feature","geometry":{"type":"Point","coordinates":[15.91,40.29]},"properties":{"edcs_id":"EDCS-09700119","findspot":"Grumento Nova / Grumentum","raw_text":"[C(aio)] Mulvio C(ai) f(ilio) / [P]om(ptina) Ofillio Rest[i]/[t]uto aed(ili) pr(aetori) IIvir(o) II / [q]uin(quennali) q(uaestori) praef(ecto) coh(ortis) I / [M]orinor(um) et Cersia/cor(um) trib(uno) mil(itum) leg(ionis) II / Adiutricis P(iae) F(idelis) prae[f(ecto)] / alae I Vespasianae / Dardanor(um) praef(ecto) / fabr(um) II / Aug(ustales) Herc(ulanei) / patrono","date_from":70,"date_to":78,"marker_gender":"male","is_individual":true,"edcs_url":"https://edcs.hist.uzh.ch/en/document?edcs-id=EDCS-09700119","persons":[{"nomen":"Mulvius","gender":"male","raw_name":"[C(aio)] Mulvio C(ai) f(ilio) [P]om(ptina) Ofillio Rest[i] [t]uto","praenomen":"Gaius","cognomen":"Ofillius Restitutus","status":"filius Caii, tribus Pomptina, aedilis, praetor, IIvir, quinquennalis, quaestor, praefectus cohortis I Morinorum et Cersiacorum, tribunus militum legionis II Adiutricis, praefectus alae I Vespasianae Dardanorum, praefectus fabrum, patronus"}]}},{"type":"Feature","geometry":{"type":"Point","coordinates":[15.37,40.63]},"properties":{"edcs_id":"EDCS-09700941","findspot":"Buccino / Volcei","raw_text":"D(is) M(anibus) / D(ecimo) Dinnio Arisco/ni Insteia Lante/nusa co(n)iugi b(ene) / m(erenti) f(ecit) qui s<i=E>ne ullo d/olo meo [hum]atus(?) est / in {a}eo loco viribus <o=U>/nis q(uo?) v(ixit) a(nnos) XVIIII m(enses) V d(ies) XVII / h(oras) XII","date_from":null,"date_to":null,"marker_gender":"mixed","is_individual":false,"edcs_url":"https://edcs.hist.uzh.ch/en/document?edcs-id=EDCS-09700941","persons":[{"nomen":"Dinnius","gender":"male","raw_name":"D(ecimo) Dinnio Arisco ni","praenomen":"Decimus","cognomen":"Arisco"},{"nomen":"Insteia","gender":"female","raw_name":"Insteia Lante nusa","cognomen":"Lantenusa","status":"coniux, bene merens"}]}},{"type":"Feature","geometry":{"type":"Point","coordinates":[15.37,40.63]},"properties":{"edcs_id":"EDCS-09700942","findspot":"Buccino / Volcei","raw_text":"D(is) M(anibus) / [N]umoniae Q(uinti) f(iliae) / [M]arcianae ux/o[r]i karissimae / [3] Manilius M(arci) filius Iustus fecit","date_from":null,"date_to":null,"marker_gender":"mixed","is_individual":false,"edcs_url":"https://edcs.hist.uzh.ch/en/document?edcs-id=EDCS-09700942","persons":[{"nomen":"Numonia","gender":"female","raw_name":"[N]umoniae Q(uinti) f(iliae) [M]arcianae","cognomen":"Marciana","status":"filia Quinti, uxor karissima","cluster_id":24,"cluster_size":2},{"nomen":"Manilius","gender":"male","raw_name":"Manilius M(arci) filius Iustus","praenomen":"Marcus","cognomen":"Iustus","cluster_id":25,"cluster_size":2}]}},{"type":"Feature","geometry":{"type":"Point","coordinates":[15.66,40.34]},"properties":{"edcs_id":"EDCS-09700946","findspot":"Padula / Cosilinum","raw_text":"Spediae C(ai) f(iliae) Gallae / vix(it) an(nos) II mens(es) X / C(aio) Spedio C(ai) f(ilio) Basso / vix(it) an(nos) VI mens(es) X / [C(aio)] Spedio C(ai) f(ilio) Basso / [3]ae Spedi","date_from":-27,"date_to":14,"marker_gender":"mixed","is_individual":false,"edcs_url":"https://edcs.hist.uzh.ch/en/document?edcs-id=EDCS-09700946","persons":[{"nomen":"Spedia","gender":"female","raw_name":"Spediae C(ai) f(iliae) Gallae","cognomen":"Galla","status":"filia Caii","cluster_id":526,"cluster_size":2},{"nomen":"Spedius","gender":"male","raw_name":"C(aio) Spedio C(ai) f(ilio) Basso","praenomen":"Gaius","cognomen":"Bassus","status":"filius Caii","cluster_id":527,"cluster_size":4},{"nomen":"Spedius","gender":"male","raw_name":"[C(aio)] Spedio C(ai) f(ilio) Basso","praenomen":"Gaius","cognomen":"Bassus","status":"filius Caii","cluster_id":527,"cluster_size":4}]}},{"type":"Feature","geometry":{"type":"Point","coordinates":[15.0,40.42]},"properties":{"edcs_id":"EDCS-09701429","findspot":"Capaccio / Poseidonia / Paestum","raw_text":"Titidia Cn(aei) l(iberta) Sura / Titidia |(mulieris) l(iberta) Salvia / fecit sibi et suis","date_from":1,"date_to":70,"marker_gender":"female","is_individual":false,"edcs_url":"https://edcs.hist.uzh.ch/en/document?edcs-id=EDCS-09701429","persons":[{"nomen":"Titidia","gender":"female","raw_name":"Titidia Cn. l. Sura","cognomen":"Sura","status":"liberta Cnaei"},{"nomen":"Titidia","gender":"female","raw_name":"Titidia Salvia","cognomen":"Salvia","status":"liberta"}]}},{"type":"Feature","geometry":{"type":"Point","coordinates":[15.0,40.42]},"properties":{"edcs_id":"EDCS-09800083","findspot":"Capaccio / Poseidonia / Paestum","raw_text":"Sex(tus) Sextio(s) Sex(ti) [f(ilius)] / L(ucius) Tatio(s) L(uci) f(ilius) / L(ucius) Claudio(s) Tr(ebi) f(ilius) / L(ucius) Statio(s) C(ai) f(ilius) / q(u)a<e=I>stores de leged fecere","date_from":null,"date_to":null,"marker_gender":"male","is_individual":false,"edcs_url":"https://edcs.hist.uzh.ch/en/document?edcs-id=EDCS-09800083","persons":[{"nomen":"Sextius","gender":"male","raw_name":"Sex. Sextio(s) Sex. [f.]","praenomen":"Sextus","status":"filius Sexti, quaestor"},{"nomen":"Tatius","gender":"male","raw_name":"L. Tatio(s) L. f.","praenomen":"Lucius","status":"filius Lucii, quaestor"},{"nomen":"Claudius","gender":"male","raw_name":"L. Claudio(s) Tr. f.","praenomen":"Lucius","status":"filius Trebii, quaestor"},{"nomen":"Statius","gender":"male","raw_name":"L. Statio(s) C. f.","praenomen":"Lucius","status":"filius Caii, quaestor"}]}},{"type":"Feature","geometry":{"type":"Point","coordinates":[15.0,40.42]},"properties":{"edcs_id":"EDCS-09800084","findspot":"Capaccio / Poseidonia / Paestum","raw_text":"L(ucius) Manio(s) [3] f(ilius) / M(anius) Fadio(s) M(arci) f(ilius) / L(ucius) Megonio(s) C(ai) f(ilius) / C(aius) Vibio(s) C(ai) f(ilius) / O(lus) Bracio(s) V(ibi) f(ilius) / qua<e=I>stores / aired moltaticod / fecere","date_from":null,"date_to":null,"marker_gender":"male","is_individual":false,"edcs_url":"https://edcs.hist.uzh.ch/en/document?edcs-id=EDCS-09800084","persons":[{"nomen":"Manius","gender":"male","raw_name":"L. Manio(s) [3] f.","praenomen":"Lucius","status":"filius"},{"nomen":"Fadius","gender":"male","raw_name":"M. Fadio(s) M. f.","praenomen":"Manius","status":"filius Marci, quaestor"},{"nomen":"Megonius","gender":"male","raw_name":"L. Megonio(s) C. f.","praenomen":"Lucius","status":"filius Caii, quaestor"},{"nomen":"Vibius","gender":"male","raw_name":"C. Vibio(s) C. f.","praenomen":"Gaius","status":"filius Caii, quaestor"},{"nomen":"Bracius","gender":"male","raw_name":"O. Bracio(s) V. f.","praenomen":"Aulus","status":"filius Vibii, quaestor"}]}},{"type":"Feature","geometry":{"type":"Point","coordinates":[15.0,40.42]},"properties":{"edcs_id":"EDCS-09800085","findspot":"Capaccio / Poseidonia / Paestum","raw_text":"] / L(ucius) [3] f(ilius) / quaestores / dedere","date_from":null,"date_to":null,"marker_gender":"male","is_individual":false,"edcs_url":"https://edcs.hist.uzh.ch/en/document?edcs-id=EDCS-09800085","persons":[{"nomen":"","gender":"male","raw_name":"L. [3] f.","praenomen":"Lucius","status":"filius, quaestor"}]}},{"type":"Feature","geometry":{"type":"Point","coordinates":[16.1,38.68]},"properties":{"edcs_id":"EDCS-09800086","findspot":"Vibo Valentia / Monteleone Calabro / Hipponium","raw_text":"C(aio) Caesar[i] pontif(ici) / max(imo) imp(eratori) co(n)s(uli) tert(ium) / ex s(enatus) c(onsulto) populus / patrono","date_from":-46,"date_to":-46,"marker_gender":"male","is_individual":false,"edcs_url":"https://edcs.hist.uzh.ch/en/document?edcs-id=EDCS-09800086","persons":[{"nomen":"","gender":"male","raw_name":"C. Caesar[i]","praenomen":"Gaius","cognomen":"Caesar","status":"pontifex maximus, imperator, consul, patronus","is_imperial":true}]}},{"type":"Feature","geometry":{"type":"Point","coordinates":[16.26,38.24]},"properties":{"edcs_id":"EDCS-10700899","findspot":"Locri / Locri Epizephyrii","raw_text":"L(ucius) Ansius Quintill[i]anus me[nsam 3]","date_from":201,"date_to":300,"marker_gender":"male","is_individual":false,"edcs_url":"https://edcs.hist.uzh.ch/en/document?edcs-id=EDCS-10700899","persons":[{"nomen":"Ansius","gender":"male","raw_name":"L. Ansius Quintill[i]anus","praenomen":"Lucius","cognomen":"Quintillianus"}]}},{"type":"Feature","geometry":{"type":"Point","coordinates":[16.27,38.24]},"properties":{"edcs_id":"EDCS-10700901","findspot":"Locri / Locri Epizephyrii","raw_text":"[D(is)] M(anibus) s(acrum) / M(arcus) Aurelius / Diogenes ve/teranus vi/xit ann[os] / L me[ns(es)","date_from":150,"date_to":250,"marker_gender":"male","is_individual":false,"edcs_url":"https://edcs.hist.uzh.ch/en/document?edcs-id=EDCS-10700901","persons":[{"nomen":"Aurelius","gender":"male","raw_name":"M(arcus) Aurelius Diogenes","praenomen":"Marcus","cognomen":"Diogenes","status":"veteranus","is_imperial":true}]}},{"type":"Feature","geometry":{"type":"Point","coordinates":[16.26,38.24]},"properties":{"edcs_id":"EDCS-10700903","findspot":"Locri / Locri Epizephyrii","raw_text":"D(is) [M(anibus)] / [3] Sep{p}timus / [v]ixit ann(os) / XXXXV colle<g=C>ius / Geni(i) munici[p]i(i) / et coniuxs(!) bene / [m(erenti) fe]ceru(n)t","date_from":171,"date_to":300,"marker_gender":"male","is_individual":false,"edcs_url":"https://edcs.hist.uzh.ch/en/document?edcs-id=EDCS-10700903","persons":[{"nomen":"Septimius","gender":"male","raw_name":"Sep{p}timus","status":"collegius"}]}},{"type":"Feature","geometry":{"type":"Point","coordinates":[16.26,38.24]},"properties":{"edcs_id":"EDCS-10700904","findspot":"Locri / Locri Epizephyrii","raw_text":"D(is) M(anibus) s(acrum) / vixit an(n)is LX colle<g=C>ius Se/rapis et Iuno/nis fecerunt Tauriane","date_from":171,"date_to":250,"marker_gender":"male","is_individual":false,"edcs_url":"https://edcs.hist.uzh.ch/en/document?edcs-id=EDCS-10700904","persons":[{"nomen":"","gender":"male","raw_name":"Tauriane","cognomen":"Taurianus","status":"collegius"}]}},{"type":"Feature","geometry":{"type":"Point","coordinates":[16.26,38.24]},"properties":{"edcs_id":"EDCS-10700905","findspot":"Locri / Locri Epizephyrii","raw_text":"[3]nucia M(arci) l(iberta) / Calliste vix(it) / a[nn(os)] XXXIII / A[","date_from":-30,"date_to":50,"marker_gender":"female","is_individual":false,"edcs_url":"https://edcs.hist.uzh.ch/en/document?edcs-id=EDCS-10700905","persons":[{"nomen":"Nucia","gender":"female","raw_name":"[3]nucia M. l. Calliste","cognomen":"Calliste","status":"liberta Marci"}]}},{"type":"Feature","geometry":{"type":"Point","coordinates":[16.26,38.24]},"properties":{"edcs_id":"EDCS-10700906","findspot":"Locri / Locri Epizephyrii","raw_text":"D(is) M(anibus) / [Cor]nelia Ur/bana vix(it) an(n)is / XXV coniux be/ne merenti fec(it)","date_from":151,"date_to":250,"marker_gender":"female","is_individual":false,"edcs_url":"https://edcs.hist.uzh.ch/en/document?edcs-id=EDCS-10700906","persons":[{"nomen":"Cornelia","gender":"female","raw_name":"[Cor]nelia Urbana","cognomen":"Urbana"}]}},{"type":"Feature","geometry":{"type":"Point","coordinates":[16.26,38.24]},"properties":{"edcs_id":"EDCS-10700907","findspot":"Locri / Locri Epizephyrii","raw_text":"D(is) M(anibus) / Duc() Doryphoridi / alumnae / vixit annis X / patrona fecit","date_from":101,"date_to":300,"marker_gender":"female","is_individual":false,"edcs_url":"https://edcs.hist.uzh.ch/en/document?edcs-id=EDCS-10700907","persons":[{"nomen":"","gender":"female","raw_name":"Doryphoridi","cognomen":"Doryphoris","status":"alumna"}]}},{"type":"Feature","geometry":{"type":"Point","coordinates":[16.26,38.24]},"properties":{"edcs_id":"EDCS-10700908","findspot":"Locri / Locri Epizephyrii","raw_text":"D(is) M(anibus) s(acrum) / [3]iae Eubiot/[ae] coniugi del/[ciss]im(a)e mulieri / sanctissim(a)e Pha/rus maritus b(ene) m(erenti) f(ecit)","date_from":101,"date_to":250,"marker_gender":"mixed","is_individual":false,"edcs_url":"https://edcs.hist.uzh.ch/en/document?edcs-id=EDCS-10700908","persons":[{"nomen":"","gender":"female","raw_name":"[3]iae Eubiot [ae]","cognomen":"Eubiota","status":"coniux, dulcissima, mulier, sanctissima"},{"nomen":"","gender":"male","raw_name":"Pharus","cognomen":"Pharus","status":"maritus"}]}},{"type":"Feature","geometry":{"type":"Point","coordinates":[16.26,38.24]},"properties":{"edcs_id":"EDCS-10700909","findspot":"Locri / Locri Epizephyrii","raw_text":"D(is) M(anibus) / [3]es vixit / [ann]is XXIII / me[nsib(us) 3] / Felicula / ma[ter] / filio karissi[mo] / et pientissim[o]","date_from":201,"date_to":300,"marker_gender":"female","is_individual":false,"edcs_url":"https://edcs.hist.uzh.ch/en/document?edcs-id=EDCS-10700909","persons":[{"nomen":"","gender":"female","raw_name":"Felicula","cognomen":"Felicula","status":"mater"}]}},{"type":"Feature","geometry":{"type":"Point","coordinates":[16.26,38.24]},"properties":{"edcs_id":"EDCS-10700910","findspot":"Locri / Locri Epizephyrii","raw_text":"Felici / fecit / co(n)i(ux) be(ne) mere(nti)","date_from":201,"date_to":300,"marker_gender":"male","is_individual":false,"edcs_url":"https://edcs.hist.uzh.ch/en/document?edcs-id=EDCS-10700910","persons":[{"nomen":"","gender":"male","raw_name":"Felici","cognomen":"Felix","status":"coniux","cluster_id":1147,"cluster_size":2,"cluster_confidence":"low"}]}},{"type":"Feature","geometry":{"type":"Point","coordinates":[16.27,38.24]},"properties":{"edcs_id":"EDCS-10700911","findspot":"Locri / Locri Epizephyrii","raw_text":"[D(is)] M(anibus) / [Vage]llia(?) / Methe / v[i]x(it) an(nos) / XXXVIIII / maritus / coniu[g]i meren/tis[s]imae","date_from":171,"date_to":250,"marker_gender":"female","is_individual":false,"edcs_url":"https://edcs.hist.uzh.ch/en/document?edcs-id=EDCS-10700911","persons":[{"nomen":"Vagellia","gender":"female","raw_name":"[Vage]llia Methe","cognomen":"Methe","status":"coniux"}]}},{"type":"Feature","geometry":{"type":"Point","coordinates":[16.27,38.24]},"properties":{"edcs_id":"EDCS-10700912","findspot":"Locri / Locri Epizephyrii","raw_text":"D(is) M(anibus) / Salvia Oc/tavia vi/x(it) ann(os) VI / men(ses) II m/ater b(ene) m(erenti)","date_from":171,"date_to":300,"marker_gender":"female","is_individual":false,"edcs_url":"https://edcs.hist.uzh.ch/en/document?edcs-id=EDCS-10700912","persons":[{"nomen":"Salvia","gender":"female","raw_name":"Salvia Octavia","cognomen":"Octavia"}]}},{"type":"Feature","geometry":{"type":"Point","coordinates":[16.26,38.24]},"properties":{"edcs_id":"EDCS-10700913","findspot":"Locri / Locri Epizephyrii","raw_text":"Tullia / Cespi l(iberta) / Zosima / {h}ave","date_from":1,"date_to":100,"marker_gender":"female","is_individual":false,"edcs_url":"https://edcs.hist.uzh.ch/en/document?edcs-id=EDCS-10700913","persons":[{"nomen":"Tullia","gender":"female","raw_name":"Tullia Cespi l(iberta) Zosima","cognomen":"Zosima","status":"liberta"}]}},{"type":"Feature","geometry":{"type":"Point","coordinates":[16.26,38.24]},"properties":{"edcs_id":"EDCS-10700914","findspot":"Locri / Locri Epizephyrii","raw_text":"D(is) M(anibus) s(acrum) / {I} L(ucio) Vagellio / Baroni vix(it) / an(nos) III m(enses) III pa/rentes filio / dulcissimo","date_from":101,"date_to":200,"marker_gender":"male","is_individual":false,"edcs_url":"https://edcs.hist.uzh.ch/en/document?edcs-id=EDCS-10700914","persons":[{"nomen":"Vagellius","gender":"male","raw_name":"L(ucio) Vagellio Baroni","praenomen":"Lucius","cognomen":"Baro","status":"filius"}]}},{"type":"Feature","geometry":{"type":"Point","coordinates":[16.26,38.24]},"properties":{"edcs_id":"EDCS-10700915","findspot":"Locri / Locri Epizephyrii","raw_text":"D(is) M(anibus) / Vagellia / Tyche vixit / annis XXXXII / filia matri // pientisim(a)e fec(it)","date_from":171,"date_to":250,"marker_gender":"female","is_individual":false,"edcs_url":"https://edcs.hist.uzh.ch/en/document?edcs-id=EDCS-10700915","persons":[{"nomen":"Vagellia","gender":"female","raw_name":"Vagellia Tyche","cognomen":"Tyche","status":"filia, pientissima"}]}},{"type":"Feature","geometry":{"type":"Point","coordinates":[16.27,38.24]},"properties":{"edcs_id":"EDCS-10700918","findspot":"Locri / Locri Epizephyrii","raw_text":"QQ(uintorum) Cele(ris) et Max(imi)","date_from":null,"date_to":null,"marker_gender":"male","is_individual":false,"edcs_url":"https://edcs.hist.uzh.ch/en/document?edcs-id=EDCS-10700918","persons":[{"nomen":"","gender":"male","raw_name":"Q. Cele(ris)","praenomen":"Quintus","cognomen":"Celer"},{"nomen":"","gender":"male","raw_name":"Max(imi)","praenomen":"Quintus","cognomen":"Maximus"}]}},{"type":"Feature","geometry":{"type":"Point","coordinates":[15.66,40.34]},"properties":{"edcs_id":"EDCS-10700919","findspot":"Padula / Cosilinum","raw_text":"Sanctum / mundum / Attinis p(ro) r(editu) / a fundament(is) / Helvia Abascante / et Capitolina f(ilia) d(ecreto) d(ecurionum) p(ecunia) s(ua) / f(ecerunt)","date_from":180,"date_to":230,"marker_gender":"female","is_individual":false,"edcs_url":"https://edcs.hist.uzh.ch/en/document?edcs-id=EDCS-10700919","persons":[{"nomen":"Helvia","gender":"female","raw_name":"Helvia Abascante","cognomen":"Abascanta"},{"nomen":"","gender":"female","raw_name":"Capitolina","cognomen":"Capitolina","status":"filia"}]}},{"type":"Feature","geometry":{"type":"Point","coordinates":[15.66,40.34]},"properties":{"edcs_id":"EDCS-10700920","findspot":"Padula / Cosilinum","raw_text":"[Pl]otia Ruti[la] / [sp]ectacula im[a(?)] / [m]aenian(a) et pul[p(itum)] / [s]caenae d(ecreto) d(ecurionum) su[a] / [pe]c(unia) fac(iundum) cur(avit) ead(em)/[q]ue probavi[t]","date_from":-70,"date_to":-31,"marker_gender":"female","is_individual":false,"edcs_url":"https://edcs.hist.uzh.ch/en/document?edcs-id=EDCS-10700920","persons":[{"nomen":"Plotia","gender":"female","raw_name":"[Pl]otia Ruti[la]","cognomen":"Rutila"}]}},{"type":"Feature","geometry":{"type":"Point","coordinates":[15.66,40.34]},"properties":{"edcs_id":"EDCS-10700921","findspot":"Padula / Cosilinum","raw_text":"[3] Agathoni [","date_from":null,"date_to":null,"marker_gender":"male","is_individual":false,"edcs_url":"https://edcs.hist.uzh.ch/en/document?edcs-id=EDCS-10700921","persons":[{"nomen":"","gender":"male","raw_name":"Agathoni","cognomen":"Agatho"}]}},{"type":"Feature","geometry":{"type":"Point","coordinates":[15.66,40.34]},"properties":{"edcs_id":"EDCS-10700922","findspot":"Padula / Cosilinum","raw_text":"D(is) M(anibus) s(acrum) / Lede / Silvester / coniugi / b(ene) m(erenti) f(ecit) / cum qua vixit / ann(os) LXV","date_from":null,"date_to":null,"marker_gender":"mixed","is_individual":false,"edcs_url":"https://edcs.hist.uzh.ch/en/document?edcs-id=EDCS-10700922","persons":[{"nomen":"","gender":"female","raw_name":"Lede","cognomen":"Leda"},{"nomen":"","gender":"male","raw_name":"Silvester","cognomen":"Silvester","status":"maritus"}]}},{"type":"Feature","geometry":{"type":"Point","coordinates":[15.66,40.34]},"properties":{"edcs_id":"EDCS-10700923","findspot":"Padula / Cosilinum","raw_text":"D(is) M(anibus) / Quintian(a)e fili(a)e / carissim(a)e bene / merenti quae / vixit an(nos) XXXVI / fecit pia mater / Quinta","date_from":null,"date_to":null,"marker_gender":"female","is_individual":false,"edcs_url":"https://edcs.hist.uzh.ch/en/document?edcs-id=EDCS-10700923","persons":[{"nomen":"","gender":"female","raw_name":"Quintian(a)e","cognomen":"Quintiana","status":"filia, carissima"},{"nomen":"","gender":"female","raw_name":"Quinta","cognomen":"Quinta","status":"mater, pia"}]}},{"type":"Feature","geometry":{"type":"Point","coordinates":[15.66,40.34]},"properties":{"edcs_id":"EDCS-10700924","findspot":"Padula / Cosilinum","raw_text":"[Dis] Manibus / [3] C(ai) Brutti / [Praese]ntis ser(va) / [3] conservo / [cari]ssimo fec(it) / [cum qu]o vix(it) an(nos) XX","date_from":101,"date_to":200,"marker_gender":"male","is_individual":false,"edcs_url":"https://edcs.hist.uzh.ch/en/document?edcs-id=EDCS-10700924","persons":[{"nomen":"Bruttius","gender":"male","raw_name":"C(ai) Brutti [Praese]ntis","praenomen":"Gaius","cognomen":"Praesens","status":"pater"}]}},{"type":"Feature","geometry":{"type":"Point","coordinates":[15.56,40.46]},"properties":{"edcs_id":"EDCS-10700927","findspot":"Atena Lucana / Atina","raw_text":"[3] Secundo / M(arcus) Ba[3]io fecit","date_from":null,"date_to":null,"marker_gender":"male","is_individual":false,"edcs_url":"https://edcs.hist.uzh.ch/en/document?edcs-id=EDCS-10700927","persons":[{"nomen":"","gender":"male","raw_name":"Secundo","cognomen":"Secundus"},{"nomen":"Baius","gender":"male","raw_name":"M. Ba[3]io","praenomen":"Marcus"}]}},{"type":"Feature","geometry":{"type":"Point","coordinates":[13.8,41.62]},"properties":{"edcs_id":"EDCS-10700928","findspot":"Atena Lucana / Atina","raw_text":"D(is) M(anibus) / M(arco) Teltonio / Mercurio / Acilia Iucund(a) / marito op/timo b(ene) m(erenti) fecit","date_from":171,"date_to":250,"marker_gender":"mixed","is_individual":false,"edcs_url":"https://edcs.hist.uzh.ch/en/document?edcs-id=EDCS-10700928","persons":[{"nomen":"Teltonius","gender":"male","raw_name":"M. Teltonio Mercurio","praenomen":"Marcus","cognomen":"Mercurius"},{"nomen":"Acilia","gender":"female","raw_name":"Acilia Iucunda","cognomen":"Iucunda","status":"uxor"}]}},{"type":"Feature","geometry":{"type":"Point","coordinates":[15.38,40.63]},"properties":{"edcs_id":"EDCS-10700929","findspot":"Buccino / Volcei","raw_text":"Iunoni [3] / Herennia Synta[xis(?)] / v(otum) s(olvit) l(ibens) m(erito)","date_from":51,"date_to":200,"marker_gender":"female","is_individual":false,"edcs_url":"https://edcs.hist.uzh.ch/en/document?edcs-id=EDCS-10700929","persons":[{"nomen":"Herennia","gender":"female","raw_name":"Herennia Synta[xis]","cognomen":"Syntax","cluster_id":10,"cluster_size":2}]}},{"type":"Feature","geometry":{"type":"Point","coordinates":[15.37,40.63]},"properties":{"edcs_id":"EDCS-10700932","findspot":"Buccino / Volcei","raw_text":"D(ecumanus) // K(ardo) XII[I] // C(aius) Semproni(us) Ti(beri) f(ilius) / Ap(pius) Claudi(us) C(ai) f(ilius) / P(ublius) Licini(us) P(ubli) f(ilius)","date_from":null,"date_to":null,"marker_gender":"male","is_individual":false,"edcs_url":"https://edcs.hist.uzh.ch/en/document?edcs-id=EDCS-10700932","persons":[{"nomen":"Sempronius","gender":"male","raw_name":"C(aius) Semproni(us) Ti(beri) f(ilius)","praenomen":"Caius","status":"filius Tiberii"},{"nomen":"Claudius","gender":"male","raw_name":"Ap(pius) Claudi(us) C(ai) f(ilius)","praenomen":"Appius","status":"filius Caii"},{"nomen":"Licinius","gender":"male","raw_name":"P(ublius) Licini(us) P(ubli) f(ilius)","praenomen":"Publius","status":"filius Publii"}]}},{"type":"Feature","geometry":{"type":"Point","coordinates":[15.38,40.63]},"properties":{"edcs_id":"EDCS-10700934","findspot":"Buccino / Volcei","raw_text":"D(is) M(anibus) / L(uciis) Vetinis Pau/lo et Severino / fili(i)s pient(issimis) et / uxori matri / fil(iorum) et Aciliae / b(ene) mer(enti) fec(it) Vetin(ius) / Severus aedilis / IIvir suis Pont(iae) / Esperidi et Aciliae / Soteri et sibi viv<u=O>s / fecit","date_from":151,"date_to":230,"marker_gender":"mixed","is_individual":false,"edcs_url":"https://edcs.hist.uzh.ch/en/document?edcs-id=EDCS-10700934","persons":[{"nomen":"Vetinius","gender":"male","raw_name":"Vetinis Paulo","cognomen":"Paulus","status":"filius"},{"nomen":"Vetinius","gender":"male","raw_name":"Severino","cognomen":"Severinus","status":"filius"},{"nomen":"Acilia","gender":"female","raw_name":"Aciliae"},{"nomen":"Vetinius","gender":"male","raw_name":"Vetin(ius) Severus","cognomen":"Severus","status":"aedilis, IIvir"},{"nomen":"Pontia","gender":"female","raw_name":"Pont(iae) Esperidi","cognomen":"Esperis"},{"nomen":"Acilia","gender":"female","raw_name":"Aciliae Soteri","cognomen":"Soteris"}]}},{"type":"Feature","geometry":{"type":"Point","coordinates":[15.37,40.63]},"properties":{"edcs_id":"EDCS-10700936","findspot":"Buccino / Volcei","raw_text":"D(is) M(anibus) / [3]tus / [3]cundae / coniugi c[ar]issimae / [3] cum qua vixi / annis XX[1] T(itus) (A)elius / [3]antin(ae) fili/ae [cari]ssimae qu(ae) / vixit annis X m(ensibus) XI / d(iebus) V","date_from":null,"date_to":null,"marker_gender":"male","is_individual":false,"edcs_url":"https://edcs.hist.uzh.ch/en/document?edcs-id=EDCS-10700936","persons":[{"nomen":"Aelius","gender":"male","raw_name":"T(itus) (A)elius","praenomen":"Titus"}]}},{"type":"Feature","geometry":{"type":"Point","coordinates":[15.38,40.63]},"properties":{"edcs_id":"EDCS-10700938","findspot":"Buccino / Volcei","raw_text":"[3] Gresio C(ai) f(ilio) / Hor(atia) / Liboni fratri","date_from":-30,"date_to":14,"marker_gender":"male","is_individual":false,"edcs_url":"https://edcs.hist.uzh.ch/en/document?edcs-id=EDCS-10700938","persons":[{"nomen":"Gresius","gender":"male","raw_name":"Gresio C(ai) f(ilio) Hor(atia) Liboni","cognomen":"Libo","status":"filius Caii, tribus Horatia"}]}},{"type":"Feature","geometry":{"type":"Point","coordinates":[15.38,40.63]},"properties":{"edcs_id":"EDCS-10700939","findspot":"Buccino / Volcei","raw_text":"Insteiae Q(uinti) f(iliae) Firma[e] / Q(uinto) Inst(e)io Q(uinti) f(ilio) Pom(ptina) Cimb[ro] / Aemiliae C(ai) f(iliae) Bassae Q(uinto) Insteio Q(uinti) f(ilio) [3] / Gresia C(ai) f(ilia) Tertia sibi et [suis f]ecit","date_from":-30,"date_to":14,"marker_gender":"mixed","is_individual":false,"edcs_url":"https://edcs.hist.uzh.ch/en/document?edcs-id=EDCS-10700939","persons":[{"nomen":"Insteia","gender":"female","raw_name":"Insteiae Q(uinti) f(iliae) Firma[e]","cognomen":"Firma","status":"filia Quinti"},{"nomen":"Insteius","gender":"male","raw_name":"Q(uinto) Inst(e)io Q(uinti) f(ilio) Pom(ptina) Cimb[ro]","praenomen":"Quintus","cognomen":"Cimber","status":"filius Quinti, tribus Pomptina"},{"nomen":"Aemilia","gender":"female","raw_name":"Aemiliae C(ai) f(iliae) Bassae","cognomen":"Bassa","status":"filia Caii"},{"nomen":"Insteius","gender":"male","raw_name":"Q(uinto) Insteio Q(uinti) f(ilio) [3]","praenomen":"Quintus","status":"filius Quinti"},{"nomen":"Gresia","gender":"female","raw_name":"Gresia C(ai) f(ilia) Tertia","cognomen":"Tertia","status":"filia Caii"}]}},{"type":"Feature","geometry":{"type":"Point","coordinates":[15.37,40.63]},"properties":{"edcs_id":"EDCS-10700942","findspot":"Buccino / Volcei","raw_text":"[3]s C(ai) f(ilius) Po[3] / [3]alis et C[3] / [3 Ce]ladus(?)","date_from":51,"date_to":200,"marker_gender":"male","is_individual":false,"edcs_url":"https://edcs.hist.uzh.ch/en/document?edcs-id=EDCS-10700942","persons":[{"nomen":"","gender":"male","raw_name":"Celadus","cognomen":"Celadus"}]}},{"type":"Feature","geometry":{"type":"Point","coordinates":[15.37,40.63]},"properties":{"edcs_id":"EDCS-10700943","findspot":"Buccino / Volcei","raw_text":"[3] Tertia f(ecit)","date_from":-20,"date_to":30,"marker_gender":"female","is_individual":false,"edcs_url":"https://edcs.hist.uzh.ch/en/document?edcs-id=EDCS-10700943","persons":[{"nomen":"","gender":"female","raw_name":"Tertia","cognomen":"Tertia"}]}},{"type":"Feature","geometry":{"type":"Point","coordinates":[15.37,40.63]},"properties":{"edcs_id":"EDCS-10700944","findspot":"Buccino / Volcei","raw_text":"D(is) M(anibus) / Ulpiae [3] / [H]eraiidi(!) / co(n)iugi car[i]/[ssi]m(a)e M(arcus) Ma/[3] Das[","date_from":null,"date_to":null,"marker_gender":"mixed","is_individual":false,"edcs_url":"https://edcs.hist.uzh.ch/en/document?edcs-id=EDCS-10700944","persons":[{"nomen":"Ulpia","gender":"female","raw_name":"Ulpiae"},{"nomen":"","gender":"female","raw_name":"[H]eraiidi","cognomen":"Herais","status":"coniunx carissima"},{"nomen":"","gender":"male","raw_name":"M(arcus) Ma[3]","praenomen":"Marcus"}]}},{"type":"Feature","geometry":{"type":"Point","coordinates":[15.64,38.1]},"properties":{"edcs_id":"EDCS-10701369","findspot":"Reggio di Calabria / Reggio Calabria / Regium Iulium","raw_text":"Imp(eratori) Caesari di/vi Traiani Par/thici f(ilio) divi Ner/vae nepoti Tra/iano Hadriano / Aug(usto) pont(ifici) max(imo) trib(unicia) / pot(estate) IIII co(n)s(uli) III p(atri) p(atriae) / d(ecreto) d(ecurionum) / publice","date_from":119,"date_to":120,"marker_gender":"male","is_individual":false,"edcs_url":"https://edcs.hist.uzh.ch/en/document?edcs-id=EDCS-10701369","persons":[{"nomen":"Traianus","gender":"male","raw_name":"Imp. Caes. Traiano Hadriano Aug.","cognomen":"Hadrianus","status":"Imperator, Caesar, filius divi Traiani, nepos divi Nervae, Augustus, pontifex maximus, tribunicia potestate, consul","is_imperial":true}]}},{"type":"Feature","geometry":{"type":"Point","coordinates":[15.64,38.1]},"properties":{"edcs_id":"EDCS-10701370","findspot":"Reggio di Calabria / Reggio Calabria / Regium Iulium","raw_text":"D(omino) n(ostro) Fl(avio) Valerio / Constantio no/bilissimo Caes(ari) / ordo splendidissimae / civitatis Reg(inae) / devotus Numini / maiestatiq<u=Y>(e) {a}eius","date_from":293,"date_to":305,"marker_gender":"male","is_individual":false,"edcs_url":"https://edcs.hist.uzh.ch/en/document?edcs-id=EDCS-10701370","persons":[{"nomen":"Flavius","gender":"male","raw_name":"D. n. Fl. Valerio Constantio","cognomen":"Constantius","status":"Dominus noster, nobilissimus Caesar","is_imperial":true}]}},{"type":"Feature","geometry":{"type":"Point","coordinates":[15.64,38.1]},"properties":{"edcs_id":"EDCS-10701372","findspot":"Reggio di Calabria / Reggio Calabria / Regium Iulium","raw_text":"Imperator Caesar Flavius Valentinianus Pius Felix Victor / ac triumfator semper Augustus et Flavius Valens Pius Felix / Victor ac triumfator semper Augustus et Flavius Gratianus / Pius Felix Victor ac triumfator semper Augustus Reginis suis / [t]hermas vetustate et terrae motu conla<p=B>sas in meliorem / cultum formamque auspiciis felicioribus reddiderunt / reddita basilica marmorum quas numquam habuerat / pulchritudine decorata nova etiam porticu adiecta curante / Pontio Attico v(iro) c(larissimo) correctore Lucaniae et Br<u=I>ttiorum ded<i=E>catas / quartum Kalendarum Iuliarum die domino nostro Gratiano / Augusto tertio et Flavio Equitio v(iro) c(larissimo) consulibus","date_from":null,"date_to":null,"marker_gender":"male","is_individual":false,"edcs_url":"https://edcs.hist.uzh.ch/en/document?edcs-id=EDCS-10701372","persons":[{"nomen":"Flavius","gender":"male","raw_name":"Imperator Caesar Flavius Valentinianus Pius Felix Victor Augustus","cognomen":"Valentinianus","status":"Imperator Caesar, Pius, Felix, Victor, triumfator, Augustus","is_imperial":true},{"nomen":"Flavius","gender":"male","raw_name":"Flavius Valens Pius Felix Victor Augustus","cognomen":"Valens","status":"Pius, Felix, Victor, triumfator, Augustus","is_imperial":true},{"nomen":"Flavius","gender":"male","raw_name":"Flavius Gratianus Pius Felix Victor Augustus","cognomen":"Gratianus","status":"Pius, Felix, Victor, triumfator, Augustus","is_imperial":true},{"nomen":"Pontius","gender":"male","raw_name":"Pontio Attico","cognomen":"Atticus","status":"vir clarissimus, corrector Lucaniae et Bruttiorum"},{"nomen":"Flavius","gender":"male","raw_name":"Flavio Equitio","cognomen":"Equitius","status":"vir clarissimus, consul"}]}},{"type":"Feature","geometry":{"type":"Point","coordinates":[15.64,38.1]},"properties":{"edcs_id":"EDCS-10701374","findspot":"Reggio di Calabria / Reggio Calabria / Regium Iulium","raw_text":"T(ito) Sext(io) T(iti) f(ilio) Vetur(ia) / Laterano c(larissimo) p(uero) / patrono ob mul/ta merita paren/t{i}um eius / Reg(ini) Iul(ienses) / d(ecreto) d(ecurionum)","date_from":121,"date_to":130,"marker_gender":"male","is_individual":false,"edcs_url":"https://edcs.hist.uzh.ch/en/document?edcs-id=EDCS-10701374","persons":[{"nomen":"Sextius","gender":"male","raw_name":"T. Sext. T. f. Vetur. Laterano c. p.","praenomen":"Titus","cognomen":"Lateranus","status":"filius Titi, tribus Veturia, vir clarissimus, puer, patronus"}]}},{"type":"Feature","geometry":{"type":"Point","coordinates":[15.64,38.1]},"properties":{"edcs_id":"EDCS-10701375","findspot":"Reggio di Calabria / Reggio Calabria / Regium Iulium","raw_text":"Q(uintus) Sattius / Fl(avius) Vettius / Gratus v(ir) c(larissimus) / augur p(ublicus) p(opuli) / R(omani) Q(uiritium) / corrector / sacrario / a solo restituto // [Mi]rae bonitati et / [3] ben<ev=IB>olentiae / [3]I comiti [3] / [3]ob merita eius / [or]do populusque / [Re]ginorum patrono / praestantissimo","date_from":281,"date_to":330,"marker_gender":"male","is_individual":false,"edcs_url":"https://edcs.hist.uzh.ch/en/document?edcs-id=EDCS-10701375","persons":[{"nomen":"Sattius","gender":"male","raw_name":"Q. Sattius","praenomen":"Quintus"},{"nomen":"Flavius","gender":"male","raw_name":"Fl. Vettius Gratus v. c.","cognomen":"Vettius Gratus","status":"vir clarissimus, augur publicus populi Romani Quiritium, corrector"}]}},{"type":"Feature","geometry":{"type":"Point","coordinates":[15.64,38.1]},"properties":{"edcs_id":"EDCS-10701376","findspot":"Reggio di Calabria / Reggio Calabria / Regium Iulium","raw_text":"Fl(avi) Optati [ // Fl(avio) Zenodoro v(iro) c(larissimo) vita / dum fretum hesperios / inter Siculosque relabans / miscebit tortis aequora gur/gitibus semper honos no/me<n=M>que tuum laudesue manebunt / Fl(avio) Hadriano Hierio / Zenodoro v(iro) c(larissimo) corr(ectori) Luc(aniae) et / Br<u=Y>tt(iorum) ordo populusque / Reginorum ad sempi/ternam memoriam / eius posuerunt","date_from":301,"date_to":401,"marker_gender":"male","is_individual":false,"edcs_url":"https://edcs.hist.uzh.ch/en/document?edcs-id=EDCS-10701376","persons":[{"nomen":"Flavius","gender":"male","raw_name":"Fl. Optati","cognomen":"Optatus"},{"nomen":"Flavius","gender":"male","raw_name":"Fl. Zenodoro","cognomen":"Zenodorus","status":"vir clarissimus"},{"nomen":"Flavius","gender":"male","raw_name":"Fl. Hadriano Hierio Zenodoro","cognomen":"Hadrianus Hierius Zenodorus","status":"vir clarissimus, corrector Lucaniae et Bruttiorum"}]}},{"type":"Feature","geometry":{"type":"Point","coordinates":[15.64,38.1]},"properties":{"edcs_id":"EDCS-10701378","findspot":"Reggio di Calabria / Reggio Calabria / Regium Iulium","raw_text":"C(aius) Iulius Iuliae divi / Aug(usti) f(iliae) l(ibertus) Gelos [si]bi et / C(aio) Iulio Iuli[ae divi] Aug(usti) f(iliae) l(iberto) / Thiaso patr[i sevir(o) A]ug(ustali) / [et I]uliae divai(!) Au[g(ustae) l(ibertae) 3] / matr[i] / ex testament[o f(ieri) i(ussit)]","date_from":42,"date_to":70,"marker_gender":"mixed","is_individual":false,"edcs_url":"https://edcs.hist.uzh.ch/en/document?edcs-id=EDCS-10701378","persons":[{"nomen":"Iulius","gender":"male","raw_name":"C. Iulius ... Gelos","praenomen":"Gaius","cognomen":"Gelos","status":"libertus filiae divi Augusti"},{"nomen":"Iulius","gender":"male","raw_name":"C. Iulio ... Thiaso","praenomen":"Gaius","cognomen":"Thiasus","status":"libertus filiae divi Augusti, pater, sevir Augustalis"},{"nomen":"Iulia","gender":"female","raw_name":"Iuliae divai Aug. l. ... matri","status":"liberta divae Augustae, mater"}]}},{"type":"Feature","geometry":{"type":"Point","coordinates":[15.64,38.1]},"properties":{"edcs_id":"EDCS-10701379","findspot":"Reggio di Calabria / Reggio Calabria / Regium Iulium","raw_text":"C(aio) Iulio Neoptol(emi) f(ilio) / Euandro trierarc(ho) / C(aius) Iulius C(ai) f(ilius) Niger / trierarchus","date_from":-27,"date_to":14,"marker_gender":"male","is_individual":false,"edcs_url":"https://edcs.hist.uzh.ch/en/document?edcs-id=EDCS-10701379","persons":[{"nomen":"Iulius","gender":"male","raw_name":"C. Iulio Neoptol. f. Euandro","praenomen":"Gaius","cognomen":"Evander","status":"filius Neoptolemi, trierarchus"},{"nomen":"Iulius","gender":"male","raw_name":"C. Iulius C. f. Niger","praenomen":"Gaius","cognomen":"Niger","status":"filius Gaii, trierarchus"}]}},{"type":"Feature","geometry":{"type":"Point","coordinates":[15.64,38.1]},"properties":{"edcs_id":"EDCS-10701380","findspot":"Reggio di Calabria / Reggio Calabria / Regium Iulium","raw_text":"M(arco) Fabio Colendo / librario notario / vixit annis XIX / Cinarus paedagog(us) sibi et suis","date_from":171,"date_to":200,"marker_gender":"male","is_individual":false,"edcs_url":"https://edcs.hist.uzh.ch/en/document?edcs-id=EDCS-10701380","persons":[{"nomen":"Fabius","gender":"male","raw_name":"M. Fabio Colendo","praenomen":"Marcus","cognomen":"Colendus","status":"librarius, notarius"},{"nomen":"","gender":"male","raw_name":"Cinarus paedagog.","cognomen":"Cinarus","status":"paedagogus"}]}},{"type":"Feature","geometry":{"type":"Point","coordinates":[15.64,38.1]},"properties":{"edcs_id":"EDCS-10701382","findspot":"Reggio di Calabria / Reggio Calabria / Regium Iulium","raw_text":"D(is) M(anibus) / Cerin/thus vix(it) / ann(os) XXXVII","date_from":101,"date_to":200,"marker_gender":"male","is_individual":false,"edcs_url":"https://edcs.hist.uzh.ch/en/document?edcs-id=EDCS-10701382","persons":[{"nomen":"","gender":"male","raw_name":"Cerinthus","cognomen":"Cerinthus"}]}},{"type":"Feature","geometry":{"type":"Point","coordinates":[15.64,38.1]},"properties":{"edcs_id":"EDCS-10701383","findspot":"Reggio di Calabria / Reggio Calabria / Regium Iulium","raw_text":"] / vix(it) an(nos) XL / Paezusa mater / eius vix(it) an(nos) XXC / Hecebolus / cognat(us) d(e) s(uo)","date_from":1,"date_to":50,"marker_gender":"mixed","is_individual":false,"edcs_url":"https://edcs.hist.uzh.ch/en/document?edcs-id=EDCS-10701383","persons":[{"nomen":"","gender":"female","raw_name":"Paezusa","cognomen":"Paezusa","status":"mater"},{"nomen":"","gender":"male","raw_name":"Hecebolus","cognomen":"Hecebolus","status":"cognatus"}]}},{"type":"Feature","geometry":{"type":"Point","coordinates":[15.64,38.1]},"properties":{"edcs_id":"EDCS-10701384","findspot":"Reggio di Calabria / Reggio Calabria / Regium Iulium","raw_text":"D(is) M(anibus) / Paulina / v(ixit) a(nnos) XXX / VII m(enses) V / d(ies) XXIII","date_from":101,"date_to":300,"marker_gender":"female","is_individual":false,"edcs_url":"https://edcs.hist.uzh.ch/en/document?edcs-id=EDCS-10701384","persons":[{"nomen":"","gender":"female","raw_name":"Paulina","cognomen":"Paulina"}]}},{"type":"Feature","geometry":{"type":"Point","coordinates":[15.64,38.1]},"properties":{"edcs_id":"EDCS-10701385","findspot":"Reggio di Calabria / Reggio Calabria / Regium Iulium","raw_text":"D(is) M(anibus) / M(arcus) Petroni/us Dionysius / vix(it) ann(os) LIII / <G=C>rania Iul[i]a fec(it)","date_from":101,"date_to":200,"marker_gender":"mixed","is_individual":false,"edcs_url":"https://edcs.hist.uzh.ch/en/document?edcs-id=EDCS-10701385","persons":[{"nomen":"Petronius","gender":"male","raw_name":"M. Petronius Dionysius","praenomen":"Marcus","cognomen":"Dionysius"},{"nomen":"Grania","gender":"female","raw_name":"Grania Iulia","cognomen":"Iulia"}]}},{"type":"Feature","geometry":{"type":"Point","coordinates":[15.64,38.1]},"properties":{"edcs_id":"EDCS-10701386","findspot":"Reggio di Calabria / Reggio Calabria / Regium Iulium","raw_text":"[D(is)] M(anibus) / [Quintius(?)] Ianuar(ius) / [qui vixit a]nn(os) XXV / [3] Quintia / [3 v]ix(it) an(nos) V m(enses) X d(ies) / [3 Qu]int(ia) Vagellia/[na co]n(iugi) et fil(iae) ben(e) mer(entibus)","date_from":101,"date_to":200,"marker_gender":"mixed","is_individual":false,"edcs_url":"https://edcs.hist.uzh.ch/en/document?edcs-id=EDCS-10701386","persons":[{"nomen":"Quintius","gender":"male","raw_name":"[Quintius] Ianuar.","cognomen":"Ianuarius"},{"nomen":"Quintia","gender":"female","raw_name":"Quintia"},{"nomen":"Quintia","gender":"female","raw_name":"Quint. Vagelliana","cognomen":"Vagelliana","status":"coniunx, filia"}]}},{"type":"Feature","geometry":{"type":"Point","coordinates":[15.64,38.1]},"properties":{"edcs_id":"EDCS-10701387","findspot":"Reggio di Calabria / Reggio Calabria / Regium Iulium","raw_text":"D(is) M(anibus) / Balerio(!) Boe/otiano v(ixit) a(nnos) VIII / Staberia April/la v(ixit) a(nnos) XL Va/lerius Boeotia/nus bene merentib(us)","date_from":101,"date_to":300,"marker_gender":"mixed","is_individual":false,"edcs_url":"https://edcs.hist.uzh.ch/en/document?edcs-id=EDCS-10701387","persons":[{"nomen":"Valerius","gender":"male","raw_name":"Balerio Boeotiano","cognomen":"Boeotianus","cluster_id":714,"cluster_size":2},{"nomen":"Staberia","gender":"female","raw_name":"Staberia Aprilla","cognomen":"Aprilla"},{"nomen":"Valerius","gender":"male","raw_name":"Valerius Boeotianus","cognomen":"Boeotianus","cluster_id":714,"cluster_size":2}]}},{"type":"Feature","geometry":{"type":"Point","coordinates":[15.64,38.1]},"properties":{"edcs_id":"EDCS-10701390","findspot":"Reggio di Calabria / Reggio Calabria / Regium Iulium","raw_text":"]III[3] / [3 ho]c pretium vit[ae 3] / [3] Restuto potu[3] / [3] praesidium gen[itorum","date_from":null,"date_to":null,"marker_gender":"male","is_individual":false,"edcs_url":"https://edcs.hist.uzh.ch/en/document?edcs-id=EDCS-10701390","persons":[{"nomen":"","gender":"male","raw_name":"Restuto","cognomen":"Restutus","cluster_id":1483,"cluster_size":2,"cluster_confidence":"low"}]}},{"type":"Feature","geometry":{"type":"Point","coordinates":[16.34,43.5]},"properties":{"edcs_id":"EDCS-10701393","findspot":"Reggio di Calabria / Reggio Calabria / Regium Iulium","raw_text":"Imp(erator) Caes(ar) M(arcus) Au(relius) / Val(erius) Maxentius / P(ius) F(elix) Invictus / ac perpetuus / semper Aug(ustus) / b(ono) r(ei) p(ublicae) n(atus) // DD(ominis) nn(ostris) / Invictissimis / Imperatoribus / Valentiniano / et Valenti / AA(u)gg(ustis) bono / r(ei) p(ublicae) natis / [","date_from":306,"date_to":367,"marker_gender":"male","is_individual":true,"edcs_url":"https://edcs.hist.uzh.ch/en/document?edcs-id=EDCS-10701393","persons":[{"nomen":"Aurelius","gender":"male","raw_name":"Imp. Caes. M. Au. Val. Maxentius P. F. Invictus ...","praenomen":"Marcus","cognomen":"Valerius Maxentius","status":"Imperator, Caesar, Pius, Felix, Invictus, perpetuus, semper Augustus, bono rei publicae natus","is_imperial":true,"cluster_confidence":"low"},{"nomen":"","gender":"male","raw_name":"Valentiniano","cognomen":"Valentinianus","status":"Dominus, Imperator, Augustus, bono rei publicae natus","is_imperial":true,"cluster_id":1509,"cluster_size":2,"cluster_confidence":"low"},{"nomen":"","gender":"male","raw_name":"Valenti","cognomen":"Valens","status":"Dominus, Imperator, Augustus, bono rei publicae natus","is_imperial":true,"cluster_id":1510,"cluster_size":2,"cluster_confidence":"low"}]}},{"type":"Feature","geometry":{"type":"Point","coordinates":[15.16,40.16]},"properties":{"edcs_id":"EDCS-10701708","findspot":"Marina di Ascea / Castellammare di Velia / Castellamare della Bruca / Castellammare / Elea / Velia","raw_text":"[3 T]raiano Hadriano / Aug(usto) pontif(ici) max(imo) / trib(unicia) potestat(e) II / p(atri) p(atriae) co(n)s(uli) II / d(ecreto) d(ecurionum)","date_from":118,"date_to":118,"marker_gender":"male","is_individual":false,"edcs_url":"https://edcs.hist.uzh.ch/en/document?edcs-id=EDCS-10701708","persons":[{"nomen":"Traianus","gender":"male","raw_name":"[3 T]raiano Hadriano","cognomen":"Hadrianus","status":"Augustus, pontifex maximus, tribunicia potestate, pater patriae, consul","is_imperial":true}]}},{"type":"Feature","geometry":{"type":"Point","coordinates":[15.16,40.16]},"properties":{"edcs_id":"EDCS-10701709","findspot":"Marina di Ascea / Castellammare di Velia / Castellamare della Bruca / Castellammare / Elea / Velia","raw_text":"] Valerio C(ai) f(ilio) / Rom(ilia) Cae/[p]ioni(?) / aed(ili) IIIIv(iro) [i(ure)] d(icundo) pholarc[o] / v(ixit) a(nnos) XLII / Valeria Caepilia / patri","date_from":-20,"date_to":50,"marker_gender":"mixed","is_individual":false,"edcs_url":"https://edcs.hist.uzh.ch/en/document?edcs-id=EDCS-10701709","persons":[{"nomen":"Valerius","gender":"male","raw_name":"] Valerio C(ai) f(ilio) Rom(ilia) Cae [p]ioni","praenomen":"Caius","cognomen":"Caepio","status":"filius Caii, tribus Romilia, aedilis, quattuorvir iure dicundo, pholarchus"},{"nomen":"Valeria","gender":"female","raw_name":"Valeria Caepilia","cognomen":"Caepilia"}]}},{"type":"Feature","geometry":{"type":"Point","coordinates":[15.16,40.16]},"properties":{"edcs_id":"EDCS-10701710","findspot":"Marina di Ascea / Castellammare di Velia / Castellamare della Bruca / Castellammare / Elea / Velia","raw_text":"Hedyl[3] / Cerdo[3] / Hedylio [","date_from":null,"date_to":null,"marker_gender":"male","is_individual":false,"edcs_url":"https://edcs.hist.uzh.ch/en/document?edcs-id=EDCS-10701710","persons":[{"nomen":"","gender":"male","raw_name":"Hedylio","cognomen":"Hedylio","cluster_id":1308,"cluster_size":2,"cluster_confidence":"low"}]}},{"type":"Feature","geometry":{"type":"Point","coordinates":[15.66,40.34]},"properties":{"edcs_id":"EDCS-10701713","findspot":"Padula / Cosilinum","raw_text":"Arte(mo) Min(atius) Tr(ebi) l(ibertus)","date_from":null,"date_to":null,"marker_gender":"male","is_individual":false,"edcs_url":"https://edcs.hist.uzh.ch/en/document?edcs-id=EDCS-10701713","persons":[{"nomen":"Minatius","gender":"male","raw_name":"Arte(mo) Min(atius) Tr(ebi) l(ibertus)","cognomen":"Artemas","status":"libertus Trebii"}]}},{"type":"Feature","geometry":{"type":"Point","coordinates":[15.64,38.1]},"properties":{"edcs_id":"EDCS-10801419","findspot":"Reggio di Calabria / Reggio Calabria / Regium Iulium","raw_text":"ἐνθάδε κῖτε ἐν / εἰρήνῃ Μαρία / ἔζη(σ)εν ἔτη [μι]/κρόπ(λ)ος βʹ(?) / ἐτελιώθη Ἰ[ου]/λίου κʹ ὑπ[ατί]/ᾳ Φλ(αβίου) Φα(ύ)σ[του](?)","date_from":301,"date_to":400,"marker_gender":"female","is_individual":false,"edcs_url":"https://edcs.hist.uzh.ch/en/document?edcs-id=EDCS-10801419","persons":[{"nomen":"","gender":"female","raw_name":"Μαρία","cognomen":"Maria"}]}},{"type":"Feature","geometry":{"type":"Point","coordinates":[15.87,38.39]},"properties":{"edcs_id":"EDCS-10801423","findspot":"Taureana di Palmi / Taureana / Taurianum","raw_text":"FFll(aviis) Philippo et Sall]ie conss(ulibus) / [3 I]dus Ian(uarias) / [3] diaco/[nus 3 co]niugi bene / [merenti feci qua]e <v=B>ixit me/[cum ann(os) 3]III dulcissi(m)ae / [et castissim](a)e(?) femin(a)e in p(ace) p(osita)","date_from":348,"date_to":349,"marker_gender":"male","is_individual":true,"edcs_url":"https://edcs.hist.uzh.ch/en/document?edcs-id=EDCS-10801423","persons":[{"nomen":"Flavius","gender":"male","raw_name":"Fl. Philippo","cognomen":"Philippus","status":"consul"},{"nomen":"","gender":"male","raw_name":"[3] diaconus","cognomen":"Diaconus","status":"diaconus"}]}},{"type":"Feature","geometry":{"type":"Point","coordinates":[15.87,38.39]},"properties":{"edcs_id":"EDCS-10801424","findspot":"Taureana di Palmi / Taureana / Taurianum","raw_text":"Leucosius episc(opus) Fl(avio) Ev/entio filio cent(enario) qui / vixit annis XXXV / mens(ibus) sex hic milita/vit annis XIII pater fili/o fecit in pace positus Chr(is)to","date_from":331,"date_to":370,"marker_gender":"male","is_individual":false,"edcs_url":"https://edcs.hist.uzh.ch/en/document?edcs-id=EDCS-10801424","persons":[{"nomen":"","gender":"male","raw_name":"Leucosius","cognomen":"Leucosius","status":"episcopus"},{"nomen":"Flavius","gender":"male","raw_name":"Fl. Eventio","cognomen":"Eventius","status":"filius, centenarius, miles"}]}},{"type":"Feature","geometry":{"type":"Point","coordinates":[15.87,38.39]},"properties":{"edcs_id":"EDCS-10801425","findspot":"Taureana di Palmi / Taureana / Taurianum","raw_text":"Defuncta / est d(omina) m(ea) Victo/ria II K(alendas) Mar/tias die Sab/baton Geminu/s maritus","date_from":null,"date_to":null,"marker_gender":"mixed","is_individual":false,"edcs_url":"https://edcs.hist.uzh.ch/en/document?edcs-id=EDCS-10801425","persons":[{"nomen":"","gender":"female","raw_name":"Victoria","cognomen":"Victoria","status":"domina","is_deity":true,"cluster_confidence":"excluded"},{"nomen":"","gender":"male","raw_name":"Geminus","cognomen":"Geminus","status":"maritus"}]}},{"type":"Feature","geometry":null,"properties":{"edcs_id":"EDCS-10801427","findspot":"Palizzi / Trapeia","raw_text":"Memoriae Macedo presbyIter qui vixit","date_from":null,"date_to":null,"marker_gender":"male","is_individual":true,"edcs_url":"https://edcs.hist.uzh.ch/en/document?edcs-id=EDCS-10801427","persons":[{"nomen":"","gender":"male","raw_name":"Macedo","cognomen":"Macedo","status":"presbyter"}]}},{"type":"Feature","geometry":{"type":"Point","coordinates":[15.9,38.68]},"properties":{"edcs_id":"EDCS-10801428","findspot":"Tropea / Trapeia","raw_text":"B(onae) m(emoriae) s(acrum) / fideli<s=X> Criscenti/a(!) qu(a)e <v=B>i<x=SS>it annis / pl(us) m(inus) LXX mensi(bu)s V die(bu)s / VIII cui bene fecerun(t) fili(i) / recessit in pace","date_from":null,"date_to":null,"marker_gender":"female","is_individual":false,"edcs_url":"https://edcs.hist.uzh.ch/en/document?edcs-id=EDCS-10801428","persons":[{"nomen":"","gender":"female","raw_name":"Criscentia","cognomen":"Crescentia","status":"fidelis","cluster_id":1831,"cluster_size":2,"cluster_confidence":"low"}]}},{"type":"Feature","geometry":{"type":"Point","coordinates":[15.9,38.68]},"properties":{"edcs_id":"EDCS-10801430","findspot":"Tropea / Trapeia","raw_text":"Gaudentia / in pace depo/sita XIIII K(a)l(endas) / Octob(res)","date_from":null,"date_to":null,"marker_gender":"female","is_individual":false,"edcs_url":"https://edcs.hist.uzh.ch/en/document?edcs-id=EDCS-10801430","persons":[{"nomen":"","gender":"female","raw_name":"Gaudentia","cognomen":"Gaudentia"}]}},{"type":"Feature","geometry":null,"properties":{"edcs_id":"EDCS-10801431","findspot":"Palizzi / Trapeia","raw_text":"Hic requeiscet Gloriusa qui vixSit Christo annos plus minus quin que","date_from":null,"date_to":null,"marker_gender":"female","is_individual":true,"edcs_url":"https://edcs.hist.uzh.ch/en/document?edcs-id=EDCS-10801431","persons":[{"nomen":"","gender":"female","raw_name":"Glori usa","cognomen":"Gloriusa"}]}},{"type":"Feature","geometry":{"type":"Point","coordinates":[15.87,38.63]},"properties":{"edcs_id":"EDCS-10801432","findspot":"Ricadi / Brivadi / Trapeia","raw_text":"Titulum / Ianuarius qui / {I} <v=B>ixit annis pl(us) / minus annos / XXXV cui bene [fec]i[t] / u<x=BS>or hui[us et filii(?)]","date_from":null,"date_to":null,"marker_gender":"male","is_individual":false,"edcs_url":"https://edcs.hist.uzh.ch/en/document?edcs-id=EDCS-10801432","persons":[{"nomen":"","gender":"male","raw_name":"Ianuarius","cognomen":"Ianuarius","cluster_id":1589,"cluster_size":2,"cluster_confidence":"low"}]}},{"type":"Feature","geometry":{"type":"Point","coordinates":[15.87,38.63]},"properties":{"edcs_id":"EDCS-10801433","findspot":"Ricadi / Brivadi / Trapeia","raw_text":"Bon(a)e memori(a)e / Ianuarius fideli[s] / [qui] vixit an[nos","date_from":null,"date_to":null,"marker_gender":"male","is_individual":false,"edcs_url":"https://edcs.hist.uzh.ch/en/document?edcs-id=EDCS-10801433","persons":[{"nomen":"","gender":"male","raw_name":"Ianuarius","cognomen":"Ianuarius","status":"fidelis","cluster_id":1589,"cluster_size":2,"cluster_confidence":"low"}]}},{"type":"Feature","geometry":{"type":"Point","coordinates":[15.9,38.68]},"properties":{"edcs_id":"EDCS-10801434","findspot":"Tropea / Trapeia","raw_text":"B(onae) m(emo)r(iae) / Ianuarius fi/delis in pace vixit / annis p(lus) m(inus) L cui be/ne fecit ux{s}or sua / recessit III Kal(endas) Sept(emb)r(es)","date_from":null,"date_to":null,"marker_gender":"male","is_individual":false,"edcs_url":"https://edcs.hist.uzh.ch/en/document?edcs-id=EDCS-10801434","persons":[{"nomen":"","gender":"male","raw_name":"Ianuarius","cognomen":"Ianuarius","status":"fidelis","cluster_id":1757,"cluster_size":2,"cluster_confidence":"low"}]}},{"type":"Feature","geometry":{"type":"Point","coordinates":[15.9,38.68]},"properties":{"edcs_id":"EDCS-10801435","findspot":"Tropea / Trapeia","raw_text":"Marcuana / fideli<s=X> q(ua)e / vi<x=S>it annis XXX / mensi(bu)s VIIII die(bu)s (!) / cui maritus / et parentes fecerunt / bene","date_from":null,"date_to":null,"marker_gender":"female","is_individual":false,"edcs_url":"https://edcs.hist.uzh.ch/en/document?edcs-id=EDCS-10801435","persons":[{"nomen":"","gender":"female","raw_name":"Marcuana","cognomen":"Marcuana","status":"fidelis","cluster_id":1758,"cluster_size":2,"cluster_confidence":"low"}]}},{"type":"Feature","geometry":{"type":"Point","coordinates":[15.9,38.68]},"properties":{"edcs_id":"EDCS-10801436","findspot":"Tropea / Trapeia","raw_text":"B(onae) m(emoriae) s(acrum) Marcian[a] / fidelis qu(a)e vixit ann(os) / XLV m(enses) VII d(ies) VIII qu(a)e{i} be/ne fecerunt frater / et fili(i) pr(a)ecessit / in pace","date_from":null,"date_to":null,"marker_gender":"female","is_individual":false,"edcs_url":"https://edcs.hist.uzh.ch/en/document?edcs-id=EDCS-10801436","persons":[{"nomen":"","gender":"female","raw_name":"Marcian[a]","cognomen":"Marciana","status":"fidelis","cluster_id":1759,"cluster_size":2,"cluster_confidence":"low"}]}},{"type":"Feature","geometry":{"type":"Point","coordinates":[15.9,38.68]},"properties":{"edcs_id":"EDCS-10801438","findspot":"Tropea / Trapeia","raw_text":"B(onae) m(emo)r(iae) / Prima fidelis / qu(a)e vixit annis / plus minus LXX / m(ensibus) VIIII d(iebus) VII qu{e}i(!) / <b=V>ene fecit Firmus / pr(a)ecessit in pace","date_from":null,"date_to":null,"marker_gender":"mixed","is_individual":false,"edcs_url":"https://edcs.hist.uzh.ch/en/document?edcs-id=EDCS-10801438","persons":[{"nomen":"","gender":"female","raw_name":"Prima","cognomen":"Prima","status":"fidelis","cluster_id":1760,"cluster_size":2,"cluster_confidence":"low"},{"nomen":"","gender":"male","raw_name":"Firmus","cognomen":"Firmus","cluster_id":1761,"cluster_size":2,"cluster_confidence":"low"}]}},{"type":"Feature","geometry":{"type":"Point","coordinates":[15.9,38.68]},"properties":{"edcs_id":"EDCS-10801439","findspot":"Tropea / Trapeia","raw_text":"B(onae) m(emoriae) s(acrum) / Primenia fi/delis vixit annis / XXX m(ensibus) V d(iebus) X cui be/ne fecit pater / et maritus","date_from":null,"date_to":null,"marker_gender":"female","is_individual":false,"edcs_url":"https://edcs.hist.uzh.ch/en/document?edcs-id=EDCS-10801439","persons":[{"nomen":"","gender":"female","raw_name":"Primenia","cognomen":"Primenia","status":"fidelis"}]}},{"type":"Feature","geometry":{"type":"Point","coordinates":[15.89,38.68]},"properties":{"edcs_id":"EDCS-10801440","findspot":"Tropea / Trapeia","raw_text":"B(onae) m(emoriae) n(ostri) / Primenius f<i=E>de/lis qui <v=B>i<x=S>it an/nos plus m<i=E>nus / LII def(u)nctus es(t) quar/tu(m) <K=C>alendas F{r}eb/(ru)arias qui bene fe/c<i=E>t u<x=S>or et fili(i) / eius // D(is) M(anibus) Cl(audio) Helio qui vixit / annis LXIIII me(nsibus) II / Aurelia Marta / coniugi b(ene) m(erenti) f(ecit)","date_from":101,"date_to":470,"marker_gender":"mixed","is_individual":false,"edcs_url":"https://edcs.hist.uzh.ch/en/document?edcs-id=EDCS-10801440","persons":[{"nomen":"","gender":"male","raw_name":"Primenius","cognomen":"Primenius","status":"fidelis","cluster_id":1762,"cluster_size":2,"cluster_confidence":"low"},{"nomen":"Claudius","gender":"male","raw_name":"Cl. Helio","cognomen":"Helius","cluster_id":783,"cluster_size":2},{"nomen":"Aurelia","gender":"female","raw_name":"Aurelia Marta","cognomen":"Marta","status":"coniux","cluster_id":784,"cluster_size":2}]}},{"type":"Feature","geometry":{"type":"Point","coordinates":[15.9,38.68]},"properties":{"edcs_id":"EDCS-10801441","findspot":"Tropea / Trapeia","raw_text":"Bon(a)e memori(a)e / Quintus fidelis vi<x=S>/{s}it annos LXXX requi/escit in pace bene","date_from":null,"date_to":null,"marker_gender":"male","is_individual":false,"edcs_url":"https://edcs.hist.uzh.ch/en/document?edcs-id=EDCS-10801441","persons":[{"nomen":"","gender":"male","raw_name":"Quintus","cognomen":"Quintus","status":"fidelis"}]}},{"type":"Feature","geometry":{"type":"Point","coordinates":[15.9,38.68]},"properties":{"edcs_id":"EDCS-10801442","findspot":"Tropea / Trapeia","raw_text":"B(onae) m(emoriae) <V=B>eneria/na qu(a)e vixit / annis octo cui / bene fecerunt / parentes (i)n pace","date_from":null,"date_to":null,"marker_gender":"female","is_individual":false,"edcs_url":"https://edcs.hist.uzh.ch/en/document?edcs-id=EDCS-10801442","persons":[{"nomen":"","gender":"female","raw_name":"Veneriana","cognomen":"Veneriana"}]}},{"type":"Feature","geometry":{"type":"Point","coordinates":[15.9,38.68]},"properties":{"edcs_id":"EDCS-10801449","findspot":"Tropea / Trapeia","raw_text":"Hermatis","date_from":null,"date_to":null,"marker_gender":"male","is_individual":false,"edcs_url":"https://edcs.hist.uzh.ch/en/document?edcs-id=EDCS-10801449","persons":[{"nomen":"","gender":"male","raw_name":"Hermatis","cognomen":"Hermas"}]}},{"type":"Feature","geometry":{"type":"Point","coordinates":[16.1,38.68]},"properties":{"edcs_id":"EDCS-10801452","findspot":"Vibo Valentia / Monteleone Calabro / Hipponium","raw_text":"Πέτρου","date_from":null,"date_to":null,"marker_gender":"male","is_individual":false,"edcs_url":"https://edcs.hist.uzh.ch/en/document?edcs-id=EDCS-10801452","persons":[{"nomen":"","gender":"male","raw_name":"Πέτρου","cognomen":"Petrus"}]}},{"type":"Feature","geometry":null,"properties":{"edcs_id":"EDCS-10801454","findspot":"Rossano / Potentia","raw_text":"Rufo bonae memoriae qui vixit annis sex diebus XV parentes domino filio Rufo bonae memoriae qui vixit annis sex diebus quindecim parentes domino filio dulcissimo","date_from":null,"date_to":null,"marker_gender":"male","is_individual":true,"edcs_url":"https://edcs.hist.uzh.ch/en/document?edcs-id=EDCS-10801454","persons":[{"nomen":"","gender":"male","raw_name":"Ru<f=E>o","cognomen":"Rufus"}]}},{"type":"Feature","geometry":{"type":"Point","coordinates":[15.64,38.1]},"properties":{"edcs_id":"EDCS-11400088","findspot":"Reggio di Calabria / Reggio Calabria / Regium Iulium","raw_text":"Isi et Serapi sacrum / Q(uintus) Fabius Titiani lib(ertus) Ingenuus sevir / Augustalis Fab(ia) Candida sacrorum s(ua) p(ecunia)","date_from":null,"date_to":null,"marker_gender":"mixed","is_individual":false,"edcs_url":"https://edcs.hist.uzh.ch/en/document?edcs-id=EDCS-11400088","persons":[{"nomen":"Fabius","gender":"male","raw_name":"Q. Fabius Titiani lib. Ingenuus","praenomen":"Quintus","cognomen":"Ingenuus","status":"libertus Titiani, sevir Augustalis"},{"nomen":"Fabia","gender":"female","raw_name":"Fab. Candida","cognomen":"Candida"}]}},{"type":"Feature","geometry":{"type":"Point","coordinates":[15.64,38.1]},"properties":{"edcs_id":"EDCS-11400093","findspot":"Reggio di Calabria / Reggio Calabria / Regium Iulium","raw_text":"Ti(berius) Bervenus Ti(beri) f(ilius) Sabinus IIIIvir aed(ilicia) / pot(estate) II testamento legavit municipi/bus Reginis Iul(is) in prytanaeo statuam / aeream Mercuri trullam argentem / anaglyptam piis Lares argenteos / septem piis pelbem aeream Corinth/eam item in templo Apollinis Maioris / pugillares membranaceos opercu/lis eboreis puxidem eboream tabu/las pictas XVIIII / heredes eius / ponenda cura/verunt","date_from":1,"date_to":100,"marker_gender":"male","is_individual":false,"edcs_url":"https://edcs.hist.uzh.ch/en/document?edcs-id=EDCS-11400093","persons":[{"nomen":"Bervenus","gender":"male","raw_name":"Ti(berius) Bervenus Ti(beri) f(ilius) Sabinus","praenomen":"Tiberius","cognomen":"Sabinus","status":"filius Tiberii, IIIIvir aedilicia potestate"}]}},{"type":"Feature","geometry":{"type":"Point","coordinates":[15.64,38.1]},"properties":{"edcs_id":"EDCS-11400094","findspot":"Reggio di Calabria / Reggio Calabria / Regium Iulium","raw_text":"V Idus April(es) / [Im]p(eratore) Vespasiano Caesar(e) / Aug(usto) VIIII co(n)s(ule) / Tito Ves[pasiano Caes]ar(e) / A[ug(usti) f(ilio) VII co(n)s(ule)] // ob munificentiam earum / quae dendrophoros / honoraverunt honos / decretus est eis q(uae) i(nfra) s(criptae) s(unt) / Claudia Iusta / [3]IVA[3] sac(rata) / S[3]ia Faustina sac(rata) / S[3] Eutychia / Amullia Primigenia / Satria Pietas / Claudia Ptolemais / Terentia Athenais","date_from":79,"date_to":79,"marker_gender":"mixed","is_individual":false,"edcs_url":"https://edcs.hist.uzh.ch/en/document?edcs-id=EDCS-11400094","persons":[{"nomen":"Vespasianus","gender":"male","raw_name":"[Im]p(eratore) Vespasiano Caesar(e) Aug(usto)","cognomen":"Vespasianus","status":"Imperator, Caesar, Augustus","is_imperial":true},{"nomen":"","gender":"male","raw_name":"Tito Ves[pasiano Caes]ar(e) A[ug(usti) f(ilio)]","praenomen":"Titus","cognomen":"Vespasianus","status":"Caesar, filius Augusti","is_imperial":true},{"nomen":"Claudia","gender":"female","raw_name":"Claudia Iusta","cognomen":"Iusta"},{"nomen":"","gender":"female","raw_name":"S[3]ia Faustina","cognomen":"Faustina","status":"sacrata"},{"nomen":"","gender":"female","raw_name":"Eutychia","cognomen":"Eutychia"},{"nomen":"Amullia","gender":"female","raw_name":"Amullia Primigenia","cognomen":"Primigenia"},{"nomen":"Satria","gender":"female","raw_name":"Satria Pietas","cognomen":"Pietas"},{"nomen":"Claudia","gender":"female","raw_name":"Claudia Ptolemais","cognomen":"Ptolemais"},{"nomen":"Terentia","gender":"female","raw_name":"Terentia Athenais","cognomen":"Athenais"}]}},{"type":"Feature","geometry":{"type":"Point","coordinates":[15.64,38.1]},"properties":{"edcs_id":"EDCS-11400096","findspot":"Reggio di Calabria / Reggio Calabria / Regium Iulium","raw_text":"D(is) M(anibus) / Epagatus vix(it) / a(n)nis LXX Limen / conservo pie/tatis fecit","date_from":null,"date_to":null,"marker_gender":"male","is_individual":false,"edcs_url":"https://edcs.hist.uzh.ch/en/document?edcs-id=EDCS-11400096","persons":[{"nomen":"","gender":"male","raw_name":"Epagatus","cognomen":"Epagatus"},{"nomen":"","gender":"male","raw_name":"Limen","cognomen":"Limen","status":"conservus"}]}},{"type":"Feature","geometry":{"type":"Point","coordinates":[15.64,38.1]},"properties":{"edcs_id":"EDCS-11400097","findspot":"Reggio di Calabria / Reggio Calabria / Regium Iulium","raw_text":"D(is) M(anibus) / Sex(tus) Fabius Cels[us vix(it)] / [a]nnis XXVIIII mens(ibus) V / diem(!) I parentes et / fratres piissimo fecerunt","date_from":null,"date_to":null,"marker_gender":"male","is_individual":false,"edcs_url":"https://edcs.hist.uzh.ch/en/document?edcs-id=EDCS-11400097","persons":[{"nomen":"Fabius","gender":"male","raw_name":"Sex(tus) Fabius Cels[us]","praenomen":"Sextus","cognomen":"Celsus"}]}},{"type":"Feature","geometry":{"type":"Point","coordinates":[15.64,38.1]},"properties":{"edcs_id":"EDCS-11400098","findspot":"Reggio di Calabria / Reggio Calabria / Regium Iulium","raw_text":"D(is) M(anibus) / Fabia Sperata / Sallusti(u)s / A<g=C>athocles / o cae Ro[di]os // ἁτοῖς ἐπόησαν","date_from":101,"date_to":300,"marker_gender":"mixed","is_individual":false,"edcs_url":"https://edcs.hist.uzh.ch/en/document?edcs-id=EDCS-11400098","persons":[{"nomen":"Fabia","gender":"female","raw_name":"Fabia Sperata","cognomen":"Sperata"},{"nomen":"Sallustius","gender":"male","raw_name":"Sallusti(u)s A<g=C>athocles","cognomen":"Agathocles"}]}},{"type":"Feature","geometry":{"type":"Point","coordinates":[15.64,38.1]},"properties":{"edcs_id":"EDCS-11400099","findspot":"Reggio di Calabria / Reggio Calabria / Regium Iulium","raw_text":"Dis / Manib(us) / [T]hesei Vipsani Marcellini ser(vi) / vixit ann(os) XVII","date_from":51,"date_to":100,"marker_gender":"male","is_individual":false,"edcs_url":"https://edcs.hist.uzh.ch/en/document?edcs-id=EDCS-11400099","persons":[{"nomen":"","gender":"male","raw_name":"[T]hesei","cognomen":"Theseus","status":"servus Vipsani Marcellini"},{"nomen":"Vipsanius","gender":"male","raw_name":"Vipsani Marcellini","cognomen":"Marcellinus"}]}},{"type":"Feature","geometry":{"type":"Point","coordinates":[15.64,38.1]},"properties":{"edcs_id":"EDCS-11400100","findspot":"Reggio di Calabria / Reggio Calabria / Regium Iulium","raw_text":"D(is) M(anibus) / Vagellia Mar/cellina vixit / an(nos) XXXXVII Cor/nelius Firmus / matri b(ene) m(erenti) f(ecit)","date_from":171,"date_to":250,"marker_gender":"mixed","is_individual":false,"edcs_url":"https://edcs.hist.uzh.ch/en/document?edcs-id=EDCS-11400100","persons":[{"nomen":"Vagellia","gender":"female","raw_name":"Vagellia Marcellina","cognomen":"Marcellina"},{"nomen":"Cornelius","gender":"male","raw_name":"Cornelius Firmus","cognomen":"Firmus"}]}},{"type":"Feature","geometry":{"type":"Point","coordinates":[15.64,38.1]},"properties":{"edcs_id":"EDCS-11400102","findspot":"Reggio di Calabria / Reggio Calabria / Regium Iulium","raw_text":"[Si deu]s p[ro] / [nobi]s / quis co(n)/tra nos / [D]ionisi <v=B>i/<v=B>as in deo","date_from":null,"date_to":null,"marker_gender":"male","is_individual":false,"edcs_url":"https://edcs.hist.uzh.ch/en/document?edcs-id=EDCS-11400102","persons":[{"nomen":"","gender":"male","raw_name":"[D]ionisi","cognomen":"Dionysius","cluster_id":1508,"cluster_size":2,"cluster_confidence":"low"}]}},{"type":"Feature","geometry":{"type":"Point","coordinates":[16.27,38.24]},"properties":{"edcs_id":"EDCS-11400104","findspot":"Locri / Locri Epizephyrii","raw_text":"Imp(eratori) Caes(ari) divi An/tonini Pii fil(io) divi / Hadriani nep(oti) di/vi Traiani Parthi/ci pronep(oti) divi Ner/vae abnepoti L(ucio) Aurelio Vero Aug(usto) Armeniaco pont(ifici) / [m]aximo trib(unicia) pot(estate) III / [imp(eratori) II c]o(n)s(uli) II d(ecreto) d(ecurionum)","date_from":163,"date_to":163,"marker_gender":"male","is_individual":false,"edcs_url":"https://edcs.hist.uzh.ch/en/document?edcs-id=EDCS-11400104","persons":[{"nomen":"Aurelius","gender":"male","raw_name":"L. Aurelio Vero","praenomen":"Lucius","cognomen":"Verus","status":"Imperator, Caesar, filius divi Antonini Pii, nepos divi Hadriani, pronepos divi Traiani Parthici, abnepos divi Nervae, Augustus, Armeniacus, pontifex maximus, tribunicia potestate, consul","is_imperial":true}]}},{"type":"Feature","geometry":{"type":"Point","coordinates":[16.27,38.24]},"properties":{"edcs_id":"EDCS-11400105","findspot":"Locri / Locri Epizephyrii","raw_text":"Aticius T(iti) f(ilius) / Pol(lia) Mutina |(centurio) l(egionis) XXX / Classicae","date_from":-40,"date_to":-21,"marker_gender":"male","is_individual":false,"edcs_url":"https://edcs.hist.uzh.ch/en/document?edcs-id=EDCS-11400105","persons":[{"nomen":"Aticius","gender":"male","raw_name":"Aticius T. f. Pol. Mutina |(centurio) l. XXX Classicae","praenomen":"Titus","cognomen":"Mutina","status":"filius Titi, tribus Pollia, centurio legionis XXX Classicae"}]}},{"type":"Feature","geometry":{"type":"Point","coordinates":[16.27,38.24]},"properties":{"edcs_id":"EDCS-11400106","findspot":"Locri / Locri Epizephyrii","raw_text":"Q(uinto) Calvio Invicto / aedil(icia) pot(estate) flam(ini) et / N(umerio) Calvio Rufo aed(ilicia) pot(estate) / Acerronia Selenium / d(e) s(uo)","date_from":51,"date_to":130,"marker_gender":"mixed","is_individual":false,"edcs_url":"https://edcs.hist.uzh.ch/en/document?edcs-id=EDCS-11400106","persons":[{"nomen":"Calvius","gender":"male","raw_name":"Q(uinto) Calvio Invicto","praenomen":"Quintus","cognomen":"Invictus","status":"aedilis, flamen"},{"nomen":"Calvius","gender":"male","raw_name":"N(umerio) Calvio Rufo","praenomen":"Numerius","cognomen":"Rufus","status":"aedilis"},{"nomen":"Acerronius","gender":"female","raw_name":"Acerronia Selenium","cognomen":"Selenium"}]}},{"type":"Feature","geometry":{"type":"Point","coordinates":[16.27,38.24]},"properties":{"edcs_id":"EDCS-11400107","findspot":"Locri / Locri Epizephyrii","raw_text":"D(is) M(anibus) / C(aius) Corneli/us Troilus / IIIIvir a(edilicia) p(otestate) IIIIvir / iur(e) dic(undo) q(uaestor) p(ecuniae) p(ublicae) et / alimentari/ae vix(it) annis XXX mensibus / V Sestia Pontice / filio dul/cissimo fec(it)","date_from":101,"date_to":200,"marker_gender":"mixed","is_individual":false,"edcs_url":"https://edcs.hist.uzh.ch/en/document?edcs-id=EDCS-11400107","persons":[{"nomen":"Cornelius","gender":"male","raw_name":"C(aius) Cornelius Troilus","praenomen":"Gaius","cognomen":"Troilus","status":"IIIIvir, iuris dicundi, quaestor pecuniae publicae et alimentariae"},{"nomen":"Sestia","gender":"female","raw_name":"Sestia Pontice","cognomen":"Pontice"}]}},{"type":"Feature","geometry":{"type":"Point","coordinates":[16.27,38.24]},"properties":{"edcs_id":"EDCS-11400108","findspot":"Locri / Locri Epizephyrii","raw_text":"D(is) M(anibus) / C(aius) Oct(avius) Cres/cens patron(us) / municipii o(mnibus) h(onoribus) f(unctus) / vix(it) ann(os) LXXX uxor / pientis(sima) marito b(ene) m(erenti) f(ecit)","date_from":151,"date_to":230,"marker_gender":"male","is_individual":false,"edcs_url":"https://edcs.hist.uzh.ch/en/document?edcs-id=EDCS-11400108","persons":[{"nomen":"Octavius","gender":"male","raw_name":"C(aius) Oct(avius) Crescens","praenomen":"Gaius","cognomen":"Crescens","status":"patronus municipii, omnibus honoribus functus","cluster_id":316,"cluster_size":2}]}},{"type":"Feature","geometry":{"type":"Point","coordinates":[16.27,38.24]},"properties":{"edcs_id":"EDCS-11400109","findspot":"Locri / Locri Epizephyrii","raw_text":"D(is) M(anibus) s(acrum) / P(ublio) Vagellio P(ubli) / fil(io) Pusillioni / splendid(o) eq(uiti) / R(omano) patron(o) mu/nici[pi(i)] here/[des]","date_from":151,"date_to":200,"marker_gender":"male","is_individual":false,"edcs_url":"https://edcs.hist.uzh.ch/en/document?edcs-id=EDCS-11400109","persons":[{"nomen":"Vagellius","gender":"male","raw_name":"P(ublio) Vagellio P(ubli) fil(io) Pusillioni","praenomen":"Publius","cognomen":"Pusillio","status":"filius Publii, splendidus eques Romanus, patronus municipii"}]}},{"type":"Feature","geometry":{"type":"Point","coordinates":[16.27,38.24]},"properties":{"edcs_id":"EDCS-11400110","findspot":"Locri / Locri Epizephyrii","raw_text":"]a Iul[3] / [3 viro] i(ure) d(icundo) flam(en) [3] / [3] popul[us(?)","date_from":51,"date_to":250,"marker_gender":"male","is_individual":false,"edcs_url":"https://edcs.hist.uzh.ch/en/document?edcs-id=EDCS-11400110","persons":[{"nomen":"Iulius","gender":"male","raw_name":"Iul[3] [3 viro] i(ure) d(icundo) flam(en) [3]","status":"vir iuris dicundi, flamen"}]}},{"type":"Feature","geometry":{"type":"Point","coordinates":[16.27,38.24]},"properties":{"edcs_id":"EDCS-11400111","findspot":"Locri / Locri Epizephyrii","raw_text":"D(is) M(anibus) / Felix vixit an/nis X colle/gius cann/ofor{or}um b(ene) m(erenti) p(osuit)","date_from":201,"date_to":300,"marker_gender":"male","is_individual":false,"edcs_url":"https://edcs.hist.uzh.ch/en/document?edcs-id=EDCS-11400111","persons":[{"nomen":"","gender":"male","raw_name":"Felix","cognomen":"Felix","status":"collegium cannophorum","cluster_id":1147,"cluster_size":2,"cluster_confidence":"low"}]}},{"type":"Feature","geometry":{"type":"Point","coordinates":[16.27,38.24]},"properties":{"edcs_id":"EDCS-11400112","findspot":"Locri / Locri Epizephyrii","raw_text":"Quintioni / Flacci vilico / Philematium / sibi et conser(vo) / de suo fecit","date_from":1,"date_to":100,"marker_gender":"mixed","is_individual":false,"edcs_url":"https://edcs.hist.uzh.ch/en/document?edcs-id=EDCS-11400112","persons":[{"nomen":"","gender":"male","raw_name":"Quintioni","cognomen":"Quintio","status":"vilicus"},{"nomen":"","gender":"female","raw_name":"Philematium","cognomen":"Philematium"}]}},{"type":"Feature","geometry":{"type":"Point","coordinates":[16.27,38.24]},"properties":{"edcs_id":"EDCS-11400113","findspot":"Locri / Locri Epizephyrii","raw_text":"D(is) M(anibus) s(acrum) / Alimma quae in vi/ta sua summa discip{u}/lina servavit vix(it) ann(os) / XXI m(enses) IIII cui de permissu / domini fecerunt pater ra/rissimus et conservus pi/entissimae bene merenti","date_from":151,"date_to":250,"marker_gender":"female","is_individual":false,"edcs_url":"https://edcs.hist.uzh.ch/en/document?edcs-id=EDCS-11400113","persons":[{"nomen":"","gender":"female","raw_name":"Alimma","cognomen":"Alimma"}]}},{"type":"Feature","geometry":{"type":"Point","coordinates":[16.27,38.24]},"properties":{"edcs_id":"EDCS-11400114","findspot":"Locri / Locri Epizephyrii","raw_text":"]sibus / [3]n Aur(elius) An(n)/ius fil(ius) patri / [3]stantia Aur(elia) / [3]orae mat{e}ri{s} b(ene) m(erenti) f(ecit)","date_from":null,"date_to":null,"marker_gender":"mixed","is_individual":false,"edcs_url":"https://edcs.hist.uzh.ch/en/document?edcs-id=EDCS-11400114","persons":[{"nomen":"Aurelius","gender":"male","raw_name":"Aur(elius) An(n)ius","cognomen":"Annius","status":"filius"},{"nomen":"Aurelia","gender":"female","raw_name":"Aur(elia)","status":"mater"}]}},{"type":"Feature","geometry":{"type":"Point","coordinates":[16.27,38.24]},"properties":{"edcs_id":"EDCS-11400115","findspot":"Locri / Locri Epizephyrii","raw_text":"D(is) M(anibus) / Cantinia / Hymnis","date_from":101,"date_to":200,"marker_gender":"female","is_individual":false,"edcs_url":"https://edcs.hist.uzh.ch/en/document?edcs-id=EDCS-11400115","persons":[{"nomen":"Cantinia","gender":"female","raw_name":"Cantinia Hymnis","cognomen":"Hymnis"}]}},{"type":"Feature","geometry":{"type":"Point","coordinates":[16.27,38.24]},"properties":{"edcs_id":"EDCS-11400116","findspot":"Locri / Locri Epizephyrii","raw_text":"D(is) M(anibus) / Cl(audia) Primi/tiba(!) vix[it] annis XXVII / Iucundi[nus] / coniug(i) b(ene) m(erenti) f(ecit)","date_from":101,"date_to":300,"marker_gender":"mixed","is_individual":false,"edcs_url":"https://edcs.hist.uzh.ch/en/document?edcs-id=EDCS-11400116","persons":[{"nomen":"Claudia","gender":"female","raw_name":"Cl(audia) Primitiba","cognomen":"Primitiva"},{"nomen":"","gender":"male","raw_name":"Iucundi[nus]","cognomen":"Iucundinus"}]}},{"type":"Feature","geometry":{"type":"Point","coordinates":[16.27,38.24]},"properties":{"edcs_id":"EDCS-11400117","findspot":"Locri / Locri Epizephyrii","raw_text":"D(is) M(anibus) / Ediste nutrix dominorum su/orum vixit annis XXXV men(sibus) III / Caerellius Felicio maritus / co(n)iugi pientissimae et [dis]/ciplinae integrissi[mae] / cuius et labori et C[3] / [3] et experienti [","date_from":201,"date_to":300,"marker_gender":"mixed","is_individual":false,"edcs_url":"https://edcs.hist.uzh.ch/en/document?edcs-id=EDCS-11400117","persons":[{"nomen":"","gender":"female","raw_name":"Ediste","cognomen":"Ediste","status":"nutrix"},{"nomen":"Caerellius","gender":"male","raw_name":"Caerellius Felicio","cognomen":"Felicio","status":"maritus"}]}},{"type":"Feature","geometry":{"type":"Point","coordinates":[16.27,38.24]},"properties":{"edcs_id":"EDCS-11400118","findspot":"Locri / Locri Epizephyrii","raw_text":"Maria Velania / floruit mon[","date_from":null,"date_to":null,"marker_gender":"female","is_individual":false,"edcs_url":"https://edcs.hist.uzh.ch/en/document?edcs-id=EDCS-11400118","persons":[{"nomen":"Maria","gender":"female","raw_name":"Maria Velania","cognomen":"Velania"}]}},{"type":"Feature","geometry":{"type":"Point","coordinates":[16.27,38.24]},"properties":{"edcs_id":"EDCS-11400119","findspot":"Locri / Locri Epizephyrii","raw_text":"D(is) M(anibus) / Octavia / T(y)c(h)e vixit a(nnos) XVI / filiae bene merenti / de suo sol(verunt)","date_from":101,"date_to":300,"marker_gender":"female","is_individual":false,"edcs_url":"https://edcs.hist.uzh.ch/en/document?edcs-id=EDCS-11400119","persons":[{"nomen":"Octavia","gender":"female","raw_name":"Octavia T(y)c(h)e","cognomen":"Tyche"}]}},{"type":"Feature","geometry":{"type":"Point","coordinates":[16.27,38.24]},"properties":{"edcs_id":"EDCS-11400120","findspot":"Locri / Locri Epizephyrii","raw_text":"D(is) M(anibus) s(acrum) / L(ucius) Ovius Mi/nicius Fla/vianus vix(it) ann(os) IIII me/ns(es) VII d(ies) VI p/ater f(ilio) f(ecit)","date_from":101,"date_to":250,"marker_gender":"male","is_individual":false,"edcs_url":"https://edcs.hist.uzh.ch/en/document?edcs-id=EDCS-11400120","persons":[{"nomen":"Ovius","gender":"male","raw_name":"L(ucius) Ovius Minicius Flavianus","praenomen":"Lucius","cognomen":"Minicius Flavianus"}]}},{"type":"Feature","geometry":{"type":"Point","coordinates":[16.27,38.24]},"properties":{"edcs_id":"EDCS-11400121","findspot":"Locri / Locri Epizephyrii","raw_text":"] Rufus [3] / [3] merenti fecit [3] / [3]man() tes(tamento?) eum / [3] auguri [","date_from":null,"date_to":null,"marker_gender":"male","is_individual":false,"edcs_url":"https://edcs.hist.uzh.ch/en/document?edcs-id=EDCS-11400121","persons":[{"nomen":"","gender":"male","raw_name":"] Rufus","cognomen":"Rufus"}]}},{"type":"Feature","geometry":{"type":"Point","coordinates":[16.27,38.24]},"properties":{"edcs_id":"EDCS-11400122","findspot":"Locri / Locri Epizephyrii","raw_text":"D(is) M(anibus) / P(ubli) Vagelli La/con(is) vix(it) ann(os) / LVII m(enses) VI d(ies) IIII / filius p(atri) b(ene) m(erenti) f(ecit)","date_from":101,"date_to":200,"marker_gender":"male","is_individual":false,"edcs_url":"https://edcs.hist.uzh.ch/en/document?edcs-id=EDCS-11400122","persons":[{"nomen":"Vagellius","gender":"male","raw_name":"P. Vagelli Laconis","praenomen":"Publius","cognomen":"Laco"}]}},{"type":"Feature","geometry":{"type":"Point","coordinates":[16.27,38.24]},"properties":{"edcs_id":"EDCS-11400123","findspot":"Locri / Locri Epizephyrii","raw_text":"omnibus ho]/norib(us) functo / C(aius) Octavianus / [Cr]escens / [","date_from":151,"date_to":230,"marker_gender":"male","is_individual":false,"edcs_url":"https://edcs.hist.uzh.ch/en/document?edcs-id=EDCS-11400123","persons":[{"nomen":"Octavianus","gender":"male","raw_name":"C. Octavianus [Cr]escens","praenomen":"Gaius","cognomen":"Crescens","cluster_id":316,"cluster_size":2}]}},{"type":"Feature","geometry":{"type":"Point","coordinates":[16.27,38.24]},"properties":{"edcs_id":"EDCS-11400124","findspot":"Locri / Locri Epizephyrii","raw_text":"Leporius qui vixit annis / XLsex mensi(bu)s plus minus / sex recess<i=E>t in pace d(ie) VII / Kal(enda)s Aug(ustas) Fl(avio) Tatiano et / Aurelio S<y=V>mmacho vv(iris) cc(larissimis) / conss(ulibus)","date_from":null,"date_to":null,"marker_gender":"male","is_individual":false,"edcs_url":"https://edcs.hist.uzh.ch/en/document?edcs-id=EDCS-11400124","persons":[{"nomen":"","gender":"male","raw_name":"Leporius","cognomen":"Leporius"},{"nomen":"Flavius","gender":"male","raw_name":"Fl. Tatiano","cognomen":"Tatianus","status":"vir clarissimus, consul"},{"nomen":"Aurelius","gender":"male","raw_name":"Aurelio Symmacho","cognomen":"Symmachus","status":"vir clarissimus, consul"}]}},{"type":"Feature","geometry":{"type":"Point","coordinates":[16.1,38.68]},"properties":{"edcs_id":"EDCS-11400126","findspot":"Vibo Valentia / Monteleone Calabro / Hipponium","raw_text":"Q(uintus) Vibull(u)s L(uci) f(ilius) Q(uinti) n(epos) C(aius) Cincius C(ai) f(ilius) Paul(us) IIIIvir(i) i(ure) d(icundo) / signum Proserpinae reficiundum statuendumque arasque / reficiundas ex s(enatus) c(onsulto) cura(ve)runt HS B() C() C() X() X() mag(ister) fuere Helvia Q(uinti) f(ilia) Orbia M(arci) f(ilia)","date_from":-30,"date_to":30,"marker_gender":"mixed","is_individual":false,"edcs_url":"https://edcs.hist.uzh.ch/en/document?edcs-id=EDCS-11400126","persons":[{"nomen":"Vibullius","gender":"male","raw_name":"Q. Vibull(u)s L. f. Q. n.","praenomen":"Quintus","status":"filius Lucii, nepos Quinti, IIIIvir iure dicundo, magister"},{"nomen":"Cincius","gender":"male","raw_name":"C. Cincius C. f. Paul(us)","praenomen":"Gaius","cognomen":"Paulus","status":"filius Caii, IIIIvir iure dicundo, magister"},{"nomen":"Helvia","gender":"female","raw_name":"Helvia Q. f.","status":"filia Quinti, magistra"},{"nomen":"Orbia","gender":"female","raw_name":"Orbia M. f.","status":"filia Marci, magistra"}]}},{"type":"Feature","geometry":{"type":"Point","coordinates":[16.1,38.68]},"properties":{"edcs_id":"EDCS-11400128","findspot":"Vibo Valentia / Monteleone Calabro / Hipponium","raw_text":"Augusto","date_from":null,"date_to":null,"marker_gender":"male","is_individual":false,"edcs_url":"https://edcs.hist.uzh.ch/en/document?edcs-id=EDCS-11400128","persons":[{"nomen":"","gender":"male","raw_name":"Augusto","cognomen":"Augustus","is_imperial":true,"cluster_confidence":"excluded"}]}},{"type":"Feature","geometry":{"type":"Point","coordinates":[16.1,38.68]},"properties":{"edcs_id":"EDCS-11400129","findspot":"Vibo Valentia / Monteleone Calabro / Hipponium","raw_text":"Ti(berius) Cla[udius Drusi f(ilius)] / Caesa[r Aug(ustus) Ger]/manicu[s pont(ifex) max(imus) tr(ibunicia) p(otestate) / XI co(n)s(ul) V[","date_from":51,"date_to":52,"marker_gender":"male","is_individual":false,"edcs_url":"https://edcs.hist.uzh.ch/en/document?edcs-id=EDCS-11400129","persons":[{"nomen":"Claudius","gender":"male","raw_name":"Ti. Cla[udius Drusi f.] Caesa[r Aug. Ger]manicu[s","praenomen":"Tiberius","cognomen":"Germanicus","status":"filius Drusi, Caesar, Augustus, pontifex maximus, tribuniciis potestatibus, consul","is_imperial":true}]}},{"type":"Feature","geometry":{"type":"Point","coordinates":[16.1,38.68]},"properties":{"edcs_id":"EDCS-11400132","findspot":"Vibo Valentia / Monteleone Calabro / Hipponium","raw_text":"C(aio) Aebutio / C(ai) f(ilio) Murrae / IIIIvir(o) i(ure) d(icundo)","date_from":1,"date_to":50,"marker_gender":"male","is_individual":false,"edcs_url":"https://edcs.hist.uzh.ch/en/document?edcs-id=EDCS-11400132","persons":[{"nomen":"Aebutius","gender":"male","raw_name":"C. Aebutio C. f. Murrae","praenomen":"Gaius","cognomen":"Murra","status":"filius Caii, IIIIvir iure dicundo"}]}},{"type":"Feature","geometry":{"type":"Point","coordinates":[16.1,38.68]},"properties":{"edcs_id":"EDCS-11400134","findspot":"Vibo Valentia / Monteleone Calabro / Hipponium","raw_text":"D(is) M(anibus) s(acrum) / [C]n(aeus) Iulius Cn(aei) f(ilius) / Maturus IIIIv[i]r / a[e]d(ilicia) pot(estate) q(uaestor) p(ecuniae) a(limentariae) / vix(it) ann(os) XLVII / Pontilius Caedi/mnus amico","date_from":101,"date_to":300,"marker_gender":"male","is_individual":false,"edcs_url":"https://edcs.hist.uzh.ch/en/document?edcs-id=EDCS-11400134","persons":[{"nomen":"Iulius","gender":"male","raw_name":"[C]n. Iulius Cn. f. Maturus","praenomen":"Gnaeus","cognomen":"Maturus","status":"filius Gnaei, IIIIvir, aedilicia potestate, quaestor pecuniae alimentariae"},{"nomen":"Pontilius","gender":"male","raw_name":"Pontilius Caedimnus","cognomen":"Caedimnus","status":"amicus"}]}},{"type":"Feature","geometry":{"type":"Point","coordinates":[16.1,38.68]},"properties":{"edcs_id":"EDCS-11400136","findspot":"Vibo Valentia / Monteleone Calabro / Hipponium","raw_text":"Q(uintus) Laronius Q(uinti) f(ilius) [augur] / L(ucius) Libertius C(ai) f(ilius) pont(ifex) max(imus) / IIIIv(iri) i(ure) d(icundo) q(uinquennales) c(ensoria) p(otestate) ex s(enatus) c(onsulto) con(stat) HS / [","date_from":-50,"date_to":-1,"marker_gender":"male","is_individual":false,"edcs_url":"https://edcs.hist.uzh.ch/en/document?edcs-id=EDCS-11400136","persons":[{"nomen":"Laronius","gender":"male","raw_name":"Q(uintus) Laronius Q(uinti) f(ilius)","praenomen":"Quintus","status":"filius Quinti, augur, IIIIvir iure dicundo quinquennalis, censoria potestate"},{"nomen":"Libertius","gender":"male","raw_name":"L(ucius) Libertius C(ai) f(ilius)","praenomen":"Lucius","status":"filius Caii, pontifex maximus, IIIIvir iure dicundo quinquennalis, censoria potestate"}]}},{"type":"Feature","geometry":{"type":"Point","coordinates":[16.1,38.68]},"properties":{"edcs_id":"EDCS-11400138","findspot":"Vibo Valentia / Monteleone Calabro / Hipponium","raw_text":"Latiae P(ubli) f(iliae) Au/leiae Aurinae / sacerd(oti) Aug(usti) SE / V[3]E / G[3] / D[3]G / X[","date_from":101,"date_to":200,"marker_gender":"female","is_individual":false,"edcs_url":"https://edcs.hist.uzh.ch/en/document?edcs-id=EDCS-11400138","persons":[{"nomen":"Latia","gender":"female","raw_name":"Latiae P(ubli) f(iliae) Auleiae Aurinae","cognomen":"Aurina","status":"filia Publii, sacerdos Augusti"}]}},{"type":"Feature","geometry":{"type":"Point","coordinates":[16.1,38.68]},"properties":{"edcs_id":"EDCS-11400139","findspot":"Vibo Valentia / Monteleone Calabro / Hipponium","raw_text":"D(is)] M(anibus) s(acrum) / [3] Marciano / [pr]o pot(estate) praef(ecto) / [3]i orn(amenta) cen(soria) / [3] ann(orum) LX / [3]P fec(it)","date_from":101,"date_to":200,"marker_gender":"male","is_individual":false,"edcs_url":"https://edcs.hist.uzh.ch/en/document?edcs-id=EDCS-11400139","persons":[{"nomen":"","gender":"male","raw_name":"[3] Marciano","cognomen":"Marcianus","status":"pro potestate, praefectus, ornamenta censoria","cluster_id":1848,"cluster_size":2,"cluster_confidence":"low"}]}},{"type":"Feature","geometry":{"type":"Point","coordinates":[16.1,38.68]},"properties":{"edcs_id":"EDCS-11400140","findspot":"Vibo Valentia / Monteleone Calabro / Hipponium","raw_text":"Q(uinto) Muticilio Q(uinti) f(ilio) Aem(ilia) Sex(to) Decciano q(uin)q(uennali) c(ensoria) p(otestate) / q(uaestori) p(ecuniae) p(ublicae) equo pub[l(ico) ho]norato ab Imp(eratore) divo Hadriano / allecto in d[ecu]ri(i)s ab Imp(eratore) Antonino Aug(usto) Pio / patrono municipi(i) ob amorem patriae et [muni]ficentiam / multaque merita eius ex consensu populi cuius ob / dedicationem iterum decurionibus HS VIII n(ummum) Augu/stalibus HS VI n(ummum) populo viritim HS IV n(ummum) dedit / l(ocus) d(atus) p(ecunia) p(ublica) d(ecreto) d(ecurionum)","date_from":138,"date_to":161,"marker_gender":"male","is_individual":false,"edcs_url":"https://edcs.hist.uzh.ch/en/document?edcs-id=EDCS-11400140","persons":[{"nomen":"Muticilius","gender":"male","raw_name":"Q(uinto) Muticilio Q(uinti) f(ilio) Aem(ilia) Sex(to) Decciano","praenomen":"Quintus","cognomen":"Deccianus","status":"filius Quinti, tribus Aemilia, quinquennalis, censoria potestate, quaestor pecuniae publicae, equo publico honoratus, allectus in decuriis, patronus municipii"}]}},{"type":"Feature","geometry":{"type":"Point","coordinates":[16.1,38.68]},"properties":{"edcs_id":"EDCS-11400142","findspot":"Vibo Valentia / Monteleone Calabro / Hipponium","raw_text":"D(is) M(anibus) / Satrio L(uci) f(ilio) Ingenuo / IIIIvir(o) aed(ilicia) pot(estate) / vix(it) an(nos) XXIIII / pater f(ilio) b(ene) m(erenti) fecit","date_from":101,"date_to":200,"marker_gender":"male","is_individual":false,"edcs_url":"https://edcs.hist.uzh.ch/en/document?edcs-id=EDCS-11400142","persons":[{"nomen":"Satrius","gender":"male","raw_name":"Satrio L(uci) f(ilio) Ingenuo","cognomen":"Ingenuus","status":"filius Lucii, IIIIvir, aedilicia potestate"}]}},{"type":"Feature","geometry":{"type":"Point","coordinates":[16.1,38.68]},"properties":{"edcs_id":"EDCS-11400146","findspot":"Vibo Valentia / Monteleone Calabro / Hipponium","raw_text":"P(ubli) Olli Cn(aei) f(ilii) Felicis","date_from":1,"date_to":200,"marker_gender":"male","is_individual":false,"edcs_url":"https://edcs.hist.uzh.ch/en/document?edcs-id=EDCS-11400146","persons":[{"nomen":"Ollius","gender":"male","raw_name":"P(ubli) Olli Cn(aei) f(ilii) Felicis","praenomen":"Publius","cognomen":"Felix","status":"filius Cnaei"}]}},{"type":"Feature","geometry":{"type":"Point","coordinates":[16.1,38.68]},"properties":{"edcs_id":"EDCS-11400147","findspot":"Vibo Valentia / Monteleone Calabro / Hipponium","raw_text":"L(ucio) Laberio L(uci) l(iberto) / Optato / ornamentis censor(iis) / honorato vix(it) a(nnos) XXII / Clutoriae L(uci) f(iliae) / Quartae / vix(it) an(nos) XXIIII / mater filiae et genero","date_from":1,"date_to":24,"marker_gender":"mixed","is_individual":false,"edcs_url":"https://edcs.hist.uzh.ch/en/document?edcs-id=EDCS-11400147","persons":[{"nomen":"Laberius","gender":"male","raw_name":"L(ucio) Laberio L(uci) l(iberto) Optato","praenomen":"Lucius","cognomen":"Optatus","status":"libertus Lucii, ornamentis censoriis honoratus"},{"nomen":"Clutoria","gender":"female","raw_name":"Clutoriae L(uci) f(iliae) Quartae","cognomen":"Quarta","status":"filia Lucii"}]}},{"type":"Feature","geometry":{"type":"Point","coordinates":[16.1,38.68]},"properties":{"edcs_id":"EDCS-11400148","findspot":"Vibo Valentia / Monteleone Calabro / Hipponium","raw_text":"P(ublio) Lucio Gallo / Augustali / Paquia Repentina / Mettia Auge [","date_from":151,"date_to":230,"marker_gender":"mixed","is_individual":false,"edcs_url":"https://edcs.hist.uzh.ch/en/document?edcs-id=EDCS-11400148","persons":[{"nomen":"Lucius","gender":"male","raw_name":"P(ublio) Lucio Gallo","praenomen":"Publius","cognomen":"Gallus","status":"Augustalis"},{"nomen":"Paquia","gender":"female","raw_name":"Paquia Repentina","cognomen":"Repentina"},{"nomen":"Mettia","gender":"female","raw_name":"Mettia Auge","cognomen":"Auge"}]}},{"type":"Feature","geometry":{"type":"Point","coordinates":[16.1,38.68]},"properties":{"edcs_id":"EDCS-11400149","findspot":"Vibo Valentia / Monteleone Calabro / Hipponium","raw_text":"C(aius) Alfidius / C(ai) et |(mulieris) lib(ertus) / Chrysantus / vix(it) ann(os) XI","date_from":null,"date_to":null,"marker_gender":"male","is_individual":false,"edcs_url":"https://edcs.hist.uzh.ch/en/document?edcs-id=EDCS-11400149","persons":[{"nomen":"Alfidius","gender":"male","raw_name":"C(aius) Alfidius C(ai) et |(mulieris) lib(ertus) Chrysantus","praenomen":"Gaius","cognomen":"Chrysantus","status":"libertus Caii et mulieris"}]}},{"type":"Feature","geometry":{"type":"Point","coordinates":[16.1,38.68]},"properties":{"edcs_id":"EDCS-11400150","findspot":"Vibo Valentia / Monteleone Calabro / Hipponium","raw_text":"D(is) M(anibus) s(acrum) / Ampliatus / vix(it) ann(os) XXX / coniunx b(ene) m(erenti) f(ecit)","date_from":171,"date_to":230,"marker_gender":"male","is_individual":false,"edcs_url":"https://edcs.hist.uzh.ch/en/document?edcs-id=EDCS-11400150","persons":[{"nomen":"","gender":"male","raw_name":"Ampliatus","cognomen":"Ampliatus"}]}},{"type":"Feature","geometry":{"type":"Point","coordinates":[16.1,38.68]},"properties":{"edcs_id":"EDCS-11400151","findspot":"Vibo Valentia / Monteleone Calabro / Hipponium","raw_text":"D(is) M(anibus) / Athenaidi / mater fi/liae dulc/issim(ae) fecit","date_from":171,"date_to":230,"marker_gender":"female","is_individual":false,"edcs_url":"https://edcs.hist.uzh.ch/en/document?edcs-id=EDCS-11400151","persons":[{"nomen":"","gender":"female","raw_name":"Athenaidi","cognomen":"Athenais"}]}},{"type":"Feature","geometry":{"type":"Point","coordinates":[16.1,38.68]},"properties":{"edcs_id":"EDCS-11400152","findspot":"Vibo Valentia / Monteleone Calabro / Hipponium","raw_text":"D(is) M(anibus) s(acrum) / L(ucius) Atilius / Partheniu[s] / [","date_from":71,"date_to":150,"marker_gender":"male","is_individual":false,"edcs_url":"https://edcs.hist.uzh.ch/en/document?edcs-id=EDCS-11400152","persons":[{"nomen":"Atilius","gender":"male","raw_name":"L(ucius) Atilius Partheniu[s]","praenomen":"Lucius","cognomen":"Parthenius"}]}},{"type":"Feature","geometry":{"type":"Point","coordinates":[16.1,38.68]},"properties":{"edcs_id":"EDCS-11400153","findspot":"Vibo Valentia / Monteleone Calabro / Hipponium","raw_text":"D(is) M(anibus) s(acrum) / Atilia Hygia / vix(it) an(nos) XXXV / Atilius Euhodus coniug(i) b(ene) m(erenti)","date_from":101,"date_to":230,"marker_gender":"mixed","is_individual":false,"edcs_url":"https://edcs.hist.uzh.ch/en/document?edcs-id=EDCS-11400153","persons":[{"nomen":"Atilia","gender":"female","raw_name":"Atilia Hygia","cognomen":"Hygia"},{"nomen":"Atilius","gender":"male","raw_name":"Atilius Euhodus","cognomen":"Euhodus","status":"coniux, bene merens"}]}},{"type":"Feature","geometry":{"type":"Point","coordinates":[16.1,38.68]},"properties":{"edcs_id":"EDCS-11400154","findspot":"Vibo Valentia / Monteleone Calabro / Hipponium","raw_text":"D(is) M(anibus) s(acrum) / M(arcus) Aurelius / M(arci) f(ilius) Maximus / vix(it) an(nos) XXV Aurelius / Africanus vix(it) a(nnos) LXIII / fratri et patri","date_from":171,"date_to":230,"marker_gender":"male","is_individual":false,"edcs_url":"https://edcs.hist.uzh.ch/en/document?edcs-id=EDCS-11400154","persons":[{"nomen":"Aurelius","gender":"male","raw_name":"M(arcus) Aurelius M(arci) f(ilius) Maximus","praenomen":"Marcus","cognomen":"Maximus","status":"filius Marci","is_imperial":true},{"nomen":"Aurelius","gender":"male","raw_name":"Aurelius Africanus","cognomen":"Africanus","status":"frater, pater"}]}},{"type":"Feature","geometry":{"type":"Point","coordinates":[16.1,38.68]},"properties":{"edcs_id":"EDCS-11400155","findspot":"Vibo Valentia / Monteleone Calabro / Hipponium","raw_text":"M(arcus) Caerellius M(arci) l(ibertus) / Heraclida","date_from":1,"date_to":150,"marker_gender":"male","is_individual":false,"edcs_url":"https://edcs.hist.uzh.ch/en/document?edcs-id=EDCS-11400155","persons":[{"nomen":"Caerellius","gender":"male","raw_name":"M(arcus) Caerellius M(arci) l(ibertus) Heraclida","praenomen":"Marcus","cognomen":"Heraclida","status":"libertus Marci"}]}},{"type":"Feature","geometry":{"type":"Point","coordinates":[16.1,38.68]},"properties":{"edcs_id":"EDCS-11400156","findspot":"Vibo Valentia / Monteleone Calabro / Hipponium","raw_text":"Caesia Secunda / ex testament(o) sibi et suis / Caesia(e) Prim(ae) f(ilia) Cilae sorori / M(arcus) Mamercius M(arci) f(ilius) / Q(uintus) Caesius |(mulieris) l(ibertus) Salvivus / Q(uintus) Caesius |(mulieris) l(ibertus) Communis / Q(uintus) Caesius |(mulieris) l(ibertus) Respectus / Q(uintus) Caesius Hymenaeus","date_from":1,"date_to":100,"marker_gender":"mixed","is_individual":false,"edcs_url":"https://edcs.hist.uzh.ch/en/document?edcs-id=EDCS-11400156","persons":[{"nomen":"Caesia","gender":"female","raw_name":"Caesia Secunda","cognomen":"Secunda"},{"nomen":"Caesia","gender":"female","raw_name":"Caesia(e) Prim(ae) f(ilia) Cilae","cognomen":"Cila","status":"filia Primae, soror"},{"nomen":"Mamercius","gender":"male","raw_name":"M(arcus) Mamercius M(arci) f(ilius)","praenomen":"Marcus","status":"filius Marci"},{"nomen":"Caesius","gender":"male","raw_name":"Q(uintus) Caesius |(mulieris) l(ibertus) Salvivus","praenomen":"Quintus","cognomen":"Salvivus","status":"libertus mulieris"},{"nomen":"Caesius","gender":"male","raw_name":"Q(uintus) Caesius |(mulieris) l(ibertus) Communis","praenomen":"Quintus","cognomen":"Communis","status":"libertus mulieris"},{"nomen":"Caesius","gender":"male","raw_name":"Q(uintus) Caesius |(mulieris) l(ibertus) Respectus","praenomen":"Quintus","cognomen":"Respectus","status":"libertus mulieris"},{"nomen":"Caesius","gender":"male","raw_name":"Q(uintus) Caesius Hymenaeus","praenomen":"Quintus","cognomen":"Hymenaeus"}]}},{"type":"Feature","geometry":{"type":"Point","coordinates":[16.1,38.68]},"properties":{"edcs_id":"EDCS-11400157","findspot":"Vibo Valentia / Monteleone Calabro / Hipponium","raw_text":"D(is) M(anibus) s(acrum) / Cottia / Felicula / vix(it) a(nnos) LVII / fil(ia) matri / b(ene) m(erenti) f(ecit)","date_from":151,"date_to":250,"marker_gender":"female","is_individual":false,"edcs_url":"https://edcs.hist.uzh.ch/en/document?edcs-id=EDCS-11400157","persons":[{"nomen":"Cottia","gender":"female","raw_name":"Cottia Felicula","cognomen":"Felicula","status":"filia, bene merens"}]}},{"type":"Feature","geometry":{"type":"Point","coordinates":[16.1,38.68]},"properties":{"edcs_id":"EDCS-11400158","findspot":"Vibo Valentia / Monteleone Calabro / Hipponium","raw_text":"D(is) M(anibus) s(acrum) / Crato v(ixit) a(nnos) XXXV / parentes","date_from":171,"date_to":300,"marker_gender":"male","is_individual":false,"edcs_url":"https://edcs.hist.uzh.ch/en/document?edcs-id=EDCS-11400158","persons":[{"nomen":"","gender":"male","raw_name":"Crato","cognomen":"Crato"}]}},{"type":"Feature","geometry":{"type":"Point","coordinates":[16.1,38.68]},"properties":{"edcs_id":"EDCS-11400159","findspot":"Vibo Valentia / Monteleone Calabro / Hipponium","raw_text":"] / Dius vix[it] ann(os) / XIIII pius f[ui]t in su[os] / salv[e]","date_from":171,"date_to":250,"marker_gender":"male","is_individual":false,"edcs_url":"https://edcs.hist.uzh.ch/en/document?edcs-id=EDCS-11400159","persons":[{"nomen":"","gender":"male","raw_name":"Dius","cognomen":"Dius","status":"pius"}]}},{"type":"Feature","geometry":{"type":"Point","coordinates":[16.1,38.68]},"properties":{"edcs_id":"EDCS-11400160","findspot":"Vibo Valentia / Monteleone Calabro / Hipponium","raw_text":"] / Aem(ilia) / Fortunatus / ex t(estamento) f(ieri) i(ussit)","date_from":1,"date_to":150,"marker_gender":"male","is_individual":false,"edcs_url":"https://edcs.hist.uzh.ch/en/document?edcs-id=EDCS-11400160","persons":[{"nomen":"Aemilia","gender":"male","raw_name":"Aem(ilia) Fortunatus","cognomen":"Fortunatus"}]}},{"type":"Feature","geometry":{"type":"Point","coordinates":[16.1,38.68]},"properties":{"edcs_id":"EDCS-11400161","findspot":"Vibo Valentia / Monteleone Calabro / Hipponium","raw_text":"D(is) M(anibus) / Q(uinti) Insti / Florin(i)","date_from":51,"date_to":150,"marker_gender":"male","is_individual":false,"edcs_url":"https://edcs.hist.uzh.ch/en/document?edcs-id=EDCS-11400161","persons":[{"nomen":"Instius","gender":"male","raw_name":"Q(uinti) Insti Florin(i)","praenomen":"Quintus","cognomen":"Florinus"}]}},{"type":"Feature","geometry":{"type":"Point","coordinates":[16.1,38.68]},"properties":{"edcs_id":"EDCS-11400162","findspot":"Vibo Valentia / Monteleone Calabro / Hipponium","raw_text":"[D(is)] M(anibus) / [Iu]liae My/rin(a)e Raia / Charis ma/tri optimae","date_from":151,"date_to":230,"marker_gender":"female","is_individual":false,"edcs_url":"https://edcs.hist.uzh.ch/en/document?edcs-id=EDCS-11400162","persons":[{"nomen":"Iulia","gender":"female","raw_name":"Iuliae Myrin(a)e","cognomen":"Myrina","status":"mater optima"},{"nomen":"Raia","gender":"female","raw_name":"Raia Charis","cognomen":"Charis"}]}},{"type":"Feature","geometry":{"type":"Point","coordinates":[16.1,38.68]},"properties":{"edcs_id":"EDCS-11400163","findspot":"Vibo Valentia / Monteleone Calabro / Hipponium","raw_text":"Dis Manib(us) / Sex(ti) Man<i=L>li / Sex(ti) f(ilii) Lupi / v(ixit) a(nnos) VII m(enses) VIII d(ies) X","date_from":71,"date_to":130,"marker_gender":"male","is_individual":false,"edcs_url":"https://edcs.hist.uzh.ch/en/document?edcs-id=EDCS-11400163","persons":[{"nomen":"Manlius","gender":"male","raw_name":"Sex(ti) Manili Sex(ti) f(ilii) Lupi","praenomen":"Sextus","cognomen":"Lupus","status":"filius Sexti"}]}},{"type":"Feature","geometry":{"type":"Point","coordinates":[16.1,38.68]},"properties":{"edcs_id":"EDCS-11400164","findspot":"Vibo Valentia / Monteleone Calabro / Hipponium","raw_text":"D(is) M(anibus) s(acrum) / Minicia L(uci) f(ilia) Eutychia / vix(it) an(nos) LXXV","date_from":71,"date_to":150,"marker_gender":"female","is_individual":false,"edcs_url":"https://edcs.hist.uzh.ch/en/document?edcs-id=EDCS-11400164","persons":[{"nomen":"Minicia","gender":"female","raw_name":"Minicia L(uci) f(ilia) Eutychia","cognomen":"Eutychia","status":"filia Lucii"}]}},{"type":"Feature","geometry":{"type":"Point","coordinates":[16.1,38.68]},"properties":{"edcs_id":"EDCS-11400165","findspot":"Vibo Valentia / Monteleone Calabro / Hipponium","raw_text":"D(is) M(anibus) s(acrum) / Munatia / Limene / vix(it) an(nos) XXXV / filius matr(i) / pientissimae f(ecit)","date_from":101,"date_to":200,"marker_gender":"female","is_individual":false,"edcs_url":"https://edcs.hist.uzh.ch/en/document?edcs-id=EDCS-11400165","persons":[{"nomen":"Munatia","gender":"female","raw_name":"Munatia Limene","cognomen":"Limene","status":"pientissima, mater"}]}},{"type":"Feature","geometry":{"type":"Point","coordinates":[16.1,38.68]},"properties":{"edcs_id":"EDCS-11400166","findspot":"Vibo Valentia / Monteleone Calabro / Hipponium","raw_text":"D(is) M(anibus) s(acrum) / M(arcus) Numisi/us Commod/us vixit ann/is LV fil(ius?) patr[i","date_from":201,"date_to":300,"marker_gender":"male","is_individual":false,"edcs_url":"https://edcs.hist.uzh.ch/en/document?edcs-id=EDCS-11400166","persons":[{"nomen":"Numisius","gender":"male","raw_name":"M(arcus) Numisius Commodus","praenomen":"Marcus","cognomen":"Commodus","status":"filius, pater"}]}},{"type":"Feature","geometry":{"type":"Point","coordinates":[16.1,38.68]},"properties":{"edcs_id":"EDCS-11400167","findspot":"Vibo Valentia / Monteleone Calabro / Hipponium","raw_text":"D(is) M(anibus) s(acrum) / T(itus) Scaefius / Dionysius / vix(it) an(nos) XVII / Pullius Dionysius / filio optimo et sibi","date_from":51,"date_to":150,"marker_gender":"male","is_individual":false,"edcs_url":"https://edcs.hist.uzh.ch/en/document?edcs-id=EDCS-11400167","persons":[{"nomen":"Scaefius","gender":"male","raw_name":"T. Scaefius Dionysius","praenomen":"Titus","cognomen":"Dionysius"},{"nomen":"Pullius","gender":"male","raw_name":"Pullius Dionysius","cognomen":"Dionysius","status":"pater"}]}},{"type":"Feature","geometry":{"type":"Point","coordinates":[16.1,38.68]},"properties":{"edcs_id":"EDCS-11400169","findspot":"Vibo Valentia / Monteleone Calabro / Hipponium","raw_text":"C(aio) Segulio C(ai) f(ilio) Cam(ilia) / Tiflano Alexander l(ibertus?) erga se / bene merenti de suo fecit / C(aio) Segulio Alexandro / Malliae Zotiniu / C(aio) Segulio Amillo v(ixit) a(nnos) XXVII / h(oc) m(onumentum) s(ive) s(epulcrum) e(st) n(on) s(equetur)","date_from":51,"date_to":130,"marker_gender":"mixed","is_individual":false,"edcs_url":"https://edcs.hist.uzh.ch/en/document?edcs-id=EDCS-11400169","persons":[{"nomen":"Segulius","gender":"male","raw_name":"C. Segulio C. f. Cam. Tiflano","praenomen":"Gaius","cognomen":"Tiflanus","status":"filius Caii, tribus Camilia"},{"nomen":"","gender":"male","raw_name":"Alexander","cognomen":"Alexander","status":"libertus"},{"nomen":"Segulius","gender":"male","raw_name":"C. Segulio Alexandro","praenomen":"Gaius","cognomen":"Alexander"},{"nomen":"Mallia","gender":"female","raw_name":"Malliae Zotiniu","cognomen":"Zotinia"},{"nomen":"Segulius","gender":"male","raw_name":"C. Segulio Amillo","praenomen":"Gaius","cognomen":"Amillus"}]}},{"type":"Feature","geometry":{"type":"Point","coordinates":[16.1,38.68]},"properties":{"edcs_id":"EDCS-11400170","findspot":"Vibo Valentia / Monteleone Calabro / Hipponium","raw_text":"D(is) M(anibus) s(acrum) / Titiria An/tiochis vi/xit an(nos) XIIII m(enses) IIII / dies VIIII mater / filiae fec(it)","date_from":101,"date_to":200,"marker_gender":"female","is_individual":false,"edcs_url":"https://edcs.hist.uzh.ch/en/document?edcs-id=EDCS-11400170","persons":[{"nomen":"Titiria","gender":"female","raw_name":"Titiria Antiochis","cognomen":"Antiochis"}]}},{"type":"Feature","geometry":{"type":"Point","coordinates":[16.1,38.68]},"properties":{"edcs_id":"EDCS-11400171","findspot":"Vibo Valentia / Monteleone Calabro / Hipponium","raw_text":"D(is) M(anibus) s(acrum) / Trygetus vi/xit annis XXII / frater ben(e) me/[rent]i h(eres) fecit","date_from":151,"date_to":200,"marker_gender":"male","is_individual":false,"edcs_url":"https://edcs.hist.uzh.ch/en/document?edcs-id=EDCS-11400171","persons":[{"nomen":"","gender":"male","raw_name":"Trygetus","cognomen":"Trygetus"}]}},{"type":"Feature","geometry":{"type":"Point","coordinates":[16.1,38.68]},"properties":{"edcs_id":"EDCS-11400172","findspot":"Vibo Valentia / Monteleone Calabro / Hipponium","raw_text":"D(is) M(anibus) s(acrum) / Turillius / Amiantus / vix(it) an(nos) LVIII / uxor marito / b(ene) m(erenti) f(ecit)","date_from":151,"date_to":300,"marker_gender":"male","is_individual":false,"edcs_url":"https://edcs.hist.uzh.ch/en/document?edcs-id=EDCS-11400172","persons":[{"nomen":"Turillius","gender":"male","raw_name":"Turillius Amiantus","cognomen":"Amiantus"}]}},{"type":"Feature","geometry":{"type":"Point","coordinates":[16.1,38.68]},"properties":{"edcs_id":"EDCS-11400173","findspot":"Vibo Valentia / Monteleone Calabro / Hipponium","raw_text":"D(is) M(anibus) s(acrum) / Turillia / Quinta vix(it) / an(nos) XV m(enses) VI / die(s) XX M() A() I() I() / pater et ma/ritus b(ene) m(erenti) f(ecit)","date_from":151,"date_to":300,"marker_gender":"female","is_individual":false,"edcs_url":"https://edcs.hist.uzh.ch/en/document?edcs-id=EDCS-11400173","persons":[{"nomen":"Turillia","gender":"female","raw_name":"Turillia Quinta","cognomen":"Quinta"}]}},{"type":"Feature","geometry":{"type":"Point","coordinates":[16.1,38.68]},"properties":{"edcs_id":"EDCS-11400174","findspot":"Vibo Valentia / Monteleone Calabro / Hipponium","raw_text":"D(is) M(anibus) s(acrum) / L(ucius) Vagellius Felix / vixit ann(os) / XXXVIIII / coniunx b(ene) m(erenti) f(ecit)","date_from":101,"date_to":250,"marker_gender":"male","is_individual":false,"edcs_url":"https://edcs.hist.uzh.ch/en/document?edcs-id=EDCS-11400174","persons":[{"nomen":"Vagellius","gender":"male","raw_name":"L. Vagellius Felix","praenomen":"Lucius","cognomen":"Felix"}]}},{"type":"Feature","geometry":{"type":"Point","coordinates":[16.1,38.68]},"properties":{"edcs_id":"EDCS-11400175","findspot":"Vibo Valentia / Monteleone Calabro / Hipponium","raw_text":"T(itus) Varius Albarius / Suallia Q(uinti) f(ilia) Bedesia / Pullia L(uci) l(iberta) Primigenia / L(ucius) Pullius L(uci) l(ibertus) Secundus / L(ucius) Pullius L(uci) l(ibertus) Hippotyrus / P(ublius) Varius Pisciniensis / Q(uintus) Suallius Q(uinti) l(ibertus) Urbanus / Pullia L(uci) l(iberta) Charis fecit sibi / et suis h(oc) m(onumentum) s(ive) s(epulcrum) e(st) h(eredem) n(on) [s(equetur)]","date_from":71,"date_to":150,"marker_gender":"mixed","is_individual":false,"edcs_url":"https://edcs.hist.uzh.ch/en/document?edcs-id=EDCS-11400175","persons":[{"nomen":"Varius","gender":"male","raw_name":"T. Varius Albarius","praenomen":"Titus","cognomen":"Albarius"},{"nomen":"Suallia","gender":"female","raw_name":"Suallia Q. f. Bedesia","cognomen":"Bedesia","status":"filia Quinti"},{"nomen":"Pullia","gender":"female","raw_name":"Pullia L. l. Primigenia","cognomen":"Primigenia","status":"liberta Lucii"},{"nomen":"Pullius","gender":"male","raw_name":"L. Pullius L. l. Secundus","praenomen":"Lucius","cognomen":"Secundus","status":"libertus Lucii"},{"nomen":"Pullius","gender":"male","raw_name":"L. Pullius L. l. Hippotyrus","praenomen":"Lucius","cognomen":"Hippotyrus","status":"libertus Lucii"},{"nomen":"Varius","gender":"male","raw_name":"P. Varius Pisciniensis","praenomen":"Publius","cognomen":"Pisciniensis"},{"nomen":"Suallius","gender":"male","raw_name":"Q. Suallius Q. l. Urbanus","praenomen":"Quintus","cognomen":"Urbanus","status":"libertus Quinti"},{"nomen":"Pullia","gender":"female","raw_name":"Pullia L. l. Charis","cognomen":"Charis","status":"liberta Lucii"}]}},{"type":"Feature","geometry":{"type":"Point","coordinates":[16.1,38.68]},"properties":{"edcs_id":"EDCS-11400176","findspot":"Vibo Valentia / Monteleone Calabro / Hipponium","raw_text":"[3]tabia[3] / Zmyrne","date_from":71,"date_to":200,"marker_gender":"female","is_individual":false,"edcs_url":"https://edcs.hist.uzh.ch/en/document?edcs-id=EDCS-11400176","persons":[{"nomen":"","gender":"female","raw_name":"[3]tabia[3] Zmyrne","cognomen":"Zmyrne"}]}},{"type":"Feature","geometry":{"type":"Point","coordinates":[16.1,38.68]},"properties":{"edcs_id":"EDCS-11400186","findspot":"Vibo Valentia / Monteleone Calabro / Hipponium","raw_text":"B(onae) m(emoriae) Gaudentius / fidelis qui <v=B>ixit / annis p(lus) m(inus) LXV m(ensibus) III / d(iebus) X cui bene fecit / uxor et fili(a)e eius","date_from":null,"date_to":null,"marker_gender":"male","is_individual":false,"edcs_url":"https://edcs.hist.uzh.ch/en/document?edcs-id=EDCS-11400186","persons":[{"nomen":"","gender":"male","raw_name":"Gaudentius","cognomen":"Gaudentius","status":"fidelis"}]}},{"type":"Feature","geometry":{"type":"Point","coordinates":[16.1,38.68]},"properties":{"edcs_id":"EDCS-11400187","findspot":"Vibo Valentia / Monteleone Calabro / Hipponium","raw_text":"Paulus infa(n)s hic re<q=C>ui/escit per indi(c)tione(m) VI / <q=C>ui <v=B>i<x=SS>it annos III / m(enses) VIII et depositus / K(a)l(endis) Octobri(bu)s f(e)l(ici)t(er)","date_from":null,"date_to":null,"marker_gender":"male","is_individual":false,"edcs_url":"https://edcs.hist.uzh.ch/en/document?edcs-id=EDCS-11400187","persons":[{"nomen":"","gender":"male","raw_name":"Paulus infans","cognomen":"Paulus","status":"infans"}]}},{"type":"Feature","geometry":{"type":"Point","coordinates":[16.1,38.68]},"properties":{"edcs_id":"EDCS-11400188","findspot":"Vibo Valentia / Monteleone Calabro / Hipponium","raw_text":"B(onae) m(emoriae) huic tumu/lo requi(es){x}cit in pace / Peregrinus diac(onus) / qui vixit an(nos) pl(us) m(inus) / L depositus est / sub d(ie) IIII Id(us) Octo/br<e=I>s ind(ictione) {V} XV / decies p(o)s(t) c(onsulatum) Basili / v(iri) c(larissimi) con(su)l(is)","date_from":null,"date_to":null,"marker_gender":"male","is_individual":false,"edcs_url":"https://edcs.hist.uzh.ch/en/document?edcs-id=EDCS-11400188","persons":[{"nomen":"","gender":"male","raw_name":"Peregrinus","cognomen":"Peregrinus","status":"diaconus"},{"nomen":"","gender":"male","raw_name":"Basili","cognomen":"Basilius","status":"vir clarissimus, consul"}]}},{"type":"Feature","geometry":{"type":"Point","coordinates":[16.1,38.68]},"properties":{"edcs_id":"EDCS-11400189","findspot":"Vibo Valentia / Monteleone Calabro / Hipponium","raw_text":"B(onae) m(emoriae) s(acrum) / Saturnino qui vixit annis / LX m(ensibus) V d(iebus) X cui bene / fecit uxor eius cum fili/is suis recessit in pace","date_from":null,"date_to":null,"marker_gender":"male","is_individual":false,"edcs_url":"https://edcs.hist.uzh.ch/en/document?edcs-id=EDCS-11400189","persons":[{"nomen":"","gender":"male","raw_name":"Saturnino","cognomen":"Saturninus"}]}},{"type":"Feature","geometry":{"type":"Point","coordinates":[16.59,38.81]},"properties":{"edcs_id":"EDCS-11400190","findspot":"Squillace / Scolacium","raw_text":"Imp(erator) Caesar T(itus) Aelius Hadri/anus Antoninus Aug(ustus) Pius pontif(ex) / maxim(us) trib(unicia) potest(ate) VI co(n)s(ul) III p(ater) p(atriae) imp(erator) II / coloniae Minerviae Nerviae Aug(ustae) / Sc(h)olacio aquam dat","date_from":142,"date_to":143,"marker_gender":"male","is_individual":true,"edcs_url":"https://edcs.hist.uzh.ch/en/document?edcs-id=EDCS-11400190","persons":[{"nomen":"Aelius","gender":"male","raw_name":"Imp. Caesar T. Aelius Hadrianus Antoninus Aug. Pius","praenomen":"Titus","cognomen":"Hadrianus Antoninus","status":"Imperator Caesar, Augustus, Pius, pontifex maximus, tribunicia potestate VI, consul III, pater patriae, imperator II","is_imperial":true}]}},{"type":"Feature","geometry":null,"properties":{"edcs_id":"EDCS-11400191","findspot":"Catanzaro / Castra Hannibalis","raw_text":"pater et Claudia Ico mater filio piissimo fecerunt","date_from":null,"date_to":null,"marker_gender":"female","is_individual":true,"edcs_url":"https://edcs.hist.uzh.ch/en/document?edcs-id=EDCS-11400191","persons":[{"nomen":"Claudia","gender":"female","raw_name":"Claudia Ico","cognomen":"Ico","status":"mater"}]}},{"type":"Feature","geometry":{"type":"Point","coordinates":[17.13,39.08]},"properties":{"edcs_id":"EDCS-11400192","findspot":"Crotone / Croton","raw_text":"Herae Laci/niae sacrum / pro salute Mar/cianae sororis / Aug(usti) Oecius / lib(ertus) proc(urator)","date_from":98,"date_to":105,"marker_gender":"mixed","is_individual":false,"edcs_url":"https://edcs.hist.uzh.ch/en/document?edcs-id=EDCS-11400192","persons":[{"nomen":"","gender":"female","raw_name":"Marcianae","cognomen":"Marciana","status":"soror Augusti"},{"nomen":"","gender":"male","raw_name":"Oecius","cognomen":"Oecius","status":"libertus, procurator"}]}},{"type":"Feature","geometry":{"type":"Point","coordinates":[17.13,39.08]},"properties":{"edcs_id":"EDCS-11400193","findspot":"Crotone / Croton","raw_text":"Futiae C(ai) f(iliae) / Lollianae / filiae piissimae C(aius) Futi/us Onirus iterum IIvir item / dedit decurionibus HS X(milia) n(ummum) / ut ex usuris eorum quod/quod annis VII Idus Apriles / natale filiae meae epulan/tes confrequentetis / HS CCCC n(ummum) et in profusioni/bus HS CC n(ummum) neque in alios / usus convertatis / l(ocus) d(atus) d(ecreto) d(ecurionum)","date_from":101,"date_to":300,"marker_gender":"mixed","is_individual":false,"edcs_url":"https://edcs.hist.uzh.ch/en/document?edcs-id=EDCS-11400193","persons":[{"nomen":"Futia","gender":"female","raw_name":"Futiae C(ai) f(iliae) Lollianae","cognomen":"Lolliana","status":"filia Caii","cluster_id":281,"cluster_size":2},{"nomen":"Futius","gender":"male","raw_name":"C(aius) Futius Onirus","praenomen":"Gaius","cognomen":"Onirus","status":"iterum duovir","cluster_id":282,"cluster_size":2}]}},{"type":"Feature","geometry":{"type":"Point","coordinates":[17.13,39.08]},"properties":{"edcs_id":"EDCS-11400194","findspot":"Crotone / Croton","raw_text":"Futiae / C(ai) fil(iae) / Lollianae / filiae piissimae / C(aius) Futi/us Onirus / l(ocus) d(atus) d(ecreto) d(ecurionum)","date_from":101,"date_to":200,"marker_gender":"mixed","is_individual":false,"edcs_url":"https://edcs.hist.uzh.ch/en/document?edcs-id=EDCS-11400194","persons":[{"nomen":"Futia","gender":"female","raw_name":"Futiae C(ai) fil(iae) Lollianae","cognomen":"Lolliana","status":"filia Caii, piissima","cluster_id":281,"cluster_size":2},{"nomen":"Futius","gender":"male","raw_name":"C(aius) Futius Onirus","praenomen":"Gaius","cognomen":"Onirus","cluster_id":282,"cluster_size":2}]}},{"type":"Feature","geometry":{"type":"Point","coordinates":[17.13,39.08]},"properties":{"edcs_id":"EDCS-11400195","findspot":"Crotone / Croton","raw_text":"Futiae C(ai) f(iliae) Prepidi / C(aio) Iulio C(ai) f(ilio) Glago / Septim(ia) Prepusa filiae piis/simae et nepoti ob dedica/tione(m) huius statuae dedit de/curionibus liberisque eorum / singulis HS VIII n(ummum) Augustalib(us) / liberisque eorum singul(is) / HS VI n(ummum) populo viritim HS IIII / n(ummum) feminis HS II n(ummum) / C(aius) Iulius Anthus [3]VIMA[3]VSALIB / I[3]MSLIRENDM[3]S cum / suis [3] / [3] posuit [3] / l(ocus) d(atus) d(ecreto) d(ecurionum) // C(aius) Iulius [3] cur(avit)","date_from":101,"date_to":150,"marker_gender":"mixed","is_individual":false,"edcs_url":"https://edcs.hist.uzh.ch/en/document?edcs-id=EDCS-11400195","persons":[{"nomen":"Futia","gender":"female","raw_name":"Futiae C(ai) f(iliae) Prepidi","cognomen":"Prepis","status":"filia Caii, piissima"},{"nomen":"Iulius","gender":"male","raw_name":"C(aio) Iulio C(ai) f(ilio) Glago","praenomen":"Gaius","cognomen":"Glago","status":"filius Caii"},{"nomen":"Septimia","gender":"female","raw_name":"Septim(ia) Prepusa","cognomen":"Prepusa"},{"nomen":"Iulius","gender":"male","raw_name":"C(aius) Iulius Anthus","praenomen":"Gaius","cognomen":"Anthus"},{"nomen":"Iulius","gender":"male","raw_name":"C(aius) Iulius","praenomen":"Gaius"}]}},{"type":"Feature","geometry":{"type":"Point","coordinates":[17.13,39.08]},"properties":{"edcs_id":"EDCS-11400196","findspot":"Crotone / Croton","raw_text":"L(ucio) Lollio L(uci) f(ilio) L(uci) n(epoti) L(uci) pro/n(epoti) Cor(nelia) Lollio Mar/ciano equo pub(lico) / ornato patrono / col(oniae) omnibus hon(oribus) / functo Futia C(ai) f(ilia) / Longina mater fi/lio piissimo ob cu/ius statuae dedica/tionem decurioni/bus Augustalibus / [e]pulantibus po/[p]ulo viritim di/[vi]sionem dedit / l(ocus) d(atus) d(ecreto) d(ecurionum)","date_from":131,"date_to":200,"marker_gender":"mixed","is_individual":false,"edcs_url":"https://edcs.hist.uzh.ch/en/document?edcs-id=EDCS-11400196","persons":[{"nomen":"Lollius","gender":"male","raw_name":"L(ucio) Lollio L(uci) f(ilio) L(uci) n(epoti) L(uci) pron(epoti) Cor(nelia) Lollio Marciano","praenomen":"Lucius","cognomen":"Marcianus","status":"filius Lucii, nepos Lucii, pronepos Lucii, tribus Cornelia, equo publico, patronus coloniae, honoribus functus"},{"nomen":"Futia","gender":"female","raw_name":"Futia C(ai) f(ilia) Longina","cognomen":"Longina","status":"filia Caii, mater, piissima"}]}},{"type":"Feature","geometry":{"type":"Point","coordinates":[17.13,39.08]},"properties":{"edcs_id":"EDCS-11400197","findspot":"Crotone / Croton","raw_text":"D(is) M(anibus) s(acrum) / Iuliae Grammae / uxori incomparabili / Sex(tus) Iulius Primus","date_from":101,"date_to":200,"marker_gender":"mixed","is_individual":false,"edcs_url":"https://edcs.hist.uzh.ch/en/document?edcs-id=EDCS-11400197","persons":[{"nomen":"Iulia","gender":"female","raw_name":"Iuliae Grammae","cognomen":"Gramma","status":"uxor incomparabilis"},{"nomen":"Iulius","gender":"male","raw_name":"Sex(tus) Iulius Primus","praenomen":"Sextus","cognomen":"Primus"}]}},{"type":"Feature","geometry":{"type":"Point","coordinates":[17.05,39.27]},"properties":{"edcs_id":"EDCS-11400198","findspot":"Strongoli / Petelia","raw_text":"Imp(eratori) Nervae Traiano / Caes(ari) Aug(usto) Germ(anico) Dacic(o) / Q(uintus) Fidubius Alcimus ob honor(em) Aug(ustalitatis) / quem primus omnium post K(alendas) Aug(ustas) / a senatu conspirante populo acci/pere meruit bisellium ex d(ecreto) d(ecurionum) / hic ob eundem honorem dec(urionibus) HS IIII / Aug(ustalibus) HS II populo virit(im) HS I d<e=I>dit / isdem l(ocus) d(atus) d(ecreto) d(ecurionum) / et hoc amplius im[aginem] / Imp(eratori) Caesari Traiano Au[g(usto) posuit]","date_from":null,"date_to":null,"marker_gender":"male","is_individual":false,"edcs_url":"https://edcs.hist.uzh.ch/en/document?edcs-id=EDCS-11400198","persons":[{"nomen":"Ulpius","gender":"male","raw_name":"Imp(eratori) Nervae Traiano Caes(ari) Aug(usto) Germ(anico) Dacic(o)","praenomen":"Marcus","cognomen":"Traianus","status":"Imperator, Caesar, Augustus, Germanicus, Dacicus","is_imperial":true},{"nomen":"Fidubius","gender":"male","raw_name":"Q(uintus) Fidubius Alcimus","praenomen":"Quintus","cognomen":"Alcimus","status":"Augustalis"}]}},{"type":"Feature","geometry":{"type":"Point","coordinates":[17.05,39.26]},"properties":{"edcs_id":"EDCS-11400199","findspot":"Strongoli / Petelia","raw_text":"Ma(nio) Megonio Ma(ni) f(ilio) / Ma(ni) n(epoti) Ma(ni) pron(epoti) Cor(nelia) / Leoni / aed(ili) IIIIvir(o) leg(e) Cor(nelia) q(uaestori) p(ecuniae) p(ublicae) / patrono municipii / IIIIvir(o) q(uin)q(uennali) / decuriones Augustales popu/lusque ex aere conlato / ob merita eius","date_from":138,"date_to":161,"marker_gender":"male","is_individual":false,"edcs_url":"https://edcs.hist.uzh.ch/en/document?edcs-id=EDCS-11400199","persons":[{"nomen":"Megonius","gender":"male","raw_name":"Ma(nio) Megonio Leoni","praenomen":"Manius","cognomen":"Leo","status":"aedilis, IIIIvir, quaestor pecuniae publicae, patronus municipii, IIIIvir quinquennalis, tribus Cornelia","cluster_id":759,"cluster_size":5}]}},{"type":"Feature","geometry":{"type":"Point","coordinates":[17.05,39.26]},"properties":{"edcs_id":"EDCS-11400200","findspot":"Strongoli / Petelia","raw_text":"Ma(nio) Meconio Ma(ni) f(ilio) / Cor(nelia) Leoni / aed(ili) IIIIvir(o) leg(e) Cor(nelia) / quaest(ori) pec(uniae) p(ublicae) / patrono municipi(i) / Augustales patrono / ob merita eius l(ocus) d(atus) d(ecreto) d(ecurionum) // kaput ex testamento / hoc amplius rei p(ublicae) Petelinorum dari volo / HS X(milia) n(ummum) item vineam Caedicianam cum / parte{m} fundi Pompeiani ita uti optima maxi/maq(ue) sunt finibus suis qua mea fuerunt volo au/tem ex usuris semissibus HS X(milium) n(ummum) comparari Augus/talium loci n(ostri) ad instrumentum tricliniorum du/um quod eis me vi<v=B>o tradidi candelabra et lucerna[s] / bilychnes arbitrio Augustalium quo facilius strati[o]/nibus publicis obire possint quod ipsum ad utilitate[m] / rei p(ublicae) n(ostrae) pertinere existimavi facilius subituris onus Augu[s]/talitatis dum hoc commodum ante oculos habent / ceterum autem temporum usura[s] semisse[s] HS X(milium) n(ummum) ad instr[u]/mentum Augustalium arbitrio ipsorum esse volo qu[o] / facilius munus meum perpetuum conservare possint / neque in alios usus usuras quas ita a re p(ublica) acceperint tra(ns)/ferri volo quam si necesse fuerit in pastinationem / vineam quoq(ue) cum parte fundi Pompeiani sic ut su/pra dixi hoc amplius Augustalibus loci n(ostri) dar[i] / volo quam vineam vobis Augustales idcirco dari / volo quae est Aminea ut si cogitationi meae qua pro/spexisse me utilitatibus vestris credo consenseritis / vinum usibus vestris dumtaxat cum publice epulas ex/ercebitis habere possitis hoc autem nomine relevati i<m=N>/pendi(i)s facilius prosilituri hi qui ad munus Augustalit[a]/tis conpellentur locatio vineae partis Pompeiani vin[e]/am colere poterint haec ita ut cavi fieri praestariqu[e] / volo hoc amplius ab heredibus meis volo praestar[i] / rei p(ublicae) Petelinorum et a re p(ublica) Petelinorum corpori Au/gustalium ex praedi(i)s ceteris meis palum ridica[m] / omnibus annis sufficiens pedaturae vineae / quam Augustalibus legavi // [A v]obis autem Augustales peto hanc voluntatem / meam ratam habeatis et ut perpetua forma obser/vetis curae vestrae mandetis quo facilius autem / nota sit corpori vestro haec erga vos volunta<s=EM> / totum loco kaput quod ad vestrum honorem perti/net","date_from":138,"date_to":161,"marker_gender":"male","is_individual":false,"edcs_url":"https://edcs.hist.uzh.ch/en/document?edcs-id=EDCS-11400200","persons":[{"nomen":"Meconius","gender":"male","raw_name":"Ma(nio) Meconio Leoni","praenomen":"Manius","cognomen":"Leo","status":"aedilis, IIIIvir, quaestor pecuniae publicae, patronus municipii, tribus Cornelia"}]}},{"type":"Feature","geometry":{"type":"Point","coordinates":[17.05,39.27]},"properties":{"edcs_id":"EDCS-11400202","findspot":"Strongoli / Petelia","raw_text":"D(is) M(anibus) s(acrum) / {h}ave / Aufidia / Heure/sis vix(it) / an(nos) VIII / fecit pater / s(it) t(ibi) t(erra) l(evis)","date_from":null,"date_to":null,"marker_gender":"female","is_individual":false,"edcs_url":"https://edcs.hist.uzh.ch/en/document?edcs-id=EDCS-11400202","persons":[{"nomen":"Aufidia","gender":"female","raw_name":"Aufidia Heuresis","cognomen":"Heuresis"}]}},{"type":"Feature","geometry":{"type":"Point","coordinates":[17.05,39.27]},"properties":{"edcs_id":"EDCS-11400203","findspot":"Strongoli / Petelia","raw_text":"D(is) M(anibus) s(acrum) / C(aius) Marius / Leo / vix(it) ann(os) / XXXIII / s(it) t(ibi) t(erra) l(evis)","date_from":null,"date_to":null,"marker_gender":"male","is_individual":false,"edcs_url":"https://edcs.hist.uzh.ch/en/document?edcs-id=EDCS-11400203","persons":[{"nomen":"Marius","gender":"male","raw_name":"C(aius) Marius Leo","praenomen":"Caius","cognomen":"Leo"}]}},{"type":"Feature","geometry":{"type":"Point","coordinates":[17.05,39.27]},"properties":{"edcs_id":"EDCS-11400204","findspot":"Strongoli / Petelia","raw_text":"D(is) M(anibus) s(acrum) / Secundo Primus / et Laudamia / fil(io) piissimo / v(ixit) a(nnos) XVII m(enses) VII / d(ies) XXVI / s(it) t(ibi) t(erra) l(evis)","date_from":null,"date_to":null,"marker_gender":"mixed","is_individual":false,"edcs_url":"https://edcs.hist.uzh.ch/en/document?edcs-id=EDCS-11400204","persons":[{"nomen":"","gender":"male","raw_name":"Secundo","cognomen":"Secundus","status":"pater"},{"nomen":"","gender":"male","raw_name":"Primus","cognomen":"Primus","status":"pater"},{"nomen":"","gender":"female","raw_name":"Laudamia","cognomen":"Laudamia","status":"mater"}]}},{"type":"Feature","geometry":{"type":"Point","coordinates":[17.05,39.27]},"properties":{"edcs_id":"EDCS-11400205","findspot":"Strongoli / Petelia","raw_text":"D(is) M(anibus) / Luceso / frater be/ne merenti f(ecit) / vi(xit) a(nnos) XXXVI","date_from":null,"date_to":null,"marker_gender":"male","is_individual":false,"edcs_url":"https://edcs.hist.uzh.ch/en/document?edcs-id=EDCS-11400205","persons":[{"nomen":"","gender":"male","raw_name":"Luceso","cognomen":"Luceso"}]}},{"type":"Feature","geometry":{"type":"Point","coordinates":[16.95,39.5]},"properties":{"edcs_id":"EDCS-11400206","findspot":"Cariati","raw_text":"D(is) M(anibus) s(acrum) / Valentinae filiae / Eutropus et Mirallys / parentes / vixit annis II","date_from":null,"date_to":null,"marker_gender":"mixed","is_individual":true,"edcs_url":"https://edcs.hist.uzh.ch/en/document?edcs-id=EDCS-11400206","persons":[{"nomen":"","gender":"female","raw_name":"Valentinae","cognomen":"Valentina","status":"filia"},{"nomen":"","gender":"male","raw_name":"Eutropus","cognomen":"Eutropus","status":"parens"},{"nomen":"","gender":"male","raw_name":"Mirallys","cognomen":"Mirallys","status":"parens"}]}},{"type":"Feature","geometry":{"type":"Point","coordinates":[16.12,39.43]},"properties":{"edcs_id":"EDCS-11400207","findspot":"San Benedetto Ullano","raw_text":"D(is) M(anibus) / L(ucio) Aurelio / Stephano / proc(uratori) / a veredis Aug(usti)","date_from":71,"date_to":150,"marker_gender":"male","is_individual":false,"edcs_url":"https://edcs.hist.uzh.ch/en/document?edcs-id=EDCS-11400207","persons":[{"nomen":"Aurelius","gender":"male","raw_name":"L. Aurelio Stephano","praenomen":"Lucius","cognomen":"Stephanus","status":"procurator a veredis Augusti"}]}},{"type":"Feature","geometry":{"type":"Point","coordinates":[16.12,39.43]},"properties":{"edcs_id":"EDCS-11400208","findspot":"San Benedetto Ullano","raw_text":"D(is) M(anibus) / Max(imius?) / Kafon(?) / ann(orum) XII m(ensium) III / Max(imius?) Kafli(us?) Sal() / paren(tes) pientissim(i)","date_from":null,"date_to":null,"marker_gender":"male","is_individual":false,"edcs_url":"https://edcs.hist.uzh.ch/en/document?edcs-id=EDCS-11400208","persons":[{"nomen":"Maximius","gender":"male","raw_name":"Max. Kafon","cognomen":"Kafon"},{"nomen":"Maximius","gender":"male","raw_name":"Max. Kafli. Sal.","cognomen":"Kaflio"}]}},{"type":"Feature","geometry":{"type":"Point","coordinates":[16.47,39.7]},"properties":{"edcs_id":"EDCS-11400209","findspot":"Thurio / Thurioi / Copia Thurii","raw_text":"P(ublius) Magius P(ubli) f(ilius) Iunc(us) / Q(uintus) Minucius L(uci) f(ilius) // ce(n)s(ores) // basilicam fac(iundam) / cur(averunt) de sen(atus) sent(entia)","date_from":null,"date_to":null,"marker_gender":"male","is_individual":false,"edcs_url":"https://edcs.hist.uzh.ch/en/document?edcs-id=EDCS-11400209","persons":[{"nomen":"Magius","gender":"male","raw_name":"P(ublius) Magius P(ubli) f(ilius) Iunc(us)","praenomen":"Publius","cognomen":"Iuncus","status":"filius Publii, censor"},{"nomen":"Minucius","gender":"male","raw_name":"Q(uintus) Minucius L(uci) f(ilius)","praenomen":"Quintus","status":"filius Lucii, censor"}]}},{"type":"Feature","geometry":{"type":"Point","coordinates":[16.47,39.7]},"properties":{"edcs_id":"EDCS-11400210","findspot":"Thurio / Thurioi / Copia Thurii","raw_text":"] Viciae [3] / L(ucius) Titius [","date_from":null,"date_to":null,"marker_gender":"mixed","is_individual":false,"edcs_url":"https://edcs.hist.uzh.ch/en/document?edcs-id=EDCS-11400210","persons":[{"nomen":"Vicia","gender":"female","raw_name":"Viciae"},{"nomen":"Titius","gender":"male","raw_name":"L(ucius) Titius","praenomen":"Lucius"}]}},{"type":"Feature","geometry":{"type":"Point","coordinates":[16.47,39.7]},"properties":{"edcs_id":"EDCS-11400211","findspot":"Thurio / Thurioi / Copia Thurii","raw_text":"C(aio) Mario P(ubli) f(ilio) Aem(ilia) Rufo / IIII(viro) i(ure) d(icundo) C(opia) Thur(iis) ann(orum) XXI / P(ublius) Marius P(ubli) f(ilius) Rufus / fecit filio et sibi / et M(arco) Dossennio M(arci) f(ilio) Ulsiano / fratri IIvir(o) i(ure) d(icundo) Blandae Iulia[e] / et Cinciae C(ai) f(iliae) Rufae / matri eorum","date_from":1,"date_to":50,"marker_gender":"mixed","is_individual":false,"edcs_url":"https://edcs.hist.uzh.ch/en/document?edcs-id=EDCS-11400211","persons":[{"nomen":"Marius","gender":"male","raw_name":"C(aio) Mario P(ubli) f(ilio) Aem(ilia) Rufo","praenomen":"Gaius","cognomen":"Rufus","status":"filius Publii, tribus Aemilia, IIIIvir iure dicundo"},{"nomen":"Marius","gender":"male","raw_name":"P(ublius) Marius P(ubli) f(ilius) Rufus","praenomen":"Publius","cognomen":"Rufus","status":"filius Publii"},{"nomen":"Dossennius","gender":"male","raw_name":"M(arco) Dossennio M(arci) f(ilio) Ulsiano","praenomen":"Marcus","cognomen":"Ulsianus","status":"filius Marci, frater, IIvir iure dicundo"},{"nomen":"Cincia","gender":"female","raw_name":"Cinciae C(ai) f(iliae) Rufae","cognomen":"Rufa","status":"filia Caii, mater"}]}},{"type":"Feature","geometry":{"type":"Point","coordinates":[16.14,40.62]},"properties":{"edcs_id":"EDCS-11400212","findspot":"Tricarico / Potentia","raw_text":"[D(is)] M(anibus) / M(arco) Annio vixit annis XVII m(ensibus) VII / M(arcus) Annius Hilarus filio pientissimo cuius / si fata fuissent hic titulus debuit esse / ante legi patris / b(ene) m(erenti) f(ecit)","date_from":101,"date_to":230,"marker_gender":"male","is_individual":false,"edcs_url":"https://edcs.hist.uzh.ch/en/document?edcs-id=EDCS-11400212","persons":[{"nomen":"Annius","gender":"male","raw_name":"M. Annio","praenomen":"Marcus"},{"nomen":"Annius","gender":"male","raw_name":"M. Annius Hilarus","praenomen":"Marcus","cognomen":"Hilarus","status":"pater"}]}},{"type":"Feature","geometry":{"type":"Point","coordinates":[16.14,40.62]},"properties":{"edcs_id":"EDCS-11400213","findspot":"Tricarico / Potentia","raw_text":"[D(is)] M(anibus) / Cn(aeo) Pompeio / Sabino / vix(it) an(nis) XVI m(ensibus) VI / dieb(us) XVIIII / Cn(aeus) Pompeius / Sabinus et / Aemilia Primilla / filio piiss(imo) f(ecerunt)","date_from":101,"date_to":200,"marker_gender":"mixed","is_individual":false,"edcs_url":"https://edcs.hist.uzh.ch/en/document?edcs-id=EDCS-11400213","persons":[{"nomen":"Pompeius","gender":"male","raw_name":"Cn. Pompeio Sabino","praenomen":"Gnaeus","cognomen":"Sabinus","cluster_id":825,"cluster_size":2},{"nomen":"Pompeius","gender":"male","raw_name":"Cn. Pompeius Sabinus","praenomen":"Gnaeus","cognomen":"Sabinus","cluster_id":825,"cluster_size":2},{"nomen":"Aemilia","gender":"female","raw_name":"Aemilia Primilla","cognomen":"Primilla"}]}},{"type":"Feature","geometry":{"type":"Point","coordinates":[16.14,40.62]},"properties":{"edcs_id":"EDCS-11400214","findspot":"Tricarico / Potentia","raw_text":"D(is) M(anibus) / Venviania(?) / Zoeni vixit / annis LX me(n)si/bus IIII diebus [3] / C(aius) Caevius Pae/der co(n)iugi b(ene) m(erenti) p(osuit)","date_from":null,"date_to":null,"marker_gender":"mixed","is_individual":false,"edcs_url":"https://edcs.hist.uzh.ch/en/document?edcs-id=EDCS-11400214","persons":[{"nomen":"Venviania","gender":"female","raw_name":"Venviania Zoeni","cognomen":"Zoenis"},{"nomen":"Caevius","gender":"male","raw_name":"C. Caevius Paeder","praenomen":"Gaius","cognomen":"Paeder","status":"coniunx"}]}},{"type":"Feature","geometry":{"type":"Point","coordinates":[15.8,40.64]},"properties":{"edcs_id":"EDCS-11400215","findspot":"Potenza / Potentia","raw_text":"Cereri / Vert(umnae) sac(rum) / Bovia / Maxima / sacerdos / XVviral(is) / IASAAI / [","date_from":null,"date_to":null,"marker_gender":"female","is_individual":false,"edcs_url":"https://edcs.hist.uzh.ch/en/document?edcs-id=EDCS-11400215","persons":[{"nomen":"Bovia","gender":"female","raw_name":"Bovia Maxima","cognomen":"Maxima","status":"sacerdos XVviralis"}]}},{"type":"Feature","geometry":{"type":"Point","coordinates":[15.8,40.64]},"properties":{"edcs_id":"EDCS-11400217","findspot":"Potenza / Potentia","raw_text":"Mefiti Utianae / sacr(um) / M(arcus) Helvius M(arci) f(ilius) Pom(ptina) / Clarus Verulanus Priscus / aed(ilis) IIIIvir q(uaestor) quinq(uennalis) flamen / Romae et divi Augusti curator / rei publ(icae) Potentinorum / d(e) s(ua) p(ecunia)","date_from":101,"date_to":300,"marker_gender":"male","is_individual":false,"edcs_url":"https://edcs.hist.uzh.ch/en/document?edcs-id=EDCS-11400217","persons":[{"nomen":"Helvius","gender":"male","raw_name":"M. Helvius M. f. Pom. Clarus Verulanus Priscus","praenomen":"Marcus","cognomen":"Clarus Verulanus Priscus","status":"filius Marci, tribus Pomptina, aedilis, IIIIvir, quaestor quinquennalis, flamen Romae et divi Augusti, curator rei publicae Potentinorum"}]}},{"type":"Feature","geometry":{"type":"Point","coordinates":[15.8,40.64]},"properties":{"edcs_id":"EDCS-11400218","findspot":"Potenza / Potentia","raw_text":"] / C(aius) Mamius / Sex(ti) f(ilius) Bassu[s] / C(aius) Eppius C(ai) f(ilius) / Mefiti Utia/nae donum","date_from":null,"date_to":null,"marker_gender":"male","is_individual":false,"edcs_url":"https://edcs.hist.uzh.ch/en/document?edcs-id=EDCS-11400218","persons":[{"nomen":"Mamius","gender":"male","raw_name":"C. Mamius Sex. f. Bassu[s]","praenomen":"Gaius","cognomen":"Bassus","status":"filius Sexti"},{"nomen":"Eppius","gender":"male","raw_name":"C. Eppius C. f.","praenomen":"Gaius","status":"filius Caii"}]}},{"type":"Feature","geometry":{"type":"Point","coordinates":[15.8,40.64]},"properties":{"edcs_id":"EDCS-11400219","findspot":"Potenza / Potentia","raw_text":"Mefiti Utian(ae) / sacr(um) / P(ublius) Men[e]ius C(ai) f(ilius) / Cn(aeus) Babullius / Restitutus / IIIIvir [d(e)] s(ua) p(ecunia)","date_from":null,"date_to":null,"marker_gender":"male","is_individual":false,"edcs_url":"https://edcs.hist.uzh.ch/en/document?edcs-id=EDCS-11400219","persons":[{"nomen":"Menetius","gender":"male","raw_name":"P. Men[e]ius C. f.","praenomen":"Publius","status":"filius Caii"},{"nomen":"Babullius","gender":"male","raw_name":"Cn. Babullius Restitutus","praenomen":"Gnaeus","cognomen":"Restitutus","status":"IIIIvir"}]}},{"type":"Feature","geometry":{"type":"Point","coordinates":[15.8,40.64]},"properties":{"edcs_id":"EDCS-11400220","findspot":"Potenza / Potentia","raw_text":"Veneri [E]r[y]cinae / sacr(um) / Oppia N(umeri) libert(a) / Restituta d(onum) d(edit) / Faustino e[t] Ru[f]ino [co(n)s(ulibus)]","date_from":210,"date_to":210,"marker_gender":"female","is_individual":false,"edcs_url":"https://edcs.hist.uzh.ch/en/document?edcs-id=EDCS-11400220","persons":[{"nomen":"Oppia","gender":"female","raw_name":"Oppia N(umeri) libert(a) Restituta","cognomen":"Restituta","status":"liberta Numerii"}]}},{"type":"Feature","geometry":{"type":"Point","coordinates":[15.8,40.64]},"properties":{"edcs_id":"EDCS-11400221","findspot":"Potenza / Potentia","raw_text":"[1] Atrio Q(uinti) f(ilio) Hor(atia) Sep[3]/[3]to IIIIvir(o) viarum cur[an]/[da]rum tribuno militum l[eg(ionis)] / [sec]undae Adiutricis P(iae) F(idelis) donis [mi]/[li]taribus bello Suebico it[em] / [Sar]matico corona murali coro[na] / [va]llari hastis puris duo<b=D>us vex[ill(is)] / [ar]genteis duobus option<e=I> tribun[or(um)] / [le]gionum quinq(ue) quaest(ori) pro [pr(aetore)] provinciae Cretae et Cyren[ar(um)] / [tr]ib(uno) plebis praetori / [pa]trono municip[i(i)] / [ex] testamento fili(i) eius / [l(ocus)] d(atus) d(ecreto) d(ecurionum)","date_from":92,"date_to":150,"marker_gender":"male","is_individual":false,"edcs_url":"https://edcs.hist.uzh.ch/en/document?edcs-id=EDCS-11400221","persons":[{"nomen":"Atrius","gender":"male","raw_name":"[1] Atrio Q(uinti) f(ilio) Hor(atia) Sep[3] [3]to","praenomen":"Quintus","status":"tribus Horatia, IIIIvir viarum curandarum, tribunus militum legionis secundae Adiutricis, Pius, Fidelis, dono militari bello Suebico, donis militaribus bello Sarmatico, corona murali, corona vallari, hastis puris, vexillis argenteis, optio tribunorum, quaestor pro praetore provinciae Cretae et Cyrenarum, tribunus plebis, praetor, patronus municipii"}]}},{"type":"Feature","geometry":{"type":"Point","coordinates":[15.8,40.64]},"properties":{"edcs_id":"EDCS-11400222","findspot":"Potenza / Potentia","raw_text":"D(is) M(anibus) / L(ucio) Calpurnio Faustino / aedili quaestori q(ui) / v(ixit) a(nnos) XXV / Calpurnius Vaesi[o] pater / et Maesia Optata / filio bene merenti / fecerunt","date_from":null,"date_to":null,"marker_gender":"mixed","is_individual":false,"edcs_url":"https://edcs.hist.uzh.ch/en/document?edcs-id=EDCS-11400222","persons":[{"nomen":"Calpurnius","gender":"male","raw_name":"L(ucio) Calpurnio Faustino","praenomen":"Lucius","cognomen":"Faustinus","status":"aedilis, quaestor"},{"nomen":"Calpurnius","gender":"male","raw_name":"Calpurnius Vaesi[o]","cognomen":"Vaesio","status":"pater"},{"nomen":"Maesia","gender":"female","raw_name":"Maesia Optata","cognomen":"Optata"}]}},{"type":"Feature","geometry":{"type":"Point","coordinates":[15.8,40.64]},"properties":{"edcs_id":"EDCS-11400223","findspot":"Potenza / Potentia","raw_text":"[P(ublio) P]laetorio / P(ubli) f(ilio) [P]om(ptina) / Urso / [ae]d(ili) IIIIvir(o) i(ure) d(icundo) / [p]ontif(ici) augur(i) / ministri Larum / Augg(ustorum) / patrono / l(ocus) d(atus) d(ecreto) d(ecurionum)","date_from":null,"date_to":null,"marker_gender":"male","is_individual":false,"edcs_url":"https://edcs.hist.uzh.ch/en/document?edcs-id=EDCS-11400223","persons":[{"nomen":"Plaetorius","gender":"male","raw_name":"[P(ublio) P]laetorio P(ubli) f(ilio) [P]om(ptina) Urso","praenomen":"Publius","cognomen":"Ursus","status":"filius Publii, tribus Pomptina, aedilis, IIIIvir iuri dicundo, pontifex, augur, patronus"}]}},{"type":"Feature","geometry":{"type":"Point","coordinates":[15.8,40.64]},"properties":{"edcs_id":"EDCS-11400224","findspot":"Potenza / Potentia","raw_text":"D(is) M(anibus) i(nferis) / M(arco) Valerio M(arci) f(ilio) / Pom(ptina) / Cres[c]entiano / aed(ili) IIIIvir(o) i(ure) d(icundo) / vixit an(nos) XLI m(enses) X / Iulia Corinthias / marito b(ene) m(erenti) p(osuit)","date_from":null,"date_to":null,"marker_gender":"mixed","is_individual":false,"edcs_url":"https://edcs.hist.uzh.ch/en/document?edcs-id=EDCS-11400224","persons":[{"nomen":"Valerius","gender":"male","raw_name":"M(arco) Valerio M(arci) f(ilio) Pom(ptina) Cres[c]entiano","praenomen":"Marcus","cognomen":"Crescentianus","status":"filius Marci, tribus Pomptina, aedilis, IIIIvir iuri dicundo"},{"nomen":"Iulia","gender":"female","raw_name":"Iulia Corinthias","cognomen":"Corinthias","status":"uxor"}]}},{"type":"Feature","geometry":{"type":"Point","coordinates":[15.8,40.64]},"properties":{"edcs_id":"EDCS-11400226","findspot":"Potenza / Potentia","raw_text":"D(is) M(anibus) / Cn(aeo) Papirio / Claudiano / scr(ibae) r(ei) p(ublicae) Pot(entinorum) / mater filio / [infel]icissimo","date_from":null,"date_to":null,"marker_gender":"male","is_individual":false,"edcs_url":"https://edcs.hist.uzh.ch/en/document?edcs-id=EDCS-11400226","persons":[{"nomen":"Papirius","gender":"male","raw_name":"Cn(aeo) Papirio Claudiano","praenomen":"Gnaeus","cognomen":"Claudianus","status":"scriba rei publicae Potentinorum"}]}},{"type":"Feature","geometry":{"type":"Point","coordinates":[15.8,40.64]},"properties":{"edcs_id":"EDCS-11400228","findspot":"Potenza / Potentia","raw_text":"N(umerio) Acerro/[n]io Puteo/[l]ano COLL / [","date_from":null,"date_to":null,"marker_gender":"male","is_individual":false,"edcs_url":"https://edcs.hist.uzh.ch/en/document?edcs-id=EDCS-11400228","persons":[{"nomen":"Acerronius","gender":"male","raw_name":"N(umerio) Acerro[n]io Puteo[l]ano","praenomen":"Numerius","cognomen":"Puteolanus"}]}},{"type":"Feature","geometry":{"type":"Point","coordinates":[15.8,40.64]},"properties":{"edcs_id":"EDCS-11400229","findspot":"Potenza / Potentia","raw_text":"T(ito) Mettio Poti/to vix(it) a(nnos) XVIII / coll(egium) mul(ionum) et / asinar(iorum)","date_from":null,"date_to":null,"marker_gender":"male","is_individual":false,"edcs_url":"https://edcs.hist.uzh.ch/en/document?edcs-id=EDCS-11400229","persons":[{"nomen":"Mettius","gender":"male","raw_name":"T(ito) Mettio Potito","praenomen":"Titus","cognomen":"Potitus","cluster_id":557,"cluster_size":2}]}},{"type":"Feature","geometry":{"type":"Point","coordinates":[15.8,40.64]},"properties":{"edcs_id":"EDCS-11400230","findspot":"Potenza / Potentia","raw_text":"Di{i}s Man(ibus) / [3] Acerro[nio] / [3]CCIO[","date_from":null,"date_to":null,"marker_gender":"unknown","is_individual":false,"edcs_url":"https://edcs.hist.uzh.ch/en/document?edcs-id=EDCS-11400230","persons":[{"nomen":"Acerronius","gender":"unknown","raw_name":"[3] Acerro[nio]"}]}},{"type":"Feature","geometry":{"type":"Point","coordinates":[15.8,40.64]},"properties":{"edcs_id":"EDCS-11400231","findspot":"Potenza / Potentia","raw_text":"D(is) M(anibus) / Acerronio Acerro/nius Celer / filio [c]arissimo","date_from":null,"date_to":null,"marker_gender":"male","is_individual":false,"edcs_url":"https://edcs.hist.uzh.ch/en/document?edcs-id=EDCS-11400231","persons":[{"nomen":"Acerronius","gender":"male","raw_name":"Acerronio","status":"pater"},{"nomen":"Acerronius","gender":"male","raw_name":"Acerro[nius] Celer","cognomen":"Celer"}]}},{"type":"Feature","geometry":{"type":"Point","coordinates":[15.8,40.64]},"properties":{"edcs_id":"EDCS-11400232","findspot":"Potenza / Potentia","raw_text":"L(ucius) Afarius / Memor / Mummiae Ico/nio cont<u=I>ber/nali bene merenti / posuit","date_from":null,"date_to":null,"marker_gender":"mixed","is_individual":false,"edcs_url":"https://edcs.hist.uzh.ch/en/document?edcs-id=EDCS-11400232","persons":[{"nomen":"Afarius","gender":"male","raw_name":"L(ucius) Afarius Memor","praenomen":"Lucius","cognomen":"Memor"},{"nomen":"Mummia","gender":"female","raw_name":"Mummiae Iconio","cognomen":"Iconium","status":"contubernalis"}]}},{"type":"Feature","geometry":{"type":"Point","coordinates":[15.8,40.64]},"properties":{"edcs_id":"EDCS-11400233","findspot":"Potenza / Potentia","raw_text":"D(is) M(anibus) / M(arco) Allio Felici / vixit a(nnos) V m(enses) X / Allius Optatus / et Iulia Lucre/tia filio","date_from":131,"date_to":200,"marker_gender":"mixed","is_individual":false,"edcs_url":"https://edcs.hist.uzh.ch/en/document?edcs-id=EDCS-11400233","persons":[{"nomen":"Allius","gender":"male","raw_name":"M(arco) Allio Felici","praenomen":"Marcus","cognomen":"Felix"},{"nomen":"Allius","gender":"male","raw_name":"Allius Optatus","cognomen":"Optatus","status":"pater"},{"nomen":"Iulia","gender":"female","raw_name":"Iulia Lucretia","cognomen":"Lucretia","status":"mater"}]}},{"type":"Feature","geometry":{"type":"Point","coordinates":[15.8,40.64]},"properties":{"edcs_id":"EDCS-11400234","findspot":"Potenza / Potentia","raw_text":"Annio P(ubli) f(ilio) Sem[3] / Annio P(ubli) f(ilio) Rufo / L() F() mater miser[a] / sibi et fili(i)s feci[t] / m(onumentum) h(eredem) n(on) s(equetur)","date_from":null,"date_to":null,"marker_gender":"male","is_individual":false,"edcs_url":"https://edcs.hist.uzh.ch/en/document?edcs-id=EDCS-11400234","persons":[{"nomen":"Annius","gender":"male","raw_name":"Annio P(ubli) f(ilio) Sem[3]","status":"filius Publii"},{"nomen":"Annius","gender":"male","raw_name":"Annio P(ubli) f(ilio) Rufo","cognomen":"Rufus","status":"filius Publii"}]}},{"type":"Feature","geometry":{"type":"Point","coordinates":[15.8,40.64]},"properties":{"edcs_id":"EDCS-11400235","findspot":"Potenza / Potentia","raw_text":"D(is) M(anibus) / Aproniano q(ui) v(ixit) a(nnos) VI / Silvinus et Firmilla / f(ilio) b(ene merenti) f(ecerunt)","date_from":null,"date_to":null,"marker_gender":"mixed","is_individual":false,"edcs_url":"https://edcs.hist.uzh.ch/en/document?edcs-id=EDCS-11400235","persons":[{"nomen":"","gender":"male","raw_name":"Aproniano","cognomen":"Apronianus"},{"nomen":"","gender":"male","raw_name":"Silvinus","cognomen":"Silvinus","status":"pater"},{"nomen":"","gender":"female","raw_name":"Firmilla","cognomen":"Firmilla","status":"mater"}]}},{"type":"Feature","geometry":{"type":"Point","coordinates":[15.8,40.64]},"properties":{"edcs_id":"EDCS-11400236","findspot":"Potenza / Potentia","raw_text":"]anio Basso [3] / [3]INS [3]III Sirin[","date_from":null,"date_to":null,"marker_gender":"male","is_individual":false,"edcs_url":"https://edcs.hist.uzh.ch/en/document?edcs-id=EDCS-11400236","persons":[{"nomen":"","gender":"male","raw_name":"]anio Basso","cognomen":"Bassus"}]}},{"type":"Feature","geometry":{"type":"Point","coordinates":[15.8,40.64]},"properties":{"edcs_id":"EDCS-11400237","findspot":"Potenza / Potentia","raw_text":"C(aio) Brittio Primige/nio vixit ann(os) III / Brittius Primigeni/[us","date_from":null,"date_to":null,"marker_gender":"male","is_individual":false,"edcs_url":"https://edcs.hist.uzh.ch/en/document?edcs-id=EDCS-11400237","persons":[{"nomen":"Brittius","gender":"male","raw_name":"C. Brittio Primigenio","praenomen":"Gaius","cognomen":"Primigenius","cluster_id":563,"cluster_size":2},{"nomen":"Brittius","gender":"male","raw_name":"Brittius Primigeni[us","cognomen":"Primigenius","cluster_id":563,"cluster_size":2}]}},{"type":"Feature","geometry":{"type":"Point","coordinates":[15.8,40.64]},"properties":{"edcs_id":"EDCS-11400238","findspot":"Potenza / Potentia","raw_text":"D(is) M(anibus) / Calpurnius Coluber / et Fortunata [3] / Pomponio filio / qui vixit an(nos) XV d(ies) X","date_from":null,"date_to":null,"marker_gender":"mixed","is_individual":false,"edcs_url":"https://edcs.hist.uzh.ch/en/document?edcs-id=EDCS-11400238","persons":[{"nomen":"Calpurnius","gender":"male","raw_name":"Calpurnius Coluber","cognomen":"Coluber"},{"nomen":"","gender":"female","raw_name":"Fortunata [3]","cognomen":"Fortunata"},{"nomen":"Pomponius","gender":"male","raw_name":"Pomponio","status":"filius"}]}},{"type":"Feature","geometry":{"type":"Point","coordinates":[15.8,40.64]},"properties":{"edcs_id":"EDCS-11400239","findspot":"Potenza / Potentia","raw_text":"Lucio Calpurnio / Laeto Faustino / [","date_from":null,"date_to":null,"marker_gender":"male","is_individual":false,"edcs_url":"https://edcs.hist.uzh.ch/en/document?edcs-id=EDCS-11400239","persons":[{"nomen":"Calpurnius","gender":"male","raw_name":"Lucio Calpurnio Laeto Faustino","praenomen":"Lucius","cognomen":"Laetus Faustinus"}]}},{"type":"Feature","geometry":{"type":"Point","coordinates":[15.8,40.64]},"properties":{"edcs_id":"EDCS-11400240","findspot":"Potenza / Potentia","raw_text":"P(ublius) Campusius / [","date_from":null,"date_to":null,"marker_gender":"male","is_individual":false,"edcs_url":"https://edcs.hist.uzh.ch/en/document?edcs-id=EDCS-11400240","persons":[{"nomen":"Campusius","gender":"male","raw_name":"P. Campusius","praenomen":"Publius"}]}},{"type":"Feature","geometry":{"type":"Point","coordinates":[15.8,40.64]},"properties":{"edcs_id":"EDCS-11400241","findspot":"Potenza / Potentia","raw_text":"D(is) M(anibus) / Cisatiae Pollae quae <v=B>ixit ann(os) / XXXVIII me(n)s(es) VIIII Figelius / Atimetus co(n)iugi cum quo vixit / a(nnos) XXVII m(enses) XI et Figellia / Procula filia matri b(ene) m(erenti)","date_from":null,"date_to":null,"marker_gender":"mixed","is_individual":false,"edcs_url":"https://edcs.hist.uzh.ch/en/document?edcs-id=EDCS-11400241","persons":[{"nomen":"Cisatia","gender":"female","raw_name":"Cisatiae Pollae","cognomen":"Polla"},{"nomen":"Figelius","gender":"male","raw_name":"Figelius Atimetus","cognomen":"Atimetus","status":"coniunx"},{"nomen":"Figellia","gender":"female","raw_name":"Figellia Procula","cognomen":"Procula","status":"filia, mater"}]}},{"type":"Feature","geometry":{"type":"Point","coordinates":[15.8,40.64]},"properties":{"edcs_id":"EDCS-11400242","findspot":"Potenza / Potentia","raw_text":"D(is) M(anibus) / Gaudentio marito / bene mer(enti) qui vixit / p(lus) m(inus) [annos] XXX / Erc[l]ania uxor fecit","date_from":null,"date_to":null,"marker_gender":"mixed","is_individual":false,"edcs_url":"https://edcs.hist.uzh.ch/en/document?edcs-id=EDCS-11400242","persons":[{"nomen":"","gender":"male","raw_name":"Gaudentio","cognomen":"Gaudentius","status":"maritus"},{"nomen":"Erclania","gender":"female","raw_name":"Erc[l]ania","status":"uxor"}]}},{"type":"Feature","geometry":{"type":"Point","coordinates":[15.8,40.64]},"properties":{"edcs_id":"EDCS-11400243","findspot":"Potenza / Potentia","raw_text":"D(is) M(anibus) / Gaviae Primae / vix(it) an(nos) XX m(enses) II / Amanda mater / filiae dulcissi/mae b(ene) m(erenti) fecit","date_from":null,"date_to":null,"marker_gender":"female","is_individual":false,"edcs_url":"https://edcs.hist.uzh.ch/en/document?edcs-id=EDCS-11400243","persons":[{"nomen":"Gavia","gender":"female","raw_name":"Gaviae Primae","cognomen":"Prima","status":"filia"},{"nomen":"","gender":"female","raw_name":"Amanda","cognomen":"Amanda","status":"mater"}]}},{"type":"Feature","geometry":{"type":"Point","coordinates":[15.8,40.64]},"properties":{"edcs_id":"EDCS-11400244","findspot":"Potenza / Potentia","raw_text":"Ufian[3] / vixit [3] / Hermes [","date_from":null,"date_to":null,"marker_gender":"male","is_individual":false,"edcs_url":"https://edcs.hist.uzh.ch/en/document?edcs-id=EDCS-11400244","persons":[{"nomen":"","gender":"male","raw_name":"Hermes","cognomen":"Hermes"}]}},{"type":"Feature","geometry":{"type":"Point","coordinates":[15.8,40.64]},"properties":{"edcs_id":"EDCS-11400245","findspot":"Potenza / Potentia","raw_text":"M(arcus) Insteius / Meleager sibi / et M(arco) Insteio / Firmo filio","date_from":null,"date_to":null,"marker_gender":"male","is_individual":false,"edcs_url":"https://edcs.hist.uzh.ch/en/document?edcs-id=EDCS-11400245","persons":[{"nomen":"Insteius","gender":"male","raw_name":"M. Insteius Meleager","praenomen":"Marcus","cognomen":"Meleager"},{"nomen":"Insteius","gender":"male","raw_name":"M. Insteio Firmo","praenomen":"Marcus","cognomen":"Firmus","status":"filius"}]}},{"type":"Feature","geometry":{"type":"Point","coordinates":[15.8,40.64]},"properties":{"edcs_id":"EDCS-11400246","findspot":"Potenza / Potentia","raw_text":"D(is) M(anibus) / Iulio Claudio / Leonide / Cornelia Restituta / co(n)iugi / b(ene) m(erenti) p(osuit)","date_from":null,"date_to":null,"marker_gender":"mixed","is_individual":false,"edcs_url":"https://edcs.hist.uzh.ch/en/document?edcs-id=EDCS-11400246","persons":[{"nomen":"Iulius","gender":"male","raw_name":"Iulio Claudio Leonide","cognomen":"Claudius Leonidas"},{"nomen":"Cornelia","gender":"female","raw_name":"Cornelia Restituta","cognomen":"Restituta","status":"coniunx"}]}},{"type":"Feature","geometry":{"type":"Point","coordinates":[15.8,40.64]},"properties":{"edcs_id":"EDCS-11400247","findspot":"Potenza / Potentia","raw_text":"Dis Man[ibus] / Luxiliae M(arci) |(mulieris) l(ibertae) Dec[3] / Luxiliae |(mulieris) l(ibertae) Hice[3] / matri et contu[bernali] / M(arcus) Appius M(arci) l(ibertus) Primi[3] / bene merent[ibus] / posuit","date_from":null,"date_to":null,"marker_gender":"mixed","is_individual":false,"edcs_url":"https://edcs.hist.uzh.ch/en/document?edcs-id=EDCS-11400247","persons":[{"nomen":"Luxilia","gender":"female","raw_name":"Luxiliae M. l. Dec[3]","status":"liberta"},{"nomen":"Luxilia","gender":"female","raw_name":"Luxiliae l. Hice[3]","status":"liberta, mater"},{"nomen":"Appius","gender":"male","raw_name":"M. Appius M. l. Primi[3]","praenomen":"Marcus","cognomen":"Primigenius","status":"libertus"}]}},{"type":"Feature","geometry":{"type":"Point","coordinates":[15.8,40.64]},"properties":{"edcs_id":"EDCS-11400249","findspot":"Potenza / Potentia","raw_text":"D(is) M(anibus) / Neapolidi / Potent(inae) / v(ixit) a(nnum) I m(enses) IIII / M(arcus) Helvius Acce/ptus [","date_from":null,"date_to":null,"marker_gender":"mixed","is_individual":false,"edcs_url":"https://edcs.hist.uzh.ch/en/document?edcs-id=EDCS-11400249","persons":[{"nomen":"","gender":"female","raw_name":"Neapolidi Potent(inae)","cognomen":"Neapolis","status":"potens"},{"nomen":"Helvius","gender":"male","raw_name":"M. Helvius Acceptus","praenomen":"Marcus","cognomen":"Acceptus"}]}},{"type":"Feature","geometry":{"type":"Point","coordinates":[15.8,40.64]},"properties":{"edcs_id":"EDCS-11400250","findspot":"Potenza / Potentia","raw_text":"]M / XXVIII [3] VII / NA[3] Nic/ostratia / et Ven[3]i / sorori b(ene) m(erenti) f(ecit)","date_from":null,"date_to":null,"marker_gender":"female","is_individual":false,"edcs_url":"https://edcs.hist.uzh.ch/en/document?edcs-id=EDCS-11400250","persons":[{"nomen":"","gender":"female","raw_name":"Nicostratia","cognomen":"Nicostratia"}]}},{"type":"Feature","geometry":{"type":"Point","coordinates":[15.8,40.64]},"properties":{"edcs_id":"EDCS-11400251","findspot":"Potenza / Potentia","raw_text":"D(is) M(anibus) / P(ublio) Pletorio / [Fl]avo Pletorius / [3]cres[","date_from":null,"date_to":null,"marker_gender":"male","is_individual":false,"edcs_url":"https://edcs.hist.uzh.ch/en/document?edcs-id=EDCS-11400251","persons":[{"nomen":"Pletorius","gender":"male","raw_name":"P. Pletorio [Fl]avo","praenomen":"Publius","cognomen":"Flavus"},{"nomen":"Pletorius","gender":"male","raw_name":"Pletorius [3]cres["}]}},{"type":"Feature","geometry":{"type":"Point","coordinates":[15.8,40.64]},"properties":{"edcs_id":"EDCS-11400252","findspot":"Potenza / Potentia","raw_text":"Pletoriae / Nigrinae coniugi / <b=V>ene merenti / Annius Restitu/tus et sibi se / vi<v=B>o posuit","date_from":null,"date_to":null,"marker_gender":"mixed","is_individual":false,"edcs_url":"https://edcs.hist.uzh.ch/en/document?edcs-id=EDCS-11400252","persons":[{"nomen":"Pletoria","gender":"female","raw_name":"Pletoriae Nigrinae","cognomen":"Nigrina","status":"coniunx, bene merens"},{"nomen":"Annius","gender":"male","raw_name":"Annius Restitutus","cognomen":"Restitutus"}]}},{"type":"Feature","geometry":{"type":"Point","coordinates":[15.8,40.64]},"properties":{"edcs_id":"EDCS-11400253","findspot":"Potenza / Potentia","raw_text":"D(is) M(anibus) / [3]vatia Potita / Metio Potito / fratri karis/simo","date_from":null,"date_to":null,"marker_gender":"mixed","is_individual":false,"edcs_url":"https://edcs.hist.uzh.ch/en/document?edcs-id=EDCS-11400253","persons":[{"nomen":"","gender":"female","raw_name":"[3]vatia Potita","cognomen":"Potita"},{"nomen":"Metius","gender":"male","raw_name":"Metio Potito","cognomen":"Potitus","status":"frater karissimus","cluster_id":557,"cluster_size":2}]}},{"type":"Feature","geometry":{"type":"Point","coordinates":[15.8,40.64]},"properties":{"edcs_id":"EDCS-11400254","findspot":"Potenza / Potentia","raw_text":"Facere / T(h)ymele Damal/ini fi[l]ia[e] s[u]ae / tu mih[i] [d]ebu[isti]","date_from":null,"date_to":null,"marker_gender":"female","is_individual":false,"edcs_url":"https://edcs.hist.uzh.ch/en/document?edcs-id=EDCS-11400254","persons":[{"nomen":"","gender":"female","raw_name":"T(h)ymele Damalini","cognomen":"Thymele","status":"filia Damalini"}]}},{"type":"Feature","geometry":{"type":"Point","coordinates":[15.8,40.64]},"properties":{"edcs_id":"EDCS-11400255","findspot":"Potenza / Potentia","raw_text":"N(umerio) Vibio Nov(i) f(ilio) Pom(ptina) / Flacco / Cossutiae / P(ubli) f(iliae)","date_from":null,"date_to":null,"marker_gender":"mixed","is_individual":false,"edcs_url":"https://edcs.hist.uzh.ch/en/document?edcs-id=EDCS-11400255","persons":[{"nomen":"Vibius","gender":"male","raw_name":"N(umerio) Vibio Nov(i) f(ilio) Pom(ptina) Flacco","praenomen":"Numerius","cognomen":"Flaccus","status":"filius Novii, tribus Pomptina"},{"nomen":"Cossutia","gender":"female","raw_name":"Cossutiae P(ubli) f(iliae)","status":"filia Publii"}]}},{"type":"Feature","geometry":{"type":"Point","coordinates":[15.8,40.64]},"properties":{"edcs_id":"EDCS-11400256","findspot":"Potenza / Potentia","raw_text":"D(is) M(anibus) / Vibinae Felici(ae) / vix(it) an(nos) XVII / Vesonia mater / f(iliae) b(ene merenti) p(osuit)","date_from":null,"date_to":null,"marker_gender":"female","is_individual":false,"edcs_url":"https://edcs.hist.uzh.ch/en/document?edcs-id=EDCS-11400256","persons":[{"nomen":"Vibina","gender":"female","raw_name":"Vibinae Felici(ae)","cognomen":"Felix"},{"nomen":"Vesonia","gender":"female","raw_name":"Vesonia","status":"mater"}]}},{"type":"Feature","geometry":{"type":"Point","coordinates":[15.8,40.64]},"properties":{"edcs_id":"EDCS-11400257","findspot":"Potenza / Potentia","raw_text":"D(is) M(anibus) / Vitaliae vix(it) ann(os) XVI / posuit mater / filiae pientissim(ae)","date_from":171,"date_to":300,"marker_gender":"female","is_individual":false,"edcs_url":"https://edcs.hist.uzh.ch/en/document?edcs-id=EDCS-11400257","persons":[{"nomen":"Vitalia","gender":"female","raw_name":"Vitaliae"}]}},{"type":"Feature","geometry":{"type":"Point","coordinates":[15.8,40.64]},"properties":{"edcs_id":"EDCS-11400258","findspot":"Potenza / Potentia","raw_text":"N(umerius) Vitellius Pac() f(ilius) [3] / N() facien(dum) co[eravit]","date_from":null,"date_to":null,"marker_gender":"male","is_individual":false,"edcs_url":"https://edcs.hist.uzh.ch/en/document?edcs-id=EDCS-11400258","persons":[{"nomen":"Vitellius","gender":"male","raw_name":"N(umerius) Vitellius Pac() f(ilius)","praenomen":"Numerius","status":"filius Pac()"}]}},{"type":"Feature","geometry":{"type":"Point","coordinates":[15.8,40.64]},"properties":{"edcs_id":"EDCS-11400259","findspot":"Potenza / Potentia","raw_text":"] / Umbennoniae Feli/cianeni co(n)iugi suae / cum qua vixit annis / XLV et posterisq(ue) fecit","date_from":null,"date_to":null,"marker_gender":"female","is_individual":false,"edcs_url":"https://edcs.hist.uzh.ch/en/document?edcs-id=EDCS-11400259","persons":[{"nomen":"Umbennonia","gender":"female","raw_name":"Umbennoniae Felicianeni","cognomen":"Feliciana","status":"coniunx"}]}},{"type":"Feature","geometry":{"type":"Point","coordinates":[15.8,40.64]},"properties":{"edcs_id":"EDCS-11400264","findspot":"Potenza / Potentia","raw_text":"Hic req(uiescit) in pac(e) Simplex / nom(ine) Livania q(uae) v(ixit) sub inco(m)/parabili <g=C>r[a]tia Paul(i?) Iust(i?) / ann(os) XIII quos neq(ue) dies neq(ue) / nox inven(tos?) ir[a]tos et defunc(ta) / est ann(orum) pl(us) m(inus) XXX s(ub) d(ie) Id(ibus) Iul(iis) / ind(ictione) VI p(ost) c(onsulatum) M[a]borti et coniu/r[a]t per diem tremendi iudi/cii ne quis hoc aliquando / audeat violare sepulcrum","date_from":null,"date_to":null,"marker_gender":"mixed","is_individual":false,"edcs_url":"https://edcs.hist.uzh.ch/en/document?edcs-id=EDCS-11400264","persons":[{"nomen":"","gender":"male","raw_name":"Simplex","cognomen":"Simplex"},{"nomen":"","gender":"female","raw_name":"Livania","cognomen":"Livania"},{"nomen":"","gender":"male","raw_name":"Paul(i)","cognomen":"Paulus"},{"nomen":"","gender":"male","raw_name":"Iust(i)","cognomen":"Iustus"}]}},{"type":"Feature","geometry":{"type":"Point","coordinates":[15.82,40.38]},"properties":{"edcs_id":"EDCS-11400266","findspot":"Marsicovetere","raw_text":"D(is) M(anibus) s(acrum) / Bruttio / Luperco / b(ene) m(erenti) patro/nus fieri / iussit","date_from":null,"date_to":null,"marker_gender":"male","is_individual":false,"edcs_url":"https://edcs.hist.uzh.ch/en/document?edcs-id=EDCS-11400266","persons":[{"nomen":"Bruttius","gender":"male","raw_name":"Bruttio Luperco","cognomen":"Lupercus"}]}},{"type":"Feature","geometry":{"type":"Point","coordinates":[15.82,40.38]},"properties":{"edcs_id":"EDCS-11400267","findspot":"Marsicovetere","raw_text":"] Bruttius Sabinus / co(n)iugi karissim(ae) / cum q(ua) vix(it) an(nos) XXV / III men(ses) IIII d(ies) X quae / vix(it) ann(os) XLI m(enses) VI d(ies) V / aeterne domui / memoriam pieta/tis feci","date_from":null,"date_to":null,"marker_gender":"male","is_individual":false,"edcs_url":"https://edcs.hist.uzh.ch/en/document?edcs-id=EDCS-11400267","persons":[{"nomen":"Bruttius","gender":"male","raw_name":"Bruttius Sabinus","cognomen":"Sabinus"}]}},{"type":"Feature","geometry":null,"properties":{"edcs_id":"EDCS-11400268","findspot":"Abriola","raw_text":"Dis Manibus Calpurnius Ursio Calpurniae Rufinae matri bene merenti fecit vixit annos XLI menses VI","date_from":null,"date_to":null,"marker_gender":"mixed","is_individual":true,"edcs_url":"https://edcs.hist.uzh.ch/en/document?edcs-id=EDCS-11400268","persons":[{"nomen":"Calpurnius","gender":"male","raw_name":"Calpurnius Ursio","cognomen":"Ursio"},{"nomen":"Calpurnia","gender":"female","raw_name":"Calpurniae Rufinae","cognomen":"Rufina","status":"mater"}]}},{"type":"Feature","geometry":{"type":"Point","coordinates":[15.9,40.34]},"properties":{"edcs_id":"EDCS-11400269","findspot":"Viggiano","raw_text":"] / Const/antio / filio / du(l)cissimo","date_from":251,"date_to":350,"marker_gender":"male","is_individual":false,"edcs_url":"https://edcs.hist.uzh.ch/en/document?edcs-id=EDCS-11400269","persons":[{"nomen":"","gender":"male","raw_name":"Const antio","cognomen":"Constantius","status":"filius"}]}},{"type":"Feature","geometry":{"type":"Point","coordinates":[15.82,40.38]},"properties":{"edcs_id":"EDCS-11400270","findspot":"Marsicovetere","raw_text":"D(is) M(anibus) / Clodia Urbi/ca T(ito) Helvio / Heufemio/ni filio kar(issimo) / q(ui) vix(it) ann(os) / XVIII m(enses) III / d(ies) VII","date_from":null,"date_to":null,"marker_gender":"mixed","is_individual":false,"edcs_url":"https://edcs.hist.uzh.ch/en/document?edcs-id=EDCS-11400270","persons":[{"nomen":"Clodia","gender":"female","raw_name":"Clodia Urbica","cognomen":"Urbica"},{"nomen":"Helvius","gender":"male","raw_name":"T. Helvio Heufemioni","praenomen":"Titus","cognomen":"Heufemio","status":"filius"}]}},{"type":"Feature","geometry":{"type":"Point","coordinates":[15.82,40.38]},"properties":{"edcs_id":"EDCS-11400271","findspot":"Marsicovetere","raw_text":"Q(uintus) Dinius Vemes et / Clodia Amicissim<a=E> / mater et pater / Q(uinto) Dinio Amicissimo / filio carissimo / q(ui) vixit annos / XI me(n)ses X / sero q(uievit?)","date_from":null,"date_to":null,"marker_gender":"mixed","is_individual":false,"edcs_url":"https://edcs.hist.uzh.ch/en/document?edcs-id=EDCS-11400271","persons":[{"nomen":"Dinius","gender":"male","raw_name":"Q. Dinius Vemes","praenomen":"Quintus","cognomen":"Vemes","status":"pater"},{"nomen":"Clodia","gender":"female","raw_name":"Clodia Amicissima","cognomen":"Amicissima","status":"mater"},{"nomen":"Dinius","gender":"male","raw_name":"Q. Dinio Amicissimo","praenomen":"Quintus","cognomen":"Amicissimus","status":"filius"}]}},{"type":"Feature","geometry":{"type":"Point","coordinates":[15.82,40.38]},"properties":{"edcs_id":"EDCS-11400272","findspot":"Marsicovetere","raw_text":"Dirvitia P(ubli) f(ilia) Tertia / sibi et / [P(ublio)] Dirvitio P(ubli) f(ilio) Siloni / patri / [A]nniae Q(uinti) f(iliae) matri","date_from":null,"date_to":null,"marker_gender":"mixed","is_individual":false,"edcs_url":"https://edcs.hist.uzh.ch/en/document?edcs-id=EDCS-11400272","persons":[{"nomen":"Dirvitia","gender":"female","raw_name":"Dirvitia P. f. Tertia","cognomen":"Tertia","status":"filia Publii"},{"nomen":"Dirvitius","gender":"male","raw_name":"[P.] Dirvitio P. f. Siloni","praenomen":"Publius","cognomen":"Silo","status":"pater, filius Publii"},{"nomen":"Annia","gender":"female","raw_name":"[A]nniae Q. f.","status":"mater, filia Quinti"}]}},{"type":"Feature","geometry":{"type":"Point","coordinates":[15.9,40.34]},"properties":{"edcs_id":"EDCS-11400273","findspot":"Viggiano","raw_text":"Filiae pul[chr]issim(a)e / Faust(a)e / Hercuens e(t) Mimara / [3]TIM[3] c(arissimae) f(iliae) fecerunt","date_from":null,"date_to":null,"marker_gender":"female","is_individual":false,"edcs_url":"https://edcs.hist.uzh.ch/en/document?edcs-id=EDCS-11400273","persons":[{"nomen":"","gender":"female","raw_name":"Faust(a)e","cognomen":"Fausta","status":"filia, carissima"},{"nomen":"","gender":"unknown","raw_name":"Hercuens","cognomen":"Hercuens"},{"nomen":"","gender":"unknown","raw_name":"Mimara","cognomen":"Mimara"}]}},{"type":"Feature","geometry":{"type":"Point","coordinates":[15.9,40.34]},"properties":{"edcs_id":"EDCS-11400274","findspot":"Viggiano","raw_text":"Felicissima / mater Feli/ci(a)e fili(a)e bene / merenti fe(cit) / qu(a)e <v=B>ixit an(nos) / XXX","date_from":251,"date_to":300,"marker_gender":"female","is_individual":false,"edcs_url":"https://edcs.hist.uzh.ch/en/document?edcs-id=EDCS-11400274","persons":[{"nomen":"","gender":"female","raw_name":"Felicissima","cognomen":"Felicissima","status":"mater"},{"nomen":"","gender":"female","raw_name":"Feli ci(a)e fili(a)e","cognomen":"Felicia","status":"filia"}]}},{"type":"Feature","geometry":{"type":"Point","coordinates":[15.73,40.38]},"properties":{"edcs_id":"EDCS-11400275","findspot":"Paterno / Potentia","raw_text":"] / Fortunati/ano Labe/rius nutri/tor b(ene) m(erenti) f(ecit) / [","date_from":null,"date_to":null,"marker_gender":"male","is_individual":false,"edcs_url":"https://edcs.hist.uzh.ch/en/document?edcs-id=EDCS-11400275","persons":[{"nomen":"","gender":"male","raw_name":"Fortunatiano","cognomen":"Fortunatianus"},{"nomen":"Laberius","gender":"male","raw_name":"Laberius","status":"nutritor"}]}},{"type":"Feature","geometry":{"type":"Point","coordinates":[15.82,40.38]},"properties":{"edcs_id":"EDCS-11400276","findspot":"Marsicovetere","raw_text":"be]/ne merenti / Marcellus / fecit","date_from":null,"date_to":null,"marker_gender":"male","is_individual":false,"edcs_url":"https://edcs.hist.uzh.ch/en/document?edcs-id=EDCS-11400276","persons":[{"nomen":"","gender":"male","raw_name":"Marcellus","cognomen":"Marcellus"}]}},{"type":"Feature","geometry":{"type":"Point","coordinates":[15.82,40.38]},"properties":{"edcs_id":"EDCS-11400277","findspot":"Marsicovetere","raw_text":"Maecio Vitali co(n)iugi / dulcissimo et inco<m=N>para/bili bene merenti fe/cit Felicissima / cum quo vixit annis / XXV m(enses) VII d(ies) XV","date_from":null,"date_to":null,"marker_gender":"mixed","is_individual":false,"edcs_url":"https://edcs.hist.uzh.ch/en/document?edcs-id=EDCS-11400277","persons":[{"nomen":"Maecius","gender":"male","raw_name":"Maecio Vitali","cognomen":"Vitalis","status":"coniunx"},{"nomen":"","gender":"female","raw_name":"Felicissima","cognomen":"Felicissima"}]}},{"type":"Feature","geometry":{"type":"Point","coordinates":[15.9,40.34]},"properties":{"edcs_id":"EDCS-11400278","findspot":"Viggiano","raw_text":"Pactumeius Pri/mus MPVRCLCERVLL[3]/ius [Pa]ct[u]m[e]iae / Primae fi<l=NE>(iae) MIICEX / ERVRI quae v(ixit) an(nos) V / me(nses) XII [d]ies IIII","date_from":null,"date_to":null,"marker_gender":"mixed","is_individual":false,"edcs_url":"https://edcs.hist.uzh.ch/en/document?edcs-id=EDCS-11400278","persons":[{"nomen":"Pactumeius","gender":"male","raw_name":"Pactumeius Pri mus","cognomen":"Primus"},{"nomen":"Pactumeia","gender":"female","raw_name":"[Pa]ct[u]m[e]iae   Primae","cognomen":"Prima","status":"filia"}]}},{"type":"Feature","geometry":null,"properties":{"edcs_id":"EDCS-11400279","findspot":"Abriola","raw_text":"Filio Probincio bene merenti qui vixit annos XXXV Bigilia fecit quod debuit filius","date_from":null,"date_to":null,"marker_gender":"mixed","is_individual":true,"edcs_url":"https://edcs.hist.uzh.ch/en/document?edcs-id=EDCS-11400279","persons":[{"nomen":"","gender":"male","raw_name":"Probincio","cognomen":"Probincius","status":"filius"},{"nomen":"","gender":"female","raw_name":"Bigilia","cognomen":"Bigilia"}]}},{"type":"Feature","geometry":{"type":"Point","coordinates":[15.82,40.38]},"properties":{"edcs_id":"EDCS-11400280","findspot":"Marsicovetere","raw_text":"] Quarti / Lentonis / mater","date_from":null,"date_to":null,"marker_gender":"male","is_individual":false,"edcs_url":"https://edcs.hist.uzh.ch/en/document?edcs-id=EDCS-11400280","persons":[{"nomen":"","gender":"male","raw_name":"Quarti","cognomen":"Quartus"},{"nomen":"","gender":"male","raw_name":"Lentonis","cognomen":"Lento"}]}},{"type":"Feature","geometry":{"type":"Point","coordinates":[15.82,40.38]},"properties":{"edcs_id":"EDCS-11400281","findspot":"Marsicovetere","raw_text":"Quintus et / Siumus Qui/ntiliano pa/tri bene mere/nti qui vixit / ann(os) LXX m(enses) IIII","date_from":null,"date_to":null,"marker_gender":"male","is_individual":false,"edcs_url":"https://edcs.hist.uzh.ch/en/document?edcs-id=EDCS-11400281","persons":[{"nomen":"","gender":"male","raw_name":"Quintus","cognomen":"Quintus"},{"nomen":"","gender":"male","raw_name":"Siumus","cognomen":"Siumus"},{"nomen":"","gender":"male","raw_name":"Quintiliano","cognomen":"Quintilianus","status":"pater"}]}},{"type":"Feature","geometry":{"type":"Point","coordinates":[15.82,40.38]},"properties":{"edcs_id":"EDCS-11400282","findspot":"Marsicovetere","raw_text":"D(is) M(anibus) s(acrum) / T() Stabilio / [3]T[3]LAN[3] / [3] quae / [3]ae vi/[xit] annis LXI / [e(x)] t(estamento) f(ieri) i(ussit) s(ibi)","date_from":null,"date_to":null,"marker_gender":"male","is_individual":false,"edcs_url":"https://edcs.hist.uzh.ch/en/document?edcs-id=EDCS-11400282","persons":[{"nomen":"","gender":"male","raw_name":"T. Stabilio","cognomen":"Stabilio"}]}},{"type":"Feature","geometry":{"type":"Point","coordinates":[15.82,40.38]},"properties":{"edcs_id":"EDCS-11400283","findspot":"Marsicovetere","raw_text":"ERSI() Vrsulus / patron(us) Hilari/ano lib(erto) be/ne merenti / fec(it) q(ui) vix(it) / an(nos) [3] m(enses) S() / [3] XXVII","date_from":null,"date_to":null,"marker_gender":"male","is_individual":false,"edcs_url":"https://edcs.hist.uzh.ch/en/document?edcs-id=EDCS-11400283","persons":[{"nomen":"","gender":"male","raw_name":"Vrsulus","cognomen":"Ursulus","status":"patronus"},{"nomen":"","gender":"male","raw_name":"Hilariano","cognomen":"Hilarianus","status":"libertus"}]}},{"type":"Feature","geometry":{"type":"Point","coordinates":[15.82,40.38]},"properties":{"edcs_id":"EDCS-11400284","findspot":"Marsicovetere","raw_text":"Zenoni / Zena<e=I> fratri / pio fecit","date_from":null,"date_to":null,"marker_gender":"male","is_individual":false,"edcs_url":"https://edcs.hist.uzh.ch/en/document?edcs-id=EDCS-11400284","persons":[{"nomen":"","gender":"male","raw_name":"Zenoni","cognomen":"Zeno"},{"nomen":"","gender":"male","raw_name":"Zenae","cognomen":"Zena","status":"frater, pius"}]}},{"type":"Feature","geometry":{"type":"Point","coordinates":[15.73,40.38]},"properties":{"edcs_id":"EDCS-11400285","findspot":"Paterno / Potentia","raw_text":"]onius Q(uinti) l(ibertus) C[3] / [3]imus frater [3] / [3]lonius Q(uinti) l(ibertus) / fe[cer(unt)]","date_from":null,"date_to":null,"marker_gender":"male","is_individual":false,"edcs_url":"https://edcs.hist.uzh.ch/en/document?edcs-id=EDCS-11400285","persons":[{"nomen":"onius","gender":"male","raw_name":"]onius Q(uinti) l(ibertus)","status":"libertus Quinti"},{"nomen":"","gender":"male","raw_name":"[3]imus","cognomen":"imus","status":"frater"},{"nomen":"lonius","gender":"male","raw_name":"[3]lonius Q(uinti) l(ibertus)","status":"libertus Quinti"}]}},{"type":"Feature","geometry":{"type":"Point","coordinates":[15.89,40.28]},"properties":{"edcs_id":"EDCS-11400288","findspot":"Grumento Nova / Grumentum","raw_text":"Pietas Sec[un]/di contuber(nalis) mag(istra) / arcum et cande/labrum Iunoni / d(e) s(uo) d(onum) d(at)","date_from":51,"date_to":200,"marker_gender":"mixed","is_individual":false,"edcs_url":"https://edcs.hist.uzh.ch/en/document?edcs-id=EDCS-11400288","persons":[{"nomen":"","gender":"female","raw_name":"Pietas","cognomen":"Pietas","status":"contubernalis, magistra","is_deity":true,"cluster_confidence":"excluded"},{"nomen":"","gender":"male","raw_name":"Sec[un] di","cognomen":"Secundus"}]}},{"type":"Feature","geometry":{"type":"Point","coordinates":[15.89,40.28]},"properties":{"edcs_id":"EDCS-11400290","findspot":"Grumento Nova / Grumentum","raw_text":"Soli Invicto / M<i=Y>thrae / T(itus) Fl(avius) / Saturninus / evoc(atus) Augg(ustorum) nn(ostrorum)","date_from":null,"date_to":null,"marker_gender":"male","is_individual":false,"edcs_url":"https://edcs.hist.uzh.ch/en/document?edcs-id=EDCS-11400290","persons":[{"nomen":"Flavius","gender":"male","raw_name":"T(itus) Fl(avius) Saturninus","praenomen":"Titus","cognomen":"Saturninus","status":"evocatus Augustorum"}]}},{"type":"Feature","geometry":{"type":"Point","coordinates":[15.89,40.28]},"properties":{"edcs_id":"EDCS-11400291","findspot":"Grumento Nova / Grumentum","raw_text":"Silvano deo / sacr(um) / Q(uintus) Vibiedius Philargyrus / minist(er) Lar(um) Aug(ustorum) et Aug(ustalis) / Merc(urialis) tect<a=V>m mensam / lapid(eam) aram voto susc(epto) / e m(onitu) d(e) s(ua) p(ecunia) f(ecit)","date_from":null,"date_to":null,"marker_gender":"male","is_individual":false,"edcs_url":"https://edcs.hist.uzh.ch/en/document?edcs-id=EDCS-11400291","persons":[{"nomen":"Vibiedius","gender":"male","raw_name":"Q(uintus) Vibiedius Philargyrus","praenomen":"Quintus","cognomen":"Philargyrus","status":"minister Larum Augustorum, Augustalis Mercurialis","cluster_id":376,"cluster_size":2}]}},{"type":"Feature","geometry":{"type":"Point","coordinates":[15.89,40.28]},"properties":{"edcs_id":"EDCS-11400293","findspot":"Grumento Nova / Grumentum","raw_text":"Ti(berio) Caesari divi / Augusti f(ilio) Augusto / co(n)s(uli) (!) pont(ifici) max(imo) trib(unicia) pot(estate) / XVII / d(ecreto) d(ecurionum) p(ublice)","date_from":15,"date_to":16,"marker_gender":"male","is_individual":false,"edcs_url":"https://edcs.hist.uzh.ch/en/document?edcs-id=EDCS-11400293","persons":[{"nomen":"","gender":"male","raw_name":"Ti(berio) Caesari","praenomen":"Tiberius","cognomen":"Caesar","status":"Augustus, consul, pontifex maximus, tribunicia potestate","is_imperial":true}]}},{"type":"Feature","geometry":{"type":"Point","coordinates":[15.89,40.28]},"properties":{"edcs_id":"EDCS-11400294","findspot":"Grumento Nova / Grumentum","raw_text":"Imp(eratori) Caesari / divi Traiani Part(hici) [f(ilio)] / divi Nervae nep(oti) / Traiano Hadriano Aug(usto) / pont(ifici) max(imo) tr(ibunicia) pot(estate) III / co(n)s(uli) III / L(ucius) Aquilius Mamius / aed(ilis) pr(aetor) IIvir q(uinquennalis) / ob hon(orem) augur(atus) / d(onum) d(edit)","date_from":119,"date_to":119,"marker_gender":"male","is_individual":false,"edcs_url":"https://edcs.hist.uzh.ch/en/document?edcs-id=EDCS-11400294","persons":[{"nomen":"","gender":"male","raw_name":"Traiano Hadriano Aug(usto)","cognomen":"Traianus Hadrianus","status":"Imperator Caesar, Augustus, pontifex maximus, tribunicia potestate, consul","is_imperial":true},{"nomen":"Aquilius","gender":"male","raw_name":"L(ucius) Aquilius Mamius","praenomen":"Lucius","cognomen":"Mamius","status":"aedilis, praetor, duumvir quinquennalis"}]}},{"type":"Feature","geometry":{"type":"Point","coordinates":[15.89,40.28]},"properties":{"edcs_id":"EDCS-11400295","findspot":"Grumento Nova / Grumentum","raw_text":"[Fur]iae Sabini[ae] / Tranquil[l]inae / Aug(ustae) / co(n)iugi d(omini) n(ostri) publ(ice) / d(onum) d(edit)","date_from":241,"date_to":244,"marker_gender":"female","is_individual":false,"edcs_url":"https://edcs.hist.uzh.ch/en/document?edcs-id=EDCS-11400295","persons":[{"nomen":"Furia","gender":"female","raw_name":"[Fur]iae Sabini[ae] Tranquil[l]inae","cognomen":"Sabinia Tranquillina","status":"Augusta, coniunx domini nostri","is_imperial":true}]}},{"type":"Feature","geometry":{"type":"Point","coordinates":[15.89,40.28]},"properties":{"edcs_id":"EDCS-11400297","findspot":"Grumento Nova / Grumentum","raw_text":"C(aio) Passienio C(ai) f(ilio) Scap(tia) / Cossonio Scipioni / Orfito c(larissimo) v(iro) auguri / publ(ico) p(opuli) R(omani) Quir(itum) adlec(to) / inter patric(ios) prae[t(ori)] / candid(ato) cur(atori) r(ei) p(ublicae) S[u]/trinorum q(uaestori) urb(ano) / Xvir(o) s<t=C>lit(ibus) iud(icandis) / seviro equit(um) Rom(anorum) / populus aere conl(ato) d(onum) d(edit)","date_from":null,"date_to":null,"marker_gender":"male","is_individual":false,"edcs_url":"https://edcs.hist.uzh.ch/en/document?edcs-id=EDCS-11400297","persons":[{"nomen":"Passienius","gender":"male","raw_name":"C(aio) Passienio C(ai) f(ilio) Scap(tia) Cossonio Scipioni Orfito","praenomen":"Gaius","cognomen":"Cossonius Scipio Orfitus","status":"filius Caii, tribus Scaptia, clarissimus vir, augur publicus, adlectus inter patricios, praetor, candidatus, curator rei publicae, quaestor urbanus, decemvir stlitibus iudicandis, sevir equitum Romanorum"}]}},{"type":"Feature","geometry":{"type":"Point","coordinates":[15.89,40.28]},"properties":{"edcs_id":"EDCS-11400298","findspot":"Grumento Nova / Grumentum","raw_text":"Rullus Festus / v(ir) c(larissimus) / corr(ector) Luc(aniae) et Br<u=I>t(tiorum) / ad ornatum / thermarum / conlocavit","date_from":null,"date_to":null,"marker_gender":"male","is_individual":false,"edcs_url":"https://edcs.hist.uzh.ch/en/document?edcs-id=EDCS-11400298","persons":[{"nomen":"","gender":"male","raw_name":"Rullus Festus","cognomen":"Rullus Festus","status":"vir clarissimus, corrector Lucaniae et Bruttiorum"}]}},{"type":"Feature","geometry":{"type":"Point","coordinates":[15.89,40.28]},"properties":{"edcs_id":"EDCS-11400300","findspot":"Grumento Nova / Grumentum","raw_text":"D(is) M(anibus) / Aelio Digno b(ene)f(iciario) / p(raefectorum) praetorio ee(minentissimorum) vv(irorum) / qui vixit ann(os) [3] / milita<v=B>it a[nnos 3] / Iulia Vera[3]/ia uxor c[oniugi] / bene mer[enti fe]/cit cu[m quo] / vix[it annos","date_from":201,"date_to":300,"marker_gender":"mixed","is_individual":false,"edcs_url":"https://edcs.hist.uzh.ch/en/document?edcs-id=EDCS-11400300","persons":[{"nomen":"Aelius","gender":"male","raw_name":"Aelio Digno","cognomen":"Dignus","status":"beneficiarius praefectorum praetorio"},{"nomen":"Iulia","gender":"female","raw_name":"Iulia Vera[3] ia","cognomen":"Veria","status":"uxor"}]}},{"type":"Feature","geometry":{"type":"Point","coordinates":[15.89,40.28]},"properties":{"edcs_id":"EDCS-11400301","findspot":"Grumento Nova / Grumentum","raw_text":"D(is) M(anibus) / Aeli Marciani / mil(itis) coh(ortis) VI pr(aetoriae) P(iae) V(indicis) / G(ordianae) Maxim(a)e st(i)p(endiorum) / XII huic pecun(ia) / eiusdem Marci/ani Valerius / Valerianus evo<c=K>(atus) / faciundum / curavit","date_from":238,"date_to":244,"marker_gender":"male","is_individual":false,"edcs_url":"https://edcs.hist.uzh.ch/en/document?edcs-id=EDCS-11400301","persons":[{"nomen":"Aelius","gender":"male","raw_name":"Aeli Marciani","cognomen":"Marcianus","status":"miles cohortis VI praetoriae"},{"nomen":"Valerius","gender":"male","raw_name":"Valerius Valerianus","cognomen":"Valerianus","status":"evocatus"}]}},{"type":"Feature","geometry":{"type":"Point","coordinates":[15.89,40.28]},"properties":{"edcs_id":"EDCS-11400302","findspot":"Grumento Nova / Grumentum","raw_text":"]VIA[3] / Aur(elius) Asdula mil(es) / coh(ortis) V pr(a)etori(a)e / fratri ben(e) meren(ti) / qui mecu(m) labora(v)it / an(nos) XII et Fruninone / est in barbarico","date_from":null,"date_to":null,"marker_gender":"male","is_individual":false,"edcs_url":"https://edcs.hist.uzh.ch/en/document?edcs-id=EDCS-11400302","persons":[{"nomen":"Aurelius","gender":"male","raw_name":"Aur(elius) Asdula","cognomen":"Asdula","status":"miles cohortis V praetoriae"}]}},{"type":"Feature","geometry":{"type":"Point","coordinates":[15.89,40.28]},"properties":{"edcs_id":"EDCS-11400303","findspot":"Grumento Nova / Grumentum","raw_text":"P(ublio) Titio P(ubli) l(iberto!) Ampliato / cornici(ni) co(ho)r(tis) I / Aticta contuber/nali bene meren/ti fecit et sibi v(ixit) / a(nnos) XXXV","date_from":null,"date_to":null,"marker_gender":"mixed","is_individual":false,"edcs_url":"https://edcs.hist.uzh.ch/en/document?edcs-id=EDCS-11400303","persons":[{"nomen":"Titius","gender":"male","raw_name":"P(ublio) Titio P(ubli) l(iberto) Ampliato","praenomen":"Publius","cognomen":"Ampliatus","status":"libertus, cornicen cohortis I"},{"nomen":"","gender":"female","raw_name":"Aticta","cognomen":"Aticta","status":"contubernalis"}]}},{"type":"Feature","geometry":{"type":"Point","coordinates":[15.89,40.28]},"properties":{"edcs_id":"EDCS-11400305","findspot":"Grumento Nova / Grumentum","raw_text":"C(aius) Bruttius C(ai) f(ilius) / Ser(gia) aed(ilis) pro q(uaestore) / mur(um) p(edes) CC de sua / pe<c=Q>(unia) faciundum / coer(avit) P(ublio) Cornel(io) / Q(uinto) Caecil(io) co(n)s(ulibus)","date_from":null,"date_to":null,"marker_gender":"male","is_individual":false,"edcs_url":"https://edcs.hist.uzh.ch/en/document?edcs-id=EDCS-11400305","persons":[{"nomen":"Bruttius","gender":"male","raw_name":"C. Bruttius C. f.","praenomen":"Gaius","status":"filius Caii, tribus Sergia, aedilis, pro quaestore"}]}},{"type":"Feature","geometry":{"type":"Point","coordinates":[15.89,40.28]},"properties":{"edcs_id":"EDCS-11400306","findspot":"Grumento Nova / Grumentum","raw_text":"[Se]x(tus) Q(uintus) Poppaedi[e]i Sex(ti) f(ilii) / [S]er(gia) C(aius) Aebutius C(ai) f(ilius) / [G]al(eria?) aediles m<u=OE>rum / [p]edes |(mille)CC de sua / [p]e<c=Q>unia faciundu[m] / [c]oeraver(unt) Ser(vio) Sulpici[o] / M(arco) Marcello co(n)s(ulibus)","date_from":null,"date_to":null,"marker_gender":"male","is_individual":false,"edcs_url":"https://edcs.hist.uzh.ch/en/document?edcs-id=EDCS-11400306","persons":[{"nomen":"Poppaedius","gender":"male","raw_name":"[Se]x. Poppaedi[e]i Sex. f. [S]er.","praenomen":"Sextus","status":"filius Sexti, tribus Sergia, aedilis"},{"nomen":"Aebutius","gender":"male","raw_name":"C. Aebutius C. f. [G]al.","praenomen":"Gaius","status":"filius Caii, tribus Galeria, aedilis"}]}},{"type":"Feature","geometry":{"type":"Point","coordinates":[15.89,40.28]},"properties":{"edcs_id":"EDCS-11400307","findspot":"Grumento Nova / Grumentum","raw_text":"Q(uintus) Pettius Q(uinti) f(ilius) Tro(mentina) Curva / C(aius) Maecius C(ai) f(ilius) Ouf(entina) pr(aetores) / duovir(i) balneum ex / d(ecreto) d(ecuriorum) de pe<c=Q>(unia) p<u=O>b(lica) fac(iendum) cur(averunt) / Q(uintus) Pettius Q(uinti) f(ilius) probavit","date_from":null,"date_to":null,"marker_gender":"male","is_individual":false,"edcs_url":"https://edcs.hist.uzh.ch/en/document?edcs-id=EDCS-11400307","persons":[{"nomen":"Pettius","gender":"male","raw_name":"Q. Pettius Q. f. Tro. Curva","praenomen":"Quintus","cognomen":"Curva","status":"filius Quinti, tribus Tromentina, praetor, duovir"},{"nomen":"Maecius","gender":"male","raw_name":"C. Maecius C. f. Ouf.","praenomen":"Gaius","status":"filius Caii, tribus Oufentina, praetor, duovir"}]}},{"type":"Feature","geometry":{"type":"Point","coordinates":[15.89,40.28]},"properties":{"edcs_id":"EDCS-11400309","findspot":"Grumento Nova / Grumentum","raw_text":"M(arco) Aurelio M(arci) f(ilio) Pom(ptina) / Felicissimo splen(dido) equi(ti) Rom(ano)","date_from":null,"date_to":null,"marker_gender":"male","is_individual":false,"edcs_url":"https://edcs.hist.uzh.ch/en/document?edcs-id=EDCS-11400309","persons":[{"nomen":"Aurelius","gender":"male","raw_name":"M. Aurelio M. f. Pom. Felicissimo","praenomen":"Marcus","cognomen":"Felicissimus","status":"filius Marci, tribus Pomptina, splendidus eques Romanus","is_imperial":true}]}},{"type":"Feature","geometry":{"type":"Point","coordinates":[15.89,40.28]},"properties":{"edcs_id":"EDCS-11400310","findspot":"Grumento Nova / Grumentum","raw_text":"M(anio) Otacilio / M(ani) f(ilio) Pom(ptina) Basso / aedili v(ixit) a(nnos) XX/VI / M(anius) Otacilius / M(ani) f(ilius) Pom(ptina) Quintus / fil(io) pientissimo fec(it)","date_from":null,"date_to":null,"marker_gender":"male","is_individual":false,"edcs_url":"https://edcs.hist.uzh.ch/en/document?edcs-id=EDCS-11400310","persons":[{"nomen":"Otacilius","gender":"male","raw_name":"M. Otacilio M. f. Pom. Basso","praenomen":"Manius","cognomen":"Bassus","status":"filius Manii, tribus Pomptina, aedilis"},{"nomen":"Otacilius","gender":"male","raw_name":"M. Otacilius M. f. Pom. Quintus","praenomen":"Manius","cognomen":"Quintus","status":"filius Manii, tribus Pomptina"}]}},{"type":"Feature","geometry":{"type":"Point","coordinates":[15.89,40.28]},"properties":{"edcs_id":"EDCS-11400311","findspot":"Grumento Nova / Grumentum","raw_text":"] Silvinus aed(ilis) [3] / [3]MVL[","date_from":null,"date_to":null,"marker_gender":"male","is_individual":false,"edcs_url":"https://edcs.hist.uzh.ch/en/document?edcs-id=EDCS-11400311","persons":[{"nomen":"","gender":"male","raw_name":"] Silvinus","cognomen":"Silvinus","status":"aedilis"}]}},{"type":"Feature","geometry":{"type":"Point","coordinates":[15.89,40.28]},"properties":{"edcs_id":"EDCS-11400312","findspot":"Grumento Nova / Grumentum","raw_text":"D(is) M(anibus) / C(aio) Stremponio / C(ai) f(ilio) Pom(ptina) Basso ae(dili) / pr(aetori) IIvir(o) q(uin)q(uennali) auguri / curatori rei p(ublicae) ka/lendari(i) Potentinor(um) / curator(i) muneris pe<c=Q>(uniae) / Aquillianae II q(uaestori) rei pub(licae) III / Helvia Psychario uxor / C(aius) Stremponi(us) Bassianus / et Faustina fili(i) b(ene) m(erenti) / fecerunt","date_from":201,"date_to":250,"marker_gender":"mixed","is_individual":false,"edcs_url":"https://edcs.hist.uzh.ch/en/document?edcs-id=EDCS-11400312","persons":[{"nomen":"Stremponius","gender":"male","raw_name":"C. Stremponio C. f. Pom. Basso","praenomen":"Gaius","cognomen":"Bassus","status":"filius Caii, tribus Pomptina, aedilis, praetor, duovir quinquennalis, augur, curator rei publicae, curator muneris"},{"nomen":"Helvia","gender":"female","raw_name":"Helvia Psychario","cognomen":"Psycharion","status":"uxor"},{"nomen":"Stremponius","gender":"male","raw_name":"C. Stremponi. Bassianus","praenomen":"Gaius","cognomen":"Bassianus"},{"nomen":"","gender":"female","raw_name":"Faustina","cognomen":"Faustina","status":"filia"}]}},{"type":"Feature","geometry":{"type":"Point","coordinates":[15.89,40.28]},"properties":{"edcs_id":"EDCS-11400313","findspot":"Grumento Nova / Grumentum","raw_text":"C(aio) Turcio C(ai) f(ilio) Pom(ptina) / Nebro aedil(i) pr(aetori) IIvir(o) quaes(tori) / Allidia C(ai) lib(erta) Nebris / mater filio piissimo / fecit","date_from":null,"date_to":null,"marker_gender":"mixed","is_individual":false,"edcs_url":"https://edcs.hist.uzh.ch/en/document?edcs-id=EDCS-11400313","persons":[{"nomen":"Turcius","gender":"male","raw_name":"C. Turcio C. f. Pom. Nebro","praenomen":"Gaius","cognomen":"Nebrus","status":"filius Caii, tribus Pomptina, aedilis, praetor, duovir, quaestor"},{"nomen":"Allidia","gender":"female","raw_name":"Allidia C. lib. Nebris","cognomen":"Nebris","status":"liberta Caii, mater"}]}},{"type":"Feature","geometry":{"type":"Point","coordinates":[15.89,40.28]},"properties":{"edcs_id":"EDCS-11400315","findspot":"Grumento Nova / Grumentum","raw_text":"]ttio Q(uinti) f(ilio) Pom(ptina) / [3 Ph]ilogeni dec(urioni) / [3]tiae Q(uinti) l(ibertae) Auctae / [3] matri eius / [3]EV[3]AEIVS","date_from":null,"date_to":null,"marker_gender":"mixed","is_individual":false,"edcs_url":"https://edcs.hist.uzh.ch/en/document?edcs-id=EDCS-11400315","persons":[{"nomen":"","gender":"male","raw_name":"[3 Ph]ilogeni","cognomen":"Philogenus","status":"decurio"},{"nomen":"","gender":"female","raw_name":"[3]tiae Q. l. Auctae","cognomen":"Aucta","status":"liberta Quinti"}]}},{"type":"Feature","geometry":{"type":"Point","coordinates":[15.89,40.28]},"properties":{"edcs_id":"EDCS-11400316","findspot":"Grumento Nova / Grumentum","raw_text":"L(ucius) Magius Myrtilus / C(aius) Opsius Optatus / Herc(uli) Aug(usto)","date_from":null,"date_to":null,"marker_gender":"male","is_individual":false,"edcs_url":"https://edcs.hist.uzh.ch/en/document?edcs-id=EDCS-11400316","persons":[{"nomen":"Magius","gender":"male","raw_name":"L. Magius Myrtilus","praenomen":"Lucius","cognomen":"Myrtilus","cluster_id":425,"cluster_size":2},{"nomen":"Opsius","gender":"male","raw_name":"C. Opsius Optatus","praenomen":"Gaius","cognomen":"Optatus"}]}},{"type":"Feature","geometry":{"type":"Point","coordinates":[15.89,40.28]},"properties":{"edcs_id":"EDCS-11400317","findspot":"Grumento Nova / Grumentum","raw_text":"P(ublio) Titio Viatori / Aug(ustali) Herc(ulaneo) / Crescens lib(ertus) f(aciendum) c(uravit) / sibi et Alliae Castae cont(ubernali) / b(ene) m(erenti)","date_from":51,"date_to":150,"marker_gender":"mixed","is_individual":false,"edcs_url":"https://edcs.hist.uzh.ch/en/document?edcs-id=EDCS-11400317","persons":[{"nomen":"Titius","gender":"male","raw_name":"P. Titio Viatori","praenomen":"Publius","cognomen":"Viator","status":"Augustalis Herculeus"},{"nomen":"","gender":"male","raw_name":"Crescens lib.","cognomen":"Crescens","status":"libertus"},{"nomen":"Allia","gender":"female","raw_name":"Alliae Castae","cognomen":"Casta","status":"contubernalis"}]}},{"type":"Feature","geometry":{"type":"Point","coordinates":[15.89,40.28]},"properties":{"edcs_id":"EDCS-11400318","findspot":"Grumento Nova / Grumentum","raw_text":"L(ucius) Turcius Dafnus / Aug(ustalis) Merc(urialis) sibi / et Turciae Atticae / uxori","date_from":null,"date_to":null,"marker_gender":"mixed","is_individual":false,"edcs_url":"https://edcs.hist.uzh.ch/en/document?edcs-id=EDCS-11400318","persons":[{"nomen":"Turcius","gender":"male","raw_name":"L. Turcius Dafnus","praenomen":"Lucius","cognomen":"Dafnus","status":"Augustalis Mercurialis"},{"nomen":"Turcia","gender":"female","raw_name":"Turciae Atticae","cognomen":"Attica","status":"uxor"}]}},{"type":"Feature","geometry":{"type":"Point","coordinates":[15.89,40.28]},"properties":{"edcs_id":"EDCS-11400323","findspot":"Grumento Nova / Grumentum","raw_text":"Gamo disp(ensatori) Vera / coniugi inc(omparabili) / cum q(uo) v(ixit) an/n(os) XX m(enses) IIII / ips(e) v(ixit) a(nnos) XL / b(ene) m(erenti) f(ecit)","date_from":null,"date_to":null,"marker_gender":"mixed","is_individual":false,"edcs_url":"https://edcs.hist.uzh.ch/en/document?edcs-id=EDCS-11400323","persons":[{"nomen":"","gender":"male","raw_name":"Gamo","cognomen":"Gamus","status":"dispensator"},{"nomen":"","gender":"female","raw_name":"Vera","cognomen":"Vera","status":"uxor"}]}},{"type":"Feature","geometry":{"type":"Point","coordinates":[15.89,40.28]},"properties":{"edcs_id":"EDCS-11400324","findspot":"Grumento Nova / Grumentum","raw_text":"Cani[3]io/dio fratri / Busc[in]us(!) L(uci) / <B=P>ru[tti] Crispi/ni c(larissimi) v(iri) serv(us) act(or) / b(ene) m(erenti) f(ecit) q(ui) v(ixit) a(nnos) / XXXX m(enses) IIII","date_from":null,"date_to":null,"marker_gender":"male","is_individual":false,"edcs_url":"https://edcs.hist.uzh.ch/en/document?edcs-id=EDCS-11400324","persons":[{"nomen":"","gender":"male","raw_name":"Busc[in]us","cognomen":"Buscinius","status":"servus, actor, clarissimi viri"},{"nomen":"","gender":"male","raw_name":"<B=P>ru[tti] Crispi ni","cognomen":"Pruttius","status":"pater"}]}},{"type":"Feature","geometry":{"type":"Point","coordinates":[15.89,40.28]},"properties":{"edcs_id":"EDCS-11400325","findspot":"Grumento Nova / Grumentum","raw_text":"D(is) M(anibus) / Cn(aeo) Ampudio / Custodi Luccia / Prima mater / b(ene) m(erenti) f(ecit) f(ilio)","date_from":null,"date_to":null,"marker_gender":"mixed","is_individual":false,"edcs_url":"https://edcs.hist.uzh.ch/en/document?edcs-id=EDCS-11400325","persons":[{"nomen":"Ampudius","gender":"male","raw_name":"Cn(aeo) Ampudio Custodi","praenomen":"Gnaeus","cognomen":"Custos","status":"filius"},{"nomen":"Luccia","gender":"female","raw_name":"Luccia Prima","cognomen":"Prima","status":"mater"}]}},{"type":"Feature","geometry":{"type":"Point","coordinates":[15.89,40.28]},"properties":{"edcs_id":"EDCS-11400326","findspot":"Grumento Nova / Grumentum","raw_text":"Anneiae P(ubli) f(iliae) / Secundae her(es) / ex testamento / arbitratu / [","date_from":null,"date_to":null,"marker_gender":"female","is_individual":false,"edcs_url":"https://edcs.hist.uzh.ch/en/document?edcs-id=EDCS-11400326","persons":[{"nomen":"Anneia","gender":"female","raw_name":"Anneiae P(ubli) f(iliae) Secundae","cognomen":"Secunda","status":"filia Publii"}]}},{"type":"Feature","geometry":{"type":"Point","coordinates":[15.89,40.28]},"properties":{"edcs_id":"EDCS-11400327","findspot":"Grumento Nova / Grumentum","raw_text":"C(aio) Annio C(ai) f(ilio) Pom(ptina) / Prisco / C(aius) Annius C(ai) f(ilius) Pom(ptina) / Rufinus / frater fecit","date_from":null,"date_to":null,"marker_gender":"male","is_individual":false,"edcs_url":"https://edcs.hist.uzh.ch/en/document?edcs-id=EDCS-11400327","persons":[{"nomen":"Annius","gender":"male","raw_name":"C(aio) Annio C(ai) f(ilio) Pom(ptina) Prisco","praenomen":"Gaius","cognomen":"Priscus","status":"filius Caii, tribus Pomptina"},{"nomen":"Annius","gender":"male","raw_name":"C(aius) Annius C(ai) f(ilius) Pom(ptina) Rufinus","praenomen":"Gaius","cognomen":"Rufinus","status":"filius Caii, tribus Pomptina, frater"}]}},{"type":"Feature","geometry":{"type":"Point","coordinates":[15.89,40.28]},"properties":{"edcs_id":"EDCS-11400328","findspot":"Grumento Nova / Grumentum","raw_text":"[3]annia L(uci) l(iberta) D[","date_from":null,"date_to":null,"marker_gender":"female","is_individual":false,"edcs_url":"https://edcs.hist.uzh.ch/en/document?edcs-id=EDCS-11400328","persons":[{"nomen":"Annia","gender":"female","raw_name":"[3]annia L(uci) l(iberta)","status":"liberta Lucii"}]}},{"type":"Feature","geometry":{"type":"Point","coordinates":[15.89,40.28]},"properties":{"edcs_id":"EDCS-11400329","findspot":"Grumento Nova / Grumentum","raw_text":"Aquilio Montano S() / Aquilia Ianuaria b(ene merenti) f(ecit)","date_from":null,"date_to":null,"marker_gender":"mixed","is_individual":false,"edcs_url":"https://edcs.hist.uzh.ch/en/document?edcs-id=EDCS-11400329","persons":[{"nomen":"Aquilius","gender":"male","raw_name":"Aquilio Montano","cognomen":"Montanus"},{"nomen":"Aquilia","gender":"female","raw_name":"Aquilia Ianuaria","cognomen":"Ianuaria"}]}},{"type":"Feature","geometry":{"type":"Point","coordinates":[15.89,40.28]},"properties":{"edcs_id":"EDCS-11400330","findspot":"Grumento Nova / Grumentum","raw_text":"Dis Man(ibus) / Aquilli / Prepontis A[q]/uillia Mumma p[a]/tri piissimo f(ecit) / vixit annis LXX","date_from":null,"date_to":null,"marker_gender":"mixed","is_individual":false,"edcs_url":"https://edcs.hist.uzh.ch/en/document?edcs-id=EDCS-11400330","persons":[{"nomen":"Aquillius","gender":"male","raw_name":"Aquilli Prepontis","cognomen":"Prepontis","status":"pater"},{"nomen":"Aquillia","gender":"female","raw_name":"Aquillia Mumma","cognomen":"Mumma"}]}},{"type":"Feature","geometry":{"type":"Point","coordinates":[15.89,40.28]},"properties":{"edcs_id":"EDCS-11400331","findspot":"Grumento Nova / Grumentum","raw_text":"M(arcus) Artorius M(arci) l(ibertus) / Hilarus sibi et / M(arco) Artorio M(arci) l(iberto) Scindalamo / patrono Artoriae M(arci) l(ibertae) / [","date_from":null,"date_to":null,"marker_gender":"mixed","is_individual":false,"edcs_url":"https://edcs.hist.uzh.ch/en/document?edcs-id=EDCS-11400331","persons":[{"nomen":"Artorius","gender":"male","raw_name":"M(arcus) Artorius M(arci) l(ibertus) Hilarus","praenomen":"Marcus","cognomen":"Hilarus","status":"libertus Marci"},{"nomen":"Artorius","gender":"male","raw_name":"M(arco) Artorio M(arci) l(iberto) Scindalamo","praenomen":"Marcus","cognomen":"Scindalamus","status":"patronus, libertus Marci"},{"nomen":"Artoria","gender":"female","raw_name":"Artoriae M(arci) l(ibertae)","status":"liberta Marci"}]}},{"type":"Feature","geometry":{"type":"Point","coordinates":[15.89,40.28]},"properties":{"edcs_id":"EDCS-11400332","findspot":"Grumento Nova / Grumentum","raw_text":"Q(uinto) Attio Curvae / Restituto Q(uinti) Atti filio / Baebia mater fecit / quod filius matri debuit / facere mater fecit / filio","date_from":null,"date_to":null,"marker_gender":"mixed","is_individual":false,"edcs_url":"https://edcs.hist.uzh.ch/en/document?edcs-id=EDCS-11400332","persons":[{"nomen":"Attius","gender":"male","raw_name":"Q(uinto) Attio Curvae Restituto Q(uinti) Atti filio","praenomen":"Quintus","cognomen":"Curva Restitutus","status":"filius Quinti Attii"},{"nomen":"Baebia","gender":"female","raw_name":"Baebia","status":"mater"}]}},{"type":"Feature","geometry":{"type":"Point","coordinates":[15.89,40.28]},"properties":{"edcs_id":"EDCS-11400333","findspot":"Grumento Nova / Grumentum","raw_text":"Aucto P(ubli) Gavi / ser(vo) v(ixit) annos XXV / Posilla mater / fecit filio","date_from":null,"date_to":null,"marker_gender":"mixed","is_individual":false,"edcs_url":"https://edcs.hist.uzh.ch/en/document?edcs-id=EDCS-11400333","persons":[{"nomen":"Gavius","gender":"male","raw_name":"Aucto P(ubli) Gavi ser(vo)","cognomen":"Auctus","status":"servus Publii, filius"},{"nomen":"","gender":"female","raw_name":"Posilla","cognomen":"Posilla","status":"mater"}]}},{"type":"Feature","geometry":{"type":"Point","coordinates":[15.89,40.28]},"properties":{"edcs_id":"EDCS-11400334","findspot":"Grumento Nova / Grumentum","raw_text":"D(is) M(anibus) / Aureliae Hermi/one fil(iae) dulc(issimae) / quae vix(it) an(nos) / XIII m(enses) VII d(ies) VIIII / Impetratus pater / fil(iae) e(rexit)","date_from":null,"date_to":null,"marker_gender":"mixed","is_individual":false,"edcs_url":"https://edcs.hist.uzh.ch/en/document?edcs-id=EDCS-11400334","persons":[{"nomen":"Aurelia","gender":"female","raw_name":"Aureliae Hermione","cognomen":"Hermione","status":"filia"},{"nomen":"","gender":"male","raw_name":"Impetratus","cognomen":"Impetratus","status":"pater","cluster_id":1173,"cluster_size":2,"cluster_confidence":"low"}]}},{"type":"Feature","geometry":{"type":"Point","coordinates":[15.89,40.28]},"properties":{"edcs_id":"EDCS-11400335","findspot":"Grumento Nova / Grumentum","raw_text":"D(is) M(anibus) / Bru[t]tiae Apolloniae / Bruttius Oriens / coniugi b(ene) m(erenti) f(ecit)","date_from":null,"date_to":null,"marker_gender":"mixed","is_individual":false,"edcs_url":"https://edcs.hist.uzh.ch/en/document?edcs-id=EDCS-11400335","persons":[{"nomen":"Bruttia","gender":"female","raw_name":"Bru[t]tiae Apolloniae","cognomen":"Apollonia","status":"uxor"},{"nomen":"Bruttius","gender":"male","raw_name":"Bruttius Oriens","cognomen":"Oriens"}]}},{"type":"Feature","geometry":{"type":"Point","coordinates":[15.89,40.28]},"properties":{"edcs_id":"EDCS-11400336","findspot":"Grumento Nova / Grumentum","raw_text":"s]ib(i) et Deutero / [3]lio Primogeni / [3]iae M(arci) l(ibertae) Tertiae fil(iae)","date_from":null,"date_to":null,"marker_gender":"mixed","is_individual":false,"edcs_url":"https://edcs.hist.uzh.ch/en/document?edcs-id=EDCS-11400336","persons":[{"nomen":"","gender":"male","raw_name":"Deutero","cognomen":"Deuterus"},{"nomen":"","gender":"male","raw_name":"[3]lio Primogeni","cognomen":"Primogenius"},{"nomen":"","gender":"female","raw_name":"[3]iae M(arci) l(ibertae) Tertiae","cognomen":"Tertia","status":"liberta Marci, filia","cluster_id":1132,"cluster_size":2,"cluster_confidence":"low"}]}},{"type":"Feature","geometry":{"type":"Point","coordinates":[15.89,40.28]},"properties":{"edcs_id":"EDCS-11400337","findspot":"Grumento Nova / Grumentum","raw_text":"]erbamus(?) et / Domitianus / et Burtzi b(ene) m(erenti) f(e)c(erunt) / qui vixit an(nos) XXX","date_from":null,"date_to":null,"marker_gender":"male","is_individual":false,"edcs_url":"https://edcs.hist.uzh.ch/en/document?edcs-id=EDCS-11400337","persons":[{"nomen":"","gender":"male","raw_name":"Domitianus","cognomen":"Domitianus","is_imperial":true},{"nomen":"","gender":"male","raw_name":"Burtzi","cognomen":"Burtzi"}]}},{"type":"Feature","geometry":{"type":"Point","coordinates":[15.89,40.28]},"properties":{"edcs_id":"EDCS-11400338","findspot":"Grumento Nova / Grumentum","raw_text":"D(is) M(anibus) / L(ucio) Fabricio Lu/cano filio b(ene) m(erenti) / Fabricius Luca/nus pater fecit / qui vixit annis / V dies III","date_from":null,"date_to":null,"marker_gender":"male","is_individual":false,"edcs_url":"https://edcs.hist.uzh.ch/en/document?edcs-id=EDCS-11400338","persons":[{"nomen":"Fabricius","gender":"male","raw_name":"L. Fabricio Lucano","praenomen":"Lucius","cognomen":"Lucanus","status":"filius","cluster_id":431,"cluster_size":2},{"nomen":"Fabricius","gender":"male","raw_name":"Fabricius Lucanus","cognomen":"Lucanus","status":"pater","cluster_id":431,"cluster_size":2}]}},{"type":"Feature","geometry":{"type":"Point","coordinates":[15.89,40.28]},"properties":{"edcs_id":"EDCS-11400339","findspot":"Grumento Nova / Grumentum","raw_text":"Felici co(n)iugi / Fortunata / et Renatus fil(ius) / be(ne) m(erenti) ff(ecerunt) / c(um) q(uo) v(ixit) a(nnos) [3]","date_from":null,"date_to":null,"marker_gender":"mixed","is_individual":false,"edcs_url":"https://edcs.hist.uzh.ch/en/document?edcs-id=EDCS-11400339","persons":[{"nomen":"","gender":"male","raw_name":"Felici","cognomen":"Felix","status":"coniunx"},{"nomen":"","gender":"female","raw_name":"Fortunata","cognomen":"Fortunata","cluster_id":1205,"cluster_size":2,"cluster_confidence":"low"},{"nomen":"","gender":"male","raw_name":"Renatus","cognomen":"Renatus","status":"filius"}]}},{"type":"Feature","geometry":{"type":"Point","coordinates":[15.89,40.28]},"properties":{"edcs_id":"EDCS-11400340","findspot":"Grumento Nova / Grumentum","raw_text":"D(is) M(anibus) s(acrum) / Ferullo Fabuci / qui vixit annis / XXXIII mens(ibus) XI / fecit Prote co(n)/iugi b(ene) m(erenti) cum quo / vixit annis VIII / mensib(us) VIII","date_from":null,"date_to":null,"marker_gender":"mixed","is_individual":false,"edcs_url":"https://edcs.hist.uzh.ch/en/document?edcs-id=EDCS-11400340","persons":[{"nomen":"","gender":"male","raw_name":"Ferullo","cognomen":"Ferullus"},{"nomen":"","gender":"female","raw_name":"Prote","cognomen":"Prote","status":"uxor"}]}},{"type":"Feature","geometry":{"type":"Point","coordinates":[15.89,40.28]},"properties":{"edcs_id":"EDCS-11400341","findspot":"Grumento Nova / Grumentum","raw_text":"Fortunata / Decimio fil/io bene me[re]n/ti fecit et / [","date_from":null,"date_to":null,"marker_gender":"mixed","is_individual":false,"edcs_url":"https://edcs.hist.uzh.ch/en/document?edcs-id=EDCS-11400341","persons":[{"nomen":"","gender":"female","raw_name":"Fortunata","cognomen":"Fortunata","cluster_id":1205,"cluster_size":2,"cluster_confidence":"low"},{"nomen":"","gender":"male","raw_name":"Decimio","cognomen":"Decimius","status":"filius"}]}},{"type":"Feature","geometry":{"type":"Point","coordinates":[15.89,40.28]},"properties":{"edcs_id":"EDCS-11400342","findspot":"Grumento Nova / Grumentum","raw_text":"D(is) M(anibus) / Fundania / Gallitana / Bruttio M/aximino co(n)i(ugi) / b(ene) m(erenti) f(ecit) cum qu/o vix(it) ann(os) / IIII et ipse(!) vix(it) / ann(os) XXVII","date_from":null,"date_to":null,"marker_gender":"mixed","is_individual":false,"edcs_url":"https://edcs.hist.uzh.ch/en/document?edcs-id=EDCS-11400342","persons":[{"nomen":"Fundania","gender":"female","raw_name":"Fundania Gallitana","cognomen":"Gallitana"},{"nomen":"Bruttius","gender":"male","raw_name":"Bruttio Maximino","cognomen":"Maximinus","status":"coniunx"}]}},{"type":"Feature","geometry":{"type":"Point","coordinates":[15.89,40.28]},"properties":{"edcs_id":"EDCS-11400343","findspot":"Grumento Nova / Grumentum","raw_text":"Gemello / Minici Croci / Multasia Aequitas / mater fil(io) quod / fil(ius) matri facere / debuit v(ixit) an(nos) XV","date_from":null,"date_to":null,"marker_gender":"mixed","is_individual":false,"edcs_url":"https://edcs.hist.uzh.ch/en/document?edcs-id=EDCS-11400343","persons":[{"nomen":"","gender":"male","raw_name":"Gemello","cognomen":"Gemellus"},{"nomen":"Minicius","gender":"male","raw_name":"Minici Croci","cognomen":"Crocus"},{"nomen":"Multasius","gender":"female","raw_name":"Multasia Aequitas","cognomen":"Aequitas","status":"mater"}]}},{"type":"Feature","geometry":{"type":"Point","coordinates":[15.89,40.28]},"properties":{"edcs_id":"EDCS-11400344","findspot":"Grumento Nova / Grumentum","raw_text":"Gemino fidelis/simae memori/ae et inco<m=N>pa/rabili dulcissim/o filio b(ene) m(erenti) f(ecerunt) Ge/minus et Victo/rina q(ui) v(ixit) a(nnos) IIII / mens(es) VIIII d(ies) XVIII","date_from":null,"date_to":null,"marker_gender":"mixed","is_individual":false,"edcs_url":"https://edcs.hist.uzh.ch/en/document?edcs-id=EDCS-11400344","persons":[{"nomen":"","gender":"male","raw_name":"Gemino","cognomen":"Geminus","cluster_id":1211,"cluster_size":2,"cluster_confidence":"low"},{"nomen":"","gender":"male","raw_name":"Geminus","cognomen":"Geminus","cluster_id":1211,"cluster_size":2,"cluster_confidence":"low"},{"nomen":"","gender":"female","raw_name":"Victorina","cognomen":"Victorina"}]}},{"type":"Feature","geometry":{"type":"Point","coordinates":[15.89,40.28]},"properties":{"edcs_id":"EDCS-11400345","findspot":"Grumento Nova / Grumentum","raw_text":"P(ublio) Lapilla[no] / Phi[3] / Lapillana[e 3] / heredes [3] / arbitra[tu","date_from":null,"date_to":null,"marker_gender":"male","is_individual":false,"edcs_url":"https://edcs.hist.uzh.ch/en/document?edcs-id=EDCS-11400345","persons":[{"nomen":"","gender":"male","raw_name":"P. Lapilla[no]","praenomen":"Publius","cognomen":"Lapillanus"}]}},{"type":"Feature","geometry":{"type":"Point","coordinates":[15.89,40.28]},"properties":{"edcs_id":"EDCS-11400346","findspot":"Grumento Nova / Grumentum","raw_text":"D(is) M(anibus) / Libera/li qui vi(xit) / an(nos) XXXX m(enses) / V collega / et fra/ter b(ene) m(erenti) f(ecerunt)","date_from":null,"date_to":null,"marker_gender":"male","is_individual":false,"edcs_url":"https://edcs.hist.uzh.ch/en/document?edcs-id=EDCS-11400346","persons":[{"nomen":"","gender":"male","raw_name":"Liberali","cognomen":"Liberalis"}]}},{"type":"Feature","geometry":{"type":"Point","coordinates":[15.89,40.28]},"properties":{"edcs_id":"EDCS-11400347","findspot":"Grumento Nova / Grumentum","raw_text":"L(ucius) Magius Myrtilu[s] / l(ibens) fecit","date_from":null,"date_to":null,"marker_gender":"male","is_individual":false,"edcs_url":"https://edcs.hist.uzh.ch/en/document?edcs-id=EDCS-11400347","persons":[{"nomen":"Magius","gender":"male","raw_name":"L. Magius Myrtilu[s]","praenomen":"Lucius","cognomen":"Myrtilus","cluster_id":425,"cluster_size":2}]}},{"type":"Feature","geometry":{"type":"Point","coordinates":[15.89,40.28]},"properties":{"edcs_id":"EDCS-11400348","findspot":"Grumento Nova / Grumentum","raw_text":"D(is) M(anibus) / Marco pate(r) / et Arria mat(er) / filio bene m/erenti fec(erunt) qu(i) / vix(it) annis XVIII","date_from":null,"date_to":null,"marker_gender":"mixed","is_individual":false,"edcs_url":"https://edcs.hist.uzh.ch/en/document?edcs-id=EDCS-11400348","persons":[{"nomen":"","gender":"male","raw_name":"Marco","cognomen":"Marcus","status":"pater"},{"nomen":"Arrius","gender":"female","raw_name":"Arria","status":"mater"}]}},{"type":"Feature","geometry":{"type":"Point","coordinates":[15.89,40.28]},"properties":{"edcs_id":"EDCS-11400349","findspot":"Grumento Nova / Grumentum","raw_text":"D(is) M(anibus) / Numerio f(i)l{i}/io bene mer/enti Papir(i)a Sta/bilita fecit q(ui) vi/xit an(nos) XVIII men/s(i)um sex","date_from":null,"date_to":null,"marker_gender":"female","is_individual":false,"edcs_url":"https://edcs.hist.uzh.ch/en/document?edcs-id=EDCS-11400349","persons":[{"nomen":"Papirius","gender":"female","raw_name":"Papir(i)a Stabilita","cognomen":"Stabilita"}]}},{"type":"Feature","geometry":{"type":"Point","coordinates":[15.89,40.28]},"properties":{"edcs_id":"EDCS-11400350","findspot":"Grumento Nova / Grumentum","raw_text":"Philargyro / Mari Bassi / ser(vo)","date_from":null,"date_to":null,"marker_gender":"male","is_individual":false,"edcs_url":"https://edcs.hist.uzh.ch/en/document?edcs-id=EDCS-11400350","persons":[{"nomen":"","gender":"male","raw_name":"Philargyro","cognomen":"Philargyrus","status":"servus"},{"nomen":"Marius","gender":"male","raw_name":"Mari Bassi","cognomen":"Bassus"}]}},{"type":"Feature","geometry":{"type":"Point","coordinates":[15.89,40.28]},"properties":{"edcs_id":"EDCS-11400351","findspot":"Grumento Nova / Grumentum","raw_text":"] / coniug[i] / Piaeris / b(ene) m(erenti) f(ecit) / q(ui) <v=B>(ixit) an(nos) / XXX","date_from":null,"date_to":null,"marker_gender":"unknown","is_individual":false,"edcs_url":"https://edcs.hist.uzh.ch/en/document?edcs-id=EDCS-11400351","persons":[{"nomen":"","gender":"unknown","raw_name":"Piaeris","cognomen":"Piaeris"}]}},{"type":"Feature","geometry":{"type":"Point","coordinates":[15.89,40.28]},"properties":{"edcs_id":"EDCS-11400353","findspot":"Grumento Nova / Grumentum","raw_text":"D(is) M(anibus) / Pinariae / Marcellae / Pinarius / Callitanus / filiae b(ene) m(erenti) / f(ecit) v(ixit) a(nnos) XXX","date_from":null,"date_to":null,"marker_gender":"mixed","is_individual":false,"edcs_url":"https://edcs.hist.uzh.ch/en/document?edcs-id=EDCS-11400353","persons":[{"nomen":"Pinaria","gender":"female","raw_name":"Pinariae Marcellae","cognomen":"Marcella","status":"filia"},{"nomen":"Pinarius","gender":"male","raw_name":"Pinarius Callitanus","cognomen":"Callitanus","status":"pater"}]}},{"type":"Feature","geometry":{"type":"Point","coordinates":[15.89,40.28]},"properties":{"edcs_id":"EDCS-11400354","findspot":"Grumento Nova / Grumentum","raw_text":"D(is) M(anibus) / Quintilio / filio ex n(umero) e<q=C>(uitum) de sexta / Dalmata q(ui) v(ixit) a(nnos) XXXI Quint/ilia[n]us pate[r] b(ene) f(ecit) m(emoriam?)","date_from":null,"date_to":null,"marker_gender":"male","is_individual":false,"edcs_url":"https://edcs.hist.uzh.ch/en/document?edcs-id=EDCS-11400354","persons":[{"nomen":"Quintilius","gender":"male","raw_name":"Quintilio Dalmata","cognomen":"Dalmata","status":"filius, miles ex numero equitum de sexta"},{"nomen":"","gender":"male","raw_name":"Quintilianus","cognomen":"Quintilianus","status":"pater"}]}},{"type":"Feature","geometry":{"type":"Point","coordinates":[15.89,40.28]},"properties":{"edcs_id":"EDCS-11400355","findspot":"Grumento Nova / Grumentum","raw_text":"] Rufae / [3]anni {h}ave / [","date_from":null,"date_to":null,"marker_gender":"female","is_individual":false,"edcs_url":"https://edcs.hist.uzh.ch/en/document?edcs-id=EDCS-11400355","persons":[{"nomen":"","gender":"female","raw_name":"] Rufae","cognomen":"Rufa"}]}},{"type":"Feature","geometry":{"type":"Point","coordinates":[15.89,40.28]},"properties":{"edcs_id":"EDCS-11400356","findspot":"Grumento Nova / Grumentum","raw_text":"Stabili/ta matri / bene mer/e(n)ti fecit / Agileni / qu(a)e vi<x=S>it an(nos) / L","date_from":null,"date_to":null,"marker_gender":"female","is_individual":false,"edcs_url":"https://edcs.hist.uzh.ch/en/document?edcs-id=EDCS-11400356","persons":[{"nomen":"","gender":"female","raw_name":"Stabilita","cognomen":"Stabilita","status":"mater"},{"nomen":"","gender":"female","raw_name":"Agileni","cognomen":"Agilena"}]}},{"type":"Feature","geometry":{"type":"Point","coordinates":[15.89,40.28]},"properties":{"edcs_id":"EDCS-11400357","findspot":"Grumento Nova / Grumentum","raw_text":"]o C(ai) l(iberto) Tarulae / [3] l(ibertae) Tertiae / [3] P(ubli) <f=E>(ilio?) Montano","date_from":null,"date_to":null,"marker_gender":"mixed","is_individual":false,"edcs_url":"https://edcs.hist.uzh.ch/en/document?edcs-id=EDCS-11400357","persons":[{"nomen":"","gender":"male","raw_name":"C(ai) l(iberto) Tarulae","praenomen":"Gaius","cognomen":"Tarula","status":"libertus"},{"nomen":"","gender":"female","raw_name":"] l(ibertae) Tertiae","cognomen":"Tertia","status":"liberta","cluster_id":1132,"cluster_size":2,"cluster_confidence":"low"},{"nomen":"","gender":"male","raw_name":"P(ubli) Montano","praenomen":"Publius","cognomen":"Montanus","status":"filius"}]}},{"type":"Feature","geometry":{"type":"Point","coordinates":[15.89,40.28]},"properties":{"edcs_id":"EDCS-11400358","findspot":"Grumento Nova / Grumentum","raw_text":"]tilliae [3] / [3] Lurchillae Ca[","date_from":null,"date_to":null,"marker_gender":"female","is_individual":false,"edcs_url":"https://edcs.hist.uzh.ch/en/document?edcs-id=EDCS-11400358","persons":[{"nomen":"","gender":"female","raw_name":"Lurchillae","cognomen":"Lurchilla"}]}},{"type":"Feature","geometry":{"type":"Point","coordinates":[15.89,40.28]},"properties":{"edcs_id":"EDCS-11400359","findspot":"Grumento Nova / Grumentum","raw_text":"Titiae P(ubli) l(ibertae) / Chionissae","date_from":null,"date_to":null,"marker_gender":"female","is_individual":false,"edcs_url":"https://edcs.hist.uzh.ch/en/document?edcs-id=EDCS-11400359","persons":[{"nomen":"Titia","gender":"female","raw_name":"Titiae P(ubli) l(ibertae) Chionissae","cognomen":"Chionissa","status":"liberta Publii"}]}},{"type":"Feature","geometry":{"type":"Point","coordinates":[15.89,40.28]},"properties":{"edcs_id":"EDCS-11400360","findspot":"Grumento Nova / Grumentum","raw_text":"Vettia Cn(aei) l(iberta) Philelma / vix{s}it a(nnos) XXV Cn(aeus) Vettius / Anteros / collib(ertus) de s(uo) f(aciendum) c(uravit)","date_from":null,"date_to":null,"marker_gender":"mixed","is_individual":false,"edcs_url":"https://edcs.hist.uzh.ch/en/document?edcs-id=EDCS-11400360","persons":[{"nomen":"Vettia","gender":"female","raw_name":"Vettia Cn(aei) l(iberta) Philelma","cognomen":"Philelma","status":"liberta Cnaei"},{"nomen":"Vettius","gender":"male","raw_name":"Cn(aeus) Vettius Anteros","praenomen":"Gnaeus","cognomen":"Anteros","status":"collibertus"}]}},{"type":"Feature","geometry":{"type":"Point","coordinates":[15.89,40.28]},"properties":{"edcs_id":"EDCS-11400361","findspot":"Grumento Nova / Grumentum","raw_text":"Vibiedia D(ecimi) l(iberta) Aria sibi et C(aio) Avi/dio Paed[e]roti con(iugi) b(ene) m(erenti) f(ecit)","date_from":null,"date_to":null,"marker_gender":"mixed","is_individual":false,"edcs_url":"https://edcs.hist.uzh.ch/en/document?edcs-id=EDCS-11400361","persons":[{"nomen":"Vibiedia","gender":"female","raw_name":"Vibiedia D(ecimi) l(iberta) Aria","cognomen":"Aria","status":"liberta Decimi"},{"nomen":"Avidius","gender":"male","raw_name":"C(aio) Avidio Paed[e]roti","praenomen":"Gaius","cognomen":"Paederos","status":"coniunx"}]}},{"type":"Feature","geometry":{"type":"Point","coordinates":[15.89,40.28]},"properties":{"edcs_id":"EDCS-11400362","findspot":"Grumento Nova / Grumentum","raw_text":"T(ito) Vivedio Vel/ico Vivedia S/ilvana co(n)iu/gi be(ne) m(erenti) f(ecit) / c(um) q(uo) v(ixit) an(nos) / XVI","date_from":null,"date_to":null,"marker_gender":"mixed","is_individual":false,"edcs_url":"https://edcs.hist.uzh.ch/en/document?edcs-id=EDCS-11400362","persons":[{"nomen":"Vivedius","gender":"male","raw_name":"T(ito) Vivedio Velico","praenomen":"Titus","cognomen":"Velicus"},{"nomen":"Vivedia","gender":"female","raw_name":"Vivedia Silvana","cognomen":"Silvana","status":"coniunx"}]}},{"type":"Feature","geometry":{"type":"Point","coordinates":[15.89,40.28]},"properties":{"edcs_id":"EDCS-11400363","findspot":"Grumento Nova / Grumentum","raw_text":"Dicillae / Lucillae / quae vixit / annis XL Prae/tumeus Chres/tillus coniugi / b(ene) m(erenti) f(ecit)","date_from":null,"date_to":null,"marker_gender":"mixed","is_individual":false,"edcs_url":"https://edcs.hist.uzh.ch/en/document?edcs-id=EDCS-11400363","persons":[{"nomen":"","gender":"female","raw_name":"Dicillae Lucillae","cognomen":"Dicilla Lucilla"},{"nomen":"","gender":"male","raw_name":"Praetumeus Chrestillus","cognomen":"Praetumeus Chrestillus","status":"coniunx"}]}},{"type":"Feature","geometry":{"type":"Point","coordinates":[15.89,40.28]},"properties":{"edcs_id":"EDCS-11400364","findspot":"Grumento Nova / Grumentum","raw_text":"D(is) M(anibus) / Heni(?) matri Felicao(!) / et Octabiana(!) b(ene) m(erenti) f(ecerunt)","date_from":null,"date_to":null,"marker_gender":"female","is_individual":false,"edcs_url":"https://edcs.hist.uzh.ch/en/document?edcs-id=EDCS-11400364","persons":[{"nomen":"","gender":"female","raw_name":"Heni","cognomen":"Henia","status":"mater"},{"nomen":"","gender":"female","raw_name":"Felicao","cognomen":"Felicao"},{"nomen":"","gender":"female","raw_name":"Octabiana","cognomen":"Octabiana"}]}},{"type":"Feature","geometry":{"type":"Point","coordinates":[15.54,40.38]},"properties":{"edcs_id":"EDCS-11400370","findspot":"Teggiano / Tegianum","raw_text":"Aesculapio / sacrum / Herculanius / act(or) / ex voto","date_from":51,"date_to":120,"marker_gender":"male","is_individual":false,"edcs_url":"https://edcs.hist.uzh.ch/en/document?edcs-id=EDCS-11400370","persons":[{"nomen":"","gender":"male","raw_name":"Herculanius","cognomen":"Herculanius","status":"actor"}]}},{"type":"Feature","geometry":{"type":"Point","coordinates":[15.54,40.38]},"properties":{"edcs_id":"EDCS-11400371","findspot":"Teggiano / Tegianum","raw_text":"Imp(eratore) L(ucio) Aurel(io) [[Com[modo]]] / et Quintillo // co(n)s(ulibus) // pro salute / Bru[tt]iae [Crispi]n[ae] / Idaeus act(or) [eius ] / [v(otum)] l(ibens) l(aetus) m(erito) [s(olvit)]","date_from":177,"date_to":177,"marker_gender":"mixed","is_individual":false,"edcs_url":"https://edcs.hist.uzh.ch/en/document?edcs-id=EDCS-11400371","persons":[{"nomen":"Aurelius","gender":"male","raw_name":"L. Aurel. Com[modo]","praenomen":"Lucius","cognomen":"Commodus","status":"Imperator, consul","is_imperial":true},{"nomen":"","gender":"male","raw_name":"Quintillo","cognomen":"Quintillus","status":"consul","is_imperial":true},{"nomen":"Bruttia","gender":"female","raw_name":"Bru[tt]iae [Crispi]n[ae]","cognomen":"Crispina"},{"nomen":"","gender":"male","raw_name":"Idaeus","cognomen":"Idaeus","status":"actor"}]}},{"type":"Feature","geometry":{"type":"Point","coordinates":[15.54,40.38]},"properties":{"edcs_id":"EDCS-11400372","findspot":"Teggiano / Tegianum","raw_text":"] Severo Au[g(usto)] / publice / d(ecreto) d(ecurionum) / p(ecunia) p(ublica)","date_from":305,"date_to":307,"marker_gender":"male","is_individual":false,"edcs_url":"https://edcs.hist.uzh.ch/en/document?edcs-id=EDCS-11400372","persons":[{"nomen":"","gender":"male","raw_name":"] Severo Au[g(usto)]","cognomen":"Severus","status":"Augustus","is_imperial":true}]}},{"type":"Feature","geometry":{"type":"Point","coordinates":[15.54,40.38]},"properties":{"edcs_id":"EDCS-11400373","findspot":"Teggiano / Tegianum","raw_text":"Imp(eratori) C(aesari) Valerio / Flavio Cons/tantino P(io) F(elici) / Aug(usto) / d(evotus) N(umini) m(aiestatique) e(ius)","date_from":312,"date_to":337,"marker_gender":"male","is_individual":false,"edcs_url":"https://edcs.hist.uzh.ch/en/document?edcs-id=EDCS-11400373","persons":[{"nomen":"Valerius","gender":"male","raw_name":"Imp. C. Valerio Flavio Constantino P. F. Aug.","praenomen":"Gaius","cognomen":"Constantinus","status":"Imperator, Caesar, Flavius, pius, felix, Augustus","is_imperial":true,"cluster_id":763,"cluster_size":2}]}},{"type":"Feature","geometry":{"type":"Point","coordinates":[15.54,40.38]},"properties":{"edcs_id":"EDCS-11400374","findspot":"Teggiano / Tegianum","raw_text":"Imp(eratori) / M(arco) Galerio / Maximia/no [3 Au]g(usto) / [3] d(e) s(uo) p(osuit)","date_from":305,"date_to":311,"marker_gender":"male","is_individual":false,"edcs_url":"https://edcs.hist.uzh.ch/en/document?edcs-id=EDCS-11400374","persons":[{"nomen":"Galerius","gender":"male","raw_name":"Imp. M. Galerio Maximiano [3 Au]g.","praenomen":"Marcus","cognomen":"Maximianus","status":"Imperator, Augustus","is_imperial":true}]}},{"type":"Feature","geometry":{"type":"Point","coordinates":[15.56,40.46]},"properties":{"edcs_id":"EDCS-11400375","findspot":"Atena Lucana / Atina","raw_text":"D(ecumanus) // [C(aius) Semp]ro[nius] Ti(beri) [f(ilius)] / Ap(pius) Claudi[us] C(ai) f(ilius) / P(ublius) Licinius P(ubli) f(ilius) / IIIvir(i) a(gris) i(udicandis) a(dsignandis) / k(ardo) V","date_from":null,"date_to":null,"marker_gender":"male","is_individual":false,"edcs_url":"https://edcs.hist.uzh.ch/en/document?edcs-id=EDCS-11400375","persons":[{"nomen":"Sempronius","gender":"male","raw_name":"C. Sempronius Ti. f.","praenomen":"Caius","status":"filius Tiberii, IIIvir"},{"nomen":"Claudius","gender":"male","raw_name":"Ap. Claudius C. f.","praenomen":"Appius","status":"filius Caii, IIIvir"},{"nomen":"Licinius","gender":"male","raw_name":"P. Licinius P. f.","praenomen":"Publius","status":"filius Publii, IIIvir"}]}},{"type":"Feature","geometry":{"type":"Point","coordinates":[15.54,40.38]},"properties":{"edcs_id":"EDCS-11400377","findspot":"Teggiano / Tegianum","raw_text":"]s M(arci) f(ilius) Niger q(uaestor) VII / [aediculas(?)] reficiundas ex / [decurionu]m decreto locavit / [ex eorum pec]unia qu{e}i infra s(cripti) s(unt) / [3 n(ummos)] MDXXCVII s(emis) / [3 n(ummos)] MCCCLXV s(emis) / [3 n(ummos)] CCMXXI / [3 n(ummos)] CCCCII / [3 n(ummos)] CCCLXXVII / [3 n(ummos) C]CCLXXI s(emis) / [3 n(ummos) C]CCLV / [3 n(ummos) C]CCXL s(emis) / [3 n(ummos) C]CCXXI s(emis) // L(ucius) Cai(us) Tr(ebi) f(ilius) n(ummos) CCL / M(arcus) Satri(us) N(umeri) f(ilius) n(ummos) CCL / L(ucius) Oppi(us) M(arci) f(ilius) Birbatri() n(ummos) CCL / L(ucius) Decumi(us) L(uci) f(ilius) Apria n(ummos) CCL / L(ucius) Atti(us) C(ai) f(ilius) n(ummos) CCL / C(aius) Lucreti(us) M(arci) f(ilius) n(ummos) CCL / M(arcus) Aesqulli(us) Paq(ui) f(ilius) Ruf(us) n(ummos) CCL / Sex(tus) Teltoni(us) L(uci) f(ilius) Stich(us) n(ummos) CCL","date_from":null,"date_to":null,"marker_gender":"male","is_individual":false,"edcs_url":"https://edcs.hist.uzh.ch/en/document?edcs-id=EDCS-11400377","persons":[{"nomen":"","gender":"male","raw_name":"]s M. f. Niger","praenomen":"Marcus","cognomen":"Niger","status":"quaestor"},{"nomen":"Trebius","gender":"male","raw_name":"L. Cai. Tr. f.","praenomen":"Lucius","status":"filius Lucii"},{"nomen":"Satrius","gender":"male","raw_name":"M. Satri. N. f.","praenomen":"Marcus","status":"filius Numerii"},{"nomen":"Oppius","gender":"male","raw_name":"L. Oppi. M. f. Birbatri","praenomen":"Lucius","cognomen":"Birbater","status":"filius Marci"},{"nomen":"Decumius","gender":"male","raw_name":"L. Decumi. L. f. Apria","praenomen":"Lucius","cognomen":"Apria","status":"filius Lucii"},{"nomen":"Attius","gender":"male","raw_name":"L. Atti. C. f.","praenomen":"Lucius","status":"filius Caii"},{"nomen":"Lucretius","gender":"male","raw_name":"C. Lucreti. M. f.","praenomen":"Gaius","status":"filius Marci"},{"nomen":"Aesqullius","gender":"male","raw_name":"M. Aesqulli. Paq. f. Ruf.","praenomen":"Marcus","cognomen":"Rufus","status":"filius Paqui"},{"nomen":"Teltonius","gender":"male","raw_name":"Sex. Teltoni. L. f. Stich.","praenomen":"Sextus","cognomen":"Stichus","status":"filius Lucii"}]}},{"type":"Feature","geometry":{"type":"Point","coordinates":[15.54,40.38]},"properties":{"edcs_id":"EDCS-11400378","findspot":"Teggiano / Tegianum","raw_text":"M(arcus) Minatius M(arci) filius Pom(ptina) / Sabinus turrem de / sua pe<c=Q>unia murum / de pe<c=Q>unia conlata / faciund(um) coeravit / idemque probavit","date_from":null,"date_to":null,"marker_gender":"male","is_individual":false,"edcs_url":"https://edcs.hist.uzh.ch/en/document?edcs-id=EDCS-11400378","persons":[{"nomen":"Minatius","gender":"male","raw_name":"M. Minatius M. filius Pom. Sabinus","praenomen":"Marcus","cognomen":"Sabinus","status":"filius Marci, tribus Pomptina"}]}},{"type":"Feature","geometry":{"type":"Point","coordinates":[15.54,40.38]},"properties":{"edcs_id":"EDCS-11400379","findspot":"Teggiano / Tegianum","raw_text":"Ansia Tarvi f(ilia) / Rufa ex d(ecreto) d(ecurionum) circ(a) / lucum macer(iam) / et murum et ianu(am) / d(e) s(ua) p(ecunia) f(aciendum) c(uravit)","date_from":-40,"date_to":-1,"marker_gender":"female","is_individual":false,"edcs_url":"https://edcs.hist.uzh.ch/en/document?edcs-id=EDCS-11400379","persons":[{"nomen":"Ansius","gender":"female","raw_name":"Ansia Tarvi f. Rufa","cognomen":"Rufa","status":"filia Tarvi"}]}},{"type":"Feature","geometry":{"type":"Point","coordinates":[15.54,40.38]},"properties":{"edcs_id":"EDCS-11400380","findspot":"Teggiano / Tegianum","raw_text":"C(aius) Luxsilius(!) A(uli) [3] / idem stagno [3] / idem arma [","date_from":-20,"date_to":20,"marker_gender":"male","is_individual":false,"edcs_url":"https://edcs.hist.uzh.ch/en/document?edcs-id=EDCS-11400380","persons":[{"nomen":"Luxsilius","gender":"male","raw_name":"C. Luxsilius A.","praenomen":"Gaius","status":"filius Auli"}]}},{"type":"Feature","geometry":{"type":"Point","coordinates":[15.66,40.34]},"properties":{"edcs_id":"EDCS-11400381","findspot":"Padula / Cosilinum","raw_text":"Ansia Egloge / et Ansia Urb/ana sibi et filiae / Cypareni suae / amantiss<i=U>mae / annor(um) XVIII","date_from":51,"date_to":100,"marker_gender":"female","is_individual":false,"edcs_url":"https://edcs.hist.uzh.ch/en/document?edcs-id=EDCS-11400381","persons":[{"nomen":"Ansia","gender":"female","raw_name":"Ansia Egloge","cognomen":"Egloge"},{"nomen":"Ansia","gender":"female","raw_name":"Ansia Urbana","cognomen":"Urbana"},{"nomen":"","gender":"female","raw_name":"Cypareni","cognomen":"Cypareni","status":"filia"}]}},{"type":"Feature","geometry":{"type":"Point","coordinates":[15.54,40.38]},"properties":{"edcs_id":"EDCS-11400382","findspot":"Teggiano / Tegianum","raw_text":"] et Aurelia / Saturnina / nutritori ben/e merenti mo<n=R>(umentum?) fe(cerunt)","date_from":201,"date_to":300,"marker_gender":"female","is_individual":false,"edcs_url":"https://edcs.hist.uzh.ch/en/document?edcs-id=EDCS-11400382","persons":[{"nomen":"Aurelius","gender":"female","raw_name":"Aurelia Saturnina","cognomen":"Saturnina"}]}},{"type":"Feature","geometry":{"type":"Point","coordinates":[15.54,40.38]},"properties":{"edcs_id":"EDCS-11400383","findspot":"Teggiano / Tegianum","raw_text":"D(is) M(anibus) / L(ucio) Bruttio / Victorino / Bruttia Vict/oria marito","date_from":101,"date_to":200,"marker_gender":"mixed","is_individual":false,"edcs_url":"https://edcs.hist.uzh.ch/en/document?edcs-id=EDCS-11400383","persons":[{"nomen":"Bruttius","gender":"male","raw_name":"L. Bruttio Victorino","praenomen":"Lucius","cognomen":"Victorinus","cluster_id":839,"cluster_size":2},{"nomen":"Bruttius","gender":"female","raw_name":"Bruttia Victoria","cognomen":"Victoria","status":"uxor","cluster_id":839,"cluster_size":2}]}},{"type":"Feature","geometry":{"type":"Point","coordinates":[15.54,40.38]},"properties":{"edcs_id":"EDCS-11400384","findspot":"Teggiano / Tegianum","raw_text":"L(ucius) Cincius L(uci) f(ilius) Cominus / L(ucio) Cincio Como / patri et Aniciae Faustae / matri","date_from":1,"date_to":150,"marker_gender":"mixed","is_individual":false,"edcs_url":"https://edcs.hist.uzh.ch/en/document?edcs-id=EDCS-11400384","persons":[{"nomen":"Cincius","gender":"male","raw_name":"L. Cincius L. f. Cominus","praenomen":"Lucius","cognomen":"Cominus","status":"filius Lucii"},{"nomen":"Cincius","gender":"male","raw_name":"L. Cincio Como","praenomen":"Lucius","cognomen":"Comus","status":"pater"},{"nomen":"Anicius","gender":"female","raw_name":"Aniciae Faustae","cognomen":"Fausta","status":"mater"}]}},{"type":"Feature","geometry":{"type":"Point","coordinates":[15.54,40.38]},"properties":{"edcs_id":"EDCS-11400385","findspot":"Teggiano / Tegianum","raw_text":"Cornelia P(ublio) Pomponio fecit","date_from":-50,"date_to":-1,"marker_gender":"mixed","is_individual":false,"edcs_url":"https://edcs.hist.uzh.ch/en/document?edcs-id=EDCS-11400385","persons":[{"nomen":"Cornelius","gender":"female","raw_name":"Cornelia"},{"nomen":"Pomponius","gender":"male","raw_name":"P. Pomponio","praenomen":"Publius"}]}},{"type":"Feature","geometry":{"type":"Point","coordinates":[15.54,40.38]},"properties":{"edcs_id":"EDCS-11400386","findspot":"Teggiano / Tegianum","raw_text":"Pater Do/natus / Do/nato fi/lio dulcis/simo bene / merenti f(ecit) / q(ui) v(ixit) an(nis) trib(us) / [","date_from":101,"date_to":150,"marker_gender":"male","is_individual":false,"edcs_url":"https://edcs.hist.uzh.ch/en/document?edcs-id=EDCS-11400386","persons":[{"nomen":"","gender":"male","raw_name":"Donatus","cognomen":"Donatus","status":"pater","cluster_id":1833,"cluster_size":2,"cluster_confidence":"low"},{"nomen":"","gender":"male","raw_name":"Donato","cognomen":"Donatus","status":"filius","cluster_id":1833,"cluster_size":2,"cluster_confidence":"low"}]}},{"type":"Feature","geometry":{"type":"Point","coordinates":[15.54,40.38]},"properties":{"edcs_id":"EDCS-11400387","findspot":"Teggiano / Tegianum","raw_text":"D(is) M(anibus) / Eutichiano coniugi incom/parabili Vergilia coniux / cum quo vixit / an(nos) XXXX b(ene) m(erenti)","date_from":101,"date_to":250,"marker_gender":"mixed","is_individual":false,"edcs_url":"https://edcs.hist.uzh.ch/en/document?edcs-id=EDCS-11400387","persons":[{"nomen":"","gender":"male","raw_name":"Eutichiano","cognomen":"Eutichianus","status":"coniunx"},{"nomen":"Vergilius","gender":"female","raw_name":"Vergilia","status":"coniux"}]}},{"type":"Feature","geometry":{"type":"Point","coordinates":[15.54,40.38]},"properties":{"edcs_id":"EDCS-11400388","findspot":"Teggiano / Tegianum","raw_text":"]urio Marco patri b[3] / [3]urius Iulianus / filius fecit","date_from":101,"date_to":250,"marker_gender":"male","is_individual":false,"edcs_url":"https://edcs.hist.uzh.ch/en/document?edcs-id=EDCS-11400388","persons":[{"nomen":"","gender":"male","raw_name":"]urius Iulianus","cognomen":"Iulianus","status":"filius"}]}},{"type":"Feature","geometry":{"type":"Point","coordinates":[15.54,40.38]},"properties":{"edcs_id":"EDCS-11400389","findspot":"Teggiano / Tegianum","raw_text":"C(aio) Laturnio M(arci) / f(ilio) Rufo Herennia / Cn(aei) liberta Iunia / viro suo bene / merenti pos(u)it","date_from":51,"date_to":200,"marker_gender":"mixed","is_individual":false,"edcs_url":"https://edcs.hist.uzh.ch/en/document?edcs-id=EDCS-11400389","persons":[{"nomen":"Laturnius","gender":"male","raw_name":"C. Laturnio M. f. Rufo","praenomen":"Gaius","cognomen":"Rufus","status":"filius Marci"},{"nomen":"Iunius","gender":"female","raw_name":"Herennia Cn. liberta Iunia","status":"liberta Cnaei"}]}},{"type":"Feature","geometry":{"type":"Point","coordinates":[15.54,40.38]},"properties":{"edcs_id":"EDCS-11400390","findspot":"Teggiano / Tegianum","raw_text":"Dis Man(ibus) / C(aius) Luxilius / Rufus / Luxiliae C(ai) l(ibertae) / Lupulae / coniugi bene / merenti fecit / cum qua vixit an/nis XXXXII","date_from":71,"date_to":200,"marker_gender":"mixed","is_individual":false,"edcs_url":"https://edcs.hist.uzh.ch/en/document?edcs-id=EDCS-11400390","persons":[{"nomen":"Luxilius","gender":"male","raw_name":"C. Luxilius Rufus","praenomen":"Gaius","cognomen":"Rufus"},{"nomen":"Luxilius","gender":"female","raw_name":"Luxiliae C. l. Lupulae","cognomen":"Lupula","status":"liberta Caii, coniunx"}]}},{"type":"Feature","geometry":{"type":"Point","coordinates":[15.54,40.38]},"properties":{"edcs_id":"EDCS-11400391","findspot":"Teggiano / Tegianum","raw_text":"D(is) M(anibus) / matri Marcellae / Luc[3] d(e) s(uo) fecit / [","date_from":null,"date_to":null,"marker_gender":"female","is_individual":false,"edcs_url":"https://edcs.hist.uzh.ch/en/document?edcs-id=EDCS-11400391","persons":[{"nomen":"Marcella","gender":"female","raw_name":"Marcellae"},{"nomen":"Luc","gender":"unknown","raw_name":"Luc[3]"}]}},{"type":"Feature","geometry":{"type":"Point","coordinates":[15.54,40.38]},"properties":{"edcs_id":"EDCS-11400392","findspot":"Teggiano / Tegianum","raw_text":"] / Minatia / Flora","date_from":null,"date_to":null,"marker_gender":"female","is_individual":false,"edcs_url":"https://edcs.hist.uzh.ch/en/document?edcs-id=EDCS-11400392","persons":[{"nomen":"Minatia","gender":"female","raw_name":"Minatia Flora","cognomen":"Flora"}]}},{"type":"Feature","geometry":{"type":"Point","coordinates":[15.54,40.38]},"properties":{"edcs_id":"EDCS-11400393","findspot":"Teggiano / Tegianum","raw_text":"M(arcus) Ovilonius L(uci) f(ilius) / Lucanus // V(ivit) // Baia T(iti) f(ilia) / Quinta","date_from":-50,"date_to":-27,"marker_gender":"mixed","is_individual":false,"edcs_url":"https://edcs.hist.uzh.ch/en/document?edcs-id=EDCS-11400393","persons":[{"nomen":"Ovilonius","gender":"male","raw_name":"M. Ovilonius L. f. Lucanus","praenomen":"Marcus","cognomen":"Lucanus","status":"filius Lucii"},{"nomen":"Baia","gender":"female","raw_name":"Baia T. f. Quinta","cognomen":"Quinta","status":"filia Titi"}]}},{"type":"Feature","geometry":{"type":"Point","coordinates":[15.54,40.38]},"properties":{"edcs_id":"EDCS-11400394","findspot":"Teggiano / Tegianum","raw_text":"Ovilonia L(uci) f(ilia) / Quinta","date_from":-50,"date_to":-1,"marker_gender":"female","is_individual":false,"edcs_url":"https://edcs.hist.uzh.ch/en/document?edcs-id=EDCS-11400394","persons":[{"nomen":"Ovilonia","gender":"female","raw_name":"Ovilonia L. f. Quinta","cognomen":"Quinta","status":"filia Lucii"}]}},{"type":"Feature","geometry":{"type":"Point","coordinates":[15.54,40.38]},"properties":{"edcs_id":"EDCS-11400395","findspot":"Teggiano / Tegianum","raw_text":"Primill(a)e fili(a)e / incompara<b=V>il[i] / Rufinus et M/arcella p/arentes et / Cresce(n)s soc(ius) / bene m(erenti) / fecerunt / quae vixit / an(nos) XX","date_from":201,"date_to":300,"marker_gender":"mixed","is_individual":false,"edcs_url":"https://edcs.hist.uzh.ch/en/document?edcs-id=EDCS-11400395","persons":[{"nomen":"","gender":"female","raw_name":"Primilla","cognomen":"Primilla","status":"filia"},{"nomen":"","gender":"male","raw_name":"Rufinus","cognomen":"Rufinus","status":"pater"},{"nomen":"","gender":"female","raw_name":"Marcella","cognomen":"Marcella","status":"mater"},{"nomen":"","gender":"male","raw_name":"Crescens","cognomen":"Crescens","status":"socius"}]}},{"type":"Feature","geometry":{"type":"Point","coordinates":[15.54,40.38]},"properties":{"edcs_id":"EDCS-11400396","findspot":"Teggiano / Tegianum","raw_text":"D(is) M(anibus) / C(aio) Buculeio C(ai) f(ilio) Pont/oro qui vixit annis XIII / mens(ibus) XI dieb(us) XX Irpini/a Avia mater fil(io) dulcis/simo fecit quod ego / scelerata mater a te sic / [3 ne]/quivi ad honores perducere me subi/to decepisti quem miseram tu[3] / [3]ino desolatam reliquisti","date_from":null,"date_to":null,"marker_gender":"mixed","is_individual":false,"edcs_url":"https://edcs.hist.uzh.ch/en/document?edcs-id=EDCS-11400396","persons":[{"nomen":"Buculeius","gender":"male","raw_name":"C. Buculeius C. f. Pontor","praenomen":"Gaius","cognomen":"Pontor","status":"filius Caii"},{"nomen":"Irpinia","gender":"female","raw_name":"Irpinia Avia","cognomen":"Avia","status":"mater"}]}},{"type":"Feature","geometry":{"type":"Point","coordinates":[15.54,40.38]},"properties":{"edcs_id":"EDCS-11400397","findspot":"Teggiano / Tegianum","raw_text":"B(onae) m(emoriae) / Quintiano fratri / Urbicus f(ecit)","date_from":51,"date_to":100,"marker_gender":"male","is_individual":false,"edcs_url":"https://edcs.hist.uzh.ch/en/document?edcs-id=EDCS-11400397","persons":[{"nomen":"","gender":"male","raw_name":"Quintiano","cognomen":"Quintianus","status":"frater"},{"nomen":"","gender":"male","raw_name":"Urbicus","cognomen":"Urbicus"}]}},{"type":"Feature","geometry":{"type":"Point","coordinates":[15.54,40.38]},"properties":{"edcs_id":"EDCS-11400398","findspot":"Teggiano / Tegianum","raw_text":"C(aius) Samius C(ai) f(ilius)","date_from":-50,"date_to":-31,"marker_gender":"male","is_individual":false,"edcs_url":"https://edcs.hist.uzh.ch/en/document?edcs-id=EDCS-11400398","persons":[{"nomen":"Samius","gender":"male","raw_name":"C. Samius C. f.","praenomen":"Gaius","status":"filius Caii"}]}},{"type":"Feature","geometry":{"type":"Point","coordinates":[15.54,40.38]},"properties":{"edcs_id":"EDCS-11400399","findspot":"Teggiano / Tegianum","raw_text":"Staia<e=F> Sex(ti) f(iliae) Castae / vixit ann(os) XXII / infelicissimi / pater et mater f(ecerunt)","date_from":101,"date_to":200,"marker_gender":"female","is_individual":false,"edcs_url":"https://edcs.hist.uzh.ch/en/document?edcs-id=EDCS-11400399","persons":[{"nomen":"Staia","gender":"female","raw_name":"Staia Sex. f. Casta","cognomen":"Casta","status":"filia Sexti","cluster_id":791,"cluster_size":2}]}},{"type":"Feature","geometry":{"type":"Point","coordinates":[15.54,40.38]},"properties":{"edcs_id":"EDCS-11400400","findspot":"Teggiano / Tegianum","raw_text":"D(is) M(anibus) / Staiae / Castae / filiae / piissimae e[t] / Antoniae / [A]pollonia[e] / coniug[i] / sanctissima[e] / Sex(tus) Staius / Modestu[s] / b(ene) m(erentibus) f(ecit)","date_from":101,"date_to":200,"marker_gender":"mixed","is_individual":false,"edcs_url":"https://edcs.hist.uzh.ch/en/document?edcs-id=EDCS-11400400","persons":[{"nomen":"Staia","gender":"female","raw_name":"Staiae Castae filiae piissimae","cognomen":"Casta","status":"filia, piissima","cluster_id":791,"cluster_size":2},{"nomen":"Antonia","gender":"female","raw_name":"Antoniae Apolloniae coniugi sanctissimae","cognomen":"Apollonia","status":"coniunx, sanctissima"},{"nomen":"Staius","gender":"male","raw_name":"Sex. Staius Modestus","praenomen":"Sextus","cognomen":"Modestus"}]}},{"type":"Feature","geometry":{"type":"Point","coordinates":[15.54,40.38]},"properties":{"edcs_id":"EDCS-11400401","findspot":"Teggiano / Tegianum","raw_text":"C(aius) Tegiane(n)sis Syneros / et Helena sibi et suis","date_from":-20,"date_to":50,"marker_gender":"mixed","is_individual":false,"edcs_url":"https://edcs.hist.uzh.ch/en/document?edcs-id=EDCS-11400401","persons":[{"nomen":"Tegianensis","gender":"male","raw_name":"C. Tegianensis Syneros","praenomen":"Gaius","cognomen":"Syneros"},{"nomen":"","gender":"female","raw_name":"Helena","cognomen":"Helena"}]}},{"type":"Feature","geometry":{"type":"Point","coordinates":[15.54,40.38]},"properties":{"edcs_id":"EDCS-11400402","findspot":"Teggiano / Tegianum","raw_text":"D(is) M(anibus) / Tegeanensi Pri/mae quae vixit / ann(os) XXXIIII m(enses) VII d(ies) / XII M(arcus) Teg(eanensis) Cresce/ns con(iugi) dulcissi/mae cum qua vix(it) / ann(os) XX men(ses) VIIII / b(ene) m(erenti) fec(it)","date_from":171,"date_to":250,"marker_gender":"mixed","is_individual":false,"edcs_url":"https://edcs.hist.uzh.ch/en/document?edcs-id=EDCS-11400402","persons":[{"nomen":"Tegeanensis","gender":"female","raw_name":"Tegeanensi Prima","cognomen":"Prima"},{"nomen":"Tegeanensis","gender":"male","raw_name":"M. Teg. Crescens","praenomen":"Marcus","cognomen":"Crescens","status":"coniunx"}]}},{"type":"Feature","geometry":{"type":"Point","coordinates":[15.54,40.38]},"properties":{"edcs_id":"EDCS-11400403","findspot":"Teggiano / Tegianum","raw_text":"Trecidae P(ubli) Nanoni / Nepotis ser(vo) v(ixit) a(nnos) XVI","date_from":1,"date_to":100,"marker_gender":"male","is_individual":false,"edcs_url":"https://edcs.hist.uzh.ch/en/document?edcs-id=EDCS-11400403","persons":[{"nomen":"","gender":"male","raw_name":"Trecida P. Nanoni Nepotis ser.","cognomen":"Trecida","status":"servus P. Nanoni Nepotis"}]}},{"type":"Feature","geometry":{"type":"Point","coordinates":[15.54,40.38]},"properties":{"edcs_id":"EDCS-11400404","findspot":"Teggiano / Tegianum","raw_text":"D(is) M(anibus) / Victor[i nep]/oti dulc[issi]/mo Felix a<v=B>us / fecit","date_from":51,"date_to":150,"marker_gender":"male","is_individual":false,"edcs_url":"https://edcs.hist.uzh.ch/en/document?edcs-id=EDCS-11400404","persons":[{"nomen":"","gender":"male","raw_name":"Victori [nep]oti","cognomen":"Victor","status":"nepos"},{"nomen":"","gender":"male","raw_name":"Felix avus","cognomen":"Felix","status":"avus"}]}},{"type":"Feature","geometry":{"type":"Point","coordinates":[15.54,40.38]},"properties":{"edcs_id":"EDCS-11400411","findspot":"Teggiano / Tegianum","raw_text":"D(is) M(anibus) / Aur(elius) Fan/odorus / Aur(elio) Aemoni fratri / fecit","date_from":201,"date_to":300,"marker_gender":"male","is_individual":false,"edcs_url":"https://edcs.hist.uzh.ch/en/document?edcs-id=EDCS-11400411","persons":[{"nomen":"Aurelius","gender":"male","raw_name":"Aur(elius) Fanodorus","cognomen":"Fanodorus"},{"nomen":"Aurelius","gender":"male","raw_name":"Aur(elio) Aemoni","cognomen":"Aemo","status":"frater"}]}},{"type":"Feature","geometry":{"type":"Point","coordinates":[15.54,40.38]},"properties":{"edcs_id":"EDCS-11400413","findspot":"Teggiano / Tegianum","raw_text":"Anicia Coma Comino filio suo / b(ene) m(erenti) fecit qui <v=B>ix(it) ann(os) VIII m(enses) III hor(as) IV / deposito III Kal(endas) Ianuarias","date_from":null,"date_to":null,"marker_gender":"mixed","is_individual":false,"edcs_url":"https://edcs.hist.uzh.ch/en/document?edcs-id=EDCS-11400413","persons":[{"nomen":"Anicia","gender":"female","raw_name":"Anicia Coma","cognomen":"Coma"},{"nomen":"","gender":"male","raw_name":"Comino","cognomen":"Cominus","status":"filius"}]}},{"type":"Feature","geometry":{"type":"Point","coordinates":[15.54,40.38]},"properties":{"edcs_id":"EDCS-11400414","findspot":"Teggiano / Tegianum","raw_text":"Hei[3]lotus Felicissimus Vorateri / qu[3]eciaee(!) Epidi(a)e Reburri<nae=IO> / filiae dulcissimae quae vix/it anno(s) tres m(enses) X dies a(u)t(em) XXCI","date_from":151,"date_to":250,"marker_gender":"mixed","is_individual":false,"edcs_url":"https://edcs.hist.uzh.ch/en/document?edcs-id=EDCS-11400414","persons":[{"nomen":"","gender":"male","raw_name":"Felicissimus","cognomen":"Felicissimus"},{"nomen":"Epidia","gender":"female","raw_name":"Epidi(a)e Reburri(nae)","cognomen":"Reburrina","status":"filia"}]}},{"type":"Feature","geometry":{"type":"Point","coordinates":[15.56,40.46]},"properties":{"edcs_id":"EDCS-11400415","findspot":"Atena Lucana / Atina","raw_text":"Aesculapio / aram ex vot(o) / P(ublius) Latin(ius) Lucanus / q(uaestor) alim(entorum) aed(ilis) IIIIvir / i(ure) d(icundo) v(otum) l(ibens) s(olvit)","date_from":101,"date_to":200,"marker_gender":"male","is_individual":false,"edcs_url":"https://edcs.hist.uzh.ch/en/document?edcs-id=EDCS-11400415","persons":[{"nomen":"Latinius","gender":"male","raw_name":"P. Latinius Lucanus","praenomen":"Publius","cognomen":"Lucanus","status":"quaestor alimentorum, aedilis, IIIIvir iure dicundo","cluster_id":34,"cluster_size":4}]}},{"type":"Feature","geometry":{"type":"Point","coordinates":[15.56,40.46]},"properties":{"edcs_id":"EDCS-11400416","findspot":"Atena Lucana / Atina","raw_text":"Iovi et / dis Penatibus / P(ubli) Nanoni Dio/phanti Augusta/les Atinates","date_from":1,"date_to":100,"marker_gender":"male","is_individual":false,"edcs_url":"https://edcs.hist.uzh.ch/en/document?edcs-id=EDCS-11400416","persons":[{"nomen":"Nanonius","gender":"male","raw_name":"P. Nanoni Diophanti","cognomen":"Diophantus","status":"Augustalis Atinas"}]}},{"type":"Feature","geometry":{"type":"Point","coordinates":[15.56,40.46]},"properties":{"edcs_id":"EDCS-11400417","findspot":"Atena Lucana / Atina","raw_text":"Caru[s] / Lar(ibus) sac(rum) / d(at) l(ibens) m(erito)","date_from":null,"date_to":null,"marker_gender":"male","is_individual":false,"edcs_url":"https://edcs.hist.uzh.ch/en/document?edcs-id=EDCS-11400417","persons":[{"nomen":"","gender":"male","raw_name":"Carus","cognomen":"Carus"}]}},{"type":"Feature","geometry":{"type":"Point","coordinates":[15.56,40.46]},"properties":{"edcs_id":"EDCS-11400418","findspot":"Atena Lucana / Atina","raw_text":"A(ulus) Antonius Horus / aedem Matri Magnae / et porticum qui(!) est ante / aedem et cellam sacerd(otis) / a{b} solo pec(unia) sua fec(it) / d(onum) d(edit) / cuius dedicatione / decurionibus et Augustalib(us) / et populo crust(u)lum et mulsum ded(it)","date_from":151,"date_to":200,"marker_gender":"male","is_individual":false,"edcs_url":"https://edcs.hist.uzh.ch/en/document?edcs-id=EDCS-11400418","persons":[{"nomen":"Antonius","gender":"male","raw_name":"A. Antonius Horus","praenomen":"Aulus","cognomen":"Horus"}]}},{"type":"Feature","geometry":{"type":"Point","coordinates":[13.25,41.29]},"properties":{"edcs_id":"EDCS-11400419","findspot":"Atena Lucana / Atina","raw_text":"Divo Pi/o Severo / [A]ug(usto) publice / d(ecreto) d(ecurionum)","date_from":211,"date_to":235,"marker_gender":"male","is_individual":true,"edcs_url":"https://edcs.hist.uzh.ch/en/document?edcs-id=EDCS-11400419","persons":[{"nomen":"","gender":"male","raw_name":"Divo Pio Severo Aug.","cognomen":"Severus","status":"Divus, Pius, Augustus","is_imperial":true}]}},{"type":"Feature","geometry":{"type":"Point","coordinates":[15.56,40.46]},"properties":{"edcs_id":"EDCS-11400420","findspot":"Atena Lucana / Atina","raw_text":"P(ublio) Licinio / Valeria/no nobili/ssimo Caes(ari) / d(ecreto) d(ecurionum)","date_from":256,"date_to":258,"marker_gender":"male","is_individual":false,"edcs_url":"https://edcs.hist.uzh.ch/en/document?edcs-id=EDCS-11400420","persons":[{"nomen":"Licinius","gender":"male","raw_name":"P. Licinio Valeriano","praenomen":"Publius","cognomen":"Valerianus","status":"nobilissimus Caesar","is_imperial":true}]}},{"type":"Feature","geometry":{"type":"Point","coordinates":[15.56,40.46]},"properties":{"edcs_id":"EDCS-11400422","findspot":"Atena Lucana / Atina","raw_text":"Q(uintus) Statius Q(uinti) f(ilius) Pom(ptina) [Gallus] / tr(ibunus) mil(itum) bis IIvir te[r] / Melenceia Sex(ti) f(ilia) Po[silla] / Q(uintus) Statius Q(uinti) f(ilius) Pom(ptina) G[allus fil(ius)] / praef(ectus) fabrum IIv[ir]","date_from":-20,"date_to":30,"marker_gender":"mixed","is_individual":false,"edcs_url":"https://edcs.hist.uzh.ch/en/document?edcs-id=EDCS-11400422","persons":[{"nomen":"Statius","gender":"male","raw_name":"Q. Statius Q. f. Pom. [Gallus]","praenomen":"Quintus","cognomen":"Gallus","status":"filius Quinti, tribus Pomptina, tribunus militum bis, duumvir ter","cluster_id":167,"cluster_size":2},{"nomen":"Melenceia","gender":"female","raw_name":"Melenceia Sex. f. Po[silla]","cognomen":"Posilla","status":"filia Sexti"},{"nomen":"Statius","gender":"male","raw_name":"Q. Statius Q. f. Pom. G[allus fil.]","praenomen":"Quintus","cognomen":"Gallus","status":"filius Quinti, tribus Pomptina, filius, praefectus fabrum, duumvir","cluster_id":167,"cluster_size":2}]}},{"type":"Feature","geometry":{"type":"Point","coordinates":[15.56,40.46]},"properties":{"edcs_id":"EDCS-11400423","findspot":"Atena Lucana / Atina","raw_text":"A(ulo) Antonio A(uli) fil(io) Pom(ptina) / Pelagiano IIIIviro q(uin)[q(uennali)] / equiti Rom(ano) rariss[i]/mo innocentissim[o]/que cur(atori) r(ei) p(ublicae) et patr[o]/no decurione[s] / Augustales / et plebs / Petelinorum / l(ocus) d(atus) d(ecreto) d(ecurionum)","date_from":151,"date_to":230,"marker_gender":"male","is_individual":false,"edcs_url":"https://edcs.hist.uzh.ch/en/document?edcs-id=EDCS-11400423","persons":[{"nomen":"Antonius","gender":"male","raw_name":"A. Antonio A. fil. Pom. Pelagiano","praenomen":"Aulus","cognomen":"Pelagianus","status":"filius Auli, tribus Pomptina, quattuorvir quinquennalis, eques Romanus, curator rei publicae, patronus","cluster_id":169,"cluster_size":3}]}},{"type":"Feature","geometry":{"type":"Point","coordinates":[15.56,40.46]},"properties":{"edcs_id":"EDCS-11400424","findspot":"Atena Lucana / Atina","raw_text":"D(is) M(anibus) / A(ulo) Antonio / Pelagiano / patri incom/parabili Anto/nii Pelagianus / et Pelagiane(!) fec(erunt)","date_from":151,"date_to":250,"marker_gender":"mixed","is_individual":false,"edcs_url":"https://edcs.hist.uzh.ch/en/document?edcs-id=EDCS-11400424","persons":[{"nomen":"Antonius","gender":"male","raw_name":"A. Antonio Pelagiano","praenomen":"Aulus","cognomen":"Pelagianus","status":"pater","cluster_id":169,"cluster_size":3},{"nomen":"Antonius","gender":"male","raw_name":"Antonii Pelagianus","cognomen":"Pelagianus","cluster_id":169,"cluster_size":3},{"nomen":"","gender":"female","raw_name":"Pelagiane","cognomen":"Pelagiane"}]}},{"type":"Feature","geometry":{"type":"Point","coordinates":[15.56,40.46]},"properties":{"edcs_id":"EDCS-11400425","findspot":"Atena Lucana / Atina","raw_text":"D(is) M(anibus) / M(arco) Antonio / Rufo / collegius / Mercuria/lium","date_from":151,"date_to":250,"marker_gender":"male","is_individual":false,"edcs_url":"https://edcs.hist.uzh.ch/en/document?edcs-id=EDCS-11400425","persons":[{"nomen":"Antonius","gender":"male","raw_name":"M. Antonio Rufo","praenomen":"Marcus","cognomen":"Rufus"}]}},{"type":"Feature","geometry":{"type":"Point","coordinates":[15.56,40.46]},"properties":{"edcs_id":"EDCS-11400426","findspot":"Atena Lucana / Atina","raw_text":"T(itus) Hel(vius) Sabinia/nus n[eg(otians) p]ertic[a]r(ius?) / et curator [3] / ipse sibi fecit","date_from":171,"date_to":250,"marker_gender":"male","is_individual":false,"edcs_url":"https://edcs.hist.uzh.ch/en/document?edcs-id=EDCS-11400426","persons":[{"nomen":"Helvius","gender":"male","raw_name":"T. Hel. Sabinianus n[eg. p]ertic[a]r.   et curator [3]","praenomen":"Titus","cognomen":"Sabinianus","status":"negotians perticarius, curator","cluster_id":82,"cluster_size":2}]}},{"type":"Feature","geometry":{"type":"Point","coordinates":[15.56,40.46]},"properties":{"edcs_id":"EDCS-11400427","findspot":"Atena Lucana / Atina","raw_text":"D(is) M(anibus) / T(ito) Hel(vio) T(iti) f(ilio) Pom(ptina) / Varroni eq(uiti) / Rom(ano) patri op/timo T(itus) Helvi/us Tertullus / b(ene) m(erenti) f(ecit)","date_from":171,"date_to":230,"marker_gender":"male","is_individual":false,"edcs_url":"https://edcs.hist.uzh.ch/en/document?edcs-id=EDCS-11400427","persons":[{"nomen":"Helvius","gender":"male","raw_name":"T. Hel. T. f. Pom. Varroni","praenomen":"Titus","cognomen":"Varro","status":"filius Titi, tribus Pomptina, eques Romanus, pater"},{"nomen":"Helvius","gender":"male","raw_name":"T. Helvius Tertullus","praenomen":"Titus","cognomen":"Tertullus","cluster_id":79,"cluster_size":3}]}},{"type":"Feature","geometry":{"type":"Point","coordinates":[13.8,41.62]},"properties":{"edcs_id":"EDCS-11400428","findspot":"Atena Lucana / Atina","raw_text":"Lucia M(arci) l(iberta) Suettia / sacerdos","date_from":-60,"date_to":-41,"marker_gender":"female","is_individual":false,"edcs_url":"https://edcs.hist.uzh.ch/en/document?edcs-id=EDCS-11400428","persons":[{"nomen":"Suettia","gender":"female","raw_name":"Lucia M. l. Suettia","status":"liberta Marci, sacerdos"}]}},{"type":"Feature","geometry":{"type":"Point","coordinates":[15.56,40.46]},"properties":{"edcs_id":"EDCS-11400429","findspot":"Atena Lucana / Atina","raw_text":"M(arco) Traesio M(arci) f(ilio) / Pom(ptina) Fausto sen(iori) / IIIIvir(o) q(uin)q(uennali) Potent(inorum) / cur(atori) r(ei) p(ublicae) Bantinor(um) / cur(atori) r(ei) p(ublicae) Atinatium / ob merita eius / dec(uriones) Aug(ustales) et plebs / cur(avit) L(ucius) Porc(ius) Rufos(!) / ex a(ere) c(onlato)","date_from":151,"date_to":230,"marker_gender":"male","is_individual":false,"edcs_url":"https://edcs.hist.uzh.ch/en/document?edcs-id=EDCS-11400429","persons":[{"nomen":"Traesius","gender":"male","raw_name":"M. Traesio M. f. Pom. Fausto sen.","praenomen":"Marcus","cognomen":"Faustus","status":"filius Marci, tribus Pomptina, senior, quattuorvir quinquennalis, curator rei publicae"},{"nomen":"Porcius","gender":"male","raw_name":"L. Porc. Rufos","praenomen":"Lucius","cognomen":"Rufus"}]}},{"type":"Feature","geometry":{"type":"Point","coordinates":[15.56,40.46]},"properties":{"edcs_id":"EDCS-11400430","findspot":"Atena Lucana / Atina","raw_text":"D(is) M(anibus) / Antoniae Ia/nuariae fili/ae kar(issimae) vix(it) ann(os) / XV m(enses) III d(ies) VI / Atinas Ianu/arius et Anto/nia Prima pa/rentes infe/licissimi","date_from":201,"date_to":250,"marker_gender":"mixed","is_individual":false,"edcs_url":"https://edcs.hist.uzh.ch/en/document?edcs-id=EDCS-11400430","persons":[{"nomen":"Antonia","gender":"female","raw_name":"Antoniae Ianuariae","cognomen":"Ianuaria","status":"filia, karissima","cluster_id":18,"cluster_size":2},{"nomen":"","gender":"male","raw_name":"Atinas Ianuarius","cognomen":"Ianuarius","status":"parens, Atinas"},{"nomen":"Antonia","gender":"female","raw_name":"Antonia Prima","cognomen":"Prima","status":"parens"}]}},{"type":"Feature","geometry":{"type":"Point","coordinates":[15.56,40.46]},"properties":{"edcs_id":"EDCS-11400431","findspot":"Atena Lucana / Atina","raw_text":"Antonia Mo/desta P(ublio) Ota/cilio Cam/pano con/iugi bene / m(erenti) f(ecit)","date_from":151,"date_to":250,"marker_gender":"mixed","is_individual":false,"edcs_url":"https://edcs.hist.uzh.ch/en/document?edcs-id=EDCS-11400431","persons":[{"nomen":"Antonia","gender":"female","raw_name":"Antonia Modesta","cognomen":"Modesta"},{"nomen":"Otacilius","gender":"male","raw_name":"P. Otacilio Campano","praenomen":"Publius","cognomen":"Campanus","status":"coniunx"}]}},{"type":"Feature","geometry":{"type":"Point","coordinates":[15.56,40.46]},"properties":{"edcs_id":"EDCS-11400432","findspot":"Atena Lucana / Atina","raw_text":"D(is) M(anibus) / I[ul]iae Tu/cieni con/iugi incompa/rabili quae vix(it) / an(nos) XL m(enses) X d(ies) XXII / Athenodorus / b(ene) m(erenti) f(ecit)","date_from":101,"date_to":250,"marker_gender":"mixed","is_individual":false,"edcs_url":"https://edcs.hist.uzh.ch/en/document?edcs-id=EDCS-11400432","persons":[{"nomen":"Iulia","gender":"female","raw_name":"I[ul]iae Tucieni","cognomen":"Tuciena","status":"coniunx, incomparabilis"},{"nomen":"","gender":"male","raw_name":"Athenodorus","cognomen":"Athenodorus"}]}},{"type":"Feature","geometry":{"type":"Point","coordinates":[15.56,40.46]},"properties":{"edcs_id":"EDCS-11400433","findspot":"Atena Lucana / Atina","raw_text":"D(is) M(anibus) / Q(uinto) Caesio / Semno Q(uintus) / Caesius / Castre(n)sis / patri et pa/trono b(ene) m(erenti)","date_from":101,"date_to":230,"marker_gender":"male","is_individual":false,"edcs_url":"https://edcs.hist.uzh.ch/en/document?edcs-id=EDCS-11400433","persons":[{"nomen":"Caesius","gender":"male","raw_name":"Q. Caesio Semno","praenomen":"Quintus","cognomen":"Semnus","status":"pater, patronus"},{"nomen":"Caesius","gender":"male","raw_name":"Q. Caesius Castrensis","praenomen":"Quintus","cognomen":"Castrensis"}]}},{"type":"Feature","geometry":{"type":"Point","coordinates":[15.56,40.46]},"properties":{"edcs_id":"EDCS-11400434","findspot":"Atena Lucana / Atina","raw_text":"D(is) M(anibus) / Sex(to) Cellio / Triphoni / Acilia Pri/ma coniu/gi suo b(ene) m(erenti)","date_from":151,"date_to":250,"marker_gender":"mixed","is_individual":false,"edcs_url":"https://edcs.hist.uzh.ch/en/document?edcs-id=EDCS-11400434","persons":[{"nomen":"Cellius","gender":"male","raw_name":"Sex. Cellio Triphoni","praenomen":"Sextus","cognomen":"Tryphon","status":"coniunx"},{"nomen":"Acilia","gender":"female","raw_name":"Acilia Prima","cognomen":"Prima"}]}},{"type":"Feature","geometry":{"type":"Point","coordinates":[15.56,40.46]},"properties":{"edcs_id":"EDCS-11400435","findspot":"Atena Lucana / Atina","raw_text":"D(is) M(anibus) / Fabiae Zosim(a)e ux{s}ori bene m(erenti) / M(arcus) Tattius Fructianus maritus / f(aciendum) c(uravit)","date_from":171,"date_to":230,"marker_gender":"mixed","is_individual":false,"edcs_url":"https://edcs.hist.uzh.ch/en/document?edcs-id=EDCS-11400435","persons":[{"nomen":"Fabia","gender":"female","raw_name":"Fabiae Zosim(a)e","cognomen":"Zosima","status":"uxor"},{"nomen":"Tattius","gender":"male","raw_name":"M. Tattius Fructianus","praenomen":"Marcus","cognomen":"Fructianus","status":"maritus","cluster_id":93,"cluster_size":3}]}},{"type":"Feature","geometry":{"type":"Point","coordinates":[15.56,40.46]},"properties":{"edcs_id":"EDCS-11400436","findspot":"Atena Lucana / Atina","raw_text":"D(is) M(anibus) / Gabiniae [","date_from":101,"date_to":300,"marker_gender":"female","is_individual":false,"edcs_url":"https://edcs.hist.uzh.ch/en/document?edcs-id=EDCS-11400436","persons":[{"nomen":"Gabin","gender":"female","raw_name":"Gabiniae ["}]}},{"type":"Feature","geometry":{"type":"Point","coordinates":[15.56,40.46]},"properties":{"edcs_id":"EDCS-11400437","findspot":"Atena Lucana / Atina","raw_text":"D(is) M(anibus) / T(ito) Helvio T(iti) fil(io) / Pom(ptina) Comiti / T(itus) Helvius Ter/tullus patri / optimo","date_from":171,"date_to":230,"marker_gender":"male","is_individual":false,"edcs_url":"https://edcs.hist.uzh.ch/en/document?edcs-id=EDCS-11400437","persons":[{"nomen":"Helvius","gender":"male","raw_name":"T(ito) Helvio T(iti) fil(io) Pom(ptina) Comiti","praenomen":"Titus","cognomen":"Comes","status":"filius Titi, tribus Pomptina"},{"nomen":"Helvius","gender":"male","raw_name":"T(itus) Helvius Tertullus","praenomen":"Titus","cognomen":"Tertullus","status":"pater","cluster_id":79,"cluster_size":3}]}},{"type":"Feature","geometry":{"type":"Point","coordinates":[15.56,40.46]},"properties":{"edcs_id":"EDCS-11400438","findspot":"Atena Lucana / Atina","raw_text":"D(i) havet(e) M(anes) / Hel(viae) Commo/d(a)e coniug(i) kar(issimae) tutri/ci optim(a)e / Hel(vius) Sabini/anus b(ene) m(erenti) f(ecit)","date_from":171,"date_to":300,"marker_gender":"mixed","is_individual":false,"edcs_url":"https://edcs.hist.uzh.ch/en/document?edcs-id=EDCS-11400438","persons":[{"nomen":"Helvia","gender":"female","raw_name":"Hel(viae) Commo d(a)e","cognomen":"Commoda","status":"coniunx, tutrix"},{"nomen":"Helvius","gender":"male","raw_name":"Hel(vius) Sabini anus","cognomen":"Sabinianus","cluster_id":82,"cluster_size":2}]}},{"type":"Feature","geometry":{"type":"Point","coordinates":[15.38,40.63]},"properties":{"edcs_id":"EDCS-11400439","findspot":"Atena Lucana / Atina","raw_text":"Otaciliae / Doridi / filiae dulcissimae / q(uae) v(ixit) ann(os) VI m(enses) VIII / d(ies) XXI Otacili / Privatus et / Apollonia paren/tes","date_from":151,"date_to":250,"marker_gender":"mixed","is_individual":false,"edcs_url":"https://edcs.hist.uzh.ch/en/document?edcs-id=EDCS-11400439","persons":[{"nomen":"Otacilia","gender":"female","raw_name":"Otaciliae Doridi","cognomen":"Doris","status":"filia dulcissima"},{"nomen":"Otacilius","gender":"male","raw_name":"Otacili Privatus","cognomen":"Privatus","status":"parens"},{"nomen":"","gender":"female","raw_name":"Apollonia","cognomen":"Apollonia","status":"parens"}]}},{"type":"Feature","geometry":{"type":"Point","coordinates":[15.56,40.46]},"properties":{"edcs_id":"EDCS-11400440","findspot":"Atena Lucana / Atina","raw_text":"[Ho]rdioniae Annae [3] / [3]lia Demetria [3] / matri suae","date_from":1,"date_to":100,"marker_gender":"female","is_individual":false,"edcs_url":"https://edcs.hist.uzh.ch/en/document?edcs-id=EDCS-11400440","persons":[{"nomen":"Hordionia","gender":"female","raw_name":"[Ho]rdioniae Annae","cognomen":"Anna"},{"nomen":"","gender":"female","raw_name":"[3]lia Demetria","cognomen":"Demetria","status":"mater"}]}},{"type":"Feature","geometry":{"type":"Point","coordinates":[15.56,40.46]},"properties":{"edcs_id":"EDCS-11400441","findspot":"Atena Lucana / Atina","raw_text":"D(is) M(anibus) / Liciniani / [","date_from":101,"date_to":300,"marker_gender":"male","is_individual":false,"edcs_url":"https://edcs.hist.uzh.ch/en/document?edcs-id=EDCS-11400441","persons":[{"nomen":"","gender":"male","raw_name":"Liciniani","cognomen":"Licinianus"}]}},{"type":"Feature","geometry":{"type":"Point","coordinates":[15.56,40.46]},"properties":{"edcs_id":"EDCS-11400442","findspot":"Atena Lucana / Atina","raw_text":"D(is) M(anibus) / Luxsiliae(!) Statiae / [l(ibertae) Ch]rusidis Luxsilia(!) Olym/pias matri / b(ene) m(erenti)","date_from":101,"date_to":200,"marker_gender":"female","is_individual":false,"edcs_url":"https://edcs.hist.uzh.ch/en/document?edcs-id=EDCS-11400442","persons":[{"nomen":"Luxsilia","gender":"female","raw_name":"Luxsiliae Statiae [l(ibertae) Ch]rusidis","cognomen":"Chrusis","status":"liberta"},{"nomen":"Luxsilia","gender":"female","raw_name":"Luxsilia Olym pias","cognomen":"Olympias","status":"mater"}]}},{"type":"Feature","geometry":{"type":"Point","coordinates":[15.56,40.46]},"properties":{"edcs_id":"EDCS-11400443","findspot":"Atena Lucana / Atina","raw_text":"D(is) M(anibus) / [M]agiae M(arci) f(iliae) M[arci]/anae M(arcus) T[elto]/nius Iuvena[lis] / uxori inc[om]/parabili","date_from":131,"date_to":230,"marker_gender":"mixed","is_individual":false,"edcs_url":"https://edcs.hist.uzh.ch/en/document?edcs-id=EDCS-11400443","persons":[{"nomen":"Magia","gender":"female","raw_name":"[M]agiae M(arci) f(iliae) M[arci] anae","cognomen":"Marciana","status":"filia Marci, uxor"},{"nomen":"Teltonius","gender":"male","raw_name":"M(arcus) T[elto] nius Iuvena[lis]","praenomen":"Marcus","cognomen":"Iuvenalis"}]}},{"type":"Feature","geometry":{"type":"Point","coordinates":[15.56,40.46]},"properties":{"edcs_id":"EDCS-11400444","findspot":"Atena Lucana / Atina","raw_text":"P(ublio) Magno / [3]F[3] / [3] misero [3] / R()","date_from":null,"date_to":null,"marker_gender":"male","is_individual":false,"edcs_url":"https://edcs.hist.uzh.ch/en/document?edcs-id=EDCS-11400444","persons":[{"nomen":"","gender":"male","raw_name":"P(ublio) Magno","praenomen":"Publius","cognomen":"Magnus"}]}},{"type":"Feature","geometry":{"type":"Point","coordinates":[15.56,40.46]},"properties":{"edcs_id":"EDCS-11400445","findspot":"Atena Lucana / Atina","raw_text":"D(is) M(anibus) / Decimo Mi/natio Mina/tius pater et De/cidia Serena / mater filio / karissimo / fecerunt qui / vixit annis / XIII","date_from":151,"date_to":250,"marker_gender":"mixed","is_individual":false,"edcs_url":"https://edcs.hist.uzh.ch/en/document?edcs-id=EDCS-11400445","persons":[{"nomen":"Minatius","gender":"male","raw_name":"Decimo Mi natio","praenomen":"Decimus"},{"nomen":"Minatius","gender":"male","raw_name":"Minatius","status":"pater"},{"nomen":"Decidia","gender":"female","raw_name":"Decidia Serena","cognomen":"Serena","status":"mater"}]}},{"type":"Feature","geometry":{"type":"Point","coordinates":[15.56,40.46]},"properties":{"edcs_id":"EDCS-11400446","findspot":"Atena Lucana / Atina","raw_text":"D(is) M(anibus) / Peregrino / filio Acleit/ia pater / scelestus / b(ene) m(erenti) feci[t] q(ui) v(ixit) / annis XVIII","date_from":101,"date_to":250,"marker_gender":"male","is_individual":false,"edcs_url":"https://edcs.hist.uzh.ch/en/document?edcs-id=EDCS-11400446","persons":[{"nomen":"","gender":"male","raw_name":"Peregrino","cognomen":"Peregrinus","status":"filius"},{"nomen":"Acleitia","gender":"male","raw_name":"Acleit ia","status":"pater"}]}},{"type":"Feature","geometry":{"type":"Point","coordinates":[15.56,40.46]},"properties":{"edcs_id":"EDCS-11400447","findspot":"Atena Lucana / Atina","raw_text":"D(is) M(anibus) / M(arco) Pompeio / Co(n)stanti / Luxil(ia) Casta / filio bono / qui vix(it) ann(os) / XXX m(enses) V d(ies) VI","date_from":151,"date_to":230,"marker_gender":"mixed","is_individual":false,"edcs_url":"https://edcs.hist.uzh.ch/en/document?edcs-id=EDCS-11400447","persons":[{"nomen":"Pompeius","gender":"male","raw_name":"M(arco) Pompeio Co(n)stanti","praenomen":"Marcus","cognomen":"Constans","status":"filius"},{"nomen":"Luxilia","gender":"female","raw_name":"Luxil(ia) Casta","cognomen":"Casta"}]}},{"type":"Feature","geometry":{"type":"Point","coordinates":[15.56,40.46]},"properties":{"edcs_id":"EDCS-11400448","findspot":"Atena Lucana / Atina","raw_text":"N(umerio) Pontilio / [3]p[3]mo filio / [dul]cissimo","date_from":101,"date_to":200,"marker_gender":"male","is_individual":false,"edcs_url":"https://edcs.hist.uzh.ch/en/document?edcs-id=EDCS-11400448","persons":[{"nomen":"Pontilius","gender":"male","raw_name":"N(umerio) Pontilio [3]p[3]mo","praenomen":"Numerius","status":"filius"}]}},{"type":"Feature","geometry":{"type":"Point","coordinates":[15.56,40.46]},"properties":{"edcs_id":"EDCS-11400449","findspot":"Atena Lucana / Atina","raw_text":"D(is) M(anibus) / Porcatio / L[","date_from":171,"date_to":300,"marker_gender":"male","is_individual":false,"edcs_url":"https://edcs.hist.uzh.ch/en/document?edcs-id=EDCS-11400449","persons":[{"nomen":"Porcatius","gender":"male","raw_name":"Porcatio"}]}},{"type":"Feature","geometry":{"type":"Point","coordinates":[15.56,40.46]},"properties":{"edcs_id":"EDCS-11400450","findspot":"Atena Lucana / Atina","raw_text":"D(is) M(anibus) / Staiae Quartillae / uxori incompara/bili cum qua vixit / ann(os) XXXV mens(es) XI d(ies) XVIII / Antonius Felicia/nus sed maritus / infelicissimus","date_from":171,"date_to":250,"marker_gender":"mixed","is_individual":false,"edcs_url":"https://edcs.hist.uzh.ch/en/document?edcs-id=EDCS-11400450","persons":[{"nomen":"Staia","gender":"female","raw_name":"Staiae Quartillae","cognomen":"Quartilla","status":"uxor"},{"nomen":"Antonius","gender":"male","raw_name":"Antonius Felicia nus","cognomen":"Felicianus","status":"maritus"}]}},{"type":"Feature","geometry":{"type":"Point","coordinates":[15.56,40.46]},"properties":{"edcs_id":"EDCS-11400451","findspot":"Atena Lucana / Atina","raw_text":"D(is) M(anibus) / M(arco) Tattio M(arci) f(ilio) Pom(ptina) Fructiano / M(arcus) Tattius Fructianus et Tattia / Prepusa patri bene merenti / fec(erunt)","date_from":171,"date_to":230,"marker_gender":"mixed","is_individual":false,"edcs_url":"https://edcs.hist.uzh.ch/en/document?edcs-id=EDCS-11400451","persons":[{"nomen":"Tattius","gender":"male","raw_name":"M(arco) Tattio M(arci) f(ilio) Pom(ptina) Fructiano","praenomen":"Marcus","cognomen":"Fructianus","status":"filius Marci, tribus Pomptina","cluster_id":93,"cluster_size":3},{"nomen":"Tattius","gender":"male","raw_name":"M(arcus) Tattius Fructianus","praenomen":"Marcus","cognomen":"Fructianus","cluster_id":93,"cluster_size":3},{"nomen":"Tattia","gender":"female","raw_name":"Tattia Prepusa","cognomen":"Prepusa"}]}},{"type":"Feature","geometry":{"type":"Point","coordinates":[15.56,40.46]},"properties":{"edcs_id":"EDCS-11400452","findspot":"Atena Lucana / Atina","raw_text":"D(is) M(anibus) / Teltoniae / [3 conc]ubinae b[e]/ne meritae fec[it]","date_from":101,"date_to":250,"marker_gender":"female","is_individual":false,"edcs_url":"https://edcs.hist.uzh.ch/en/document?edcs-id=EDCS-11400452","persons":[{"nomen":"Teltonia","gender":"female","raw_name":"Teltoniae [3 conc]ubinae","status":"concubina, bene merita"}]}},{"type":"Feature","geometry":{"type":"Point","coordinates":[15.56,40.46]},"properties":{"edcs_id":"EDCS-11400453","findspot":"Atena Lucana / Atina","raw_text":"D(is) M(anibus) / Tullio Sy/ro Tullia / [Se]ptima ma/[rito] bene me/[renti] fec(it)","date_from":201,"date_to":300,"marker_gender":"mixed","is_individual":false,"edcs_url":"https://edcs.hist.uzh.ch/en/document?edcs-id=EDCS-11400453","persons":[{"nomen":"Tullius","gender":"male","raw_name":"Tullio Syro","cognomen":"Syrus","status":"maritus, bene merens"},{"nomen":"Tullia","gender":"female","raw_name":"Tullia [Se]ptima","cognomen":"Septima","cluster_id":53,"cluster_size":2}]}},{"type":"Feature","geometry":{"type":"Point","coordinates":[15.56,40.46]},"properties":{"edcs_id":"EDCS-11400454","findspot":"Atena Lucana / Atina","raw_text":"D(is) M(anibus) / M(arcus) Vale/rius Hi/larus / Hilaro / filio b(ene) m(erenti) / vixit an/nis XVIII / et sibi se / vivo fe/cit","date_from":101,"date_to":250,"marker_gender":"male","is_individual":false,"edcs_url":"https://edcs.hist.uzh.ch/en/document?edcs-id=EDCS-11400454","persons":[{"nomen":"Valerius","gender":"male","raw_name":"M. Valerius Hilarus","praenomen":"Marcus","cognomen":"Hilarus"},{"nomen":"","gender":"male","raw_name":"Hilaro","cognomen":"Hilarus","status":"filius, bene merens"}]}},{"type":"Feature","geometry":{"type":"Point","coordinates":[15.56,40.46]},"properties":{"edcs_id":"EDCS-11400455","findspot":"Atena Lucana / Atina","raw_text":"D(is) M(anibus) / M(arco) Valerio Ho/ro sodales / ECIVMN","date_from":null,"date_to":null,"marker_gender":"male","is_individual":false,"edcs_url":"https://edcs.hist.uzh.ch/en/document?edcs-id=EDCS-11400455","persons":[{"nomen":"Valerius","gender":"male","raw_name":"M. Valerio Horo","praenomen":"Marcus","cognomen":"Horus"}]}},{"type":"Feature","geometry":{"type":"Point","coordinates":[15.5,40.52]},"properties":{"edcs_id":"EDCS-11400457","findspot":"Polla / Forum Popilii","raw_text":"D(is) M(anibus) / Bruttio Vi/tali Bruttiu/s Castor fra/tri b(ene) m(erenti) f(ecit) q(ui) v(ixit) / a(nnos) XXXXIII m(enses) VIII / d(ies) XXI","date_from":171,"date_to":250,"marker_gender":"male","is_individual":false,"edcs_url":"https://edcs.hist.uzh.ch/en/document?edcs-id=EDCS-11400457","persons":[{"nomen":"Bruttius","gender":"male","raw_name":"Bruttio Vitali","cognomen":"Vitalis"},{"nomen":"Bruttius","gender":"male","raw_name":"Bruttius Castor","cognomen":"Castor","status":"frater"}]}},{"type":"Feature","geometry":{"type":"Point","coordinates":[15.5,40.52]},"properties":{"edcs_id":"EDCS-11400458","findspot":"Polla / Forum Popilii","raw_text":"D(is) M(anibus) / C(aio) Quelio Pris/co Quelia Ca/priola coni(ugi) / b(ene) m(erenti) f(ecit) cum q(uo) / v(ixit) an(nos) XXII m(enses) III / d(ies) XV","date_from":171,"date_to":250,"marker_gender":"mixed","is_individual":false,"edcs_url":"https://edcs.hist.uzh.ch/en/document?edcs-id=EDCS-11400458","persons":[{"nomen":"Quelius","gender":"male","raw_name":"C. Quelio Prisco","praenomen":"Gaius","cognomen":"Priscus"},{"nomen":"Quelia","gender":"female","raw_name":"Quelia Capriola","cognomen":"Capriola","status":"uxor"}]}},{"type":"Feature","geometry":{"type":"Point","coordinates":[15.5,40.52]},"properties":{"edcs_id":"EDCS-11400459","findspot":"Polla / Forum Popilii","raw_text":"D(is) M(anibus) / f(ecerunt) Amatistus / et [Ia]nuaria / Ianuario f(ilio) / b(ene) m(erenti) q(ui) v(ixit) a(nnos) XXVIII / q[3] f[3]u e[3] c[3]su(a)e / d[3] suo c[3] s[3] Am(atistus) / f[3] l[3] suis cre[","date_from":201,"date_to":300,"marker_gender":"mixed","is_individual":false,"edcs_url":"https://edcs.hist.uzh.ch/en/document?edcs-id=EDCS-11400459","persons":[{"nomen":"","gender":"male","raw_name":"Amatistus","cognomen":"Amatistus"},{"nomen":"","gender":"female","raw_name":"[Ia]nuaria","cognomen":"Ianuaria"},{"nomen":"","gender":"male","raw_name":"Ianuario","cognomen":"Ianuarius","status":"filius"}]}},{"type":"Feature","geometry":{"type":"Point","coordinates":[15.48,40.46]},"properties":{"edcs_id":"EDCS-11400460","findspot":"San Pietro al Tanagro / Atina","raw_text":"Aurelio Quin/tasio co(n)iugi / b(ene) m(erenti) Pontilia / Renata fecit / q(ui) vix(it) an(nos) p(lus) m(inus) / XXXXV m(enses) IIII","date_from":201,"date_to":300,"marker_gender":"mixed","is_individual":false,"edcs_url":"https://edcs.hist.uzh.ch/en/document?edcs-id=EDCS-11400460","persons":[{"nomen":"Aurelius","gender":"male","raw_name":"Aurelio Quintasio","cognomen":"Quintasius","status":"coniunx, bene merens"},{"nomen":"Pontilia","gender":"female","raw_name":"Pontilia Renata","cognomen":"Renata"}]}},{"type":"Feature","geometry":{"type":"Point","coordinates":[15.48,40.46]},"properties":{"edcs_id":"EDCS-11400461","findspot":"San Pietro al Tanagro / Atina","raw_text":"D(is) M(anibus) / Pompeio Stepha/no Pullania Casta / viro suo et sibi","date_from":151,"date_to":300,"marker_gender":"mixed","is_individual":false,"edcs_url":"https://edcs.hist.uzh.ch/en/document?edcs-id=EDCS-11400461","persons":[{"nomen":"Pompeius","gender":"male","raw_name":"Pompeio Stephano","cognomen":"Stephanus","status":"vir"},{"nomen":"Pullania","gender":"female","raw_name":"Pullania Casta","cognomen":"Casta"}]}},{"type":"Feature","geometry":{"type":"Point","coordinates":[15.45,40.54]},"properties":{"edcs_id":"EDCS-11400463","findspot":"Pertosa / Atina","raw_text":"Genio / Aug(usto) h(uius) loc(i) / Gn(aeus!) Flavi(us) / Priscus","date_from":1,"date_to":50,"marker_gender":"male","is_individual":false,"edcs_url":"https://edcs.hist.uzh.ch/en/document?edcs-id=EDCS-11400463","persons":[{"nomen":"Flavius","gender":"male","raw_name":"Gn. Flavi(us) Priscus","praenomen":"Gnaeus","cognomen":"Priscus"}]}},{"type":"Feature","geometry":{"type":"Point","coordinates":[15.42,40.56]},"properties":{"edcs_id":"EDCS-11400464","findspot":"Auletta / Acerronia / Atina","raw_text":"M(arco) Insteio M(arci) f(ilio) Pom(ptina) Secun[do] / IIIIviro i(ure) d(icundo) / M(arcus) Insteius M(arci) f(ilius) Pom(ptina) Firmu[s] / IIIIvir aed(ilis) IIIIvir i(ure) d(icundo) IIIIvir quin[q(uennalis)] / pater rarissimi exempli filio / et sibi","date_from":1,"date_to":50,"marker_gender":"male","is_individual":false,"edcs_url":"https://edcs.hist.uzh.ch/en/document?edcs-id=EDCS-11400464","persons":[{"nomen":"Insteius","gender":"male","raw_name":"M. Insteio M. f. Pom. Secun[do]","praenomen":"Marcus","cognomen":"Secundus","status":"filius Marci, tribus Pomptina, IIIIvir iure dicundo"},{"nomen":"Insteius","gender":"male","raw_name":"M. Insteius M. f. Pom. Firmu[s]","praenomen":"Marcus","cognomen":"Firmus","status":"pater, filius Marci, tribus Pomptina, IIIIvir aedilis, IIIIvir iure dicundo, IIIIvir quinquennalis"}]}},{"type":"Feature","geometry":{"type":"Point","coordinates":[15.42,40.56]},"properties":{"edcs_id":"EDCS-11400465","findspot":"Auletta / Acerronia / Atina","raw_text":"D(is) M(anibus) / D(ecimo) Haterio Prisco / Hateris Prisca Pris/cus Amandus fili(i) / patri pientissimo ex / voluntate sua ex HS / mille quingentis n(ummis) arbitratu Vien(ni) / Severi amici optimi / faci(endum) curavit","date_from":131,"date_to":200,"marker_gender":"mixed","is_individual":false,"edcs_url":"https://edcs.hist.uzh.ch/en/document?edcs-id=EDCS-11400465","persons":[{"nomen":"Haterius","gender":"male","raw_name":"D. Haterio Prisco","praenomen":"Decimus","cognomen":"Priscus","cluster_id":102,"cluster_size":2},{"nomen":"Haterius","gender":"female","raw_name":"Hateris Prisca","cognomen":"Prisca","status":"filia"},{"nomen":"Haterius","gender":"male","raw_name":"Priscus","cognomen":"Priscus","status":"filius","cluster_id":102,"cluster_size":2},{"nomen":"","gender":"male","raw_name":"Amandus","cognomen":"Amandus","status":"filius"}]}},{"type":"Feature","geometry":{"type":"Point","coordinates":[15.56,40.55]},"properties":{"edcs_id":"EDCS-11400466","findspot":"Sant'Angelo le Fratte / Atina","raw_text":"D(is) M(anibus) / Antoniae A(uli) f(iliae) / Dorcadi sa/cerdoti [3] / Atinatium","date_from":151,"date_to":230,"marker_gender":"female","is_individual":false,"edcs_url":"https://edcs.hist.uzh.ch/en/document?edcs-id=EDCS-11400466","persons":[{"nomen":"Antonia","gender":"female","raw_name":"Antoniae A. f. Dorcadi","cognomen":"Dorcades","status":"filia Auli, sacerdos"}]}},{"type":"Feature","geometry":{"type":"Point","coordinates":[15.42,40.56]},"properties":{"edcs_id":"EDCS-11400467","findspot":"Auletta / Acerronia / Atina","raw_text":"D(is) M(anibus) / M(arci) Instei / Candidi / Arria Trais / uxor et / [I]nstei C[and]idus / et Ve[nusta] b(ene) m(erenti)","date_from":131,"date_to":230,"marker_gender":"mixed","is_individual":false,"edcs_url":"https://edcs.hist.uzh.ch/en/document?edcs-id=EDCS-11400467","persons":[{"nomen":"Insteius","gender":"male","raw_name":"M. Instei Candidi","praenomen":"Marcus","cognomen":"Candidus","cluster_id":104,"cluster_size":2},{"nomen":"Arria","gender":"female","raw_name":"Arria Trais","cognomen":"Trais","status":"uxor"},{"nomen":"Insteius","gender":"male","raw_name":"[I]nstei C[and]idus","cognomen":"Candidus","cluster_id":104,"cluster_size":2},{"nomen":"","gender":"female","raw_name":"Ve[nusta]","cognomen":"Venusta"}]}},{"type":"Feature","geometry":{"type":"Point","coordinates":[15.42,40.56]},"properties":{"edcs_id":"EDCS-11400468","findspot":"Auletta / Acerronia / Atina","raw_text":"D(is) M(anibus) / M(arco) Insteio Iucundo / Daphne con(iux) / b(ene) m(erenti) f(ecit) vixit / a(nnos) XXXX","date_from":101,"date_to":250,"marker_gender":"mixed","is_individual":false,"edcs_url":"https://edcs.hist.uzh.ch/en/document?edcs-id=EDCS-11400468","persons":[{"nomen":"Insteius","gender":"male","raw_name":"M. Insteio Iucundo","praenomen":"Marcus","cognomen":"Iucundus"},{"nomen":"","gender":"female","raw_name":"Daphne","cognomen":"Daphne","status":"coniunx"}]}},{"type":"Feature","geometry":{"type":"Point","coordinates":[15.42,40.56]},"properties":{"edcs_id":"EDCS-11400469","findspot":"Auletta / Acerronia / Atina","raw_text":"D(is) M(anibus) / Pontio Faus(to) / filio dulc(issimo) / fec(erunt) Pont(ius) / et Gavia / par(entes) qui / vix(it) an(nos) XIII / scel(eratum) fun(us)","date_from":171,"date_to":300,"marker_gender":"mixed","is_individual":false,"edcs_url":"https://edcs.hist.uzh.ch/en/document?edcs-id=EDCS-11400469","persons":[{"nomen":"Pontius","gender":"male","raw_name":"Pontio Faus.","cognomen":"Faustus","status":"filius"},{"nomen":"Pontius","gender":"male","raw_name":"Pont.","status":"parens"},{"nomen":"Gavia","gender":"female","raw_name":"Gavia","status":"parens"}]}},{"type":"Feature","geometry":{"type":"Point","coordinates":[15.42,40.56]},"properties":{"edcs_id":"EDCS-11400470","findspot":"Auletta / Acerronia / Atina","raw_text":"Quintil(lae) contu/bernali karis(simae) / M(arcus) Insteius Ese[rni]/[nus] f(unus) f(aciundum) c(uravit)","date_from":151,"date_to":250,"marker_gender":"mixed","is_individual":false,"edcs_url":"https://edcs.hist.uzh.ch/en/document?edcs-id=EDCS-11400470","persons":[{"nomen":"Quintilia","gender":"female","raw_name":"Quintil.","status":"contubernalis"},{"nomen":"Insteius","gender":"male","raw_name":"M. Insteius Ese[rni][nus]","praenomen":"Marcus","cognomen":"Eserninus"}]}},{"type":"Feature","geometry":{"type":"Point","coordinates":[15.49,40.57]},"properties":{"edcs_id":"EDCS-11400471","findspot":"Caggiano / Atina","raw_text":"Sex(to) Caesio P(ubli) f(ilio) Pom(ptina) Rufo [vix(it)] / an(nos) X P(ublius) Caesius Sex(ti) f(ilius) Pom(ptina) / Priscus et Pomponia C(ai) f(ilia) Polla / filio carissimo et sibi","date_from":1,"date_to":70,"marker_gender":"mixed","is_individual":false,"edcs_url":"https://edcs.hist.uzh.ch/en/document?edcs-id=EDCS-11400471","persons":[{"nomen":"Caesius","gender":"male","raw_name":"Sex(to) Caesio P(ubli) f(ilio) Pom(ptina) Rufo","praenomen":"Sextus","cognomen":"Rufus","status":"filius Publii, tribus Pomptina"},{"nomen":"Caesius","gender":"male","raw_name":"P(ublius) Caesius Sex(ti) f(ilio) Pom(ptina) Priscus","praenomen":"Publius","cognomen":"Priscus","status":"filius Sexti, tribus Pomptina"},{"nomen":"Pomponia","gender":"female","raw_name":"Pomponia C(ai) f(ilia) Polla","cognomen":"Polla","status":"filia Caii"}]}},{"type":"Feature","geometry":{"type":"Point","coordinates":[15.49,40.57]},"properties":{"edcs_id":"EDCS-11400472","findspot":"Caggiano / Atina","raw_text":"L(ucius) Manneius Q(uinti) (!) medic(us) / v{e}iv<u=O>s fecit φύσει δὲ / Μενεκράτης Δημη/τρίου Τραλλιανός / φυσικὸς οἰνοδότης / ζῶν ἐποίησεν / Maxsuma(!) Sadria S(puri) f(ilia) / bona proba frug{e}i salve","date_from":null,"date_to":null,"marker_gender":"mixed","is_individual":false,"edcs_url":"https://edcs.hist.uzh.ch/en/document?edcs-id=EDCS-11400472","persons":[{"nomen":"Manneius","gender":"male","raw_name":"L(ucius) Manneius","praenomen":"Lucius","status":"medicus"},{"nomen":"","gender":"male","raw_name":"Menecrates Demetrio","cognomen":"Menecrates","status":"filius Demetrii, physicus, oinodotes"},{"nomen":"Sadria","gender":"female","raw_name":"Maxsuma Sadria S(puri) f(ilia)","cognomen":"Maxsuma","status":"filia Spurii, bona, proba"}]}},{"type":"Feature","geometry":{"type":"Point","coordinates":[15.49,40.57]},"properties":{"edcs_id":"EDCS-11400473","findspot":"Caggiano / Atina","raw_text":"D(is) M(anibus) / Nympheroti / et Natalidi / parentibus / b(ene) merentibus / M(arcus) Insteius Nym/pheros ex per/missu restituit","date_from":101,"date_to":250,"marker_gender":"male","is_individual":false,"edcs_url":"https://edcs.hist.uzh.ch/en/document?edcs-id=EDCS-11400473","persons":[{"nomen":"","gender":"male","raw_name":"Nympheroti","cognomen":"Nympheros"},{"nomen":"","gender":"unknown","raw_name":"Natalidi","cognomen":"Natalis"},{"nomen":"Insteius","gender":"male","raw_name":"M(arcus) Insteius Nympheros","praenomen":"Marcus","cognomen":"Nympheros"}]}},{"type":"Feature","geometry":{"type":"Point","coordinates":[15.49,40.57]},"properties":{"edcs_id":"EDCS-11400474","findspot":"Caggiano / Atina","raw_text":"D(is) M(anibus) / M(arco) Insteio Firmino / M(arcus) Insteius Callistus / pater et Ceudia / Firmilla mater / fil(io) piissimo et / bene merenti fec(erunt) / vixit annis(!) XVI / mens(es) VIIII dies XVI","date_from":131,"date_to":230,"marker_gender":"mixed","is_individual":false,"edcs_url":"https://edcs.hist.uzh.ch/en/document?edcs-id=EDCS-11400474","persons":[{"nomen":"Insteius","gender":"male","raw_name":"M(arco) Insteio Firmino","praenomen":"Marcus","cognomen":"Firminus"},{"nomen":"Insteius","gender":"male","raw_name":"M(arcus) Insteius Callistus","praenomen":"Marcus","cognomen":"Callistus","status":"pater"},{"nomen":"Ceudia","gender":"female","raw_name":"Ceudia Firmilla","cognomen":"Firmilla","status":"mater"}]}},{"type":"Feature","geometry":{"type":"Point","coordinates":[15.46,40.59]},"properties":{"edcs_id":"EDCS-11400475","findspot":"Salvitelle / Volcei","raw_text":"D(is) M(anibus) / M(arco) Manilio Fortu/nato filio dulcissi/mo tr(ibuno) pat(rono) coll(egii) tibi / omni pietate repleto / v(ixit) a(nnos) XXI m(enses) V Fortu/natus et Mon[3]nilla pare[n]te[s]","date_from":171,"date_to":250,"marker_gender":"mixed","is_individual":false,"edcs_url":"https://edcs.hist.uzh.ch/en/document?edcs-id=EDCS-11400475","persons":[{"nomen":"Manilius","gender":"male","raw_name":"M(arco) Manilio Fortu nato","praenomen":"Marcus","cognomen":"Fortunatus","status":"filius, tribunus, patronus collegii"},{"nomen":"","gender":"male","raw_name":"Fortu natus","cognomen":"Fortunatus","status":"parens"},{"nomen":"","gender":"female","raw_name":"Mon[3]nilla","cognomen":"Monnilla","status":"parens"}]}},{"type":"Feature","geometry":{"type":"Point","coordinates":[15.46,40.59]},"properties":{"edcs_id":"EDCS-11400476","findspot":"Salvitelle / Volcei","raw_text":"D(is) M(anibus) / M(arco) Manilio M(arci) / f(ilio) Pal(atina) Primo eq(uiti) / Romano Mani/lia Autro/nia / Urbica patri b(ene) m(erenti)","date_from":171,"date_to":200,"marker_gender":"mixed","is_individual":false,"edcs_url":"https://edcs.hist.uzh.ch/en/document?edcs-id=EDCS-11400476","persons":[{"nomen":"Manilius","gender":"male","raw_name":"M(arco) Manilio M(arci) f(ilio) Pal(atina) Primo","praenomen":"Marcus","cognomen":"Primus","status":"filius Marci, tribus Palatina, eques Romanus"},{"nomen":"Manilia","gender":"female","raw_name":"Manilia Autro nia","cognomen":"Autronia"},{"nomen":"","gender":"male","raw_name":"Urbica","cognomen":"Urbicus"}]}},{"type":"Feature","geometry":{"type":"Point","coordinates":[15.46,40.59]},"properties":{"edcs_id":"EDCS-11400477","findspot":"Salvitelle / Volcei","raw_text":"D(is) M(anibus) / Maniliae / M(arci) f(iliae) Pieridi / Pier(us) et Silvina / fil(iae) pientissimae / f(ecerunt)","date_from":171,"date_to":230,"marker_gender":"mixed","is_individual":false,"edcs_url":"https://edcs.hist.uzh.ch/en/document?edcs-id=EDCS-11400477","persons":[{"nomen":"Manilia","gender":"female","raw_name":"Maniliae M(arci) f(iliae) Pieridi","cognomen":"Pieris","status":"filia Marci"},{"nomen":"","gender":"male","raw_name":"Pier(us)","cognomen":"Pierus"},{"nomen":"","gender":"female","raw_name":"Silvina","cognomen":"Silvina"}]}},{"type":"Feature","geometry":{"type":"Point","coordinates":[15.46,40.59]},"properties":{"edcs_id":"EDCS-11400478","findspot":"Salvitelle / Volcei","raw_text":"D(is) M(anibus) / Otaciliae / Nomadi / L(ucius) Otacilius Sil/vanus coniu/gi karissim(a)e / et inco<m=N>parabi/li b(ene) m(erenti) f(ecit)","date_from":151,"date_to":250,"marker_gender":"mixed","is_individual":false,"edcs_url":"https://edcs.hist.uzh.ch/en/document?edcs-id=EDCS-11400478","persons":[{"nomen":"Otacilia","gender":"female","raw_name":"Otaciliae Nomadi","cognomen":"Nomas","status":"uxor"},{"nomen":"Otacilius","gender":"male","raw_name":"L. Otacilius Silvanus","praenomen":"Lucius","cognomen":"Silvanus"}]}},{"type":"Feature","geometry":{"type":"Point","coordinates":[15.51,40.6]},"properties":{"edcs_id":"EDCS-11400479","findspot":"Vietri di Potenza / Atina","raw_text":"D(is) M(anibus) / Critonitae / Gavi Rufi / ser(vae) v(ixit) a(nnos) XXI / Probus / conservae / b(ene) m(erenti) f(ecit)","date_from":151,"date_to":250,"marker_gender":"mixed","is_individual":false,"edcs_url":"https://edcs.hist.uzh.ch/en/document?edcs-id=EDCS-11400479","persons":[{"nomen":"","gender":"female","raw_name":"Critonitae","cognomen":"Critonita","status":"serva, uxor Gavii Rufi"},{"nomen":"Gavius","gender":"male","raw_name":"Gavi Rufi","cognomen":"Rufus","status":"pater"},{"nomen":"","gender":"male","raw_name":"Probus","cognomen":"Probus"}]}},{"type":"Feature","geometry":{"type":"Point","coordinates":[15.51,40.6]},"properties":{"edcs_id":"EDCS-11400480","findspot":"Vietri di Potenza / Atina","raw_text":"D(is) M(anibus) / Flavio / Hilae Dig(itia) / Prisca ma/rito <b=V>(e)n(e) / meren(t)i cum / fil(iis) suis fec(i)t / qui v(ixit) an(nos) p(lus) m(inus) LXX / m(enses) VII d(ies) X","date_from":201,"date_to":300,"marker_gender":"mixed","is_individual":false,"edcs_url":"https://edcs.hist.uzh.ch/en/document?edcs-id=EDCS-11400480","persons":[{"nomen":"Flavius","gender":"male","raw_name":"Flavio Hilae","cognomen":"Hila","status":"maritus"},{"nomen":"Digitia","gender":"female","raw_name":"Dig(itia) Prisca","cognomen":"Prisca"}]}},{"type":"Feature","geometry":{"type":"Point","coordinates":[15.51,40.6]},"properties":{"edcs_id":"EDCS-11400481","findspot":"Vietri di Potenza / Atina","raw_text":"D(is) M(anibus) / Peloro M(arci) / Gavi Severi / ser(vo) vix(it) a(nnos) LXXV / Anthis con(iunx) et / Pelorus f(ilius) p(osuerunt) / h(ic) s(itus)","date_from":101,"date_to":230,"marker_gender":"mixed","is_individual":false,"edcs_url":"https://edcs.hist.uzh.ch/en/document?edcs-id=EDCS-11400481","persons":[{"nomen":"","gender":"male","raw_name":"Peloro","cognomen":"Pelorus","status":"servus Marci Gavii Severi","cluster_id":1955,"cluster_size":2,"cluster_confidence":"low"},{"nomen":"Gavius","gender":"male","raw_name":"M(arci) Gavi Severi","praenomen":"Marcus","cognomen":"Severus","status":"dominus"},{"nomen":"","gender":"female","raw_name":"Anthis","cognomen":"Anthis","status":"coniunx"},{"nomen":"","gender":"male","raw_name":"Pelorus","cognomen":"Pelorus","status":"filius","cluster_id":1955,"cluster_size":2,"cluster_confidence":"low"}]}},{"type":"Feature","geometry":{"type":"Point","coordinates":[15.51,40.6]},"properties":{"edcs_id":"EDCS-11400482","findspot":"Vietri di Potenza / Atina","raw_text":"M(arcus) Plotius M(arci) l(ibertus) Nico","date_from":-50,"date_to":-1,"marker_gender":"male","is_individual":false,"edcs_url":"https://edcs.hist.uzh.ch/en/document?edcs-id=EDCS-11400482","persons":[{"nomen":"Plotius","gender":"male","raw_name":"M(arcus) Plotius M(arci) l(ibertus) Nico","praenomen":"Marcus","cognomen":"Nico","status":"libertus Marci"}]}},{"type":"Feature","geometry":{"type":"Point","coordinates":[15.51,40.65]},"properties":{"edcs_id":"EDCS-11400483","findspot":"Balvano / Atina","raw_text":"Boviania C(ai) f(ilia) Celerina / C(aius) Bovianus C(ai) f(ilius) Pom(ptina) / Celer aed(ilis) IIIIvir iur(e) d(icundo) q(uinquennalis) / [ex fo]rmula testamen[t]i [Iulia]e / [Celer]inae fac(iundum) cur(averunt)","date_from":1,"date_to":50,"marker_gender":"mixed","is_individual":false,"edcs_url":"https://edcs.hist.uzh.ch/en/document?edcs-id=EDCS-11400483","persons":[{"nomen":"Boviania","gender":"female","raw_name":"Boviania C(ai) f(ilia) Celerina","cognomen":"Celerina","status":"filia Caii"},{"nomen":"Bovianus","gender":"male","raw_name":"C(aius) Bovianus C(ai) f(ilius) Pom(ptina) Celer","praenomen":"Gaius","cognomen":"Celer","status":"filius Caii, tribus Pomptina, aedilis, IIIIvir iure dicundo quinquennalis"},{"nomen":"Iulia","gender":"female","raw_name":"[Iulia]e [Celer]inae","cognomen":"Celerina","cluster_id":40,"cluster_size":2}]}},{"type":"Feature","geometry":{"type":"Point","coordinates":[15.51,40.65]},"properties":{"edcs_id":"EDCS-11400484","findspot":"Balvano / Atina","raw_text":"Iuliae / Celerin[ae] / ACEDOI[","date_from":1,"date_to":50,"marker_gender":"female","is_individual":false,"edcs_url":"https://edcs.hist.uzh.ch/en/document?edcs-id=EDCS-11400484","persons":[{"nomen":"Iulia","gender":"female","raw_name":"Iuliae Celerin[ae]","cognomen":"Celerina","cluster_id":40,"cluster_size":2}]}},{"type":"Feature","geometry":{"type":"Point","coordinates":[15.51,40.65]},"properties":{"edcs_id":"EDCS-11400485","findspot":"Balvano / Atina","raw_text":"L(ucio) Porcatio L(uci) f(ilio) / Faustino IIIIvir(o) / Isteia Marci/ana co(n)iugi <e=F>t / Porcatii Luci/na Marcian/us et Procu/lus patri / b(ene) m(erenti) f(ecerunt) / qui vixit / annis XLV","date_from":171,"date_to":250,"marker_gender":"mixed","is_individual":false,"edcs_url":"https://edcs.hist.uzh.ch/en/document?edcs-id=EDCS-11400485","persons":[{"nomen":"Porcatius","gender":"male","raw_name":"L(ucio) Porcatio L(uci) f(ilio) Faustino","praenomen":"Lucius","cognomen":"Faustinus","status":"IIIIvir"},{"nomen":"Isteia","gender":"female","raw_name":"Isteia Marciana","cognomen":"Marciana","status":"coniunx"},{"nomen":"Porcatius","gender":"unknown","raw_name":"Porcatii Lucina","cognomen":"Lucina"},{"nomen":"","gender":"male","raw_name":"Marcianus","cognomen":"Marcianus"},{"nomen":"","gender":"male","raw_name":"Proculus","cognomen":"Proculus"}]}},{"type":"Feature","geometry":{"type":"Point","coordinates":[15.51,40.65]},"properties":{"edcs_id":"EDCS-11400486","findspot":"Balvano / Atina","raw_text":"Statiae Amand(a)e / b(ene) m(erenti) quae vix(it) an/nis VII mens(ibus) VII die/bus XV C(aius) Statius / Primus iun(ior) fil(iae) / dulcissimae fil(iae) inco/mparabili fecit","date_from":151,"date_to":250,"marker_gender":"mixed","is_individual":false,"edcs_url":"https://edcs.hist.uzh.ch/en/document?edcs-id=EDCS-11400486","persons":[{"nomen":"Statia","gender":"female","raw_name":"Statiae Amand(a)e","cognomen":"Amanda","status":"filia dulcissima, incomparabilis"},{"nomen":"Statius","gender":"male","raw_name":"C(aius) Statius Primus iun(ior)","praenomen":"Gaius","cognomen":"Primus","status":"iunior"}]}},{"type":"Feature","geometry":{"type":"Point","coordinates":[15.37,40.63]},"properties":{"edcs_id":"EDCS-11400488","findspot":"Buccino / Volcei","raw_text":"Imp(eratori) Caesari divi f(ilio) Augusto / pontifici maximo / co(n)s(uli) XIII tribunic(ia) potestat(e) XX[1] / patri patriae","date_from":-2,"date_to":14,"marker_gender":"male","is_individual":false,"edcs_url":"https://edcs.hist.uzh.ch/en/document?edcs-id=EDCS-11400488","persons":[{"nomen":"","gender":"male","raw_name":"Imp. Caesari ... Augusto","cognomen":"Augustus","status":"Imperator, Caesar, filius divi, pontifex maximus, consul XIII, tribunica potestate XX[1], pater patriae","is_imperial":true,"cluster_confidence":"excluded"}]}},{"type":"Feature","geometry":{"type":"Point","coordinates":[15.37,40.63]},"properties":{"edcs_id":"EDCS-11400489","findspot":"Buccino / Volcei","raw_text":"Agrippa Iulius / Augusti f(ilius) divi n(epos) / Caesar","date_from":4,"date_to":6,"marker_gender":"male","is_individual":false,"edcs_url":"https://edcs.hist.uzh.ch/en/document?edcs-id=EDCS-11400489","persons":[{"nomen":"Iulius","gender":"male","raw_name":"Agrippa Iulius ... Caesar","cognomen":"Agrippa Caesar","status":"filius Augusti, nepos divi"}]}},{"type":"Feature","geometry":{"type":"Point","coordinates":[15.37,40.63]},"properties":{"edcs_id":"EDCS-11400490","findspot":"Buccino / Volcei","raw_text":"Imp(eratori) Caes(ari) / Val(erio) Licin[i]/ano Licin[i]/o P(io) F(elici) Invic/[to] Aug(usto) d(evoti) V(ulceiani)","date_from":308,"date_to":324,"marker_gender":"male","is_individual":false,"edcs_url":"https://edcs.hist.uzh.ch/en/document?edcs-id=EDCS-11400490","persons":[{"nomen":"Valerius","gender":"male","raw_name":"Imp(eratori) Caes(ari) Val(erio) Licin[i] ano Licin[i] o P(io) F(elici) Invic [to] Aug(usto)","cognomen":"Licinius Licinianus","status":"Imperator Caesar, Pius, Felix, Invictus, Augustus","is_imperial":true}]}},{"type":"Feature","geometry":{"type":"Point","coordinates":[15.38,40.63]},"properties":{"edcs_id":"EDCS-11400491","findspot":"Buccino / Volcei","raw_text":"[Ex princi]pio sacro [d]d(ominorum) nn(ostrorum) Constantini Maxim[i] vener[andi et Licini Augg(ustorum)] / [nobilis]simorumque Caesarum Vulceianae ci[vitatis pagis qui infra sunt] / [Acilio Se]vero et [Vettio R]ufino connss(ulibus) per Turci[um 3 adscriptae(?) sunt] / [millenae] MMDCCCCXC[I] // [3]X / [3]X / [3]X / [3 X]VI [3]VIIII / [3]XV / [3]LXXX / [3]XVII / [3]XI / [3]XV / [3]IIII / [3 XI] [3] // F(undus) Maceriatus m(illenae) LVI / f(undus) Marcellianus m(illenae) LVI / f(undus) Micerianu[s m(illenae)] X / f(undus) Casinianu[s m(illenae)] X / k(asa!) Oppiana [m(illenae) II] / k(asa!) Postumia [m(illenae) I] / iug(era) quinquaginta p(ublica?) [m(illenae) I]III / pago forensi [m(illenae) DCCCVIII] / f(undus) publica m(illenae) XI / f(undus) Pescenianus m(illenae) XIIII / f(undus) Pupianus m(illenae) VIIII / f(undus) Agellus [m(illenae)] XIIII [ // F(undus) Vefeianus m(illenae) XVII / f(undus) Fuficianus c(um) sal(tibus) m(illenae) XVIIII / f(undus) Curianus m(illenae) XVIII / [f(undus)] Furianus m(illenae) XL / agellus sup(erior) m(illenae) X / agellus inf(erior) c(um) nob(ali?) m(illenae) X / [f(undus)] Mecianus m(illenae) XVI / [f(undus)] Donianus m(illenae) XLVII / [pago] Narano m(illenae) MCLXXXIII / [3] m(illenae) VIII / pr(atus) Sicinianus c(um) p(ertinenciis?) m(illenae) CXX / f(undus) Viscifeianus m(illenae) XX / f(undus) [3]us [m(illenae)] XIIII [ // F(undus) Tuaenus m(illenae) XLV / [f(undus)] Ferocianus m(illenae) XII / f(undus) castra m(illenae) XXIII / f(undus) Dor[nian]us m(illenae) XXVI / f(undus) Modianus m(illenae) XXVIII / k(asa!) Korviana(!) m(illenae) XII / f(undus) Aequarica c(um) per(tinenciis?) m(illenae) [X]XVIII / f(undus) Clo[d]ianus m(illenae) XXXVI / [f(undus) Sc]e[ta]nus m(illenae) XL / f(undus) Vene[r]ianus m(illenae) XXIIII / f(undus) Auric[i]us m(illenae) XXVIII / f(undus) campu[s] Nar(anus) m(illenae) XL / pago Aequan(o) [ // F(undus) Muscinianus m(illenae) [3] / f(undus) Euporia[n]us m(illenae) [3] / f(undus) Ceronianus m(illenae) [3] / f(undus) Oppianus m(illenae) X[3] / pago Tra(n)samunc(lano) m(illenae) I[3] / f(undus) Cefrianus m(illenae) X[3] / f(undus) Cesi[ni]anus m(illenae) [3] / f(undus) Vivianus m(illenae) X[3] / tab(ula) Augustaliana m(illenae) X[3] / f(undus) [Vi]solitanus m(illenae) LX / f(undus) Pater[ia]nus m(illenae) X[3] / f(undus) Venat[ri]nus m(illenae) X[3] / f(undus) Caelinus m(illenae) X / f(undus) Da[su]vius m(illenae) X[ // ]I[3] / [3 p]retio [3] / [3]VAE[3] / f(undus) Gentian[us 3] / f(undus) Siccit[ianus 3] / f(undus) Cagati[anus 3] / ff(undi) Silecia[ni","date_from":323,"date_to":323,"marker_gender":"male","is_individual":false,"edcs_url":"https://edcs.hist.uzh.ch/en/document?edcs-id=EDCS-11400491","persons":[{"nomen":"Constantinus","gender":"male","raw_name":"Constantini Maxim[i]","cognomen":"Maximus","status":"dominus noster, venerandus, Augustus","is_imperial":true},{"nomen":"Licinius","gender":"male","raw_name":"Licini Augg(ustorum)","status":"dominus noster, Augustus","is_imperial":true},{"nomen":"Acilius","gender":"male","raw_name":"[Acilio Se]vero","cognomen":"Severus","status":"consul"},{"nomen":"Vettius","gender":"male","raw_name":"[Vettio R]ufino","cognomen":"Rufinus","status":"consul"},{"nomen":"","gender":"male","raw_name":"Turci[um]","cognomen":"Turcius"}]}},{"type":"Feature","geometry":{"type":"Point","coordinates":[15.37,40.63]},"properties":{"edcs_id":"EDCS-11400493","findspot":"Buccino / Volcei","raw_text":"[T(ito) Sta]tilio T(iti) f(ilio) Tauro / [aug]uri co(n)s(uli) iter(um) imp(eratori) ter(tium) / [cu]rioni maximo","date_from":-26,"date_to":-1,"marker_gender":"male","is_individual":false,"edcs_url":"https://edcs.hist.uzh.ch/en/document?edcs-id=EDCS-11400493","persons":[{"nomen":"Statilius","gender":"male","raw_name":"[T(ito) Sta]tilio T(iti) f(ilio) Tauro","praenomen":"Titus","cognomen":"Taurus","status":"augur, consul, imperator, curio maximus","is_imperial":true}]}},{"type":"Feature","geometry":{"type":"Point","coordinates":[15.37,40.63]},"properties":{"edcs_id":"EDCS-11400494","findspot":"Buccino / Volcei","raw_text":"C(aio) Coelio Aniceto / mil(iti) coh(ortis) II pr(aetoriae) sing(ulari) / trib(uni) spe ben[efic]iatu[s] / huic ordo sanctis/simus decur(ionum) ob spem / processus eius hono/rem decurionatus / gratuitum obtulit / qui vixit ann(os) XXIIII m(enses) / V d(ies) II Coelia Prima ma/ter filio dulcissimo / simul Nymphicus Vo/lc(eianorum) ar<c=K>(arius) et sibi fecerunt","date_from":131,"date_to":200,"marker_gender":"mixed","is_individual":false,"edcs_url":"https://edcs.hist.uzh.ch/en/document?edcs-id=EDCS-11400494","persons":[{"nomen":"Coelius","gender":"male","raw_name":"C(aio) Coelio Aniceto","praenomen":"Caius","cognomen":"Anicetus","status":"miles, cohortis II praetoriae, singularis, beneficiarius"},{"nomen":"Coelia","gender":"female","raw_name":"Coelia Prima","cognomen":"Prima","status":"mater"},{"nomen":"","gender":"male","raw_name":"Nymphicus","cognomen":"Nymphicus","status":"arcarius"}]}},{"type":"Feature","geometry":{"type":"Point","coordinates":[15.37,40.63]},"properties":{"edcs_id":"EDCS-11400495","findspot":"Buccino / Volcei","raw_text":"C(aius) Dex{s}ius C(ai) f(ilius) P(ublius) Vill(ius) P(ubli) f(ilius) M(arcus) Accius M(arci) f(ilius) IIIIviri iur(e) dic(undo) ex / s(enatus) c(onsulto) ex pecunia publica et co<l=N>laticia quam municipes / et incolae sua voluntate contulerunt faci<e=U>n/dum cura(ve)runt {e}idemque proba(ve)runt","date_from":-80,"date_to":-41,"marker_gender":"male","is_individual":false,"edcs_url":"https://edcs.hist.uzh.ch/en/document?edcs-id=EDCS-11400495","persons":[{"nomen":"Dexius","gender":"male","raw_name":"C(aius) Dexius","praenomen":"Caius","status":"IIIIvir iure dicundo"},{"nomen":"Villius","gender":"male","raw_name":"P(ublius) Vill(ius)","praenomen":"Publius","status":"IIIIvir iure dicundo"},{"nomen":"Accius","gender":"male","raw_name":"M(arcus) Accius","praenomen":"Marcus","status":"IIIIvir iure dicundo"}]}},{"type":"Feature","geometry":{"type":"Point","coordinates":[15.37,40.63]},"properties":{"edcs_id":"EDCS-11400496","findspot":"Buccino / Volcei","raw_text":"L(ucio) Haedinio L(uci) f(ilio) / Rufo / quinq(uennali) iter(um) / ex d(ecreto) d(ecurionum)","date_from":-20,"date_to":50,"marker_gender":"male","is_individual":false,"edcs_url":"https://edcs.hist.uzh.ch/en/document?edcs-id=EDCS-11400496","persons":[{"nomen":"Haedinius","gender":"male","raw_name":"L(ucio) Haedinio Rufo","praenomen":"Lucius","cognomen":"Rufus","status":"quinquennalis"}]}},{"type":"Feature","geometry":{"type":"Point","coordinates":[15.37,40.63]},"properties":{"edcs_id":"EDCS-11400497","findspot":"Buccino / Volcei","raw_text":"C(aio) Mettio M(arci) f(ilio) / Rufino IIIIvir(o) / quinq(uennali) / flamini divi Vesp(asiani) / praefecto fabr(um) / curatori r(ei) p(ublicae) Vol(ceianorum) / C(aius) Mettius C(ai) f(ilius) Aper / patri op(timo)","date_from":81,"date_to":150,"marker_gender":"male","is_individual":false,"edcs_url":"https://edcs.hist.uzh.ch/en/document?edcs-id=EDCS-11400497","persons":[{"nomen":"Mettius","gender":"male","raw_name":"C(aio) Mettio Rufino","praenomen":"Caius","cognomen":"Rufinus","status":"IIIIvir, quinquennalis, flamen divi Vespasiani, praefectus fabrum, curator rei publicae"},{"nomen":"Mettius","gender":"male","raw_name":"C(aius) Mettius Aper","praenomen":"Caius","cognomen":"Aper","status":"filius"}]}},{"type":"Feature","geometry":{"type":"Point","coordinates":[15.37,40.63]},"properties":{"edcs_id":"EDCS-11400498","findspot":"Buccino / Volcei","raw_text":"D(is) M(anibus) / P(ublio) Menio P(ubli) filio / Volcani(!) flamini / vixit annis LVI m(ensibus) X d(iebus) III / Manilia Amatista / coniux b(ene) m(erenti) f(ecit)","date_from":101,"date_to":200,"marker_gender":"mixed","is_individual":false,"edcs_url":"https://edcs.hist.uzh.ch/en/document?edcs-id=EDCS-11400498","persons":[{"nomen":"Menius","gender":"male","raw_name":"P(ublio) Menio","praenomen":"Publius","status":"flamen Volcani"},{"nomen":"Manilia","gender":"female","raw_name":"Manilia Amatista","cognomen":"Amatista","status":"coniux"}]}},{"type":"Feature","geometry":{"type":"Point","coordinates":[15.37,40.63]},"properties":{"edcs_id":"EDCS-11400499","findspot":"Buccino / Volcei","raw_text":"ex tes]tamento Otacili Galli patris Caesareum / [vetustate] conlapsum p(ecunia) [s(ua) r(estituit)] cuius oper[is] dedicatione / [dedit decurionibus] HS XXX Augusta[l]ibus HS XX vicanis HS XII ux[oribus] / decurionum HS XVI / Augustalium HS VIII / vicanorum HS IIII","date_from":131,"date_to":180,"marker_gender":"male","is_individual":false,"edcs_url":"https://edcs.hist.uzh.ch/en/document?edcs-id=EDCS-11400499","persons":[{"nomen":"Otacilius","gender":"male","raw_name":"Otacili Galli","cognomen":"Gallus","status":"pater"}]}},{"type":"Feature","geometry":{"type":"Point","coordinates":[15.37,40.63]},"properties":{"edcs_id":"EDCS-11400500","findspot":"Buccino / Volcei","raw_text":"P(ublio) Otacilio L(uci) f(ilio) Pal(atina) Rufo pat(ri) / IIIIvir(o) [i(ure)] d(icundo) II q(uin)q(uennali) flam(ini) perpetuo / divi Hadriani ab eodem equo publ(ico) / honorato curatori kalendari(i) r(ei) p(ublicae) / Aeclanensium electo a divo Pio / patrono municipi(i) / ob eximiam munificentiam eius ordo dec(urionum) / pecunia publica ponendum cens(uit) cuius / dedicatione dec(urionibus) |(denarios) III Aug(ustalibus) |(denarios) II pop(ulo) |(denarium) I dedit","date_from":161,"date_to":180,"marker_gender":"male","is_individual":false,"edcs_url":"https://edcs.hist.uzh.ch/en/document?edcs-id=EDCS-11400500","persons":[{"nomen":"Otacilius","gender":"male","raw_name":"P(ublio) Otacilio Rufo","praenomen":"Publius","cognomen":"Rufus","status":"IIIIvir iure dicundo, quinquennalis, flamen perpetuus divi Hadriani, curator kalendarii rei publicae, patronus municipii"}]}},{"type":"Feature","geometry":{"type":"Point","coordinates":[15.37,40.63]},"properties":{"edcs_id":"EDCS-11400501","findspot":"Buccino / Volcei","raw_text":"[Q(uinto)] Poppaedio Q(uinti) f(ilio) / Ser(gia) Catoni / q(uaestori) quinq(uennali) / liberti","date_from":-30,"date_to":10,"marker_gender":"male","is_individual":false,"edcs_url":"https://edcs.hist.uzh.ch/en/document?edcs-id=EDCS-11400501","persons":[{"nomen":"Poppaedius","gender":"male","raw_name":"[Q(uinto)] Poppaedio Ser(gia) Catoni","praenomen":"Quintus","cognomen":"Cato","status":"quaestor, quinquennalis"}]}},{"type":"Feature","geometry":{"type":"Point","coordinates":[15.37,40.63]},"properties":{"edcs_id":"EDCS-11400502","findspot":"Buccino / Volcei","raw_text":"]IONI SEV[3] / PON CIVE C[3]O in / honore IIIIvi/ratus defunc/to qui vixit / annis XXXIII / Ofilia Rufilla / co(n)iugi sanct(issimo) fec(it) cum quo vix(it) / ann(is) V","date_from":171,"date_to":300,"marker_gender":"female","is_individual":false,"edcs_url":"https://edcs.hist.uzh.ch/en/document?edcs-id=EDCS-11400502","persons":[{"nomen":"Ofilia","gender":"female","raw_name":"Ofilia Rufilla","cognomen":"Rufilla","status":"coniux"}]}},{"type":"Feature","geometry":{"type":"Point","coordinates":[15.37,40.63]},"properties":{"edcs_id":"EDCS-11400503","findspot":"Buccino / Volcei","raw_text":"C(aio) Bruttio D[i]/onysio f(ilio) dul/cissimo vi/xit ann(os) VIIII / mens(es) XI d(ies) XVI / Dionysius pat(er) / act(or)","date_from":151,"date_to":230,"marker_gender":"male","is_individual":false,"edcs_url":"https://edcs.hist.uzh.ch/en/document?edcs-id=EDCS-11400503","persons":[{"nomen":"Bruttius","gender":"male","raw_name":"C(aio) Bruttio D[i] onysio","praenomen":"Caius","cognomen":"Dionysius","status":"filius"},{"nomen":"","gender":"male","raw_name":"Dionysius","cognomen":"Dionysius","status":"pater, actor","cluster_id":1013,"cluster_size":2,"cluster_confidence":"low"}]}},{"type":"Feature","geometry":{"type":"Point","coordinates":[15.37,40.63]},"properties":{"edcs_id":"EDCS-11400504","findspot":"Buccino / Volcei","raw_text":"D(is) M(anibus) / [B]ruttiae / Heliceni / [c]oniugi in/[co]mpara/[bi]li Dionysius / act(or)","date_from":151,"date_to":230,"marker_gender":"mixed","is_individual":false,"edcs_url":"https://edcs.hist.uzh.ch/en/document?edcs-id=EDCS-11400504","persons":[{"nomen":"Bruttia","gender":"female","raw_name":"[B]ruttiae Heliceni","cognomen":"Helicen","status":"coniunx, incomparabilis"},{"nomen":"","gender":"male","raw_name":"Dionysius","cognomen":"Dionysius","status":"actor","cluster_id":1013,"cluster_size":2,"cluster_confidence":"low"}]}},{"type":"Feature","geometry":{"type":"Point","coordinates":[15.37,40.63]},"properties":{"edcs_id":"EDCS-11400505","findspot":"Buccino / Volcei","raw_text":"D(is) M(anibus) / Ianuariae / co(n)iugi bene / merenti / Quintianus / actor","date_from":151,"date_to":250,"marker_gender":"mixed","is_individual":false,"edcs_url":"https://edcs.hist.uzh.ch/en/document?edcs-id=EDCS-11400505","persons":[{"nomen":"","gender":"female","raw_name":"Ianuariae","cognomen":"Ianuaria","status":"coniunx, bene merens"},{"nomen":"","gender":"male","raw_name":"Quintianus","cognomen":"Quintianus","status":"actor","cluster_id":1019,"cluster_size":2,"cluster_confidence":"low"}]}},{"type":"Feature","geometry":{"type":"Point","coordinates":[15.37,40.63]},"properties":{"edcs_id":"EDCS-11400506","findspot":"Buccino / Volcei","raw_text":"Ianuario con[duct]ori / C(ai) Titi Rufi [R]ecciani / servo / vixit annos XXXVI / fecit Casinia Tallusa / pro meritis illius / carissimo contuber/nali","date_from":101,"date_to":200,"marker_gender":"mixed","is_individual":false,"edcs_url":"https://edcs.hist.uzh.ch/en/document?edcs-id=EDCS-11400506","persons":[{"nomen":"","gender":"male","raw_name":"Ianuario","cognomen":"Ianuarius","status":"conductor"},{"nomen":"Titius","gender":"male","raw_name":"C(ai) Titi Rufi [R]ecciani","praenomen":"Gaius","cognomen":"Rufus Reccianus"},{"nomen":"Casinia","gender":"female","raw_name":"Casinia Tallusa","cognomen":"Tallusa"}]}},{"type":"Feature","geometry":{"type":"Point","coordinates":[15.37,40.63]},"properties":{"edcs_id":"EDCS-11400507","findspot":"Buccino / Volcei","raw_text":"D(is) M(anibus) / Successo / filio karis/simo Dexte/r Figel(ianus?) fe/cit","date_from":151,"date_to":300,"marker_gender":"male","is_individual":false,"edcs_url":"https://edcs.hist.uzh.ch/en/document?edcs-id=EDCS-11400507","persons":[{"nomen":"","gender":"male","raw_name":"Successo","cognomen":"Successus","status":"filius karissimus"},{"nomen":"","gender":"male","raw_name":"Dexter Figel(ianus?)","cognomen":"Dexter Figelianus"}]}},{"type":"Feature","geometry":{"type":"Point","coordinates":[15.37,40.63]},"properties":{"edcs_id":"EDCS-11400508","findspot":"Buccino / Volcei","raw_text":"Allidiae C(ai) f(iliae) St[atu]/tae matri","date_from":71,"date_to":200,"marker_gender":"female","is_individual":false,"edcs_url":"https://edcs.hist.uzh.ch/en/document?edcs-id=EDCS-11400508","persons":[{"nomen":"Allidia","gender":"female","raw_name":"Allidiae C(ai) f(iliae) St[atu]tae","cognomen":"Statuta","status":"filia Caii, mater"}]}},{"type":"Feature","geometry":{"type":"Point","coordinates":[15.37,40.63]},"properties":{"edcs_id":"EDCS-11400509","findspot":"Buccino / Volcei","raw_text":"D(is) M(anibus) / Clementil(a)e / Comicus / conservae / b(ene) m(erenti) p(osuit)","date_from":171,"date_to":250,"marker_gender":"mixed","is_individual":false,"edcs_url":"https://edcs.hist.uzh.ch/en/document?edcs-id=EDCS-11400509","persons":[{"nomen":"","gender":"female","raw_name":"Clementil(a)e","cognomen":"Clementila"},{"nomen":"","gender":"male","raw_name":"Comicus","cognomen":"Comicus","status":"conservus"}]}},{"type":"Feature","geometry":{"type":"Point","coordinates":[15.37,40.63]},"properties":{"edcs_id":"EDCS-11400510","findspot":"Buccino / Volcei","raw_text":"D(is) M(anibus) / Epictesidis / v(ixit) a(nnos) X d(ies) XXIIII / Epictetus et Neme/sis parentes / filiae karissimae","date_from":71,"date_to":200,"marker_gender":"mixed","is_individual":false,"edcs_url":"https://edcs.hist.uzh.ch/en/document?edcs-id=EDCS-11400510","persons":[{"nomen":"","gender":"female","raw_name":"Epictesidis","cognomen":"Epictesis","status":"filia karissima"},{"nomen":"","gender":"male","raw_name":"Epictetus","cognomen":"Epictetus","status":"parens"},{"nomen":"","gender":"female","raw_name":"Nemesis","cognomen":"Nemesis","status":"parens"}]}},{"type":"Feature","geometry":{"type":"Point","coordinates":[15.37,40.63]},"properties":{"edcs_id":"EDCS-11400511","findspot":"Buccino / Volcei","raw_text":"D(is) M(anibus) / Fortunat(a)e qu(a)e vixit / annis XXV fuit i[n c]on/iugium ann(is) VII cu/ius iuventutem et pr[o]/[bi]tatem dolentes EXA/[3]IIRMANIENSESV / [3]IANEIAI[3]A / [3]ate fe[3] / [3]III coniugi fe[c(it)]","date_from":201,"date_to":300,"marker_gender":"female","is_individual":false,"edcs_url":"https://edcs.hist.uzh.ch/en/document?edcs-id=EDCS-11400511","persons":[{"nomen":"","gender":"female","raw_name":"Fortunat(a)e","cognomen":"Fortunata"}]}},{"type":"Feature","geometry":{"type":"Point","coordinates":[15.37,40.63]},"properties":{"edcs_id":"EDCS-11400512","findspot":"Buccino / Volcei","raw_text":"Iuventiae S/aturiae quae / vix(it) ann(os) XII I[uv]en/tia Rufina fi[l(iae) ca]/rissimae f[ecit]","date_from":51,"date_to":250,"marker_gender":"female","is_individual":false,"edcs_url":"https://edcs.hist.uzh.ch/en/document?edcs-id=EDCS-11400512","persons":[{"nomen":"Iuventia","gender":"female","raw_name":"Iuventiae Saturiae","cognomen":"Saturia"},{"nomen":"Iuventia","gender":"female","raw_name":"I[uv]entia Rufina","cognomen":"Rufina","status":"filia carissima"}]}},{"type":"Feature","geometry":{"type":"Point","coordinates":[15.37,40.63]},"properties":{"edcs_id":"EDCS-11400513","findspot":"Buccino / Volcei","raw_text":"Martialis / vixit annis / XXVIII Martialis / et Restitu/ta parentes","date_from":101,"date_to":230,"marker_gender":"mixed","is_individual":false,"edcs_url":"https://edcs.hist.uzh.ch/en/document?edcs-id=EDCS-11400513","persons":[{"nomen":"","gender":"male","raw_name":"Martialis","cognomen":"Martialis","cluster_id":1042,"cluster_size":2,"cluster_confidence":"low"},{"nomen":"","gender":"male","raw_name":"Martialis","cognomen":"Martialis","status":"parens","cluster_id":1042,"cluster_size":2,"cluster_confidence":"low"},{"nomen":"","gender":"female","raw_name":"Restituta","cognomen":"Restituta","status":"parens"}]}},{"type":"Feature","geometry":{"type":"Point","coordinates":[15.37,40.63]},"properties":{"edcs_id":"EDCS-11400514","findspot":"Buccino / Volcei","raw_text":"Postumio / Silvano / Postumia / Maxima c(um) / q(uo) v(ixit) a(nnos) XXVIII","date_from":151,"date_to":300,"marker_gender":"mixed","is_individual":false,"edcs_url":"https://edcs.hist.uzh.ch/en/document?edcs-id=EDCS-11400514","persons":[{"nomen":"","gender":"male","raw_name":"Postumio Silvano","cognomen":"Postumius Silvanus","is_deity":true,"cluster_confidence":"excluded"},{"nomen":"Postumia","gender":"female","raw_name":"Postumia Maxima","cognomen":"Maxima"}]}},{"type":"Feature","geometry":{"type":"Point","coordinates":[15.37,40.63]},"properties":{"edcs_id":"EDCS-11400515","findspot":"Buccino / Volcei","raw_text":"Vintiae M(arci) f(iliae) / Saturniae / M(arcus) Vintius Acceptus / libertus","date_from":1,"date_to":100,"marker_gender":"mixed","is_individual":false,"edcs_url":"https://edcs.hist.uzh.ch/en/document?edcs-id=EDCS-11400515","persons":[{"nomen":"Vintia","gender":"female","raw_name":"Vintiae M(arci) f(iliae) Saturniae","cognomen":"Saturnia","status":"filia Marci"},{"nomen":"Vintius","gender":"male","raw_name":"M(arcus) Vintius Acceptus","praenomen":"Marcus","cognomen":"Acceptus","status":"libertus"}]}},{"type":"Feature","geometry":{"type":"Point","coordinates":[15.49,40.75]},"properties":{"edcs_id":"EDCS-11400517","findspot":"Muro Lucano / Numistro","raw_text":"D(is) M(anibus) / M(arco) Arrio M(arci) f(ilio) / Pom(ptina) N[3]tuano / N M IIviro QV/[3] quinq(uennali) / Potentiae / G[3] munic(ipii) / vixit ann(os) XXXVIII / M(arcus) Arrius M(arci) f(ilius) / Marcellin(us) / [3] IIvir QV/ON[3]N quinq(uennali) / Pot(entiae) munic(ipio) / f(ilio) carissimo","date_from":null,"date_to":null,"marker_gender":"male","is_individual":false,"edcs_url":"https://edcs.hist.uzh.ch/en/document?edcs-id=EDCS-11400517","persons":[{"nomen":"Arrius","gender":"male","raw_name":"M(arco) Arrio M(arci) f(ilio) Pom(ptina) N[3]tuano","praenomen":"Marcus","status":"filius Marci, tribus Pomptina, IIvir, quinq(uennalis), Potentia municipium"},{"nomen":"Arrius","gender":"male","raw_name":"M(arcus) Arrius M(arci) f(ilius) Marcellin(us)","praenomen":"Marcus","cognomen":"Marcellinus","status":"filius Marci, IIvir, quinq(uennalis), Potentia municipium"}]}},{"type":"Feature","geometry":{"type":"Point","coordinates":[15.49,40.75]},"properties":{"edcs_id":"EDCS-11400519","findspot":"Muro Lucano / Numistro","raw_text":"P(ublio) Equitio / P(ubli) lib(erto) Primano / Augustali Potent(iae) / P(ublius) Equitius / Primanus patri / b(ene) m(erenti) f(ecit)","date_from":51,"date_to":150,"marker_gender":"male","is_individual":false,"edcs_url":"https://edcs.hist.uzh.ch/en/document?edcs-id=EDCS-11400519","persons":[{"nomen":"Equitius","gender":"male","raw_name":"P(ublio) Equitio P(ubli) lib(erto) Primano","praenomen":"Publius","cognomen":"Primanus","status":"libertus Publii, Augustalis Potentiae","cluster_id":582,"cluster_size":2},{"nomen":"Equitius","gender":"male","raw_name":"P(ublius) Equitius Primanus","praenomen":"Publius","cognomen":"Primanus","status":"pater","cluster_id":582,"cluster_size":2}]}},{"type":"Feature","geometry":{"type":"Point","coordinates":[15.49,40.75]},"properties":{"edcs_id":"EDCS-11400521","findspot":"Muro Lucano / Numistro","raw_text":"Equitia Mel{i}pomene / P(ublio) Equitio P(ubli) l(iberto) / Pionio / coniugi carissimo / sibi posterisq(ue) / m(onumentum) fecit","date_from":1,"date_to":100,"marker_gender":"mixed","is_individual":false,"edcs_url":"https://edcs.hist.uzh.ch/en/document?edcs-id=EDCS-11400521","persons":[{"nomen":"Equitia","gender":"female","raw_name":"Equitia Mel{i}pomene","cognomen":"Melpomene"},{"nomen":"Equitius","gender":"male","raw_name":"P(ublio) Equitio P(ubli) l(iberto) Pionio","praenomen":"Publius","cognomen":"Pionius","status":"libertus Publii, coniunx"}]}},{"type":"Feature","geometry":{"type":"Point","coordinates":[15.49,40.75]},"properties":{"edcs_id":"EDCS-11400522","findspot":"Muro Lucano / Numistro","raw_text":"D(is) M(anibus) / Q(uinto) Maecilio / Augustali / Maecilia Se/cunda mater / f(ecit) b(ene) m(erenti) v(ixit) a(nnos) XXXV // D(is) M(anibus) / Maeciliae / Secundae","date_from":71,"date_to":200,"marker_gender":"mixed","is_individual":false,"edcs_url":"https://edcs.hist.uzh.ch/en/document?edcs-id=EDCS-11400522","persons":[{"nomen":"Maecilius","gender":"male","raw_name":"Q(uinto) Maecilio","praenomen":"Quintus","status":"Augustalis"},{"nomen":"Maecilia","gender":"female","raw_name":"Maecilia Secunda","cognomen":"Secunda","status":"mater"}]}},{"type":"Feature","geometry":{"type":"Point","coordinates":[15.49,40.75]},"properties":{"edcs_id":"EDCS-11400523","findspot":"Muro Lucano / Numistro","raw_text":"P(ublius) Minatius P(ubli) f(ilius) / Secundus / hic situs / est","date_from":-30,"date_to":50,"marker_gender":"male","is_individual":false,"edcs_url":"https://edcs.hist.uzh.ch/en/document?edcs-id=EDCS-11400523","persons":[{"nomen":"Minatius","gender":"male","raw_name":"P(ublius) Minatius P(ubli) f(ilius) Secundus","praenomen":"Publius","cognomen":"Secundus","status":"filius Publii"}]}},{"type":"Feature","geometry":{"type":"Point","coordinates":[15.49,40.75]},"properties":{"edcs_id":"EDCS-11400524","findspot":"Muro Lucano / Numistro","raw_text":"C(aio) Octavio Marcio/ni vix(it) ann(os) XXII et / C(aio) Octavio Seve/ro vix(it) ann(os) XL me(n)ses / VIIII C(aius) Octavius / Severus pat[e]r","date_from":51,"date_to":150,"marker_gender":"male","is_individual":false,"edcs_url":"https://edcs.hist.uzh.ch/en/document?edcs-id=EDCS-11400524","persons":[{"nomen":"Octavius","gender":"male","raw_name":"C(aio) Octavio Marcioni","praenomen":"Gaius","cognomen":"Marcio"},{"nomen":"Octavius","gender":"male","raw_name":"C(aio) Octavio Severo","praenomen":"Gaius","cognomen":"Severus","cluster_id":588,"cluster_size":2},{"nomen":"Octavius","gender":"male","raw_name":"C(aius) Octavius Severus","praenomen":"Gaius","cognomen":"Severus","status":"pater","cluster_id":588,"cluster_size":2}]}},{"type":"Feature","geometry":{"type":"Point","coordinates":[15.49,40.75]},"properties":{"edcs_id":"EDCS-11400525","findspot":"Muro Lucano / Numistro","raw_text":"Tattia Mar/cella vix(it) ann(os) / LXXV Tattia / (H)esperis m(onumentum) / b(ene) m(erenti) f(ecit)","date_from":151,"date_to":250,"marker_gender":"female","is_individual":false,"edcs_url":"https://edcs.hist.uzh.ch/en/document?edcs-id=EDCS-11400525","persons":[{"nomen":"Tattia","gender":"female","raw_name":"Tattia Marcella","cognomen":"Marcella"},{"nomen":"Tattia","gender":"female","raw_name":"Tattia (H)esperis","cognomen":"Hesperis"}]}},{"type":"Feature","geometry":{"type":"Point","coordinates":[15.49,40.75]},"properties":{"edcs_id":"EDCS-11400526","findspot":"Muro Lucano / Numistro","raw_text":"D(is) M(anibus) / Ulpiae Sperat(a)e / M(arcus) Utianus / Onesimus co(n)iu/g[i] b(ene) m(erenti) f(ecit)","date_from":131,"date_to":200,"marker_gender":"mixed","is_individual":false,"edcs_url":"https://edcs.hist.uzh.ch/en/document?edcs-id=EDCS-11400526","persons":[{"nomen":"Ulpia","gender":"female","raw_name":"Ulpiae Sperat(a)e","cognomen":"Sperata"},{"nomen":"Utianus","gender":"male","raw_name":"M(arcus) Utianus Onesimus","praenomen":"Marcus","cognomen":"Onesimus","status":"coniunx"}]}},{"type":"Feature","geometry":{"type":"Point","coordinates":[15.49,40.75]},"properties":{"edcs_id":"EDCS-11400527","findspot":"Muro Lucano / Numistro","raw_text":"Volutiae / Primigeniae / Q(uintus) Volutius / Ampliatus con(iugi) / b(ene) m(erenti) p(osuit)","date_from":51,"date_to":150,"marker_gender":"mixed","is_individual":false,"edcs_url":"https://edcs.hist.uzh.ch/en/document?edcs-id=EDCS-11400527","persons":[{"nomen":"Volutia","gender":"female","raw_name":"Volutiae Primigeniae","cognomen":"Primigenia"},{"nomen":"Volutius","gender":"male","raw_name":"Q(uintus) Volutius Ampliatus","praenomen":"Quintus","cognomen":"Ampliatus","status":"coniunx"}]}},{"type":"Feature","geometry":{"type":"Point","coordinates":[15.31,40.79]},"properties":{"edcs_id":"EDCS-11400529","findspot":"Laviano","raw_text":"Fadio Dextro / Fadia Felicula / co(n)iugi bene mer/enti fecit HS XV milibus / in quo opere de/dit collegius dendr/ophororum HS [","date_from":151,"date_to":250,"marker_gender":"mixed","is_individual":true,"edcs_url":"https://edcs.hist.uzh.ch/en/document?edcs-id=EDCS-11400529","persons":[{"nomen":"Fadius","gender":"male","raw_name":"Fadio Dextro","cognomen":"Dexter"},{"nomen":"Fadia","gender":"female","raw_name":"Fadia Felicula","cognomen":"Felicula","status":"coniunx, bene merens"}]}},{"type":"Feature","geometry":{"type":"Point","coordinates":[15.29,40.73]},"properties":{"edcs_id":"EDCS-11400531","findspot":"Colliano","raw_text":"D(is) M(anibus) s(acrum) / Mart/io coniugi ben/e merenti Pri/ma coniux f/ecit","date_from":201,"date_to":300,"marker_gender":"mixed","is_individual":false,"edcs_url":"https://edcs.hist.uzh.ch/en/document?edcs-id=EDCS-11400531","persons":[{"nomen":"","gender":"male","raw_name":"Martio","cognomen":"Martius","status":"coniunx, bene merens"},{"nomen":"","gender":"female","raw_name":"Prima","cognomen":"Prima","status":"coniunx"}]}},{"type":"Feature","geometry":{"type":"Point","coordinates":[15.29,40.73]},"properties":{"edcs_id":"EDCS-11400532","findspot":"Colliano","raw_text":"Aelio [3] / [3]o Aug(ustali) / Romulus patri / bene merenti f(ecit)","date_from":131,"date_to":200,"marker_gender":"male","is_individual":false,"edcs_url":"https://edcs.hist.uzh.ch/en/document?edcs-id=EDCS-11400532","persons":[{"nomen":"Aelius","gender":"male","raw_name":"Aelio","status":"Augustalis"},{"nomen":"","gender":"male","raw_name":"Romulus","cognomen":"Romulus","status":"filius, bene merens"}]}},{"type":"Feature","geometry":{"type":"Point","coordinates":[15.29,40.73]},"properties":{"edcs_id":"EDCS-11400533","findspot":"Colliano","raw_text":"D(is) M(anibus) / Alliae Danai/di Grumenti/na cum filio / patrona b(ene) m(erenti) / fecit","date_from":101,"date_to":200,"marker_gender":"female","is_individual":false,"edcs_url":"https://edcs.hist.uzh.ch/en/document?edcs-id=EDCS-11400533","persons":[{"nomen":"Allia","gender":"female","raw_name":"Alliae Danaidis Grumentina","cognomen":"Danais","status":"patrona, tribus Grumentina, bene merens"}]}},{"type":"Feature","geometry":{"type":"Point","coordinates":[15.06,40.62]},"properties":{"edcs_id":"EDCS-11400535","findspot":"Eboli / Eburum","raw_text":"L(ocus) d(atus) d(ecreto) d(ecurionum) / T(ito) Fl(avio) T(iti) f(ilio) Fab(ia) Silvano pat(rono) mun(icipii) / Ebur(inorum) IIvir(o) II q(uin)q(uennali) qu(a)est(ori) ar<c=K>(ae) cur(atori) / rei frument(ariae) huic coll(egium) dend/rophor(or)r(um) ob ex{s}imiam erg[a] / se ben<e=I>volentiam et spem per/[p]etuam statuam dignissim[o] / patrono posuerunt cuius sta/[t]uae honore contentus ob/tulit coll(egio) s(upra) s(cripto) HS VIII m(ilia) n(ummum) ut quo<t=D>annis / natalis eius die III Iduum Decembr(ium) confrequentu[r et o]b statuae d[e]/dicationem coll[egii p(atronis) s(ingulis)] HS XX nummos et / q(uin)q(uennaliciis) IIvir(aliciis) aedilic(iis) s[ingulis HS XX] n(ummos) et cete/ris condec(urionibus) sing(ulis) HS [n(ummos) XVII]I semis s(ingulis) Augu[s]/talib(us) HS XII n(ummos) coll(egiis) dend[ro]phor(orum) et / fab(rum) sing(ulis) HS millenos n(ummos) [et] epul[u]m / [pl]ebeis sing(ulis) HS [n(ummos)] et viscerationem // Ded[ic]ata V Kal(endas) April(es) / [an]n[o duo]vir(um) C(ai) Stlacci Va[3] / et] Cn(aei) Brinnii Steiani // Praef(ecto) et do(mino) / [n]itenti Fl(avio) Delma/tio v(iro) p(erfectissimo) cor(r)e(ctori) p(rovinciae) Lu(caniae)","date_from":171,"date_to":350,"marker_gender":"male","is_individual":false,"edcs_url":"https://edcs.hist.uzh.ch/en/document?edcs-id=EDCS-11400535","persons":[{"nomen":"Flavius","gender":"male","raw_name":"T(ito) Fl(avio) T(iti) f(ilio) Fab(ia) Silvano","praenomen":"Titus","cognomen":"Silvanus","status":"filius Titi, tribus Fabia, patronus municipii Eburinorum, duumvir quinquennalis, quaestor arcae, curator rei frumentariae"},{"nomen":"Stlaccius","gender":"male","raw_name":"C(ai) Stlacci Va[3]","praenomen":"Gaius","cognomen":"Valerius","status":"duumvir"},{"nomen":"Brinnius","gender":"male","raw_name":"Cn(aei) Brinnii Steiani","praenomen":"Gnaeus","cognomen":"Steianus","status":"duumvir"},{"nomen":"Flavius","gender":"male","raw_name":"Fl(avio) Delmatio","cognomen":"Delmatius","status":"praefectus, dominus, vir perfectissimus, corrector provinciae Lucaniae"}]}},{"type":"Feature","geometry":{"type":"Point","coordinates":[15.06,40.62]},"properties":{"edcs_id":"EDCS-11400536","findspot":"Eboli / Eburum","raw_text":"N(umerius) Ahius / Successus / Augustalis / Nuceriae / Marciae Meroe / co(n)iugi et sibi / cum qua vixit / annis LIII","date_from":1,"date_to":70,"marker_gender":"mixed","is_individual":false,"edcs_url":"https://edcs.hist.uzh.ch/en/document?edcs-id=EDCS-11400536","persons":[{"nomen":"Ahius","gender":"male","raw_name":"N(umerius) Ahius Successus","praenomen":"Numerius","cognomen":"Successus","status":"Augustalis"},{"nomen":"Marcia","gender":"female","raw_name":"Marciae Meroe","cognomen":"Meroe","status":"coniunx"}]}},{"type":"Feature","geometry":{"type":"Point","coordinates":[15.06,40.62]},"properties":{"edcs_id":"EDCS-11400539","findspot":"Eboli / Eburum","raw_text":"]E annor(um) III / [3 S]allustio / [3]o viro","date_from":1,"date_to":200,"marker_gender":"male","is_individual":false,"edcs_url":"https://edcs.hist.uzh.ch/en/document?edcs-id=EDCS-11400539","persons":[{"nomen":"","gender":"male","raw_name":"[3 S]allustio","cognomen":"Sallustius","status":"vir"}]}},{"type":"Feature","geometry":{"type":"Point","coordinates":[15.81,39.94]},"properties":{"edcs_id":"EDCS-11400540","findspot":"Tortora / Blanda Iulia","raw_text":"Cominiae / Damianeti / quae vixit / an(nos) XXI d(ies) L / et Cominiae / Olympiadi / coniugi <v=B>iv(a)e / Bivius Amplia/tus fecit / incompara/<b=V>ili","date_from":251,"date_to":300,"marker_gender":"mixed","is_individual":false,"edcs_url":"https://edcs.hist.uzh.ch/en/document?edcs-id=EDCS-11400540","persons":[{"nomen":"Cominia","gender":"female","raw_name":"Cominiae Damianeti","cognomen":"Damianete"},{"nomen":"Cominia","gender":"female","raw_name":"Cominiae Olympiadi","cognomen":"Olympias","status":"coniunx"},{"nomen":"Bivius","gender":"male","raw_name":"Bivius Ampliatus","cognomen":"Ampliatus"}]}},{"type":"Feature","geometry":{"type":"Point","coordinates":[15.81,39.94]},"properties":{"edcs_id":"EDCS-11400541","findspot":"Tortora / Blanda Iulia","raw_text":"vix]it pl(us) m(inus) a[nnos 3] / [3 de]p(ositus?) sub d(ie) VIII / [3] ind(ictione) III Fl(avio) / [Iustin]o v(iro) c(larissimo) cons(ule)","date_from":null,"date_to":null,"marker_gender":"male","is_individual":false,"edcs_url":"https://edcs.hist.uzh.ch/en/document?edcs-id=EDCS-11400541","persons":[{"nomen":"Flavius","gender":"male","raw_name":"[Iustin]o","cognomen":"Iustinus","status":"consul"}]}},{"type":"Feature","geometry":{"type":"Point","coordinates":[15.81,39.94]},"properties":{"edcs_id":"EDCS-11400542","findspot":"Tortora / Blanda Iulia","raw_text":"In d(eo) d(omino) et spirito sancto Iuliano / ep(isco)p(o) s(ancto) [v(iro)] qui vixit annis L mensibus / III d(iebus) II Feliciane co(n)iugi bene / merenti cum fili(i)s suis bene / merenti fecit Iuliano in pace","date_from":331,"date_to":370,"marker_gender":"mixed","is_individual":false,"edcs_url":"https://edcs.hist.uzh.ch/en/document?edcs-id=EDCS-11400542","persons":[{"nomen":"Iulius","gender":"male","raw_name":"Iuliano","status":"episcopus, sanctus"},{"nomen":"","gender":"female","raw_name":"Feliciane","cognomen":"Feliciana","status":"coniunx"},{"nomen":"Iulius","gender":"male","raw_name":"Iuliano"}]}},{"type":"Feature","geometry":{"type":"Point","coordinates":[15.52,40.08]},"properties":{"edcs_id":"EDCS-11400543","findspot":"Policastro Bussentino / Buxentum","raw_text":"Augustae / Iulia[e] / Drusi f(iliae) / divi Augusti","date_from":14,"date_to":42,"marker_gender":"female","is_individual":false,"edcs_url":"https://edcs.hist.uzh.ch/en/document?edcs-id=EDCS-11400543","persons":[{"nomen":"Iulia","gender":"female","raw_name":"Iulia[e] Drusi f(iliae)","status":"Augusta, filia Drusi","is_imperial":true}]}},{"type":"Feature","geometry":{"type":"Point","coordinates":[15.52,40.08]},"properties":{"edcs_id":"EDCS-11400544","findspot":"Policastro Bussentino / Buxentum","raw_text":"Germanico Caesari / Ti(beri) Aug(usti) f(ilio) divi Aug(usti) n(epoti) / divi Iuli pron(epoti) Aug(usto) / co(n)s(uli) II imperatori II","date_from":18,"date_to":19,"marker_gender":"male","is_individual":false,"edcs_url":"https://edcs.hist.uzh.ch/en/document?edcs-id=EDCS-11400544","persons":[{"nomen":"","gender":"male","raw_name":"Germanico Caesari Ti(beri) Aug(usti) f(ilio) divi Aug(usti) n(epoti) divi Iuli pron(epoti) Aug(usto)","cognomen":"Germanicus","status":"Caesar, filius Tiberii Augusti, nepos divi Augusti, pronepos divi Iulii, Augustus, consul, imperator","is_imperial":true}]}},{"type":"Feature","geometry":{"type":"Point","coordinates":[15.52,40.08]},"properties":{"edcs_id":"EDCS-11400545","findspot":"Policastro Bussentino / Buxentum","raw_text":"D(is) M(anibus) / L(ucio) Sempronio / L(uci) f(ilio) Pom(ptina) Prisco / aed(ili) duovir(o) / des(ignato) v(ixit) a(nnos) XXV / men(ses) VII / si non ante diem / crudelia fata fu/issent hic pater et / mater debuit / ante tegi","date_from":131,"date_to":200,"marker_gender":"male","is_individual":false,"edcs_url":"https://edcs.hist.uzh.ch/en/document?edcs-id=EDCS-11400545","persons":[{"nomen":"Sempronius","gender":"male","raw_name":"L(ucio) Sempronio L(uci) f(ilio) Pom(ptina) Prisco","praenomen":"Lucius","cognomen":"Priscus","status":"filius Lucii, tribus Pomptina, aedilis, duovir, designatus"}]}},{"type":"Feature","geometry":{"type":"Point","coordinates":[15.17,40.15]},"properties":{"edcs_id":"EDCS-11400546","findspot":"Marina di Ascea / Castellammare di Velia / Castellamare della Bruca / Castellammare / Elea / Velia","raw_text":"D(is) M(anibus) / C(aio) Sextilio Op/pio IIIIvir(o) q(uin)q(uennali) / v(ixit) a(nnos) L Claudia Po/tita coniugi ca/rissimo","date_from":101,"date_to":200,"marker_gender":"mixed","is_individual":false,"edcs_url":"https://edcs.hist.uzh.ch/en/document?edcs-id=EDCS-11400546","persons":[{"nomen":"Sextilius","gender":"male","raw_name":"C(aio) Sextilio Oppio","praenomen":"Caius","cognomen":"Oppius","status":"quattuorvir quinquennalis"},{"nomen":"Claudia","gender":"female","raw_name":"Claudia Potita","cognomen":"Potita","status":"uxor"}]}},{"type":"Feature","geometry":{"type":"Point","coordinates":[15.16,40.16]},"properties":{"edcs_id":"EDCS-11400547","findspot":"Marina di Ascea / Castellammare di Velia / Castellamare della Bruca / Castellammare / Elea / Velia","raw_text":"<C=G>a(l)limorphus","date_from":null,"date_to":null,"marker_gender":"male","is_individual":false,"edcs_url":"https://edcs.hist.uzh.ch/en/document?edcs-id=EDCS-11400547","persons":[{"nomen":"","gender":"male","raw_name":"Ca(l)limorphus","cognomen":"Callimorphus"}]}},{"type":"Feature","geometry":{"type":"Point","coordinates":[15.16,40.16]},"properties":{"edcs_id":"EDCS-11400548","findspot":"Marina di Ascea / Castellammare di Velia / Castellamare della Bruca / Castellammare / Elea / Velia","raw_text":"Hedilio","date_from":null,"date_to":null,"marker_gender":"male","is_individual":false,"edcs_url":"https://edcs.hist.uzh.ch/en/document?edcs-id=EDCS-11400548","persons":[{"nomen":"","gender":"male","raw_name":"Hedilio","cognomen":"Hedilio","cluster_id":1308,"cluster_size":2,"cluster_confidence":"low"}]}},{"type":"Feature","geometry":{"type":"Point","coordinates":[15.16,40.16]},"properties":{"edcs_id":"EDCS-11400549","findspot":"Marina di Ascea / Castellammare di Velia / Castellamare della Bruca / Castellammare / Elea / Velia","raw_text":"Tato coniugi [","date_from":null,"date_to":null,"marker_gender":"unknown","is_individual":false,"edcs_url":"https://edcs.hist.uzh.ch/en/document?edcs-id=EDCS-11400549","persons":[{"nomen":"","gender":"unknown","raw_name":"Tato","cognomen":"Tato","status":"coniunx"}]}},{"type":"Feature","geometry":{"type":"Point","coordinates":[15.16,40.16]},"properties":{"edcs_id":"EDCS-11400550","findspot":"Marina di Ascea / Castellammare di Velia / Castellamare della Bruca / Castellammare / Elea / Velia","raw_text":"D(is) M(anibus) s(acrum) / L(ucio) Valerio M(arci) [f(ilio) Su]/scepto vix(it) annis XL [m(ensibus) 3] / diebus II T(itus) Cominius [Su]/sceptus et / Publ[i]l[ia 3] / Andrea filio kar(issimo)","date_from":null,"date_to":null,"marker_gender":"mixed","is_individual":false,"edcs_url":"https://edcs.hist.uzh.ch/en/document?edcs-id=EDCS-11400550","persons":[{"nomen":"Valerius","gender":"male","raw_name":"L(ucio) Valerio M(arci) [f(ilio) Su] scepto","praenomen":"Lucius","cognomen":"Susceptus","status":"filius Marci"},{"nomen":"Cominius","gender":"male","raw_name":"T(itus) Cominius [Su] sceptus","praenomen":"Titus","cognomen":"Susceptus"},{"nomen":"Publilia","gender":"female","raw_name":"Publ[i]l[ia"},{"nomen":"","gender":"male","raw_name":"Andrea","cognomen":"Andreas","status":"filius"}]}},{"type":"Feature","geometry":{"type":"Point","coordinates":[14.9,40.25]},"properties":{"edcs_id":"EDCS-11400551","findspot":"Licosa, Isola / Leucosia","raw_text":"Cerer[i] / sacr(um) / Voconia / Severa","date_from":null,"date_to":null,"marker_gender":"female","is_individual":false,"edcs_url":"https://edcs.hist.uzh.ch/en/document?edcs-id=EDCS-11400551","persons":[{"nomen":"Voconia","gender":"female","raw_name":"Voconia Severa","cognomen":"Severa"}]}},{"type":"Feature","geometry":{"type":"Point","coordinates":[14.9,40.25]},"properties":{"edcs_id":"EDCS-11400552","findspot":"Licosa, Isola / Leucosia","raw_text":"Brittius / Praesens / v(ir) c(larissimus) / co[rr]ect[o]r / curavit","date_from":316,"date_to":425,"marker_gender":"male","is_individual":false,"edcs_url":"https://edcs.hist.uzh.ch/en/document?edcs-id=EDCS-11400552","persons":[{"nomen":"Brittius","gender":"male","raw_name":"Brittius Praesens","cognomen":"Praesens","status":"vir clarissimus, corrector","cluster_id":325,"cluster_size":2}]}},{"type":"Feature","geometry":{"type":"Point","coordinates":[14.9,40.25]},"properties":{"edcs_id":"EDCS-11400553","findspot":"Licosa, Isola / Leucosia","raw_text":"D(is) M(anibus) / Arrio Isido/ro missicio pa/tri Silvanus / fecit v(ixit) an(nos) LXX/V me(nses) VI dies / VIII bene mer(enti)","date_from":151,"date_to":250,"marker_gender":"male","is_individual":false,"edcs_url":"https://edcs.hist.uzh.ch/en/document?edcs-id=EDCS-11400553","persons":[{"nomen":"Arrius","gender":"male","raw_name":"Arrio Isidoro","cognomen":"Isidorus","status":"missicius, pater"},{"nomen":"","gender":"male","raw_name":"Silvanus","cognomen":"Silvanus","is_deity":true,"cluster_confidence":"excluded"}]}},{"type":"Feature","geometry":{"type":"Point","coordinates":[14.9,40.25]},"properties":{"edcs_id":"EDCS-11400554","findspot":"Licosa, Isola / Leucosia","raw_text":"Di{i}s Manibus / Flaviae Commendatae / vixit annis LX / Cn(aeus) Voluntilius Successus et / M(arcus) Allienus Hedylus / coniugi suae bene meritae f(ecerunt)","date_from":71,"date_to":150,"marker_gender":"mixed","is_individual":false,"edcs_url":"https://edcs.hist.uzh.ch/en/document?edcs-id=EDCS-11400554","persons":[{"nomen":"Flavia","gender":"female","raw_name":"Flaviae Commendatae","cognomen":"Commendata"},{"nomen":"Voluntilius","gender":"male","raw_name":"Cn. Voluntilius Successus","praenomen":"Gnaeus","cognomen":"Successus"},{"nomen":"Allienus","gender":"male","raw_name":"M. Allienus Hedylus","praenomen":"Marcus","cognomen":"Hedylus","status":"coniunx"}]}},{"type":"Feature","geometry":{"type":"Point","coordinates":[14.9,40.25]},"properties":{"edcs_id":"EDCS-11400555","findspot":"Licosa, Isola / Leucosia","raw_text":"D(is) M(anibus) / C(aio) Iul(io) Saturnino / b(ene) m(erenti) f(ecit) / C(aius) Iul(ius) Socrates","date_from":101,"date_to":200,"marker_gender":"male","is_individual":false,"edcs_url":"https://edcs.hist.uzh.ch/en/document?edcs-id=EDCS-11400555","persons":[{"nomen":"Iulius","gender":"male","raw_name":"C. Iul. Saturnino","praenomen":"Gaius","cognomen":"Saturninus"},{"nomen":"Iulius","gender":"male","raw_name":"C. Iul. Socrates","praenomen":"Gaius","cognomen":"Socrates"}]}},{"type":"Feature","geometry":{"type":"Point","coordinates":[15.01,40.42]},"properties":{"edcs_id":"EDCS-11400556","findspot":"Capaccio / Poseidonia / Paestum","raw_text":"C(aius) Petronius Optatus / mag(ister) Ment(is) Bon(ae) / statuam basim pluteum / sacr(avit)","date_from":1,"date_to":70,"marker_gender":"male","is_individual":false,"edcs_url":"https://edcs.hist.uzh.ch/en/document?edcs-id=EDCS-11400556","persons":[{"nomen":"Petronius","gender":"male","raw_name":"C(aius) Petronius Optatus","praenomen":"Caius","cognomen":"Optatus","status":"magister Mentis Bonae"}]}},{"type":"Feature","geometry":{"type":"Point","coordinates":[15.01,40.42]},"properties":{"edcs_id":"EDCS-11400560","findspot":"Capaccio / Poseidonia / Paestum","raw_text":"[[Fl(avio) Felician]]o et Fabio Titiano conss(ulibus) / pridi{a}e Kal(endas) Maias / A[[n[t]on[iu]s Al[3]l[us]]] et Oppius Silbester(!) IIviri / coloniae Paestanorum cum in curia Caesarea / frequentes(!) decuriones adfuissent <v=B>erba / fecerunt iandudum(!) per decretum nostrum / patronatus ho<n=A>orem [[Aurelio Gentiano v(iro)]] p(erfectissimo) / optulimus(!) tabulamque aeream subsecutu/ram(!) polliciti sumus itaq(ue) optimum est / sanctissimi condecuriones ut sponsioni / nostrae(!) pareamus quapropter offeren/da est tabula patronatus eidem Aurelio / [[Gentiano v(iro) p(erfectissimo)]] quam cum suscipere fuerit / dignatus speramus forte(!) quod et nos et / patriam nostram in omnibus fo<v=B>eat / ab ordine dictum est placet placet com/pleri sponsionem nostram ut tabula(m) / patronatus aere inciso [[Aurelio Ge]]nti/[[ano v(iro) p(erfectissimo)]] offeramus quam credimus / eum et libenter suscipere et in om/nibus nos patriamque nostram / fo<v=B>ere","date_from":337,"date_to":337,"marker_gender":"male","is_individual":false,"edcs_url":"https://edcs.hist.uzh.ch/en/document?edcs-id=EDCS-11400560","persons":[{"nomen":"Flavius","gender":"male","raw_name":"Fl(avio) Felician]]o","cognomen":"Felicianus","status":"consul"},{"nomen":"Fabius","gender":"male","raw_name":"Fabio Titiano","cognomen":"Titianus","status":"consul"},{"nomen":"Antonius","gender":"male","raw_name":"A[[n[t]on[iu]s","status":"duovir"},{"nomen":"Oppius","gender":"male","raw_name":"Oppius Silbester","cognomen":"Silvester","status":"duovir"},{"nomen":"Aurelius","gender":"male","raw_name":"Aurelio Gentiano","cognomen":"Gentianus","status":"patronus, vir perfectissimus","cluster_confidence":"low"}]}},{"type":"Feature","geometry":{"type":"Point","coordinates":[15.01,40.42]},"properties":{"edcs_id":"EDCS-11400561","findspot":"Capaccio / Poseidonia / Paestum","raw_text":"Vulcacio Rufino et Fl(avio) Eusebio / conss(ulibus) Kal(endis) Aug(ustis) / Tullius Septimus et Digitius Antonius / du(u)mviri coloniae Pestanorum(!) cum / {cum} in curia Caesarea frequentes(!) decuriones / adfuissent verba fecerunt iamdudum / per decretum nostrum patronatus hono/rem Aquilio Nestorio optulimus(!) tabulam/que aeream subsecu(tu)ram polliciti sumus / itaque optimum est sanctissimi conde/curiones ut sponsioni nostr(a)e parea/mus quapropter offerenda est tabula / patronatus eidem Aquilio Nestorio / quam cum suscipere fu(e)rit dignatus spera/mus for(t)e quod et nos et patria<m=N>qu{a}e nos/tram in o(m)nibus fo<v=B>eat ab {h}ordine dictu(m) / est placet placet co<m=N>pleri spo(n)sionem nostram ut / tabulam patronatus (a)ere inciso Aquilio / Nestorio offerimus quam cr<e=I>dimus eum / et libent<er=I> suscipere et in omnibus fo<v=B>ere","date_from":347,"date_to":347,"marker_gender":"male","is_individual":false,"edcs_url":"https://edcs.hist.uzh.ch/en/document?edcs-id=EDCS-11400561","persons":[{"nomen":"Vulcacius","gender":"male","raw_name":"Vulcacio Rufino","cognomen":"Rufinus","status":"consul"},{"nomen":"Flavius","gender":"male","raw_name":"Fl(avio) Eusebio","cognomen":"Eusebius","status":"consul"},{"nomen":"Tullius","gender":"male","raw_name":"Tullius Septimus","cognomen":"Septimus","status":"duovir"},{"nomen":"Digitius","gender":"male","raw_name":"Digitius Antonius","cognomen":"Antonius","status":"duovir"},{"nomen":"Aquilius","gender":"male","raw_name":"Aquilio Nestorio","cognomen":"Nestorius","status":"patronus","cluster_id":58,"cluster_size":2}]}},{"type":"Feature","geometry":{"type":"Point","coordinates":[15.01,40.42]},"properties":{"edcs_id":"EDCS-11400562","findspot":"Capaccio / Poseidonia / Paestum","raw_text":"Helpidi homo felix / deus te servet / Flaviis Leontio et Bonoso conss(ulibus) / VI Idus Apriles / cum ci<v=B>es frequentes coloniae Paestano/rum coegissent <v=B>erba fecerunt / non aliunde(!) aestimamus statum ci<v=B>itatis / altiorem cultioremque reddi nisi indus/trium virorum patrocinio fulciantur / optimi ci<v=B>es igitur Helpidio honestis/simo viro pro dignitate sua patronatum / offeramus credimus quod in omnibus nos / patriamque nostram fo<v=B>ere dignetur / Helpidio / placet placet Helpidio honestissimo / viro cuius tanta aequitas tranquilli/tas dignitas iustitia innocentia huma/nitas ex origine propa<g=C>ata monstra/tur cuiusque proles sanctissimi et eius / venera<b=V>ilis flos decusque est tabulam / patronatus sic uti parentibus eius op/tulimus(!) offeramus quem si accipe/re fuerit dignatus speramus quod / pro honestate nominis sui in omnibus / nos aequo sinceraeque animo aspi/cere ac fo<v=B>ere dignetur","date_from":344,"date_to":344,"marker_gender":"male","is_individual":false,"edcs_url":"https://edcs.hist.uzh.ch/en/document?edcs-id=EDCS-11400562","persons":[{"nomen":"","gender":"unknown","raw_name":"Helpidi","cognomen":"Helpis"},{"nomen":"Flavius","gender":"male","raw_name":"Flaviis Leontio","cognomen":"Leontius","status":"consul"},{"nomen":"","gender":"male","raw_name":"Bonoso","cognomen":"Bonus","status":"consul"}]}},{"type":"Feature","geometry":{"type":"Point","coordinates":[15.01,40.42]},"properties":{"edcs_id":"EDCS-11400563","findspot":"Capaccio / Poseidonia / Paestum","raw_text":"Q(uinto) Ceppio Q(uinti) f(ilio) Mae(cia) Longino pont[ifici(?)] / IIvir(o) design(ato) vixit ann(os) XX / Q(uinto) Ceppio Callimacho patri / Avianiae matri","date_from":51,"date_to":100,"marker_gender":"mixed","is_individual":false,"edcs_url":"https://edcs.hist.uzh.ch/en/document?edcs-id=EDCS-11400563","persons":[{"nomen":"Ceppius","gender":"male","raw_name":"Q(uinto) Ceppio Q(uinti) f(ilio) Mae(cia) Longino","praenomen":"Quintus","cognomen":"Longinus","status":"filius Quinti, tribus Maecia, pontifex, duovir designatus"},{"nomen":"Ceppius","gender":"male","raw_name":"Q(uinto) Ceppio Callimacho","praenomen":"Quintus","cognomen":"Callimachus","status":"pater"},{"nomen":"Aviania","gender":"female","raw_name":"Avianiae","status":"mater"}]}},{"type":"Feature","geometry":{"type":"Point","coordinates":[15.01,40.42]},"properties":{"edcs_id":"EDCS-11400564","findspot":"Capaccio / Poseidonia / Paestum","raw_text":"P(ublius) Claudius C(ai) f(ilius) / C(aius) Sexstilius(!) L(uci) f(ilius) / duovir{e}i / de sen[atus sententia]","date_from":-70,"date_to":-31,"marker_gender":"male","is_individual":false,"edcs_url":"https://edcs.hist.uzh.ch/en/document?edcs-id=EDCS-11400564","persons":[{"nomen":"Claudius","gender":"male","raw_name":"P(ublius) Claudius C(ai) f(ilius)","praenomen":"Publius","status":"filius Caii, duovir"},{"nomen":"Sexstilius","gender":"male","raw_name":"C(aius) Sexstilius L(uci) f(ilius)","praenomen":"Caius","status":"filius Lucii, duovir"}]}},{"type":"Feature","geometry":{"type":"Point","coordinates":[15.01,40.42]},"properties":{"edcs_id":"EDCS-11400565","findspot":"Capaccio / Poseidonia / Paestum","raw_text":"Q(uinto) Numonio C(ai) <f=E>(ilio) Valae patrono","date_from":-30,"date_to":10,"marker_gender":"male","is_individual":false,"edcs_url":"https://edcs.hist.uzh.ch/en/document?edcs-id=EDCS-11400565","persons":[{"nomen":"Numonius","gender":"male","raw_name":"Q(uinto) Numonio C(ai) f(ilio) Valae","praenomen":"Quintus","cognomen":"Vala","status":"filius Caii, patronus"}]}},{"type":"Feature","geometry":{"type":"Point","coordinates":[15.01,40.42]},"properties":{"edcs_id":"EDCS-11400567","findspot":"Capaccio / Poseidonia / Paestum","raw_text":"Digitiae L(uci) f(iliae) Rufinae / ob eximiam castitatem <f=E>i/dem verecundiamque / eius / M(arcus) Tullius M(arci) f(ilius) Maecia Cicero / eq(ues) R(omanus) L(aurens) L(avinas) p(atronus) c(oloniae) coniugi remis/so sumptu publico de suo / posuit / l(ocus) d(atus) d(ecreto) d(ecurionum)","date_from":201,"date_to":250,"marker_gender":"mixed","is_individual":false,"edcs_url":"https://edcs.hist.uzh.ch/en/document?edcs-id=EDCS-11400567","persons":[{"nomen":"Digitia","gender":"female","raw_name":"Digitiae L(uci) f(iliae) Rufinae","cognomen":"Rufina","status":"filia Lucii"},{"nomen":"Tullius","gender":"male","raw_name":"M(arcus) Tullius M(arci) f(ilius) Maecia Cicero","praenomen":"Marcus","cognomen":"Cicero","status":"filius Marci, tribus Maecia, eques Romanus, Laurens Lavinas, patronus coloniae","cluster_id":219,"cluster_size":5}]}},{"type":"Feature","geometry":{"type":"Point","coordinates":[15.01,40.42]},"properties":{"edcs_id":"EDCS-11400568","findspot":"Capaccio / Poseidonia / Paestum","raw_text":"D(is) M(anibus) / [3] Vinici[o] / [3] f(ilio) Mae(cia) / Rufo IIvir(o) / q(uin)[q(uennali)] pat(rono) co[l(oniae)] / pater filio / quod filius / patri facere / debuerat","date_from":101,"date_to":140,"marker_gender":"male","is_individual":false,"edcs_url":"https://edcs.hist.uzh.ch/en/document?edcs-id=EDCS-11400568","persons":[{"nomen":"Vinicius","gender":"male","raw_name":"Vinici[o] f(ilio) Mae(cia) Rufo","cognomen":"Rufus","status":"filius, tribus Maecia, duovir, quinquennalis, patronus coloniae"}]}},{"type":"Feature","geometry":{"type":"Point","coordinates":[15.01,40.42]},"properties":{"edcs_id":"EDCS-11400569","findspot":"Capaccio / Poseidonia / Paestum","raw_text":"[P(ublius) A]vianius P(ubli) l(ibertus) [3] / magister Aug(ustalis) / Mercur[ialis]","date_from":1,"date_to":100,"marker_gender":"male","is_individual":false,"edcs_url":"https://edcs.hist.uzh.ch/en/document?edcs-id=EDCS-11400569","persons":[{"nomen":"Avianius","gender":"male","raw_name":"P(ublius) A]vianius P(ubli) l(ibertus)","praenomen":"Publius","status":"libertus, magister Augustalis, Mercurialis"}]}},{"type":"Feature","geometry":{"type":"Point","coordinates":[15.01,40.42]},"properties":{"edcs_id":"EDCS-11400570","findspot":"Capaccio / Poseidonia / Paestum","raw_text":"D(is) M(anibus) / Benniae / Ephesiae / Primus / col(legii) arca/rius coniu(gi)","date_from":101,"date_to":200,"marker_gender":"mixed","is_individual":false,"edcs_url":"https://edcs.hist.uzh.ch/en/document?edcs-id=EDCS-11400570","persons":[{"nomen":"Bennia","gender":"female","raw_name":"Benniae Ephesiae","cognomen":"Ephesia"},{"nomen":"","gender":"male","raw_name":"Primus col(legii) arcarius coniu(gi)","cognomen":"Primus","status":"arcarius collegii, coniunx"}]}},{"type":"Feature","geometry":{"type":"Point","coordinates":[15.01,40.42]},"properties":{"edcs_id":"EDCS-11400571","findspot":"Capaccio / Poseidonia / Paestum","raw_text":"M(arcus) Caedius / M(arci) l(ibertus) Nicephor / mercator / Donnia M(arci) A(uli) l(iberta) / Secunda ux{s}or","date_from":-20,"date_to":50,"marker_gender":"mixed","is_individual":false,"edcs_url":"https://edcs.hist.uzh.ch/en/document?edcs-id=EDCS-11400571","persons":[{"nomen":"Caedius","gender":"male","raw_name":"M(arcus) Caedius M(arci) l(ibertus) Nicephor","praenomen":"Marcus","cognomen":"Nicephor","status":"libertus Marci, mercator"},{"nomen":"Donnia","gender":"female","raw_name":"Donnia M(arci) A(uli) l(iberta) Secunda","cognomen":"Secunda","status":"liberta Marci et Auli, uxor"}]}},{"type":"Feature","geometry":{"type":"Point","coordinates":[15.01,40.42]},"properties":{"edcs_id":"EDCS-11400573","findspot":"Capaccio / Poseidonia / Paestum","raw_text":"D(is) M(anibus) / Aur(eliae) Olympiadi kastissi/m(a)e femin(a)e qu(a)e vixit annis(!) XXXIII / menses V dies XXVI Iul(ius) Ius(tinus) Eu/frosynus co(n)iugi dulcissim(a)e fecit","date_from":271,"date_to":300,"marker_gender":"mixed","is_individual":false,"edcs_url":"https://edcs.hist.uzh.ch/en/document?edcs-id=EDCS-11400573","persons":[{"nomen":"Aurelia","gender":"female","raw_name":"Aur(eliae) Olympiadi","cognomen":"Olympias","status":"castissima, femina"},{"nomen":"Iulius","gender":"male","raw_name":"Iul(ius) Ius(tinus) Eufrosynus","praenomen":"Gaius","cognomen":"Iustinus Euphrosynus","status":"coniunx"}]}},{"type":"Feature","geometry":{"type":"Point","coordinates":[15.01,40.42]},"properties":{"edcs_id":"EDCS-11400574","findspot":"Capaccio / Poseidonia / Paestum","raw_text":"] C(ai) [f(ilio?)] / C(aio) Camurtio Apro / vix(it) a(nnos) XXI","date_from":-30,"date_to":50,"marker_gender":"male","is_individual":false,"edcs_url":"https://edcs.hist.uzh.ch/en/document?edcs-id=EDCS-11400574","persons":[{"nomen":"Camurtius","gender":"male","raw_name":"C(ai) [f(ilio?)] C(aio) Camurtio Apro","praenomen":"Gaius","cognomen":"Aper","status":"filius Caii"}]}},{"type":"Feature","geometry":{"type":"Point","coordinates":[15.01,40.42]},"properties":{"edcs_id":"EDCS-11400575","findspot":"Capaccio / Poseidonia / Paestum","raw_text":"D(is) M(anibus) / Q(uinto) Ceppio Optato / Eutychia coniux / b(ene) m(erenti)","date_from":101,"date_to":200,"marker_gender":"mixed","is_individual":false,"edcs_url":"https://edcs.hist.uzh.ch/en/document?edcs-id=EDCS-11400575","persons":[{"nomen":"Ceppius","gender":"male","raw_name":"Q(uinto) Ceppio Optato","praenomen":"Quintus","cognomen":"Optatus"},{"nomen":"","gender":"female","raw_name":"Eutychia","cognomen":"Eutychia","status":"coniunx"}]}},{"type":"Feature","geometry":{"type":"Point","coordinates":[15.01,40.42]},"properties":{"edcs_id":"EDCS-11400577","findspot":"Capaccio / Poseidonia / Paestum","raw_text":"D(is) M(anibus) / M(arco) Nanneio Que/tiano qui vixit / annos L m(enses) III dies / X (h)oras III Dicitia / Cemella co(n)iu<g=C>i / bene merenti fecit","date_from":201,"date_to":300,"marker_gender":"mixed","is_individual":false,"edcs_url":"https://edcs.hist.uzh.ch/en/document?edcs-id=EDCS-11400577","persons":[{"nomen":"Nanneius","gender":"male","raw_name":"M(arco) Nanneio Quetiano","praenomen":"Marcus","cognomen":"Quetianus"},{"nomen":"","gender":"female","raw_name":"Dicitia Cemella","cognomen":"Dicitia Cemella","status":"coniunx"}]}},{"type":"Feature","geometry":{"type":"Point","coordinates":[15.01,40.42]},"properties":{"edcs_id":"EDCS-11400578","findspot":"Capaccio / Poseidonia / Paestum","raw_text":"C(aio) Petronio / C(ai) f(ilio) Maec(ia) / Basso / amico / optimo / Digitius / Praeses","date_from":131,"date_to":220,"marker_gender":"male","is_individual":false,"edcs_url":"https://edcs.hist.uzh.ch/en/document?edcs-id=EDCS-11400578","persons":[{"nomen":"Petronius","gender":"male","raw_name":"C(aio) Petronio C(ai) f(ilio) Maec(ia) Basso","praenomen":"Gaius","cognomen":"Basso","status":"filius Caii, tribus Maecia"},{"nomen":"Digitius","gender":"male","raw_name":"Digitius Praeses","cognomen":"Praeses","status":"amicus"}]}},{"type":"Feature","geometry":{"type":"Point","coordinates":[15.01,40.42]},"properties":{"edcs_id":"EDCS-11400579","findspot":"Capaccio / Poseidonia / Paestum","raw_text":"D(is) M(anibus) / Quintiliae vi{c}x(it) / an(nos) XVIIII m(enses) VII / Primigenius co/nservae bene meri(tae)","date_from":171,"date_to":250,"marker_gender":"mixed","is_individual":false,"edcs_url":"https://edcs.hist.uzh.ch/en/document?edcs-id=EDCS-11400579","persons":[{"nomen":"Quintilia","gender":"female","raw_name":"Quintiliae"},{"nomen":"","gender":"male","raw_name":"Primigenius","cognomen":"Primigenius","status":"conservus"}]}},{"type":"Feature","geometry":{"type":"Point","coordinates":[15.01,40.42]},"properties":{"edcs_id":"EDCS-11400580","findspot":"Capaccio / Poseidonia / Paestum","raw_text":"D(is) M(anibus) / Salystiae Fortu/natae Mode[s]/tus et Primiti/bus(!) fili(i) matri / <v=B>ixit an(nos) LV b(ene) m(erenti) f(ecerunt)","date_from":201,"date_to":300,"marker_gender":"mixed","is_individual":false,"edcs_url":"https://edcs.hist.uzh.ch/en/document?edcs-id=EDCS-11400580","persons":[{"nomen":"Salystia","gender":"female","raw_name":"Salystiae Fortunatae","cognomen":"Fortunata"},{"nomen":"","gender":"male","raw_name":"Mode[s]tus","cognomen":"Modestus","status":"filius"},{"nomen":"","gender":"male","raw_name":"Primiti[bus]","cognomen":"Primitivus","status":"filius"}]}},{"type":"Feature","geometry":{"type":"Point","coordinates":[15.0,40.42]},"properties":{"edcs_id":"EDCS-11400581","findspot":"Capaccio / Poseidonia / Paestum","raw_text":"A(ulus) Scalponi(us) / Pac(i) l(ibertus) Qui(rina)","date_from":null,"date_to":null,"marker_gender":"male","is_individual":false,"edcs_url":"https://edcs.hist.uzh.ch/en/document?edcs-id=EDCS-11400581","persons":[{"nomen":"Scalponius","gender":"male","raw_name":"A(ulus) Scalponi(us) Pac(i) l(ibertus) Qui(rina)","praenomen":"Aulus","status":"libertus, tribus Quirina"}]}},{"type":"Feature","geometry":{"type":"Point","coordinates":[15.01,40.42]},"properties":{"edcs_id":"EDCS-11400582","findspot":"Capaccio / Poseidonia / Paestum","raw_text":"D(is) M(anibus) / T() Beneriae carissimae / quae <v=B>ixit anno uno / parentes filiae b(ene) m(erenti) <f=R>(ecerunt)","date_from":201,"date_to":300,"marker_gender":"female","is_individual":false,"edcs_url":"https://edcs.hist.uzh.ch/en/document?edcs-id=EDCS-11400582","persons":[{"nomen":"Beneria","gender":"female","raw_name":"Beneriae"}]}},{"type":"Feature","geometry":{"type":"Point","coordinates":[15.01,40.42]},"properties":{"edcs_id":"EDCS-11400583","findspot":"Capaccio / Poseidonia / Paestum","raw_text":"D(is) [M(anibus)] / Tullio Suc(c)e[sso] / pistori piissimo / ac sanctissimo / coniu<g=C>i qui vixit / ann(os) LX m(enses) VI d(ies) XVI / Optata b(ene) m(erenti) fec(it)","date_from":201,"date_to":300,"marker_gender":"mixed","is_individual":false,"edcs_url":"https://edcs.hist.uzh.ch/en/document?edcs-id=EDCS-11400583","persons":[{"nomen":"Tullius","gender":"male","raw_name":"Tullio Suc(c)e[sso]","cognomen":"Successus","status":"pistor, coniunx"},{"nomen":"","gender":"female","raw_name":"Optata","cognomen":"Optata"}]}},{"type":"Feature","geometry":{"type":"Point","coordinates":[15.01,40.42]},"properties":{"edcs_id":"EDCS-11400584","findspot":"Capaccio / Poseidonia / Paestum","raw_text":"D(is) M(anibus) / Vinniae Amian/tidi Vinnius Ami/antus et Lucia Her/ria parentes fili/ae dulcissim(a)e q/uae vixit an(nos) / XXVIIII d(ies) XII / b(ene) m(erenti) f(ecerunt)","date_from":171,"date_to":250,"marker_gender":"mixed","is_individual":false,"edcs_url":"https://edcs.hist.uzh.ch/en/document?edcs-id=EDCS-11400584","persons":[{"nomen":"Vinnia","gender":"female","raw_name":"Vinniae Amiantidi","cognomen":"Amiantidis"},{"nomen":"Vinnius","gender":"male","raw_name":"Vinnius Amiantus","cognomen":"Amiantus","status":"pater"},{"nomen":"Herrius","gender":"female","raw_name":"Lucia Herria","cognomen":"Lucia","status":"mater"}]}},{"type":"Feature","geometry":null,"properties":{"edcs_id":"EDCS-11400585","findspot":"?","raw_text":"Ovius Caisidis Ovi Trebius Platorius Trebi","date_from":null,"date_to":null,"marker_gender":"male","is_individual":true,"edcs_url":"https://edcs.hist.uzh.ch/en/document?edcs-id=EDCS-11400585","persons":[{"nomen":"Ovius","gender":"male","raw_name":"Ov(ius) Caisidis","cognomen":"Caisides"},{"nomen":"Trebius","gender":"male","raw_name":"Tr(ebius) Platorius","cognomen":"Platorius"}]}},{"type":"Feature","geometry":null,"properties":{"edcs_id":"EDCS-11400587","findspot":"?","raw_text":"Lucius Villius vivus fecit","date_from":null,"date_to":null,"marker_gender":"male","is_individual":true,"edcs_url":"https://edcs.hist.uzh.ch/en/document?edcs-id=EDCS-11400587","persons":[{"nomen":"Villius","gender":"male","raw_name":"L(ucius) Villius","praenomen":"Lucius"}]}},{"type":"Feature","geometry":null,"properties":{"edcs_id":"EDCS-11400588","findspot":"?","raw_text":"Marcus Afarius Ampliatus","date_from":null,"date_to":null,"marker_gender":"male","is_individual":true,"edcs_url":"https://edcs.hist.uzh.ch/en/document?edcs-id=EDCS-11400588","persons":[{"nomen":"Afarius","gender":"male","raw_name":"M(arcus) Afarius Ampliatus","praenomen":"Marcus","cognomen":"Ampliatus"}]}},{"type":"Feature","geometry":null,"properties":{"edcs_id":"EDCS-11400589","findspot":"?","raw_text":"Dis Manibus turninae iiusti Seramimy Speritsynetia libertae dulcissimae et sibi posuit","date_from":null,"date_to":null,"marker_gender":"female","is_individual":true,"edcs_url":"https://edcs.hist.uzh.ch/en/document?edcs-id=EDCS-11400589","persons":[{"nomen":"","gender":"female","raw_name":"[3]turninae","cognomen":"Saturnina"},{"nomen":"","gender":"female","raw_name":"Speritsynetia","cognomen":"Speritsynetia","status":"liberta, dulcissima"}]}},{"type":"Feature","geometry":null,"properties":{"edcs_id":"EDCS-11400590","findspot":"?","raw_text":"Crescitit Atpuleiiusb XVIII","date_from":null,"date_to":null,"marker_gender":"male","is_individual":true,"edcs_url":"https://edcs.hist.uzh.ch/en/document?edcs-id=EDCS-11400590","persons":[{"nomen":"","gender":"male","raw_name":"Crescitit","cognomen":"Crescens"},{"nomen":"Atpuleius","gender":"male","raw_name":"Atpuleiiusb"}]}},{"type":"Feature","geometry":null,"properties":{"edcs_id":"EDCS-11400591","findspot":"?","raw_text":"Dis Manibus Successus Salbio patri bene merenti posuit Potiolana mater scelerata filio Salbio","date_from":null,"date_to":null,"marker_gender":"mixed","is_individual":true,"edcs_url":"https://edcs.hist.uzh.ch/en/document?edcs-id=EDCS-11400591","persons":[{"nomen":"","gender":"male","raw_name":"Successus","cognomen":"Successus"},{"nomen":"","gender":"male","raw_name":"Salbio","cognomen":"Salbius","status":"filius, pater"},{"nomen":"","gender":"female","raw_name":"Potiolana","cognomen":"Potiolana","status":"mater"}]}},{"type":"Feature","geometry":{"type":"Point","coordinates":[15.01,40.42]},"properties":{"edcs_id":"EDCS-11500484","findspot":"Capaccio / Poseidonia / Paestum","raw_text":"Cn(aeus) Cornelius Cn(aei) l(ibertus) Papia / L(ucius) Galonius L(uci) l(ibertus) Agathocl(es) / mag(istri) Bonae Menti / d(e) s(uo) fac(iendum) coer(averunt)","date_from":-60,"date_to":-31,"marker_gender":"male","is_individual":false,"edcs_url":"https://edcs.hist.uzh.ch/en/document?edcs-id=EDCS-11500484","persons":[{"nomen":"Cornelius","gender":"male","raw_name":"Cn(aeus) Cornelius Cn(aei) l(ibertus) Papia","praenomen":"Gnaeus","status":"libertus, magister, tribus Papia"},{"nomen":"Galonius","gender":"male","raw_name":"L(ucius) Galonius L(uci) l(ibertus) Agathocl(es)","praenomen":"Lucius","cognomen":"Agathocles","status":"libertus, magister"}]}},{"type":"Feature","geometry":{"type":"Point","coordinates":[15.89,40.28]},"properties":{"edcs_id":"EDCS-11600033","findspot":"Grumento Nova / Grumentum","raw_text":"C(aio) Allidio Choroebo / Aug(ustalium) Herc(ulaneorum) mag(istro) sibi et / Eppiae Rhodin(a)es(!) contuber(nali) / suae","date_from":null,"date_to":null,"marker_gender":"mixed","is_individual":false,"edcs_url":"https://edcs.hist.uzh.ch/en/document?edcs-id=EDCS-11600033","persons":[{"nomen":"Allidius","gender":"male","raw_name":"C(aio) Allidio Choroebo","praenomen":"Gaius","cognomen":"Choroebus","status":"magister Augustalium Herculaneorum"},{"nomen":"Eppia","gender":"female","raw_name":"Eppiae Rhodin(a)es","cognomen":"Rhodina","status":"contubernalis"}]}},{"type":"Feature","geometry":{"type":"Point","coordinates":[15.89,40.28]},"properties":{"edcs_id":"EDCS-11600034","findspot":"Grumento Nova / Grumentum","raw_text":"Divo / Severo / pub(lice)","date_from":null,"date_to":null,"marker_gender":"male","is_individual":false,"edcs_url":"https://edcs.hist.uzh.ch/en/document?edcs-id=EDCS-11600034","persons":[{"nomen":"","gender":"male","raw_name":"Severo","cognomen":"Severus","status":"Divus"}]}},{"type":"Feature","geometry":{"type":"Point","coordinates":[15.89,40.28]},"properties":{"edcs_id":"EDCS-11600035","findspot":"Grumento Nova / Grumentum","raw_text":"[L(ucio) Saturio 3] / [6] / legat[o 3] / Bruttiae P(ubli) f(iliae) [3] / L(ucio) Saturio L(uci) f(ilio) [3] / Saturia L(uci) f(iliae) B[","date_from":null,"date_to":null,"marker_gender":"mixed","is_individual":false,"edcs_url":"https://edcs.hist.uzh.ch/en/document?edcs-id=EDCS-11600035","persons":[{"nomen":"Saturius","gender":"male","raw_name":"L(ucio) Saturio","praenomen":"Lucius","status":"legatus"},{"nomen":"Bruttia","gender":"female","raw_name":"Bruttiae P(ubli) f(iliae)","status":"filia Publii"},{"nomen":"Saturius","gender":"male","raw_name":"L(ucio) Saturio L(uci) f(ilio)","praenomen":"Lucius","status":"filius Lucii"},{"nomen":"Saturia","gender":"female","raw_name":"Saturia L(uci) f(iliae) B","status":"filia Lucii"}]}},{"type":"Feature","geometry":{"type":"Point","coordinates":[15.89,40.28]},"properties":{"edcs_id":"EDCS-11600036","findspot":"Grumento Nova / Grumentum","raw_text":"D(is) M(anibus) / Sabidius act(or?) / hic insitus est / qui vixit an(nos) XXXVIII / m(enses) VIII d(ies) X","date_from":null,"date_to":null,"marker_gender":"male","is_individual":false,"edcs_url":"https://edcs.hist.uzh.ch/en/document?edcs-id=EDCS-11600036","persons":[{"nomen":"Sabidius","gender":"male","raw_name":"Sabidius","status":"actor"}]}},{"type":"Feature","geometry":{"type":"Point","coordinates":[15.89,40.28]},"properties":{"edcs_id":"EDCS-11600038","findspot":"Grumento Nova / Grumentum","raw_text":"D(is) M(anibus) / Iunio nutrito / incomparabi/li qui vixit a[n]/nis XVII mensi/bus XI diebus XII / Pollux et S[p]eu/dusa Brutti / Crispini","date_from":null,"date_to":null,"marker_gender":"mixed","is_individual":false,"edcs_url":"https://edcs.hist.uzh.ch/en/document?edcs-id=EDCS-11600038","persons":[{"nomen":"Iunius","gender":"male","raw_name":"Iunio nutrito","status":"nutritus"},{"nomen":"","gender":"male","raw_name":"Pollux","cognomen":"Pollux"},{"nomen":"","gender":"female","raw_name":"S[p]eudusa","cognomen":"Spudusa"},{"nomen":"Bruttius","gender":"male","raw_name":"Brutti Crispini","cognomen":"Crispinus"}]}},{"type":"Feature","geometry":{"type":"Point","coordinates":[15.89,40.28]},"properties":{"edcs_id":"EDCS-11600039","findspot":"Grumento Nova / Grumentum","raw_text":"D(is) M(anibus) / Helviae Asterope / Mina(tius?) Campanus co(n)iug(i) et Mami(us) / Amandus frat(er) / b(ene) m(erenti) f(ecerunt) / vixit a(nnos) XXV","date_from":null,"date_to":null,"marker_gender":"mixed","is_individual":false,"edcs_url":"https://edcs.hist.uzh.ch/en/document?edcs-id=EDCS-11600039","persons":[{"nomen":"Helvia","gender":"female","raw_name":"Helviae Asterope","cognomen":"Asterope","status":"coniunx"},{"nomen":"Minatius","gender":"male","raw_name":"Mina(tius) Campanus","cognomen":"Campanus"},{"nomen":"Mamius","gender":"male","raw_name":"Mamius Amandus","cognomen":"Amandus","status":"frater"}]}},{"type":"Feature","geometry":{"type":"Point","coordinates":[15.89,40.28]},"properties":{"edcs_id":"EDCS-11600040","findspot":"Grumento Nova / Grumentum","raw_text":"D(is) M(anibus) / Ianuario Passi/[e]ni Liciniani ser(vo) / [Pa]ssienia [","date_from":null,"date_to":null,"marker_gender":"mixed","is_individual":false,"edcs_url":"https://edcs.hist.uzh.ch/en/document?edcs-id=EDCS-11600040","persons":[{"nomen":"","gender":"male","raw_name":"Ianuario","cognomen":"Ianuarius","status":"servus"},{"nomen":"Passienus","gender":"male","raw_name":"Passieni Liciniani","cognomen":"Licinianus"},{"nomen":"Passienia","gender":"female","raw_name":"[Pa]ssienia"}]}},{"type":"Feature","geometry":{"type":"Point","coordinates":[15.89,40.28]},"properties":{"edcs_id":"EDCS-11600042","findspot":"Grumento Nova / Grumentum","raw_text":"Philomusu[s]","date_from":1,"date_to":200,"marker_gender":"male","is_individual":false,"edcs_url":"https://edcs.hist.uzh.ch/en/document?edcs-id=EDCS-11600042","persons":[{"nomen":"","gender":"male","raw_name":"Philomusu[s]","cognomen":"Philomusus"}]}},{"type":"Feature","geometry":{"type":"Point","coordinates":[15.89,40.28]},"properties":{"edcs_id":"EDCS-11600045","findspot":"Grumento Nova / Grumentum","raw_text":"Q(uintus) Herennius E[3]","date_from":1,"date_to":200,"marker_gender":"male","is_individual":false,"edcs_url":"https://edcs.hist.uzh.ch/en/document?edcs-id=EDCS-11600045","persons":[{"nomen":"Herennius","gender":"male","raw_name":"Q(uintus) Herennius E[3]","praenomen":"Quintus"}]}},{"type":"Feature","geometry":{"type":"Point","coordinates":[15.89,40.28]},"properties":{"edcs_id":"EDCS-11600046","findspot":"Grumento Nova / Grumentum","raw_text":"M(arci) Tressi B[assi]","date_from":1,"date_to":200,"marker_gender":"male","is_individual":false,"edcs_url":"https://edcs.hist.uzh.ch/en/document?edcs-id=EDCS-11600046","persons":[{"nomen":"Tressius","gender":"male","raw_name":"M(arci) Tressi B[assi]","praenomen":"Marcus","cognomen":"Bassus"}]}},{"type":"Feature","geometry":{"type":"Point","coordinates":[15.89,40.28]},"properties":{"edcs_id":"EDCS-11600048","findspot":"Grumento Nova / Grumentum","raw_text":"Eperastu(s) fe(cit) / T(iti) Stasi Culi[3]","date_from":null,"date_to":null,"marker_gender":"male","is_individual":false,"edcs_url":"https://edcs.hist.uzh.ch/en/document?edcs-id=EDCS-11600048","persons":[{"nomen":"","gender":"male","raw_name":"Eperastu(s)","cognomen":"Eperastus","status":"fecit"},{"nomen":"Stasius","gender":"male","raw_name":"T(iti) Stasi Culi[3]","praenomen":"Titus"}]}},{"type":"Feature","geometry":{"type":"Point","coordinates":[15.89,40.28]},"properties":{"edcs_id":"EDCS-11600049","findspot":"Grumento Nova / Grumentum","raw_text":"Meniscu(s) / A(uli) Vibi","date_from":null,"date_to":null,"marker_gender":"male","is_individual":false,"edcs_url":"https://edcs.hist.uzh.ch/en/document?edcs-id=EDCS-11600049","persons":[{"nomen":"","gender":"male","raw_name":"Meniscu(s)","cognomen":"Meniscus"},{"nomen":"Vibius","gender":"male","raw_name":"A(uli) Vibi","praenomen":"Aulus"}]}},{"type":"Feature","geometry":{"type":"Point","coordinates":[15.89,40.28]},"properties":{"edcs_id":"EDCS-11600050","findspot":"Grumento Nova / Grumentum","raw_text":"Alyr(us)","date_from":null,"date_to":null,"marker_gender":"male","is_individual":false,"edcs_url":"https://edcs.hist.uzh.ch/en/document?edcs-id=EDCS-11600050","persons":[{"nomen":"","gender":"male","raw_name":"Alyr(us)","cognomen":"Alyrus"}]}},{"type":"Feature","geometry":{"type":"Point","coordinates":[15.89,40.28]},"properties":{"edcs_id":"EDCS-11600052","findspot":"Grumento Nova / Grumentum","raw_text":"Alid(ius?)","date_from":null,"date_to":null,"marker_gender":"unknown","is_individual":false,"edcs_url":"https://edcs.hist.uzh.ch/en/document?edcs-id=EDCS-11600052","persons":[{"nomen":"Alidius","gender":"unknown","raw_name":"Alid(ius?)"}]}},{"type":"Feature","geometry":{"type":"Point","coordinates":[15.89,40.28]},"properties":{"edcs_id":"EDCS-11600053","findspot":"Grumento Nova / Grumentum","raw_text":"Sex(ti) Ve<c=K>i(lii?)","date_from":null,"date_to":null,"marker_gender":"male","is_individual":false,"edcs_url":"https://edcs.hist.uzh.ch/en/document?edcs-id=EDCS-11600053","persons":[{"nomen":"Vecilius","gender":"male","raw_name":"Sex(ti) Ve<c=K>i(lii?)","praenomen":"Sextus"}]}},{"type":"Feature","geometry":{"type":"Point","coordinates":[15.89,40.28]},"properties":{"edcs_id":"EDCS-11600055","findspot":"Grumento Nova / Grumentum","raw_text":"Aufi(di) Fron(tonis)","date_from":76,"date_to":150,"marker_gender":"male","is_individual":false,"edcs_url":"https://edcs.hist.uzh.ch/en/document?edcs-id=EDCS-11600055","persons":[{"nomen":"Aufidius","gender":"male","raw_name":"Aufi(di) Fron(tonis)","cognomen":"Fronto"}]}},{"type":"Feature","geometry":{"type":"Point","coordinates":[15.0,40.42]},"properties":{"edcs_id":"EDCS-12100881","findspot":"Capaccio / Poseidonia / Paestum","raw_text":"A(nte) d(iem) VII Id(us) Febr(uarias) / App(io) Annio Atilio Bradua T(ito) Vibio Varo co(n)s(ulibus) / ex gregale / C(aio) Iulio Seuthi f(ilio) Bitho Philippop(olitano) ex Thr(acia) / et Marciae Acti f(iliae) Secundae ux(ori) eius Italic(ae) / et Longino f(ilio) eius / et Bitho f(ilio) eius / et Iuliae fil(iae) eius / et Bendi fil(iae) eius / descriptum et recognitum ex tabula aerea / quae fixa est Romae in muro [po]st templum / divi Aug(usti) ad Minervam // M(arci) Servili Getae / L(uci) Pulli Chresimi / M(arci) Sentili Iasi / Ti(beri) Iuli Felicis / C(ai) Belli Urbani / P(ubli) Graecini Crescentis / P(ubli) Ocili Prisci","date_from":160,"date_to":160,"marker_gender":"mixed","is_individual":false,"edcs_url":"https://edcs.hist.uzh.ch/en/document?edcs-id=EDCS-12100881","persons":[{"nomen":"Annius Atilius","gender":"male","raw_name":"App(io) Annio Atilio Bradua","praenomen":"Appius","cognomen":"Bradua","status":"consul"},{"nomen":"Vibius","gender":"male","raw_name":"T(ito) Vibio Varo","praenomen":"Titus","cognomen":"Varus","status":"consul"},{"nomen":"Iulius","gender":"male","raw_name":"C(aio) Iulio Seuthi f(ilio) Bitho","praenomen":"Gaius","cognomen":"Bitho","status":"filius Seuthis, gregale, Philippopolitanus"},{"nomen":"Marcia","gender":"female","raw_name":"Marciae Acti f(iliae) Secundae","cognomen":"Secunda","status":"filia Actis, uxor, Italica"},{"nomen":"","gender":"male","raw_name":"Longino","cognomen":"Longinus","status":"filius"},{"nomen":"","gender":"male","raw_name":"Bitho","cognomen":"Bitho","status":"filius"},{"nomen":"Iulia","gender":"female","raw_name":"Iuliae","status":"filia"},{"nomen":"","gender":"female","raw_name":"Bendi","cognomen":"Bendis","status":"filia"},{"nomen":"Servilius","gender":"male","raw_name":"M(arci) Servili Getae","praenomen":"Marcus","cognomen":"Geta"},{"nomen":"Pullius","gender":"male","raw_name":"L(uci) Pulli Chresimi","praenomen":"Lucius","cognomen":"Chresimus"},{"nomen":"Sentilius","gender":"male","raw_name":"M(arci) Sentili Iasi","praenomen":"Marcus","cognomen":"Iasus"},{"nomen":"Iulius","gender":"male","raw_name":"Ti(beri) Iuli Felicis","praenomen":"Tiberius","cognomen":"Felix"},{"nomen":"Bellius","gender":"male","raw_name":"C(ai) Belli Urbani","praenomen":"Gaius","cognomen":"Urbanus"},{"nomen":"Graecinius","gender":"male","raw_name":"P(ubli) Graecini Crescentis","praenomen":"Publius","cognomen":"Crescens"},{"nomen":"Ocilius","gender":"male","raw_name":"P(ubli) Ocili Prisci","praenomen":"Publius","cognomen":"Priscus"}]}},{"type":"Feature","geometry":{"type":"Point","coordinates":[15.0,40.42]},"properties":{"edcs_id":"EDCS-12300299","findspot":"Capaccio / Poseidonia / Paestum","raw_text":"Imp(erator) Caes(ar) divi Hadriani f(ilius) divi Traiani / Parthic(i) nep(os) divi Nervae pronep(os) T(itus) Ae/lius Hadrianus Antoninus Aug(ustus) Pius / pont(ifex) max(imus) trib(unicia) pot(estate) XI imp(erator) II co(n)s(ul) IIII p(ater) p(atriae) / nomina militum qui in praetorio / meo militaverunt in cohortibus / decem I II III IV V VI VII VIII IX X item / urbanis quattuor X XI XII XIV subieci / quibus fortiter et pie militia fun/ctis ius tribuo conubii dumtaxat / cum singulis et primis uxoribus / ut etiam si peregrini iuris femi/nas matrimonio suo iunxerint / proinde liberos tollant ac si ex duo/bus civibus Romanis natos // pr(idie) K(alendas) Mart(ias) / Iuliano et Torquato co(n)s(ulibus) / coh(ortis) II pr(aetoriae) / C(aio) Licinio C(ai) f(ilio) Men(enia) Probo Nuceria // Imp(erator) Caes(ar) divi Hadriani f(ilius) divi Tra/iani Parthici nepos divi Nervae pro/nepos T(itus) Aelius Hadrianus Antoninus / Aug(ustus) Pius pont(ifex) max(imus) trib(unicia) pot(estate) / XI imp(erator) II co(n)s(ul) IIII p(ater) p(atriae) / nomina militum qui in praetorio / meo militaverunt in cohortibus / decem I II III IV V VI VII VIII IX X item / urbanis quattuor X XI XII XIV subie/ci quibus fortiter et pie militia fun/ctis ius tribuo conubii dumtaxat cum / singulis et primis uxoribus ut eti/am si peregrini iuris feminas ma/trimonio suo iunxerint proinde / liberos tollant ac si ex duobus ci/vibus Romanis natos pri(die) K(alendas) Mart(ias) / L(ucio) Salvio Iuliano / C(aio) Bellicio Torquato / co(n)s(ulibus) / coh(ortis) II pr(aetoriae) / C(aio) Licinio C(ai) f(ilio) Men(enia) Probo Nuceria / descript(um) et recognit(um) ex tabula (a)erea / quae fixa est Romae in muro post / templ(um) divi Aug(usti) ad Minervam // L(uci) Digiti Valentis / P(ubli) Aeli Alexandri / C(ai) Equiti Rufini / C(ai) Iuli Celeris / L(uci) Fescennae Prisci / M(arci) Ascani Domestici / L(uci) Antoni Saturnini","date_from":148,"date_to":148,"marker_gender":"male","is_individual":false,"edcs_url":"https://edcs.hist.uzh.ch/en/document?edcs-id=EDCS-12300299","persons":[{"nomen":"Aelius","gender":"male","raw_name":"T. Aelius Hadrianus Antoninus","praenomen":"Titus","cognomen":"Hadrianus Antoninus","status":"Imperator Caesar, filius divi Hadriani, nepos divi Traiani Parthici, pronepos divi Nervae, Augustus, Pius, pontifex maximus, tribunicia potestate XI, imperator II, consul IIII, pater patriae","is_imperial":true},{"nomen":"Licinius","gender":"male","raw_name":"C. Licinio C. f. Men. Probo","praenomen":"Gaius","cognomen":"Probus","status":"filius Caii, tribus Menenia, miles"},{"nomen":"Salvius","gender":"male","raw_name":"L. Salvio Iuliano","praenomen":"Lucius","cognomen":"Iulianus","status":"consul"},{"nomen":"Bellicius","gender":"male","raw_name":"C. Bellicio Torquato","praenomen":"Gaius","cognomen":"Torquatus","status":"consul"},{"nomen":"Digitius","gender":"male","raw_name":"L. Digiti Valentis","praenomen":"Lucius","cognomen":"Valens","status":"miles"},{"nomen":"Aelius","gender":"male","raw_name":"P. Aeli Alexandri","praenomen":"Publius","cognomen":"Alexander","status":"miles"},{"nomen":"Equitius","gender":"male","raw_name":"C. Equiti Rufini","praenomen":"Gaius","cognomen":"Rufinus","status":"miles"},{"nomen":"Iulius","gender":"male","raw_name":"C. Iuli Celeris","praenomen":"Gaius","cognomen":"Celer","status":"miles"},{"nomen":"Fescennius","gender":"male","raw_name":"L. Fescennae Prisci","praenomen":"Lucius","cognomen":"Priscus","status":"miles"},{"nomen":"Ascanius","gender":"male","raw_name":"M. Ascani Domestici","praenomen":"Marcus","cognomen":"Domesticus","status":"miles"},{"nomen":"Antonius","gender":"male","raw_name":"L. Antoni Saturnini","praenomen":"Lucius","cognomen":"Saturninus","status":"miles"}]}},{"type":"Feature","geometry":{"type":"Point","coordinates":[15.5,40.52]},"properties":{"edcs_id":"EDCS-12800162","findspot":"Polla / Forum Popilii","raw_text":"Apronius lib(ertus)","date_from":null,"date_to":null,"marker_gender":"male","is_individual":false,"edcs_url":"https://edcs.hist.uzh.ch/en/document?edcs-id=EDCS-12800162","persons":[{"nomen":"Apronius","gender":"male","raw_name":"Apronius","status":"libertus"}]}},{"type":"Feature","geometry":{"type":"Point","coordinates":[15.87,38.39]},"properties":{"edcs_id":"EDCS-12800164","findspot":"Taureana di Palmi / Taureana / Taurianum","raw_text":"Cn(aeus) Cornelius Marcellinus / consul et M(arcus) Aquilius pro/praetor Siciliae ex s(enatus) c(onsulto)","date_from":null,"date_to":null,"marker_gender":"male","is_individual":false,"edcs_url":"https://edcs.hist.uzh.ch/en/document?edcs-id=EDCS-12800164","persons":[{"nomen":"Cornelius","gender":"male","raw_name":"Cn. Cornelius Marcellinus","praenomen":"Gnaeus","cognomen":"Marcellinus","status":"consul"},{"nomen":"Aquilius","gender":"male","raw_name":"M. Aquilius","praenomen":"Marcus","status":"propraetor"}]}},{"type":"Feature","geometry":{"type":"Point","coordinates":[15.0,40.42]},"properties":{"edcs_id":"EDCS-12800370","findspot":"Capaccio / Poseidonia / Paestum","raw_text":"Divae / Paulinae Aug(ustae) / C(ai) Iuli Veri Maximini / Pii Fel(icis) Imp(eratoris) Aug(usti) uxori / C(ai) Iuli Veri Maximi / matri nobilissi/mi Caes(aris) / d(ecreto) d(ecurionum) p(ecunia) p(ublica)","date_from":236,"date_to":238,"marker_gender":"mixed","is_individual":false,"edcs_url":"https://edcs.hist.uzh.ch/en/document?edcs-id=EDCS-12800370","persons":[{"nomen":"","gender":"female","raw_name":"Divae Paulinae Aug(ustae)","cognomen":"Paulina","status":"Diva, Augusta","is_imperial":true},{"nomen":"Iulius","gender":"male","raw_name":"C(ai) Iuli Veri Maximini Pii Fel(icis) Imp(eratoris) Aug(usti)","praenomen":"Caius","cognomen":"Verus Maximinus","status":"Pius, Felix, Imperator, Augustus","is_imperial":true,"cluster_id":229,"cluster_size":2},{"nomen":"Iulius","gender":"male","raw_name":"C(ai) Iuli Veri Maximi","praenomen":"Caius","cognomen":"Verus Maximus","status":"nobilissimus Caesar","is_imperial":true,"cluster_id":229,"cluster_size":2}]}},{"type":"Feature","geometry":{"type":"Point","coordinates":[15.16,40.16]},"properties":{"edcs_id":"EDCS-13302662","findspot":"Marina di Ascea / Castellammare di Velia / Castellamare della Bruca / Castellammare / Elea / Velia","raw_text":"[ἡ σύ]νκλητος καὶ ὁ δῆμος / Γάϊον Ἰούλιον Γαΐου υἱὸν Νάσωνα / ἀρετῆς καὶ εὐεργεσίας ἕνεκα // Senatus et populus Veliensis / C(aio) Iulio C(ai) f(ilio) Nasoni honoris / et virtutis causa","date_from":null,"date_to":null,"marker_gender":"male","is_individual":false,"edcs_url":"https://edcs.hist.uzh.ch/en/document?edcs-id=EDCS-13302662","persons":[{"nomen":"Iulius","gender":"male","raw_name":"Gaius Iulius Nason","praenomen":"Gaius","cognomen":"Naso","status":"filius Gaii"}]}},{"type":"Feature","geometry":null,"properties":{"edcs_id":"EDCS-13600406","findspot":"Sant'Onofrio","raw_text":"CCLX Titus Annius Titi filius praetor","date_from":null,"date_to":null,"marker_gender":"male","is_individual":true,"edcs_url":"https://edcs.hist.uzh.ch/en/document?edcs-id=EDCS-13600406","persons":[{"nomen":"Annius","gender":"male","raw_name":"T. Annius T. f.","praenomen":"Titus","status":"filius Titi, praetor"}]}},{"type":"Feature","geometry":{"type":"Point","coordinates":[16.6,38.82]},"properties":{"edcs_id":"EDCS-13900339","findspot":"Roccelletta / Scolacium","raw_text":"L(ucius) Decimius Secundio / gradus via s(ua) p(ecunia) f(ecit)","date_from":null,"date_to":null,"marker_gender":"male","is_individual":false,"edcs_url":"https://edcs.hist.uzh.ch/en/document?edcs-id=EDCS-13900339","persons":[{"nomen":"Decimius","gender":"male","raw_name":"L. Decimius Secundio","praenomen":"Lucius","cognomen":"Secundio"}]}},{"type":"Feature","geometry":{"type":"Point","coordinates":[15.01,40.42]},"properties":{"edcs_id":"EDCS-13900340","findspot":"Capaccio / Poseidonia / Paestum","raw_text":"D(is) M(anibus) / Flaviae Alexan/driae coniugi dul/cissimae vixit an/nis XXX T(itus) Riari/us Marcellinus / eques sing(ularis) / b(ene) m(erenti) f(ecit)","date_from":151,"date_to":230,"marker_gender":"mixed","is_individual":false,"edcs_url":"https://edcs.hist.uzh.ch/en/document?edcs-id=EDCS-13900340","persons":[{"nomen":"Flavia","gender":"female","raw_name":"Flaviae Alexandriae","cognomen":"Alexandria","status":"uxor"},{"nomen":"Riarius","gender":"male","raw_name":"T. Riarius Marcellinus","praenomen":"Titus","cognomen":"Marcellinus","status":"eques singularis, bene merens"}]}},{"type":"Feature","geometry":{"type":"Point","coordinates":[16.14,40.62]},"properties":{"edcs_id":"EDCS-13900589","findspot":"Tricarico / Potentia","raw_text":"Ego a<v=B>/us b(ene) m(erenti) / p(osui) Dex/trae / nep(ti) q(uae) / v(ixit) a(nnos) III","date_from":null,"date_to":null,"marker_gender":"female","is_individual":false,"edcs_url":"https://edcs.hist.uzh.ch/en/document?edcs-id=EDCS-13900589","persons":[{"nomen":"","gender":"female","raw_name":"Dextrae","cognomen":"Dextra","status":"neptis"}]}},{"type":"Feature","geometry":{"type":"Point","coordinates":[16.51,38.94]},"properties":{"edcs_id":"EDCS-15100127","findspot":"Tiriolo / Ager Teuranus","raw_text":"[Q(uintus)] Marcius L(uci) f(ilius) S(purius) Postumius L(uci) f(ilius) co(n)s(ules) senatum consoluerunt N(onis) Octob(ribus) apud aedem / Duelonai sc(ribundo) arf(uerunt) M(arcus) Claudi(us) M(arci) f(ilius) L(ucius) Valeri(us) P(ubli) f(ilius) Q(uintus) Minuci(us) C(ai) f(ilius) de Bacanalibus quei foideratei / esent ita exdeicendum censuere neiquis eorum <B=S>acanal habuise velet sei ques / esent quei sibei deicerent necesus ese Bacanal habere eeis utei ad pr(aitorem) urbanum / Romam venirent deque eeis rebus ubei eorum v<e=T>r[b]a audita esent utei senatus / noster decerneret dum ne minus senator(i)bus C adesent (quom e)a res cosoleretur / Bacas vir nequis adiese velet ceivis Romanus neve nominus Latini neve socium / quisquam nisei pr(aitorem) urbanum adiesent isque de senatuos sententiad dum ne / minus senatoribus C adesent quom ea res cosoleretur iousisent censuere / sacerdos nequis vir eset magister neque vir neque mulier quisquam eset / neve pecuniam quisquam eorum comoine[m h]abuise velet neve magistratum / neve pro magistratu<d=O> neque virum [neque mul]ierem qui(s)quam fecise velet / neve post hac inter sed conioura[se nev]e comvovise neve conspondise / neve conpromesise velet neve quisquam fidem inter sed dedise velet / sacra in <o=D>quoltod ne quisquam fecise velet neve in poplicod neve in / preivatod neve exstrad urbem sacra quisquam fecise velet nisei / pr(aitorem) urbanum adieset isque de senatuos sententiad dum ne minus / senatoribus C adesent quom ea res cosoleretur iousisent censuere / homines plous V oinvorsei virei atque mulieres sacra ne quisquam / fecise velet neve inter ibei virei plous duobus mulieribus plous tribus / arfuise velent nisei de pr(aitoris) urbani senatuosque sententiad utei suprad / scriptum est haice utei in coventionid exdeicatis ne minus trinum / noundinum senatuosque sententiam utei scientes esetis eorum / sententia ita fuit sei ques esent quei arvorsum ead fecisent quam suprad / scriptum est eeis rem caputalem faciendam censuere atque utei / hoce in tabolam ahenam inceideretis ita senatus aiquom censuit / uteique eam figier ioubeatis ubei facilumed gnoscier potisit atque / utei ea Bacanalia sei qua sunt exstrad quam sei quid ibei sacri est / ita utei suprad scriptum est in diebus X quibus vobeis tabelai datai / erunt faciatis utei dismota sient in agro Teurano","date_from":186,"date_to":186,"marker_gender":"male","is_individual":true,"edcs_url":"https://edcs.hist.uzh.ch/en/document?edcs-id=EDCS-15100127","persons":[{"nomen":"Marcius","gender":"male","raw_name":"Q(uintus) Marcius L(uci) f(ilius)","praenomen":"Quintus","status":"filius Lucii, consul"},{"nomen":"Postumius","gender":"male","raw_name":"S(purius) Postumius L(uci) f(ilius)","praenomen":"Spurius","status":"filius Lucii, consul"},{"nomen":"Claudius","gender":"male","raw_name":"M(arcus) Claudi(us) M(arci) f(ilius)","praenomen":"Marcus","status":"filius Marci"},{"nomen":"Valerius","gender":"male","raw_name":"L(ucius) Valeri(us) P(ubli) f(ilius)","praenomen":"Lucius","status":"filius Publii"},{"nomen":"Minucius","gender":"male","raw_name":"Q(uintus) Minuci(us) C(ai) f(ilius)","praenomen":"Quintus","status":"filius Caii"}]}},{"type":"Feature","geometry":{"type":"Point","coordinates":[17.05,39.27]},"properties":{"edcs_id":"EDCS-15700022","findspot":"Strongoli / Petelia","raw_text":"Sex(tus) Caedicius Sex(ti) f(ilius) / A(ulus) Herius L(uci) f(ilius) IIIIvir(i) / quinquen(nales) / Iovi O(ptimo) M(aximo) d(e) s(enatus) s(ententia) f(aciundum) c(uraverunt) / i(demque) p(robaverunt)","date_from":null,"date_to":null,"marker_gender":"male","is_individual":false,"edcs_url":"https://edcs.hist.uzh.ch/en/document?edcs-id=EDCS-15700022","persons":[{"nomen":"Caedicius","gender":"male","raw_name":"Sex(tus) Caedicius","praenomen":"Sextus","status":"IIIIvir quinquennalis"},{"nomen":"Herius","gender":"male","raw_name":"A(ulus) Herius","praenomen":"Aulus","status":"IIIIvir quinquennalis"}]}},{"type":"Feature","geometry":{"type":"Point","coordinates":[15.0,40.42]},"properties":{"edcs_id":"EDCS-16000290","findspot":"Capaccio / Poseidonia / Paestum","raw_text":"M(arco) Tullio Primi/genio <V=B>enneiani / Laurentis / Lavinatis / lib(erto) Augustali / homini probissimo / summa rudi suo / studiosi iu<v=B>enes ob plu/rima ac maxima beneficia / eius in se conlata / l(ocus) d(atus) d(ecreto) d(ecurionum) // Dedic(ata) VI Kal(endas) April(es) / Imp(eratore) Philippo et / Titiano co(n)s(ulibus) / cur(ante) L(ucio) Digitio / Celado","date_from":245,"date_to":245,"marker_gender":"male","is_individual":false,"edcs_url":"https://edcs.hist.uzh.ch/en/document?edcs-id=EDCS-16000290","persons":[{"nomen":"Tullius","gender":"male","raw_name":"M. Tullio Primigenio Venneiani","praenomen":"Marcus","cognomen":"Primigenius","status":"libertus, Augustalis, Venneianus","cluster_id":246,"cluster_size":2},{"nomen":"Digitius","gender":"male","raw_name":"L. Digitio Celado","praenomen":"Lucius","cognomen":"Celadus","status":"curator"}]}},{"type":"Feature","geometry":{"type":"Point","coordinates":[15.0,40.42]},"properties":{"edcs_id":"EDCS-16000291","findspot":"Capaccio / Poseidonia / Paestum","raw_text":"M(arcus) Tullius Cicero Venne/ianus IIvir q(uin)q(uennalis) p(atronus) c(oloniae) balneas / no<v=B>as a solo sua pecunia extru/xit et dedicavit M(arcus) Tullius Cice/ro Venneianus filius balneas eas/dem vi ignis multifaria corruptas / sua pecunia restituit curantibus / Tulliis Primigenio et Nedymo et / contutoribus eorum et inco/lumes ad usum civium rei pu/blicae tradidit","date_from":231,"date_to":260,"marker_gender":"male","is_individual":false,"edcs_url":"https://edcs.hist.uzh.ch/en/document?edcs-id=EDCS-16000291","persons":[{"nomen":"Tullius","gender":"male","raw_name":"M. Tullius Cicero Venneianus","praenomen":"Marcus","cognomen":"Cicero Venneianus","status":"duovir quinquennalis, patronus coloniae","cluster_id":219,"cluster_size":5},{"nomen":"Tullius","gender":"male","raw_name":"M. Tullius Cicero Venneianus filius","praenomen":"Marcus","cognomen":"Cicero Venneianus","status":"filius","cluster_id":219,"cluster_size":5},{"nomen":"Tullius","gender":"male","raw_name":"Tullius Primigenius","cognomen":"Primigenius","cluster_id":246,"cluster_size":2},{"nomen":"Tullius","gender":"male","raw_name":"Tullius Nedymus","cognomen":"Nedymus"}]}},{"type":"Feature","geometry":{"type":"Point","coordinates":[17.13,39.08]},"properties":{"edcs_id":"EDCS-16100247","findspot":"Crotone / Croton","raw_text":"Q(uinto) Maec[io] / Valenti[no] / Salonitano / Felix amico bene mere[nti]","date_from":null,"date_to":null,"marker_gender":"male","is_individual":false,"edcs_url":"https://edcs.hist.uzh.ch/en/document?edcs-id=EDCS-16100247","persons":[{"nomen":"Maecius","gender":"male","raw_name":"Q(uinto) Maec[io] Valenti[no] Salonitano","praenomen":"Quintus","cognomen":"Valentinus","status":"Salonitanus"},{"nomen":"","gender":"male","raw_name":"Felix","cognomen":"Felix"}]}},{"type":"Feature","geometry":{"type":"Point","coordinates":[15.87,38.39]},"properties":{"edcs_id":"EDCS-16100248","findspot":"Taureana di Palmi / Taureana / Taurianum","raw_text":"D(is) M(anibus) / Hedistes vix(it) an(nos) / XIII m(enses) V / Bithus et Successa paren/tes fil(iae) piissimae posue/runt provinciale[s] contubern(ali) carissim(ae) / faciund(um) curaver(unt)","date_from":null,"date_to":null,"marker_gender":"mixed","is_individual":false,"edcs_url":"https://edcs.hist.uzh.ch/en/document?edcs-id=EDCS-16100248","persons":[{"nomen":"","gender":"female","raw_name":"Hedistes","cognomen":"Hediste"},{"nomen":"","gender":"male","raw_name":"Bithus","cognomen":"Bithus","status":"pater"},{"nomen":"","gender":"female","raw_name":"Successa","cognomen":"Successa","status":"mater"}]}},{"type":"Feature","geometry":{"type":"Point","coordinates":[17.13,39.08]},"properties":{"edcs_id":"EDCS-16201155","findspot":"Crotone / Croton","raw_text":"[3]LB se COML Severo et Vi/ctorino co(n)s(ulibus) off(icina) Com(m)odiana / caes(ura) Iuli Gayri sub cura [ // ]GRES[3] / [3] Aug(usti?) Ger[3] / [3]tor Iulii / Gayri [3] / [3]OPH[3] / [3]E Epictet[3]","date_from":200,"date_to":200,"marker_gender":"male","is_individual":false,"edcs_url":"https://edcs.hist.uzh.ch/en/document?edcs-id=EDCS-16201155","persons":[{"nomen":"Iulius","gender":"male","raw_name":"Iuli Gayri","cognomen":"Gayrus","cluster_id":354,"cluster_size":2},{"nomen":"Iulius","gender":"male","raw_name":"Iulii Gayri","cognomen":"Gayrus","cluster_id":354,"cluster_size":2},{"nomen":"","gender":"male","raw_name":"Epictet[3]","cognomen":"Epictetus"}]}},{"type":"Feature","geometry":{"type":"Point","coordinates":[17.13,39.08]},"properties":{"edcs_id":"EDCS-16300245","findspot":"Crotone / Croton","raw_text":"Amethusi(!) / Caes(aris) n(ostri) ser(vus) / item colonus / vixit ann(os) [L]II m(enses) II / Olimpias cum filio / coniugi b(ene) m(erenti) f(ecit) / h(ic) s(itus) e(st)","date_from":null,"date_to":null,"marker_gender":"mixed","is_individual":false,"edcs_url":"https://edcs.hist.uzh.ch/en/document?edcs-id=EDCS-16300245","persons":[{"nomen":"","gender":"male","raw_name":"Amethusi","cognomen":"Amethusus","status":"servus Caesaris, colonus"},{"nomen":"","gender":"female","raw_name":"Olimpias","cognomen":"Olympias"}]}},{"type":"Feature","geometry":{"type":"Point","coordinates":[16.26,38.24]},"properties":{"edcs_id":"EDCS-16300246","findspot":"Locri / Locri Epizephyrii","raw_text":"D(is) M(anibus) / Lesb(ius) Corne/lius Sita IIII/vir a(edilicia) p(otestate) IIIIv(ir) / i(ure) d(icundo) q(uaestor) p(ecuniae) p(ublicae) vix(it) / ann(os) XXXII d(ies) XVII / parent(es) filio / pientissimo f(ecerunt)","date_from":101,"date_to":200,"marker_gender":"male","is_individual":false,"edcs_url":"https://edcs.hist.uzh.ch/en/document?edcs-id=EDCS-16300246","persons":[{"nomen":"Cornelius","gender":"male","raw_name":"Lesbius Cornelius","cognomen":"Lesbius","status":"quattuorvir aedilicia potestate, quattuorvir iure dicundo, quaestor pecuniae publicae"}]}},{"type":"Feature","geometry":{"type":"Point","coordinates":[17.13,39.08]},"properties":{"edcs_id":"EDCS-16300403","findspot":"Crotone / Croton","raw_text":"Loc(o) II / b(racchi?) II COM() I / Severo et Victo/rino co(n)ss(ulibus) / [caesura(?)] Modi Anac(reontis?) / [sub cura(?)] Iuli Q[u]a[drati]","date_from":200,"date_to":200,"marker_gender":"male","is_individual":false,"edcs_url":"https://edcs.hist.uzh.ch/en/document?edcs-id=EDCS-16300403","persons":[{"nomen":"","gender":"male","raw_name":"Modi","cognomen":"Modius"},{"nomen":"Iulius","gender":"male","raw_name":"Iuli Q[u]a[drati]","cognomen":"Quadratus"}]}},{"type":"Feature","geometry":{"type":"Point","coordinates":[16.26,38.24]},"properties":{"edcs_id":"EDCS-16400336","findspot":"Locri / Locri Epizephyrii","raw_text":"C(ai) Flavii / Corinthi","date_from":1,"date_to":100,"marker_gender":"male","is_individual":false,"edcs_url":"https://edcs.hist.uzh.ch/en/document?edcs-id=EDCS-16400336","persons":[{"nomen":"Flavius","gender":"male","raw_name":"C. Flavii Corinthi","praenomen":"Gaius","cognomen":"Corinthus"}]}},{"type":"Feature","geometry":{"type":"Point","coordinates":[16.26,38.24]},"properties":{"edcs_id":"EDCS-16400337","findspot":"Locri / Locri Epizephyrii","raw_text":"Q(uinti) Ambivi / Firmi","date_from":51,"date_to":200,"marker_gender":"male","is_individual":false,"edcs_url":"https://edcs.hist.uzh.ch/en/document?edcs-id=EDCS-16400337","persons":[{"nomen":"Ambivius","gender":"male","raw_name":"Q. Ambivi Firmi","praenomen":"Quintus","cognomen":"Firmus"}]}},{"type":"Feature","geometry":{"type":"Point","coordinates":[15.9,40.34]},"properties":{"edcs_id":"EDCS-16800413","findspot":"Viggiano","raw_text":"[P(ublius)] Titius P(ubli) l(ibertus) Nicephor / mag(ister) Merc(urialis) Aug(ustalis) sibi et / M(arco) Picacilio |(mulieris) l(iberto) Philargy[ro] / mag(istro) Merc(uriali) Aug(ustali) et / Titiae P(ubli) l(ibertae) Philemationi matr[i]","date_from":null,"date_to":null,"marker_gender":"mixed","is_individual":false,"edcs_url":"https://edcs.hist.uzh.ch/en/document?edcs-id=EDCS-16800413","persons":[{"nomen":"Titius","gender":"male","raw_name":"P(ublius) Titius P(ubli) l(ibertus) Nicephor","praenomen":"Publius","cognomen":"Nicephor","status":"libertus Publii, magister Mercurialis, Augustalis"},{"nomen":"Picacilius","gender":"male","raw_name":"M(arco) Picacilio |(mulieris) l(iberto) Philargy[ro]","praenomen":"Marcus","cognomen":"Philargyrus","status":"libertus mulieris, magister Mercurialis, Augustalis"},{"nomen":"Titia","gender":"female","raw_name":"Titiae P(ubli) l(ibertae) Philemationi","cognomen":"Philemation","status":"liberta Publii, mater"}]}},{"type":"Feature","geometry":{"type":"Point","coordinates":[17.05,39.27]},"properties":{"edcs_id":"EDCS-17100222","findspot":"Strongoli / Petelia","raw_text":"M(anio) Maegonio M(ani) f(ilio) / M(ani) n(epoti) M(ani) pron(epoti) Cor(nelia) / Leoni / aed(ili) IIIIvir(o) leg(e) Cor(nelia) / q(uaestori) p(ecuniae) p(ublicae) patrono mu/nicipii IIIIvir(o) q(uin)q(uennali) / decuriones Augus/tales populusque / ex aere conlat(o) / ob merita eius // Kaput ex testamento / rei p(ublicae) municipum meorum si mihi statua pedestris / in foro superiore solea lapidea basi marmorea ad exemplum basis / quam mihi Augustales posuerunt prope eam mihi municipes / posuerunt posita fuerit HS C m(ilia) n(ummum) q(uae) eis me vivo pollicitus sum dari volo / ea autem condicione HS C m(ilia) n(ummum) q(uae) s(upra) s(cripta) s(unt) dari volo ut ex usuris semissibus / eius pecuniae omnibus annis die natalis mei qui est X Kal(endas) April(es) / distributio fiat decurionibus epulantibus |(denariorum) CCC deducto ex his / sumptu strationis reliqui inter eos qui praesentes ea hora erunt / dividantur item Augustalibus eadem condicione |(denarios) CL dari volo / et municipibus Petelinis utriusque sexus ex more loci |(denarium) I om/nibus annis dari volo item in cena parentalicia |(denarios) L et hoc / amplius sumptum hostiae prout locatio publica fuerit dari volo / a vobis optimi municipes peto et rogo per salutem sacratissimi principis / Antonini Augusti Pii liberorumque eius hanc voluntatem meam et dis/positionem ratam perpetuamque habeatis totumque hoc caput testamenti mei basi statuae pedestris quam supra a vo(bi)s peti ut mihi po/natis inscribendum curetis quo notius posteris quoque nostris / esse possit vel eis quoque qui munifici erga patriam suam erint admon<e=I>at","date_from":138,"date_to":161,"marker_gender":"male","is_individual":false,"edcs_url":"https://edcs.hist.uzh.ch/en/document?edcs-id=EDCS-17100222","persons":[{"nomen":"Maegonius","gender":"male","raw_name":"M(anio) Maegonio M(ani) f(ilio) M(ani) n(epoti) M(ani) pron(epoti) Cor(nelia) Leoni","praenomen":"Manius","cognomen":"Leo","status":"filius Manii, nepos Manii, pronepos Manii, tribus Cornelia, aedilis, IIIIvir, quaestor pecuniae publicae, patronus municipii, IIIIvir quinquennalis","cluster_id":759,"cluster_size":5},{"nomen":"","gender":"male","raw_name":"Antonini Augusti Pii","cognomen":"Antoninus","status":"Imperator, Augustus, Pius","is_imperial":true}]}},{"type":"Feature","geometry":{"type":"Point","coordinates":[15.82,40.38]},"properties":{"edcs_id":"EDCS-17600371","findspot":"Marsicovetere","raw_text":"Imp(erator) C(aesar) M(arcus) A[ur(elius) Valerius] / Diocletianus P(ius) / F(elix) Invictus Aug(ustus) / et Imp(erator) C(aesar) M(arcus) A[u]r(elius) / Val(erius) Maximi/anus [P(ius)] F(elix) I[n]v/ictus Aug(ustus) et / Fl(avius) Val(erius) Co/[ns]tantius et / [Galeri]us [Va]/[lerius Maxi]/[mianus] / nobb(ilissimi) C[ae]ss(ares)","date_from":293,"date_to":305,"marker_gender":"male","is_individual":false,"edcs_url":"https://edcs.hist.uzh.ch/en/document?edcs-id=EDCS-17600371","persons":[{"nomen":"Aurelius","gender":"male","raw_name":"Imp. C. M. A[ur. Valerius] Diocletianus","praenomen":"Marcus","cognomen":"Valerius Diocletianus","status":"Imperator Caesar, Pius, Felix, Invictus, Augustus","is_imperial":true,"cluster_id":509,"cluster_size":4,"cluster_confidence":"low"},{"nomen":"Aurelius","gender":"male","raw_name":"Imp. C. M. A[u]r. Val. Maximianus","praenomen":"Marcus","cognomen":"Valerius Maximianus","status":"Imperator Caesar, Pius, Felix, Invictus, Augustus","is_imperial":true,"cluster_id":509,"cluster_size":4,"cluster_confidence":"low"},{"nomen":"Flavius","gender":"male","raw_name":"Fl. Val. Co[ns]tantius","cognomen":"Valerius Constantius","status":"nobilissimus Caesar","is_imperial":true},{"nomen":"Valerius","gender":"male","raw_name":"[Galeri]us [Va]lerius [Maxi]mianus","cognomen":"Maximianus","status":"nobilissimus Caesar","is_imperial":true,"cluster_id":511,"cluster_size":2}]}},{"type":"Feature","geometry":{"type":"Point","coordinates":[15.6,40.4]},"properties":{"edcs_id":"EDCS-17700814","findspot":"Sala Consilina / Cosilinum / Atina","raw_text":"[D]D(ominorum) [n]n(ostrorum) / Constanti/ni Maximi / et Licin(i) / Augg(ustorum) et / beatissimo/rum Caes/arum / b(ono) r(ei) p(ublicae) n(atorum) // [DD(ominis) nn(ostris) Mag]/no Maximo / et [Fl(avio)] Victori A/ugg(ustis) bono / r(ei) p(ublicae) natis","date_from":317,"date_to":388,"marker_gender":"male","is_individual":false,"edcs_url":"https://edcs.hist.uzh.ch/en/document?edcs-id=EDCS-17700814","persons":[{"nomen":"","gender":"male","raw_name":"Constantini Maximi","cognomen":"Constantinus","status":"Maximus, Augustus","is_imperial":true},{"nomen":"","gender":"male","raw_name":"Licin(i)","cognomen":"Licinius","status":"Augustus","is_imperial":true},{"nomen":"","gender":"male","raw_name":"[Mag]no Maximo","cognomen":"Magnus","status":"Maximus, Augustus","is_imperial":true},{"nomen":"Flavius","gender":"male","raw_name":"[Fl(avio)] Victori","cognomen":"Victor","status":"Augustus","is_imperial":true}]}},{"type":"Feature","geometry":{"type":"Point","coordinates":[16.6,38.82]},"properties":{"edcs_id":"EDCS-19800061","findspot":"Roccelletta / Scolacium","raw_text":"Ofonia Primi/<g=C>enia v(ixit) a(nnos) LX / f(ecit) v(ivus) / Tureius Sal/vius v(ixit) a(nnos) CXIV","date_from":101,"date_to":250,"marker_gender":"mixed","is_individual":false,"edcs_url":"https://edcs.hist.uzh.ch/en/document?edcs-id=EDCS-19800061","persons":[{"nomen":"Ofonia","gender":"female","raw_name":"Ofonia Primigenia","cognomen":"Primigenia"},{"nomen":"","gender":"male","raw_name":"Tureius Salvius","cognomen":"Tureius"}]}},{"type":"Feature","geometry":{"type":"Point","coordinates":[15.0,40.42]},"properties":{"edcs_id":"EDCS-19800153","findspot":"Capaccio / Poseidonia / Paestum","raw_text":"K(aeso) Atilio(s)","date_from":null,"date_to":null,"marker_gender":"male","is_individual":false,"edcs_url":"https://edcs.hist.uzh.ch/en/document?edcs-id=EDCS-19800153","persons":[{"nomen":"Atilius","gender":"male","raw_name":"K(aeso) Atilio(s)","praenomen":"Kaeso"}]}},{"type":"Feature","geometry":{"type":"Point","coordinates":[15.5,40.52]},"properties":{"edcs_id":"EDCS-20100263","findspot":"Polla / Forum Popilii","raw_text":"C(aius) Sempronius Ti(beri) f(ilius) / Ap(pius) Claudius C(ai) f(ilius) / P(ublius) Licinius P(ubli) f(ilius) / IIIvir(i) a(gris) i(udicandis) a(dsignandis) / k(ardo) VII","date_from":null,"date_to":null,"marker_gender":"male","is_individual":false,"edcs_url":"https://edcs.hist.uzh.ch/en/document?edcs-id=EDCS-20100263","persons":[{"nomen":"Sempronius","gender":"male","raw_name":"C. Sempronius Ti. f.","praenomen":"Gaius","status":"filius Tiberii, IIIvir agris iudicandis adsignandis"},{"nomen":"Claudius","gender":"male","raw_name":"Ap. Claudius C. f.","praenomen":"Appius","status":"filius Gaii, IIIvir agris iudicandis adsignandis"},{"nomen":"Licinius","gender":"male","raw_name":"P. Licinius P. f.","praenomen":"Publius","status":"filius Publii, IIIvir agris iudicandis adsignandis"}]}},{"type":"Feature","geometry":{"type":"Point","coordinates":[17.05,39.26]},"properties":{"edcs_id":"EDCS-20401457","findspot":"Strongoli / Petelia","raw_text":"D(is) M(anibus) [s(acrum)] / T(ito) Bathil[i]o Me/trobio Vibia / Heuresis fecit / coniugi meren/tissimo vixit / annis XXXVII","date_from":101,"date_to":200,"marker_gender":"mixed","is_individual":false,"edcs_url":"https://edcs.hist.uzh.ch/en/document?edcs-id=EDCS-20401457","persons":[{"nomen":"Bathilius","gender":"male","raw_name":"T(ito) Bathil[i]o Metrobio","praenomen":"Titus","cognomen":"Metrobius","status":"coniunx"},{"nomen":"Vibia","gender":"female","raw_name":"Vibia Heuresis","cognomen":"Heuresis"}]}},{"type":"Feature","geometry":{"type":"Point","coordinates":[16.95,39.5]},"properties":{"edcs_id":"EDCS-20401458","findspot":"Cariati","raw_text":"M(ani) Meconi","date_from":1,"date_to":150,"marker_gender":"male","is_individual":true,"edcs_url":"https://edcs.hist.uzh.ch/en/document?edcs-id=EDCS-20401458","persons":[{"nomen":"Meconius","gender":"male","raw_name":"M(ani) Meconi","praenomen":"Manius"}]}},{"type":"Feature","geometry":{"type":"Point","coordinates":[16.42,39.38]},"properties":{"edcs_id":"EDCS-21800408","findspot":"Salerni","raw_text":"Imp(erator) Caesar / M(arcus) Antonius Gor/dianus Pius Felix / Aug(ustus) pontif(ex) maxi/mu[s] trib(unicia) potest(ate) V co(n)s(ul) II / [p(ater)] p(atriae) proco(n)s(ul) viam / quae a Nuceriam Saler/[num] usque porrigitur / [di]utina incuria pror/[sus] [c]orruptam provi/[d]entia sua reddito or/dinario vectigali tute/[lae] eius restituit / II // Clau(dio) Iulia/no Pio Fe/lici sem/per Aug/usto / b(ono) r(ei) / [p]ublic(ae) nat(o)","date_from":242,"date_to":363,"marker_gender":"male","is_individual":true,"edcs_url":"https://edcs.hist.uzh.ch/en/document?edcs-id=EDCS-21800408","persons":[{"nomen":"Antonius","gender":"male","raw_name":"Imp(erator) Caesar M(arcus) Antonius Gor dianus","praenomen":"Marcus","cognomen":"Gordianus","status":"Imperator Caesar, Pius, Felix, Augustus, pontifex maximus, tribunicia potestate V, consul II, pater patriae, proconsul","is_imperial":true},{"nomen":"Claudius","gender":"male","raw_name":"Clau(dio) Iulia no","cognomen":"Iulianus","status":"Pius, Felix, semper Augustus, bonus rei publicae natus","is_imperial":true}]}},{"type":"Feature","geometry":{"type":"Point","coordinates":[15.64,38.1]},"properties":{"edcs_id":"EDCS-21800409","findspot":"Reggio di Calabria / Reggio Calabria / Regium Iulium","raw_text":"[Imp(erator) C]aes(ar) M(arcus) Aur(elius) / [Va]l(erius) Maxentius / [P(ius) F(elix)] / Invictus / ac perpetuus semper / Augustus / m(ilia) p(assuum) VI // B(ono) r(ei) p(ublicae) n/atus","date_from":306,"date_to":312,"marker_gender":"male","is_individual":false,"edcs_url":"https://edcs.hist.uzh.ch/en/document?edcs-id=EDCS-21800409","persons":[{"nomen":"Aurelius Valerius","gender":"male","raw_name":"[Imp(erator) C]aes(ar) M(arcus) Aur(elius) [Va]l(erius) Maxentius [P(ius) F(elix)] Invictus","praenomen":"Marcus","cognomen":"Maxentius","status":"Imperator, Caesar, Pius, Felix, Invictus, Augustus","is_imperial":true}]}},{"type":"Feature","geometry":{"type":"Point","coordinates":[15.64,38.1]},"properties":{"edcs_id":"EDCS-21800411","findspot":"Reggio di Calabria / Reggio Calabria / Regium Iulium","raw_text":"[Bono rei p(ublicae)] natis / dd(ominis) nn(ostris) / [V]alentiniano / et Valenti / Aa(uu)gg(ustis)","date_from":null,"date_to":null,"marker_gender":"male","is_individual":false,"edcs_url":"https://edcs.hist.uzh.ch/en/document?edcs-id=EDCS-21800411","persons":[{"nomen":"","gender":"male","raw_name":"[V]alentiniano","cognomen":"Valentinianus","status":"Dominus noster, Augustus","is_imperial":true,"cluster_id":1509,"cluster_size":2,"cluster_confidence":"low"},{"nomen":"","gender":"male","raw_name":"Valenti","cognomen":"Valens","status":"Dominus noster, Augustus","is_imperial":true,"cluster_id":1510,"cluster_size":2,"cluster_confidence":"low"}]}},{"type":"Feature","geometry":{"type":"Point","coordinates":[15.0,40.42]},"properties":{"edcs_id":"EDCS-21900272","findspot":"Capaccio / Poseidonia / Paestum","raw_text":"D(is) M(anibus) / Trypho / et / Mercurius / Ireneni / mammae / suae fecer(unt)","date_from":null,"date_to":null,"marker_gender":"mixed","is_individual":false,"edcs_url":"https://edcs.hist.uzh.ch/en/document?edcs-id=EDCS-21900272","persons":[{"nomen":"","gender":"male","raw_name":"Trypho","cognomen":"Trypho"},{"nomen":"","gender":"male","raw_name":"Mercurius","cognomen":"Mercurius","is_deity":true,"cluster_confidence":"excluded"},{"nomen":"","gender":"female","raw_name":"Ireneni","cognomen":"Irenis","status":"mamma"}]}},{"type":"Feature","geometry":{"type":"Point","coordinates":[15.0,40.42]},"properties":{"edcs_id":"EDCS-21900273","findspot":"Capaccio / Poseidonia / Paestum","raw_text":"D(is) M(anibus) / Ti(beri) Claudi Africani / vixit ann(os) V / mens(es) VIII d(ies) XXV / Claudia Laetina / fecit lib(erto) b(ene) m(erenti)","date_from":null,"date_to":null,"marker_gender":"mixed","is_individual":false,"edcs_url":"https://edcs.hist.uzh.ch/en/document?edcs-id=EDCS-21900273","persons":[{"nomen":"Claudius","gender":"male","raw_name":"Ti. Claudi Africani","praenomen":"Tiberius","cognomen":"Africanus"},{"nomen":"Claudia","gender":"female","raw_name":"Claudia Laetina","cognomen":"Laetina"}]}},{"type":"Feature","geometry":{"type":"Point","coordinates":[15.0,40.42]},"properties":{"edcs_id":"EDCS-21900274","findspot":"Capaccio / Poseidonia / Paestum","raw_text":"D(is) M(anibus) / Hel{a}en(a)es(!) / a(nnorum) III m(ensium) VI / Hermes / pater fil(iae) / dulcissimae et / Ampeledi / coniugi / carissimae / b(ene) m(erentibus) fec(it)","date_from":null,"date_to":null,"marker_gender":"mixed","is_individual":false,"edcs_url":"https://edcs.hist.uzh.ch/en/document?edcs-id=EDCS-21900274","persons":[{"nomen":"","gender":"female","raw_name":"Helena","cognomen":"Helena"},{"nomen":"","gender":"male","raw_name":"Hermes","cognomen":"Hermes","status":"pater"},{"nomen":"","gender":"female","raw_name":"Ampeledi","cognomen":"Ampelis","status":"coniunx, carissima"}]}},{"type":"Feature","geometry":{"type":"Point","coordinates":[15.94,38.55]},"properties":{"edcs_id":"EDCS-22500818","findspot":"Nicotera","raw_text":"Lepidaes(!) / M(arci) Silani","date_from":null,"date_to":null,"marker_gender":"mixed","is_individual":false,"edcs_url":"https://edcs.hist.uzh.ch/en/document?edcs-id=EDCS-22500818","persons":[{"nomen":"","gender":"female","raw_name":"Lepidaes","cognomen":"Lepida","cluster_id":1324,"cluster_size":2,"cluster_confidence":"low"},{"nomen":"","gender":"male","raw_name":"M. Silani","praenomen":"Marcus","cognomen":"Silanus"}]}},{"type":"Feature","geometry":{"type":"Point","coordinates":[15.94,38.55]},"properties":{"edcs_id":"EDCS-22500819","findspot":"Nicotera","raw_text":"C(ai) L(uci) Caesarum","date_from":-17,"date_to":2,"marker_gender":"male","is_individual":false,"edcs_url":"https://edcs.hist.uzh.ch/en/document?edcs-id=EDCS-22500819","persons":[{"nomen":"","gender":"male","raw_name":"C(ai) Caesar","praenomen":"Gaius","cognomen":"Caesar"},{"nomen":"","gender":"male","raw_name":"L(uci) Caesar","praenomen":"Lucius","cognomen":"Caesar"}]}},{"type":"Feature","geometry":{"type":"Point","coordinates":[15.94,38.55]},"properties":{"edcs_id":"EDCS-22500820","findspot":"Nicotera","raw_text":"Lepidae","date_from":null,"date_to":null,"marker_gender":"female","is_individual":false,"edcs_url":"https://edcs.hist.uzh.ch/en/document?edcs-id=EDCS-22500820","persons":[{"nomen":"","gender":"female","raw_name":"Lepidae","cognomen":"Lepida","cluster_id":1324,"cluster_size":2,"cluster_confidence":"low"}]}},{"type":"Feature","geometry":null,"properties":{"edcs_id":"EDCS-22500821","findspot":"Pizzo / Annicia","raw_text":"Regnante domino nostro Theoderico bono Romae","date_from":null,"date_to":null,"marker_gender":"male","is_individual":true,"edcs_url":"https://edcs.hist.uzh.ch/en/document?edcs-id=EDCS-22500821","persons":[{"nomen":"","gender":"male","raw_name":"Theoderico","cognomen":"Theodoricus","status":"dominus, rex","cluster_id":1390,"cluster_size":2,"cluster_confidence":"low"}]}},{"type":"Feature","geometry":{"type":"Point","coordinates":[16.1,38.68]},"properties":{"edcs_id":"EDCS-22500825","findspot":"Vibo Valentia / Monteleone Calabro / Hipponium","raw_text":"C(ai) L(uci) Caesar(um)","date_from":-17,"date_to":2,"marker_gender":"male","is_individual":false,"edcs_url":"https://edcs.hist.uzh.ch/en/document?edcs-id=EDCS-22500825","persons":[{"nomen":"","gender":"male","raw_name":"C(ai) Caesar(um)","praenomen":"Gaius","cognomen":"Caesar"},{"nomen":"","gender":"male","raw_name":"L(uci) Caesar(um)","praenomen":"Lucius","cognomen":"Caesar"}]}},{"type":"Feature","geometry":{"type":"Point","coordinates":[16.1,38.68]},"properties":{"edcs_id":"EDCS-22500828","findspot":"Vibo Valentia / Monteleone Calabro / Hipponium","raw_text":"Aristotel(is) SC[","date_from":null,"date_to":null,"marker_gender":"male","is_individual":false,"edcs_url":"https://edcs.hist.uzh.ch/en/document?edcs-id=EDCS-22500828","persons":[{"nomen":"","gender":"male","raw_name":"Aristotel(is)","cognomen":"Aristoteles"}]}},{"type":"Feature","geometry":{"type":"Point","coordinates":[16.1,38.68]},"properties":{"edcs_id":"EDCS-22500829","findspot":"Vibo Valentia / Monteleone Calabro / Hipponium","raw_text":"A(ulus) Aulius","date_from":null,"date_to":null,"marker_gender":"male","is_individual":false,"edcs_url":"https://edcs.hist.uzh.ch/en/document?edcs-id=EDCS-22500829","persons":[{"nomen":"Aulius","gender":"male","raw_name":"A(ulus) Aulius","praenomen":"Aulus"}]}},{"type":"Feature","geometry":{"type":"Point","coordinates":[16.1,38.68]},"properties":{"edcs_id":"EDCS-22500831","findspot":"Vibo Valentia / Monteleone Calabro / Hipponium","raw_text":"N(umeri) C() Marcian()","date_from":null,"date_to":null,"marker_gender":"male","is_individual":false,"edcs_url":"https://edcs.hist.uzh.ch/en/document?edcs-id=EDCS-22500831","persons":[{"nomen":"","gender":"male","raw_name":"N(umeri) C() Marcian()","praenomen":"Numerius","cognomen":"Marcianus","cluster_id":1848,"cluster_size":2,"cluster_confidence":"low"}]}},{"type":"Feature","geometry":{"type":"Point","coordinates":[16.1,38.68]},"properties":{"edcs_id":"EDCS-22500833","findspot":"Vibo Valentia / Monteleone Calabro / Hipponium","raw_text":"M(arci) Cam(i)l(i) Vit(alis)","date_from":null,"date_to":null,"marker_gender":"male","is_individual":false,"edcs_url":"https://edcs.hist.uzh.ch/en/document?edcs-id=EDCS-22500833","persons":[{"nomen":"Camillus","gender":"male","raw_name":"M(arci) Cam(i)l(i) Vit(alis)","praenomen":"Marcus","cognomen":"Vitalis"}]}},{"type":"Feature","geometry":{"type":"Point","coordinates":[16.1,38.68]},"properties":{"edcs_id":"EDCS-22500834","findspot":"Vibo Valentia / Monteleone Calabro / Hipponium","raw_text":"Celer","date_from":null,"date_to":null,"marker_gender":"male","is_individual":false,"edcs_url":"https://edcs.hist.uzh.ch/en/document?edcs-id=EDCS-22500834","persons":[{"nomen":"","gender":"male","raw_name":"Celer","cognomen":"Celer"}]}},{"type":"Feature","geometry":{"type":"Point","coordinates":[16.1,38.68]},"properties":{"edcs_id":"EDCS-22500836","findspot":"Vibo Valentia / Monteleone Calabro / Hipponium","raw_text":"Epaphrae","date_from":null,"date_to":null,"marker_gender":"male","is_individual":false,"edcs_url":"https://edcs.hist.uzh.ch/en/document?edcs-id=EDCS-22500836","persons":[{"nomen":"","gender":"male","raw_name":"Epaphrae","cognomen":"Epaphras"}]}},{"type":"Feature","geometry":{"type":"Point","coordinates":[16.1,38.68]},"properties":{"edcs_id":"EDCS-22500837","findspot":"Vibo Valentia / Monteleone Calabro / Hipponium","raw_text":"Faustus / T(iti) Noni","date_from":null,"date_to":null,"marker_gender":"male","is_individual":false,"edcs_url":"https://edcs.hist.uzh.ch/en/document?edcs-id=EDCS-22500837","persons":[{"nomen":"","gender":"male","raw_name":"Faustus","cognomen":"Faustus"},{"nomen":"Nonius","gender":"male","raw_name":"T(iti) Noni","praenomen":"Titus"}]}},{"type":"Feature","geometry":{"type":"Point","coordinates":[16.1,38.68]},"properties":{"edcs_id":"EDCS-22500839","findspot":"Vibo Valentia / Monteleone Calabro / Hipponium","raw_text":"Felix L(uci) Titi","date_from":null,"date_to":null,"marker_gender":"male","is_individual":false,"edcs_url":"https://edcs.hist.uzh.ch/en/document?edcs-id=EDCS-22500839","persons":[{"nomen":"","gender":"male","raw_name":"Felix","cognomen":"Felix","cluster_id":1871,"cluster_size":2,"cluster_confidence":"low"},{"nomen":"Titius","gender":"male","raw_name":"L(uci) Titi","praenomen":"Lucius"}]}},{"type":"Feature","geometry":{"type":"Point","coordinates":[16.1,38.68]},"properties":{"edcs_id":"EDCS-22500840","findspot":"Vibo Valentia / Monteleone Calabro / Hipponium","raw_text":"Hermeisci","date_from":null,"date_to":null,"marker_gender":"male","is_individual":false,"edcs_url":"https://edcs.hist.uzh.ch/en/document?edcs-id=EDCS-22500840","persons":[{"nomen":"","gender":"male","raw_name":"Hermeisci","cognomen":"Hermeiscus"}]}},{"type":"Feature","geometry":{"type":"Point","coordinates":[16.1,38.68]},"properties":{"edcs_id":"EDCS-22500841","findspot":"Vibo Valentia / Monteleone Calabro / Hipponium","raw_text":"C(ai) Iuli Brundis","date_from":null,"date_to":null,"marker_gender":"male","is_individual":false,"edcs_url":"https://edcs.hist.uzh.ch/en/document?edcs-id=EDCS-22500841","persons":[{"nomen":"Iulius","gender":"male","raw_name":"C(ai) Iuli Brundis","praenomen":"Gaius","cognomen":"Brundisinus"}]}},{"type":"Feature","geometry":{"type":"Point","coordinates":[16.1,38.68]},"properties":{"edcs_id":"EDCS-22500842","findspot":"Vibo Valentia / Monteleone Calabro / Hipponium","raw_text":"Q(uintus) Laronius co(n)s(ul) imp(erator) iter(um)","date_from":-33,"date_to":-33,"marker_gender":"male","is_individual":false,"edcs_url":"https://edcs.hist.uzh.ch/en/document?edcs-id=EDCS-22500842","persons":[{"nomen":"Laronius","gender":"male","raw_name":"Q(uintus) Laronius","praenomen":"Quintus","status":"consul, imperator iterum","is_imperial":true}]}},{"type":"Feature","geometry":{"type":"Point","coordinates":[16.1,38.68]},"properties":{"edcs_id":"EDCS-22500843","findspot":"Vibo Valentia / Monteleone Calabro / Hipponium","raw_text":"Lepidae","date_from":null,"date_to":null,"marker_gender":"female","is_individual":false,"edcs_url":"https://edcs.hist.uzh.ch/en/document?edcs-id=EDCS-22500843","persons":[{"nomen":"","gender":"female","raw_name":"Lepidae","cognomen":"Lepida","cluster_id":1873,"cluster_size":3,"cluster_confidence":"low"}]}},{"type":"Feature","geometry":{"type":"Point","coordinates":[16.1,38.68]},"properties":{"edcs_id":"EDCS-22500844","findspot":"Vibo Valentia / Monteleone Calabro / Hipponium","raw_text":"Lepidaes(!) et / Agrippinaes(!)","date_from":null,"date_to":null,"marker_gender":"female","is_individual":false,"edcs_url":"https://edcs.hist.uzh.ch/en/document?edcs-id=EDCS-22500844","persons":[{"nomen":"","gender":"female","raw_name":"Lepidaes","cognomen":"Lepida","cluster_id":1873,"cluster_size":3,"cluster_confidence":"low"},{"nomen":"","gender":"female","raw_name":"Agrippinaes","cognomen":"Agrippina"}]}},{"type":"Feature","geometry":{"type":"Point","coordinates":[16.1,38.68]},"properties":{"edcs_id":"EDCS-22500845","findspot":"Vibo Valentia / Monteleone Calabro / Hipponium","raw_text":"Lepidaes(!) / M(arci) Silani","date_from":null,"date_to":null,"marker_gender":"mixed","is_individual":false,"edcs_url":"https://edcs.hist.uzh.ch/en/document?edcs-id=EDCS-22500845","persons":[{"nomen":"","gender":"female","raw_name":"Lepidaes","cognomen":"Lepida","cluster_id":1873,"cluster_size":3,"cluster_confidence":"low"},{"nomen":"","gender":"male","raw_name":"M(arci) Silani","praenomen":"Marcus","cognomen":"Silanus"}]}},{"type":"Feature","geometry":{"type":"Point","coordinates":[16.1,38.68]},"properties":{"edcs_id":"EDCS-22500846","findspot":"Vibo Valentia / Monteleone Calabro / Hipponium","raw_text":"Marini","date_from":null,"date_to":null,"marker_gender":"male","is_individual":false,"edcs_url":"https://edcs.hist.uzh.ch/en/document?edcs-id=EDCS-22500846","persons":[{"nomen":"","gender":"male","raw_name":"Marini","cognomen":"Marinus"}]}},{"type":"Feature","geometry":{"type":"Point","coordinates":[16.1,38.68]},"properties":{"edcs_id":"EDCS-22500847","findspot":"Vibo Valentia / Monteleone Calabro / Hipponium","raw_text":"Murra","date_from":null,"date_to":null,"marker_gender":"female","is_individual":false,"edcs_url":"https://edcs.hist.uzh.ch/en/document?edcs-id=EDCS-22500847","persons":[{"nomen":"","gender":"female","raw_name":"Murra","cognomen":"Murra"}]}},{"type":"Feature","geometry":{"type":"Point","coordinates":[16.1,38.68]},"properties":{"edcs_id":"EDCS-22500848","findspot":"Vibo Valentia / Monteleone Calabro / Hipponium","raw_text":"Murulli","date_from":null,"date_to":null,"marker_gender":"male","is_individual":false,"edcs_url":"https://edcs.hist.uzh.ch/en/document?edcs-id=EDCS-22500848","persons":[{"nomen":"","gender":"male","raw_name":"Murulli","cognomen":"Murullus"}]}},{"type":"Feature","geometry":{"type":"Point","coordinates":[16.1,38.68]},"properties":{"edcs_id":"EDCS-22500850","findspot":"Vibo Valentia / Monteleone Calabro / Hipponium","raw_text":"Numisi Faus[ti]","date_from":null,"date_to":null,"marker_gender":"male","is_individual":false,"edcs_url":"https://edcs.hist.uzh.ch/en/document?edcs-id=EDCS-22500850","persons":[{"nomen":"Numisius","gender":"male","raw_name":"Numisi Faus[ti]","cognomen":"Faustus","cluster_id":882,"cluster_size":2}]}},{"type":"Feature","geometry":{"type":"Point","coordinates":[16.1,38.68]},"properties":{"edcs_id":"EDCS-22500851","findspot":"Vibo Valentia / Monteleone Calabro / Hipponium","raw_text":"C(ai) Numis(i) / Fausti","date_from":null,"date_to":null,"marker_gender":"male","is_individual":false,"edcs_url":"https://edcs.hist.uzh.ch/en/document?edcs-id=EDCS-22500851","persons":[{"nomen":"Numisius","gender":"male","raw_name":"C(ai) Numis(i) Fausti","praenomen":"Gaius","cognomen":"Faustus","cluster_id":882,"cluster_size":2}]}},{"type":"Feature","geometry":{"type":"Point","coordinates":[16.1,38.68]},"properties":{"edcs_id":"EDCS-22500852","findspot":"Vibo Valentia / Monteleone Calabro / Hipponium","raw_text":"Obora","date_from":null,"date_to":null,"marker_gender":"unknown","is_individual":false,"edcs_url":"https://edcs.hist.uzh.ch/en/document?edcs-id=EDCS-22500852","persons":[{"nomen":"","gender":"unknown","raw_name":"Obora","cognomen":"Obora"}]}},{"type":"Feature","geometry":{"type":"Point","coordinates":[16.1,38.68]},"properties":{"edcs_id":"EDCS-22500853","findspot":"Vibo Valentia / Monteleone Calabro / Hipponium","raw_text":"Oppidi","date_from":null,"date_to":null,"marker_gender":"male","is_individual":false,"edcs_url":"https://edcs.hist.uzh.ch/en/document?edcs-id=EDCS-22500853","persons":[{"nomen":"","gender":"male","raw_name":"Oppidi","cognomen":"Oppidus","cluster_id":1837,"cluster_size":2,"cluster_confidence":"low"}]}},{"type":"Feature","geometry":{"type":"Point","coordinates":[16.1,38.68]},"properties":{"edcs_id":"EDCS-22500854","findspot":"Vibo Valentia / Monteleone Calabro / Hipponium","raw_text":"Oppidi","date_from":null,"date_to":null,"marker_gender":"male","is_individual":false,"edcs_url":"https://edcs.hist.uzh.ch/en/document?edcs-id=EDCS-22500854","persons":[{"nomen":"","gender":"male","raw_name":"Oppidi","cognomen":"Oppidus","cluster_id":1837,"cluster_size":2,"cluster_confidence":"low"}]}},{"type":"Feature","geometry":{"type":"Point","coordinates":[16.1,38.68]},"properties":{"edcs_id":"EDCS-22500855","findspot":"Vibo Valentia / Monteleone Calabro / Hipponium","raw_text":"Orapidi","date_from":null,"date_to":null,"marker_gender":"male","is_individual":false,"edcs_url":"https://edcs.hist.uzh.ch/en/document?edcs-id=EDCS-22500855","persons":[{"nomen":"","gender":"male","raw_name":"Orapidi","cognomen":"Orapidus"}]}},{"type":"Feature","geometry":{"type":"Point","coordinates":[16.1,38.68]},"properties":{"edcs_id":"EDCS-22500857","findspot":"Vibo Valentia / Monteleone Calabro / Hipponium","raw_text":"Pamphil(i) Caere(lli?)","date_from":null,"date_to":null,"marker_gender":"male","is_individual":false,"edcs_url":"https://edcs.hist.uzh.ch/en/document?edcs-id=EDCS-22500857","persons":[{"nomen":"Caerellius","gender":"male","raw_name":"Pamphil(i) Caere(lli?)","cognomen":"Pamphilus"}]}},{"type":"Feature","geometry":{"type":"Point","coordinates":[16.1,38.68]},"properties":{"edcs_id":"EDCS-22500858","findspot":"Vibo Valentia / Monteleone Calabro / Hipponium","raw_text":"Pilomus","date_from":null,"date_to":null,"marker_gender":"male","is_individual":false,"edcs_url":"https://edcs.hist.uzh.ch/en/document?edcs-id=EDCS-22500858","persons":[{"nomen":"","gender":"male","raw_name":"Pilomus","cognomen":"Pilomus"}]}},{"type":"Feature","geometry":{"type":"Point","coordinates":[16.1,38.68]},"properties":{"edcs_id":"EDCS-22500860","findspot":"Vibo Valentia / Monteleone Calabro / Hipponium","raw_text":"Spha(erus?) Non(i) s(ervus?)","date_from":null,"date_to":null,"marker_gender":"male","is_individual":false,"edcs_url":"https://edcs.hist.uzh.ch/en/document?edcs-id=EDCS-22500860","persons":[{"nomen":"Nonius","gender":"male","raw_name":"Spha(erus?) Non(i) s(ervus?)","cognomen":"Sphaerus","status":"servus"}]}},{"type":"Feature","geometry":{"type":"Point","coordinates":[16.1,38.68]},"properties":{"edcs_id":"EDCS-22500863","findspot":"Vibo Valentia / Monteleone Calabro / Hipponium","raw_text":"C(ai) Stai Rufi // Publicus","date_from":null,"date_to":null,"marker_gender":"male","is_individual":false,"edcs_url":"https://edcs.hist.uzh.ch/en/document?edcs-id=EDCS-22500863","persons":[{"nomen":"Staius","gender":"male","raw_name":"C(ai) Stai Rufi","praenomen":"Caius","cognomen":"Rufus"},{"nomen":"","gender":"male","raw_name":"Publicus","cognomen":"Publicus"}]}},{"type":"Feature","geometry":{"type":"Point","coordinates":[16.1,38.68]},"properties":{"edcs_id":"EDCS-22500865","findspot":"Vibo Valentia / Monteleone Calabro / Hipponium","raw_text":"M(arcus) Tucci(us) L(uci) f(ilius) Tro(mentina) / Caponus","date_from":null,"date_to":null,"marker_gender":"male","is_individual":false,"edcs_url":"https://edcs.hist.uzh.ch/en/document?edcs-id=EDCS-22500865","persons":[{"nomen":"Tuccius","gender":"male","raw_name":"M(arcus) Tucci(us) L(uci) f(ilius) Tro(mentina) Caponus","praenomen":"Marcus","cognomen":"Caponus","status":"filius Lucii, tribus Tromentina"}]}},{"type":"Feature","geometry":{"type":"Point","coordinates":[16.1,38.68]},"properties":{"edcs_id":"EDCS-22500867","findspot":"Vibo Valentia / Monteleone Calabro / Hipponium","raw_text":"Vehili","date_from":null,"date_to":null,"marker_gender":"male","is_individual":false,"edcs_url":"https://edcs.hist.uzh.ch/en/document?edcs-id=EDCS-22500867","persons":[{"nomen":"Vehilius","gender":"male","raw_name":"Vehili"}]}},{"type":"Feature","geometry":{"type":"Point","coordinates":[16.1,38.68]},"properties":{"edcs_id":"EDCS-22500868","findspot":"Vibo Valentia / Monteleone Calabro / Hipponium","raw_text":"Veruti","date_from":null,"date_to":null,"marker_gender":"male","is_individual":false,"edcs_url":"https://edcs.hist.uzh.ch/en/document?edcs-id=EDCS-22500868","persons":[{"nomen":"Verutius","gender":"male","raw_name":"Veruti"}]}},{"type":"Feature","geometry":{"type":"Point","coordinates":[16.1,38.68]},"properties":{"edcs_id":"EDCS-22500869","findspot":"Vibo Valentia / Monteleone Calabro / Hipponium","raw_text":"Veruti","date_from":null,"date_to":null,"marker_gender":"male","is_individual":false,"edcs_url":"https://edcs.hist.uzh.ch/en/document?edcs-id=EDCS-22500869","persons":[{"nomen":"Verutius","gender":"male","raw_name":"Veruti"}]}},{"type":"Feature","geometry":{"type":"Point","coordinates":[16.1,38.68]},"properties":{"edcs_id":"EDCS-22500872","findspot":"Vibo Valentia / Monteleone Calabro / Hipponium","raw_text":"Arpano","date_from":null,"date_to":null,"marker_gender":"male","is_individual":false,"edcs_url":"https://edcs.hist.uzh.ch/en/document?edcs-id=EDCS-22500872","persons":[{"nomen":"","gender":"male","raw_name":"Arpano","cognomen":"Arpanus"}]}},{"type":"Feature","geometry":{"type":"Point","coordinates":[16.1,38.68]},"properties":{"edcs_id":"EDCS-22500875","findspot":"Vibo Valentia / Monteleone Calabro / Hipponium","raw_text":"Erilli","date_from":null,"date_to":null,"marker_gender":"male","is_individual":false,"edcs_url":"https://edcs.hist.uzh.ch/en/document?edcs-id=EDCS-22500875","persons":[{"nomen":"Erillius","gender":"male","raw_name":"Erilli"}]}},{"type":"Feature","geometry":{"type":"Point","coordinates":[16.1,38.68]},"properties":{"edcs_id":"EDCS-22500876","findspot":"Vibo Valentia / Monteleone Calabro / Hipponium","raw_text":"Au]gust(i) lib(erti?)","date_from":null,"date_to":null,"marker_gender":"male","is_individual":false,"edcs_url":"https://edcs.hist.uzh.ch/en/document?edcs-id=EDCS-22500876","persons":[{"nomen":"","gender":"male","raw_name":"Au]gust(i) lib(erti?)","cognomen":"Augustus","status":"libertus","is_imperial":true,"cluster_confidence":"excluded"}]}},{"type":"Feature","geometry":{"type":"Point","coordinates":[16.1,38.68]},"properties":{"edcs_id":"EDCS-22500878","findspot":"Vibo Valentia / Monteleone Calabro / Hipponium","raw_text":"Iarsi","date_from":null,"date_to":null,"marker_gender":"male","is_individual":false,"edcs_url":"https://edcs.hist.uzh.ch/en/document?edcs-id=EDCS-22500878","persons":[{"nomen":"","gender":"male","raw_name":"Iarsi","cognomen":"Iarsus"}]}},{"type":"Feature","geometry":{"type":"Point","coordinates":[16.1,38.68]},"properties":{"edcs_id":"EDCS-22500881","findspot":"Vibo Valentia / Monteleone Calabro / Hipponium","raw_text":"L(uci) Ufi","date_from":null,"date_to":null,"marker_gender":"male","is_individual":false,"edcs_url":"https://edcs.hist.uzh.ch/en/document?edcs-id=EDCS-22500881","persons":[{"nomen":"Ufius","gender":"male","raw_name":"L(uci) Ufi","praenomen":"Lucius"}]}},{"type":"Feature","geometry":{"type":"Point","coordinates":[15.06,40.62]},"properties":{"edcs_id":"EDCS-22700443","findspot":"Eboli / Eburum","raw_text":"Lu(c)ipor Ploti","date_from":null,"date_to":null,"marker_gender":"male","is_individual":false,"edcs_url":"https://edcs.hist.uzh.ch/en/document?edcs-id=EDCS-22700443","persons":[{"nomen":"","gender":"male","raw_name":"Lu(c)ipor","cognomen":"Lucipor"},{"nomen":"","gender":"male","raw_name":"Ploti","cognomen":"Plotius"}]}},{"type":"Feature","geometry":{"type":"Point","coordinates":[16.1,38.68]},"properties":{"edcs_id":"EDCS-22900567","findspot":"Vibo Valentia / Monteleone Calabro / Hipponium","raw_text":"Cl(audi?) Am(a)ti(?)","date_from":null,"date_to":null,"marker_gender":"unknown","is_individual":false,"edcs_url":"https://edcs.hist.uzh.ch/en/document?edcs-id=EDCS-22900567","persons":[{"nomen":"Claudius","gender":"unknown","raw_name":"Cl(audi?) Am(a)ti(?)","cognomen":"Amatus"}]}},{"type":"Feature","geometry":{"type":"Point","coordinates":[15.94,38.55]},"properties":{"edcs_id":"EDCS-22900569","findspot":"Nicotera","raw_text":"C(aius) Cor(nelius) Urs(us)","date_from":null,"date_to":null,"marker_gender":"male","is_individual":false,"edcs_url":"https://edcs.hist.uzh.ch/en/document?edcs-id=EDCS-22900569","persons":[{"nomen":"Cornelius","gender":"male","raw_name":"C. Cor. Urs.","praenomen":"Caius","cognomen":"Ursus"}]}},{"type":"Feature","geometry":{"type":"Point","coordinates":[16.27,38.24]},"properties":{"edcs_id":"EDCS-22900585","findspot":"Locri / Locri Epizephyrii","raw_text":"C(ai) Iun(i) Drac(onis)","date_from":null,"date_to":null,"marker_gender":"male","is_individual":false,"edcs_url":"https://edcs.hist.uzh.ch/en/document?edcs-id=EDCS-22900585","persons":[{"nomen":"Iunius","gender":"male","raw_name":"C. Iun(i) Drac(onis)","praenomen":"Gaius","cognomen":"Draco"}]}},{"type":"Feature","geometry":{"type":"Point","coordinates":[17.05,39.27]},"properties":{"edcs_id":"EDCS-22900589","findspot":"Strongoli / Petelia","raw_text":"Fortis","date_from":null,"date_to":null,"marker_gender":"male","is_individual":false,"edcs_url":"https://edcs.hist.uzh.ch/en/document?edcs-id=EDCS-22900589","persons":[{"nomen":"","gender":"male","raw_name":"Fortis","cognomen":"Fortis"}]}},{"type":"Feature","geometry":{"type":"Point","coordinates":[15.66,40.34]},"properties":{"edcs_id":"EDCS-22902069","findspot":"Civita / Cosilinum","raw_text":"C(ai) Cor(neli?) Urs(i)","date_from":null,"date_to":null,"marker_gender":"male","is_individual":false,"edcs_url":"https://edcs.hist.uzh.ch/en/document?edcs-id=EDCS-22902069","persons":[{"nomen":"Cornelius","gender":"male","raw_name":"C(ai) Cor(neli) Urs(i)","praenomen":"Gaius","cognomen":"Ursus"}]}},{"type":"Feature","geometry":{"type":"Point","coordinates":[15.94,38.55]},"properties":{"edcs_id":"EDCS-23000005","findspot":"Nicotera","raw_text":"L(uci) Tetti / Samiae","date_from":null,"date_to":null,"marker_gender":"mixed","is_individual":false,"edcs_url":"https://edcs.hist.uzh.ch/en/document?edcs-id=EDCS-23000005","persons":[{"nomen":"Tettius","gender":"male","raw_name":"L. Tetti","praenomen":"Lucius"},{"nomen":"","gender":"female","raw_name":"Samiae","cognomen":"Samia"}]}},{"type":"Feature","geometry":{"type":"Point","coordinates":[15.64,38.1]},"properties":{"edcs_id":"EDCS-23000060","findspot":"Reggio di Calabria / Reggio Calabria / Regium Iulium","raw_text":"Hilar(ionis) / Sest()","date_from":null,"date_to":null,"marker_gender":"male","is_individual":false,"edcs_url":"https://edcs.hist.uzh.ch/en/document?edcs-id=EDCS-23000060","persons":[{"nomen":"","gender":"male","raw_name":"Hilar(ionis)","cognomen":"Hilario"}]}},{"type":"Feature","geometry":{"type":"Point","coordinates":[17.13,39.08]},"properties":{"edcs_id":"EDCS-23000101","findspot":"Crotone / Croton","raw_text":"Octavi","date_from":null,"date_to":null,"marker_gender":"male","is_individual":false,"edcs_url":"https://edcs.hist.uzh.ch/en/document?edcs-id=EDCS-23000101","persons":[{"nomen":"","gender":"male","raw_name":"Octavi","cognomen":"Octavius"}]}},{"type":"Feature","geometry":{"type":"Point","coordinates":[17.05,39.27]},"properties":{"edcs_id":"EDCS-23000102","findspot":"Strongoli / Petelia","raw_text":"L(uci) Tetti / Samia(e)","date_from":null,"date_to":null,"marker_gender":"mixed","is_individual":false,"edcs_url":"https://edcs.hist.uzh.ch/en/document?edcs-id=EDCS-23000102","persons":[{"nomen":"Tettius","gender":"male","raw_name":"L(uci) Tetti","praenomen":"Lucius"},{"nomen":"","gender":"female","raw_name":"Samia(e)","cognomen":"Samia"}]}},{"type":"Feature","geometry":{"type":"Point","coordinates":[17.05,39.27]},"properties":{"edcs_id":"EDCS-23000103","findspot":"Strongoli / Petelia","raw_text":"L(uci) R[as]ini Pis(ani)","date_from":null,"date_to":null,"marker_gender":"male","is_individual":false,"edcs_url":"https://edcs.hist.uzh.ch/en/document?edcs-id=EDCS-23000103","persons":[{"nomen":"Rasinius","gender":"male","raw_name":"L(uci) R[as]ini Pis(ani)","praenomen":"Lucius","cognomen":"Pisanus"}]}},{"type":"Feature","geometry":{"type":"Point","coordinates":[17.05,39.27]},"properties":{"edcs_id":"EDCS-23000104","findspot":"Strongoli / Petelia","raw_text":"L(uci) Pis(ani)","date_from":null,"date_to":null,"marker_gender":"male","is_individual":false,"edcs_url":"https://edcs.hist.uzh.ch/en/document?edcs-id=EDCS-23000104","persons":[{"nomen":"","gender":"male","raw_name":"L(uci) Pis(ani)","praenomen":"Lucius","cognomen":"Pisanus"}]}},{"type":"Feature","geometry":{"type":"Point","coordinates":[17.05,39.27]},"properties":{"edcs_id":"EDCS-23000106","findspot":"Strongoli / Petelia","raw_text":"Memmi","date_from":null,"date_to":null,"marker_gender":"male","is_individual":false,"edcs_url":"https://edcs.hist.uzh.ch/en/document?edcs-id=EDCS-23000106","persons":[{"nomen":"Memmius","gender":"male","raw_name":"Memmi"}]}},{"type":"Feature","geometry":{"type":"Point","coordinates":[17.05,39.27]},"properties":{"edcs_id":"EDCS-23000107","findspot":"Strongoli / Petelia","raw_text":"L(uci) Nosti","date_from":null,"date_to":null,"marker_gender":"male","is_individual":false,"edcs_url":"https://edcs.hist.uzh.ch/en/document?edcs-id=EDCS-23000107","persons":[{"nomen":"Nostius","gender":"male","raw_name":"L(uci) Nosti","praenomen":"Lucius"}]}},{"type":"Feature","geometry":{"type":"Point","coordinates":[17.05,39.27]},"properties":{"edcs_id":"EDCS-23000108","findspot":"Strongoli / Petelia","raw_text":"Octavi","date_from":null,"date_to":null,"marker_gender":"male","is_individual":false,"edcs_url":"https://edcs.hist.uzh.ch/en/document?edcs-id=EDCS-23000108","persons":[{"nomen":"","gender":"male","raw_name":"Octavi","cognomen":"Octavius"}]}},{"type":"Feature","geometry":{"type":"Point","coordinates":[16.1,38.68]},"properties":{"edcs_id":"EDCS-23000207","findspot":"Vibo Valentia / Monteleone Calabro / Hipponium","raw_text":"A(uli) Titi / figul(i)","date_from":null,"date_to":null,"marker_gender":"male","is_individual":false,"edcs_url":"https://edcs.hist.uzh.ch/en/document?edcs-id=EDCS-23000207","persons":[{"nomen":"Titius","gender":"male","raw_name":"A. Titi","praenomen":"Aulus","status":"figulus"}]}},{"type":"Feature","geometry":{"type":"Point","coordinates":[16.1,38.68]},"properties":{"edcs_id":"EDCS-23000209","findspot":"Vibo Valentia / Monteleone Calabro / Hipponium","raw_text":"Priami / A(uli) Sest(i)","date_from":null,"date_to":null,"marker_gender":"male","is_individual":false,"edcs_url":"https://edcs.hist.uzh.ch/en/document?edcs-id=EDCS-23000209","persons":[{"nomen":"","gender":"male","raw_name":"Priami","cognomen":"Priamus"},{"nomen":"Sestius","gender":"male","raw_name":"A(uli) Sest(i)","praenomen":"Aulus"}]}},{"type":"Feature","geometry":{"type":"Point","coordinates":[16.1,38.68]},"properties":{"edcs_id":"EDCS-23000210","findspot":"Vibo Valentia / Monteleone Calabro / Hipponium","raw_text":"Rasin(i)","date_from":null,"date_to":null,"marker_gender":"unknown","is_individual":false,"edcs_url":"https://edcs.hist.uzh.ch/en/document?edcs-id=EDCS-23000210","persons":[{"nomen":"Rasinius","gender":"unknown","raw_name":"Rasin(i)"}]}},{"type":"Feature","geometry":{"type":"Point","coordinates":[16.1,38.68]},"properties":{"edcs_id":"EDCS-23000212","findspot":"Vibo Valentia / Monteleone Calabro / Hipponium","raw_text":"L(uci) Tet(t)i / Samia(e)","date_from":null,"date_to":null,"marker_gender":"mixed","is_individual":false,"edcs_url":"https://edcs.hist.uzh.ch/en/document?edcs-id=EDCS-23000212","persons":[{"nomen":"Tettius","gender":"male","raw_name":"L. Tetti","praenomen":"Lucius"},{"nomen":"","gender":"female","raw_name":"Samiae","cognomen":"Samia"}]}},{"type":"Feature","geometry":{"type":"Point","coordinates":[16.1,38.68]},"properties":{"edcs_id":"EDCS-23000214","findspot":"Vibo Valentia / Monteleone Calabro / Hipponium","raw_text":"C(ai) Numitori","date_from":null,"date_to":null,"marker_gender":"male","is_individual":false,"edcs_url":"https://edcs.hist.uzh.ch/en/document?edcs-id=EDCS-23000214","persons":[{"nomen":"Numitorius","gender":"male","raw_name":"C(ai) Numitori","praenomen":"Caius"}]}},{"type":"Feature","geometry":{"type":"Point","coordinates":[16.1,38.68]},"properties":{"edcs_id":"EDCS-23000218","findspot":"Vibo Valentia / Monteleone Calabro / Hipponium","raw_text":"Q(uinti) Pidi","date_from":null,"date_to":null,"marker_gender":"male","is_individual":false,"edcs_url":"https://edcs.hist.uzh.ch/en/document?edcs-id=EDCS-23000218","persons":[{"nomen":"Pidius","gender":"male","raw_name":"Q(uinti) Pidi","praenomen":"Quintus"}]}},{"type":"Feature","geometry":{"type":"Point","coordinates":[16.1,38.68]},"properties":{"edcs_id":"EDCS-23000219","findspot":"Vibo Valentia / Monteleone Calabro / Hipponium","raw_text":"Antiochus","date_from":null,"date_to":null,"marker_gender":"male","is_individual":false,"edcs_url":"https://edcs.hist.uzh.ch/en/document?edcs-id=EDCS-23000219","persons":[{"nomen":"","gender":"male","raw_name":"Antiochus","cognomen":"Antiochus","cluster_id":1945,"cluster_size":2,"cluster_confidence":"low"}]}},{"type":"Feature","geometry":{"type":"Point","coordinates":[16.1,38.68]},"properties":{"edcs_id":"EDCS-23000221","findspot":"Vibo Valentia / Monteleone Calabro / Hipponium","raw_text":"Cori","date_from":null,"date_to":null,"marker_gender":"unknown","is_individual":false,"edcs_url":"https://edcs.hist.uzh.ch/en/document?edcs-id=EDCS-23000221","persons":[{"nomen":"Corius","gender":"unknown","raw_name":"Cori"}]}},{"type":"Feature","geometry":{"type":"Point","coordinates":[16.1,38.68]},"properties":{"edcs_id":"EDCS-23000222","findspot":"Vibo Valentia / Monteleone Calabro / Hipponium","raw_text":"Blandus / Statiliae","date_from":null,"date_to":null,"marker_gender":"mixed","is_individual":false,"edcs_url":"https://edcs.hist.uzh.ch/en/document?edcs-id=EDCS-23000222","persons":[{"nomen":"","gender":"male","raw_name":"Blandus","cognomen":"Blandus"},{"nomen":"Statilia","gender":"female","raw_name":"Statiliae"}]}},{"type":"Feature","geometry":{"type":"Point","coordinates":[16.1,38.68]},"properties":{"edcs_id":"EDCS-23000223","findspot":"Vibo Valentia / Monteleone Calabro / Hipponium","raw_text":"Ennius","date_from":null,"date_to":null,"marker_gender":"male","is_individual":false,"edcs_url":"https://edcs.hist.uzh.ch/en/document?edcs-id=EDCS-23000223","persons":[{"nomen":"Ennius","gender":"male","raw_name":"Ennius"}]}},{"type":"Feature","geometry":{"type":"Point","coordinates":[15.94,38.55]},"properties":{"edcs_id":"EDCS-23300014","findspot":"Nicotera","raw_text":"Victoris / Q(uinti) Voc(oni) Poll(ionis)","date_from":null,"date_to":null,"marker_gender":"male","is_individual":false,"edcs_url":"https://edcs.hist.uzh.ch/en/document?edcs-id=EDCS-23300014","persons":[{"nomen":"","gender":"male","raw_name":"Victoris","cognomen":"Victor"},{"nomen":"Voconius","gender":"male","raw_name":"Q. Voc. Poll.","praenomen":"Quintus","cognomen":"Pollio"}]}},{"type":"Feature","geometry":{"type":"Point","coordinates":[15.94,38.55]},"properties":{"edcs_id":"EDCS-23300015","findspot":"Nicotera","raw_text":"LABIANI / STOTTHI","date_from":null,"date_to":null,"marker_gender":"male","is_individual":false,"edcs_url":"https://edcs.hist.uzh.ch/en/document?edcs-id=EDCS-23300015","persons":[{"nomen":"","gender":"male","raw_name":"LABIANI","cognomen":"Labianus"},{"nomen":"","gender":"male","raw_name":"STOTTHI","cognomen":"Stothus"}]}},{"type":"Feature","geometry":{"type":"Point","coordinates":[15.0,40.42]},"properties":{"edcs_id":"EDCS-23300025","findspot":"Capaccio / Poseidonia / Paestum","raw_text":"Eurho/stus","date_from":null,"date_to":null,"marker_gender":"male","is_individual":false,"edcs_url":"https://edcs.hist.uzh.ch/en/document?edcs-id=EDCS-23300025","persons":[{"nomen":"","gender":"male","raw_name":"Eurhostus","cognomen":"Eurhostus"}]}},{"type":"Feature","geometry":{"type":"Point","coordinates":[15.8,40.64]},"properties":{"edcs_id":"EDCS-23300056","findspot":"Potenza / Potentia","raw_text":"T(iti) Aur(eli) Fel(icis)","date_from":null,"date_to":null,"marker_gender":"male","is_individual":false,"edcs_url":"https://edcs.hist.uzh.ch/en/document?edcs-id=EDCS-23300056","persons":[{"nomen":"Aurelius","gender":"male","raw_name":"T(iti) Aur(eli) Fel(icis)","praenomen":"Titus","cognomen":"Felix"}]}},{"type":"Feature","geometry":{"type":"Point","coordinates":[15.8,40.64]},"properties":{"edcs_id":"EDCS-23300057","findspot":"Potenza / Potentia","raw_text":"C(ai) Numisi / Cleanti","date_from":null,"date_to":null,"marker_gender":"male","is_individual":false,"edcs_url":"https://edcs.hist.uzh.ch/en/document?edcs-id=EDCS-23300057","persons":[{"nomen":"Numisius","gender":"male","raw_name":"C(ai) Numisi Cleanti","praenomen":"Caius","cognomen":"Cleanthes"}]}},{"type":"Feature","geometry":{"type":"Point","coordinates":[15.8,40.64]},"properties":{"edcs_id":"EDCS-23300058","findspot":"Potenza / Potentia","raw_text":"C(ai) Pompei Feliciani // Apr/ingi / DTS","date_from":null,"date_to":null,"marker_gender":"male","is_individual":false,"edcs_url":"https://edcs.hist.uzh.ch/en/document?edcs-id=EDCS-23300058","persons":[{"nomen":"Pompeius","gender":"male","raw_name":"C. Pompei Feliciani","praenomen":"Gaius","cognomen":"Felicianus"},{"nomen":"","gender":"male","raw_name":"Apringi","cognomen":"Apringius"}]}},{"type":"Feature","geometry":{"type":"Point","coordinates":[15.8,40.64]},"properties":{"edcs_id":"EDCS-23300059","findspot":"Potenza / Potentia","raw_text":"M(arci) Vipsani / Amerimni","date_from":null,"date_to":null,"marker_gender":"male","is_individual":false,"edcs_url":"https://edcs.hist.uzh.ch/en/document?edcs-id=EDCS-23300059","persons":[{"nomen":"Vipsanius","gender":"male","raw_name":"M. Vipsani Amerimni","praenomen":"Marcus","cognomen":"Amerimnus"}]}},{"type":"Feature","geometry":{"type":"Point","coordinates":[15.8,40.64]},"properties":{"edcs_id":"EDCS-23300060","findspot":"Potenza / Potentia","raw_text":"Vitell() L(uci) P() / Clementis","date_from":null,"date_to":null,"marker_gender":"male","is_individual":false,"edcs_url":"https://edcs.hist.uzh.ch/en/document?edcs-id=EDCS-23300060","persons":[{"nomen":"Vitellius","gender":"male","raw_name":"Vitell() L. P() Clementis","cognomen":"Clemens"}]}},{"type":"Feature","geometry":{"type":"Point","coordinates":[15.94,38.55]},"properties":{"edcs_id":"EDCS-23400004","findspot":"Nicotera","raw_text":"Rufi Fron()","date_from":null,"date_to":null,"marker_gender":"male","is_individual":false,"edcs_url":"https://edcs.hist.uzh.ch/en/document?edcs-id=EDCS-23400004","persons":[{"nomen":"","gender":"male","raw_name":"Rufi","cognomen":"Rufus"},{"nomen":"","gender":"male","raw_name":"Fron()","cognomen":"Fronto"}]}},{"type":"Feature","geometry":{"type":"Point","coordinates":[15.94,38.55]},"properties":{"edcs_id":"EDCS-23400006","findspot":"Nicotera","raw_text":"Veiani","date_from":null,"date_to":null,"marker_gender":"male","is_individual":false,"edcs_url":"https://edcs.hist.uzh.ch/en/document?edcs-id=EDCS-23400006","persons":[{"nomen":"Veianus","gender":"male","raw_name":"Veiani"}]}},{"type":"Feature","geometry":{"type":"Point","coordinates":[15.94,38.55]},"properties":{"edcs_id":"EDCS-23400009","findspot":"Nicotera","raw_text":"P(ubli) VETFI / HAN OCR","date_from":null,"date_to":null,"marker_gender":"male","is_individual":false,"edcs_url":"https://edcs.hist.uzh.ch/en/document?edcs-id=EDCS-23400009","persons":[{"nomen":"Vetfius","gender":"male","raw_name":"P. VETFI","praenomen":"Publius"}]}},{"type":"Feature","geometry":{"type":"Point","coordinates":[15.94,38.55]},"properties":{"edcs_id":"EDCS-23400011","findspot":"Nicotera","raw_text":"Caturiae Pol[3] / ex off(icina) Ce{e}ler[is]","date_from":null,"date_to":null,"marker_gender":"mixed","is_individual":false,"edcs_url":"https://edcs.hist.uzh.ch/en/document?edcs-id=EDCS-23400011","persons":[{"nomen":"Caturia","gender":"female","raw_name":"Caturiae Pol[3]"},{"nomen":"","gender":"male","raw_name":"Ce{e}ler[is]","cognomen":"Celer"}]}},{"type":"Feature","geometry":{"type":"Point","coordinates":[15.9,38.68]},"properties":{"edcs_id":"EDCS-23400012","findspot":"Tropea / Trapeia","raw_text":"B(onae) m(emoriae) s(acrum) fideli in Chr(ist)o Ih(e)s(um) / Hireni qu(a)e vixit annis LXV m(ensibus) VIII / d(iebus) X cui bene fecit vir eius pr(a)ecessit fi/delis in pace deposita XVIII Kal(endas) Maias / qu(a)e fuit conduct(rix) m(assae) Trapeianae","date_from":null,"date_to":null,"marker_gender":"female","is_individual":false,"edcs_url":"https://edcs.hist.uzh.ch/en/document?edcs-id=EDCS-23400012","persons":[{"nomen":"","gender":"female","raw_name":"Hireni","cognomen":"Hirene","status":"fidelis, conductrix massae Trapeianae","cluster_id":1765,"cluster_size":2,"cluster_confidence":"low"}]}},{"type":"Feature","geometry":{"type":"Point","coordinates":[15.9,38.68]},"properties":{"edcs_id":"EDCS-23400013","findspot":"Tropea / Trapeia","raw_text":"B(onae) m(emoriae) s(acrum) Hireni fidelis qu(a)e / vixit ann(os) XL m(enses) VIII d(ies) VIIII quei(!) / bene fecit maritus et fili(i) / pr(a)ecessit in pace","date_from":null,"date_to":null,"marker_gender":"female","is_individual":false,"edcs_url":"https://edcs.hist.uzh.ch/en/document?edcs-id=EDCS-23400013","persons":[{"nomen":"","gender":"female","raw_name":"Hireni","cognomen":"Hirene","status":"fidelis","cluster_id":1765,"cluster_size":2,"cluster_confidence":"low"}]}},{"type":"Feature","geometry":{"type":"Point","coordinates":[15.9,38.68]},"properties":{"edcs_id":"EDCS-23400014","findspot":"Tropea / Trapeia","raw_text":"Bon<ae=I> m<e=I>/mor(ia)e Fortu/nula qu(a)e <v=B>i<x=S>it/{s}it annos / plus minus LX / cui bene fecit f<i=E>/lia et ma(ri)tus","date_from":null,"date_to":null,"marker_gender":"female","is_individual":false,"edcs_url":"https://edcs.hist.uzh.ch/en/document?edcs-id=EDCS-23400014","persons":[{"nomen":"","gender":"female","raw_name":"Fortunula","cognomen":"Fortunula"}]}},{"type":"Feature","geometry":{"type":"Point","coordinates":[15.9,38.68]},"properties":{"edcs_id":"EDCS-23400015","findspot":"Tropea / Trapeia","raw_text":"B(onae) m(emoriae) s(acrum) Leta presb<y=I>tera qu<ae=I> / vixit ann(os) XL m(enses) VIII d(ies) VIIII / <c=Q>u{e}i bene fecit maritus / pr(a)ecessit in pace die / Idus Maias","date_from":null,"date_to":null,"marker_gender":"female","is_individual":false,"edcs_url":"https://edcs.hist.uzh.ch/en/document?edcs-id=EDCS-23400015","persons":[{"nomen":"","gender":"female","raw_name":"Leta","cognomen":"Leta","status":"presbytera"}]}},{"type":"Feature","geometry":{"type":"Point","coordinates":[15.9,38.68]},"properties":{"edcs_id":"EDCS-23400016","findspot":"Tropea / Trapeia","raw_text":"B(onae) m(emoriae) s(acrum) Monses presb<y=I>ter / qui vixit ann(os) LX m(enses) VIII d(ies) VIIII cui / bene fecerunt fili(i) pr(a)ecessit / in pace die Kal(en)d(as) Decembres","date_from":null,"date_to":null,"marker_gender":"male","is_individual":false,"edcs_url":"https://edcs.hist.uzh.ch/en/document?edcs-id=EDCS-23400016","persons":[{"nomen":"","gender":"male","raw_name":"Monses","cognomen":"Monses","status":"presbyter"}]}},{"type":"Feature","geometry":{"type":"Point","coordinates":[15.9,38.68]},"properties":{"edcs_id":"EDCS-23400017","findspot":"Tropea / Trapeia","raw_text":"B(onae) m(emoriae) s(acrum) Pater/nus qui vixit / annis XL m(ensibus) V / die/bus XVIII cui be/ne fecit frater / ipsius","date_from":null,"date_to":null,"marker_gender":"male","is_individual":false,"edcs_url":"https://edcs.hist.uzh.ch/en/document?edcs-id=EDCS-23400017","persons":[{"nomen":"","gender":"male","raw_name":"Paternus","cognomen":"Paternus"}]}},{"type":"Feature","geometry":{"type":"Point","coordinates":[15.9,38.68]},"properties":{"edcs_id":"EDCS-23400018","findspot":"Tropea / Trapeia","raw_text":"Bon(ae) memo/riae Primiti<v=B>a / recessit tertiu(m) / Id(us) Ia(nua)rias anno/rum plus min(us) L / qu(a)e{i} bene f<e=I>cerunt / fili(i) eius","date_from":null,"date_to":null,"marker_gender":"female","is_individual":false,"edcs_url":"https://edcs.hist.uzh.ch/en/document?edcs-id=EDCS-23400018","persons":[{"nomen":"","gender":"female","raw_name":"Primitiva","cognomen":"Primitiva"}]}},{"type":"Feature","geometry":{"type":"Point","coordinates":[17.05,39.27]},"properties":{"edcs_id":"EDCS-23400020","findspot":"Strongoli / Petelia","raw_text":"D(is) M(anibus) s(acrum) / {h}ave Copia Suc(c)es(sa)","date_from":null,"date_to":null,"marker_gender":"female","is_individual":false,"edcs_url":"https://edcs.hist.uzh.ch/en/document?edcs-id=EDCS-23400020","persons":[{"nomen":"Copia","gender":"female","raw_name":"Copia Suc(c)es(sa)","cognomen":"Successa"}]}},{"type":"Feature","geometry":{"type":"Point","coordinates":[17.05,39.27]},"properties":{"edcs_id":"EDCS-23400023","findspot":"Strongoli / Petelia","raw_text":"{H}Ave / Megonia / Euhodis / vixit ann(os) / XXVI / s(it) t(ibi) t(erra) l(evis)","date_from":1,"date_to":100,"marker_gender":"female","is_individual":false,"edcs_url":"https://edcs.hist.uzh.ch/en/document?edcs-id=EDCS-23400023","persons":[{"nomen":"Megonius","gender":"female","raw_name":"Megonia Euhodis","cognomen":"Euhodis"}]}},{"type":"Feature","geometry":{"type":"Point","coordinates":[16.81,40.37]},"properties":{"edcs_id":"EDCS-23400026","findspot":"Metaponto / Metapont / Metapontum","raw_text":"Occius hic situs est / Mani prosapia Festus","date_from":1,"date_to":100,"marker_gender":"male","is_individual":false,"edcs_url":"https://edcs.hist.uzh.ch/en/document?edcs-id=EDCS-23400026","persons":[{"nomen":"Occius","gender":"male","raw_name":"Occius"},{"nomen":"","gender":"male","raw_name":"Festus","cognomen":"Festus","status":"prosapia Manii"}]}},{"type":"Feature","geometry":{"type":"Point","coordinates":[16.14,40.62]},"properties":{"edcs_id":"EDCS-23400027","findspot":"Tricarico / Potentia","raw_text":"D(is) M(anibus) / Sabia Mar/ciane vixit / annis L feci/t Magius Fe/licio co(n)iu/gi be/ne merenti","date_from":null,"date_to":null,"marker_gender":"mixed","is_individual":false,"edcs_url":"https://edcs.hist.uzh.ch/en/document?edcs-id=EDCS-23400027","persons":[{"nomen":"Sabia","gender":"female","raw_name":"Sabia Marciane","cognomen":"Marciana"},{"nomen":"Magius","gender":"male","raw_name":"Magius Felicio","cognomen":"Felicio","status":"coniunx"}]}},{"type":"Feature","geometry":{"type":"Point","coordinates":[15.8,40.64]},"properties":{"edcs_id":"EDCS-23400028","findspot":"Potenza / Potentia","raw_text":"D(is) M(anibus) / P(ublio) Campuleio / Blasto Aug(ustali) / Crescens / et Ianuaria / lib(erti)","date_from":1,"date_to":200,"marker_gender":"mixed","is_individual":false,"edcs_url":"https://edcs.hist.uzh.ch/en/document?edcs-id=EDCS-23400028","persons":[{"nomen":"Campuleius","gender":"male","raw_name":"P. Campuleio Blasto","praenomen":"Publius","cognomen":"Blastus","status":"Augustalis"},{"nomen":"","gender":"male","raw_name":"Crescens","cognomen":"Crescens","status":"libertus"},{"nomen":"","gender":"female","raw_name":"Ianuaria","cognomen":"Ianuaria","status":"liberta"}]}},{"type":"Feature","geometry":{"type":"Point","coordinates":[15.8,40.64]},"properties":{"edcs_id":"EDCS-23400029","findspot":"Potenza / Potentia","raw_text":"D(is) M(anibus) / Mart[3] / vix(it) an(nos) [3] / collegiu[m 3] / capito[3] / SOD[","date_from":null,"date_to":null,"marker_gender":"male","is_individual":false,"edcs_url":"https://edcs.hist.uzh.ch/en/document?edcs-id=EDCS-23400029","persons":[{"nomen":"","gender":"male","raw_name":"Mart[3]","cognomen":"Martius"}]}},{"type":"Feature","geometry":{"type":"Point","coordinates":[15.8,40.64]},"properties":{"edcs_id":"EDCS-23400030","findspot":"Potenza / Potentia","raw_text":"]io vernae / vix(it) an(nos) XXXVI / Felicula co(n)ser/vo b(ene) m(erenti) f(ecit)","date_from":null,"date_to":null,"marker_gender":"female","is_individual":false,"edcs_url":"https://edcs.hist.uzh.ch/en/document?edcs-id=EDCS-23400030","persons":[{"nomen":"","gender":"female","raw_name":"Felicula","cognomen":"Felicula"}]}},{"type":"Feature","geometry":{"type":"Point","coordinates":[15.8,40.64]},"properties":{"edcs_id":"EDCS-23400031","findspot":"Potenza / Potentia","raw_text":"[D(is)] M(anibus) / [3]arrio T(iti) [","date_from":null,"date_to":null,"marker_gender":"male","is_individual":false,"edcs_url":"https://edcs.hist.uzh.ch/en/document?edcs-id=EDCS-23400031","persons":[{"nomen":"Arrius","gender":"male","raw_name":"]arrio T. [","praenomen":"Titus"}]}},{"type":"Feature","geometry":{"type":"Point","coordinates":[15.8,40.64]},"properties":{"edcs_id":"EDCS-23400032","findspot":"Potenza / Potentia","raw_text":"M(arco) Aur(elio) Cl/ymino pat(ri) / q(ui) <v=B>(ixit) an(nos) LXXII / Aur(elius) Clyminu/s fil(ius) b(ene) m(erenti) fecit","date_from":null,"date_to":null,"marker_gender":"male","is_individual":false,"edcs_url":"https://edcs.hist.uzh.ch/en/document?edcs-id=EDCS-23400032","persons":[{"nomen":"Aurelius","gender":"male","raw_name":"M. Aurelio Clymino","praenomen":"Marcus","cognomen":"Clyminus","status":"pater","is_imperial":true,"cluster_id":601,"cluster_size":2},{"nomen":"Aurelius","gender":"male","raw_name":"Aur. Clyminus","cognomen":"Clyminus","status":"filius","cluster_id":601,"cluster_size":2}]}},{"type":"Feature","geometry":null,"properties":{"edcs_id":"EDCS-23400033","findspot":"Laurenzana","raw_text":"Claudia Marcella Iulio Hermogeni coniugi bene merenti fecit qui vixit annos XXXX F vixit annos L","date_from":null,"date_to":null,"marker_gender":"mixed","is_individual":true,"edcs_url":"https://edcs.hist.uzh.ch/en/document?edcs-id=EDCS-23400033","persons":[{"nomen":"Claudia","gender":"female","raw_name":"Claudia Marcella","cognomen":"Marcella"},{"nomen":"Iulius","gender":"male","raw_name":"Iulio Hermog[e]ni","cognomen":"Hermogenes","status":"coniunx, bene merens"}]}},{"type":"Feature","geometry":{"type":"Point","coordinates":[15.89,40.28]},"properties":{"edcs_id":"EDCS-23400034","findspot":"Grumento Nova / Grumentum","raw_text":"T(itus) Vettius Q(uinti) f(ilius) / Ser(gia) architectus / porticus de pe<c=Q>(unia) / pagan(ica) faciund(as) / coer(avit) / A(ulo) Hirtio C(aio) Vibio / co(n)s(ulibus)","date_from":-42,"date_to":-42,"marker_gender":"male","is_individual":false,"edcs_url":"https://edcs.hist.uzh.ch/en/document?edcs-id=EDCS-23400034","persons":[{"nomen":"Vettius","gender":"male","raw_name":"T(itus) Vettius Q(uinti) f(ilius) Ser(gia) architectus","praenomen":"Titus","status":"filius Quinti, tribus Sergia, architectus"}]}},{"type":"Feature","geometry":{"type":"Point","coordinates":[15.89,40.28]},"properties":{"edcs_id":"EDCS-23400035","findspot":"Grumento Nova / Grumentum","raw_text":"D(is) M(anibus) / Helioni / Helion pater / et Hilaria mater / parentes f(ilio) / fec(erunt) / v(ixit) a(nnos) IIII / men(ses) II","date_from":null,"date_to":null,"marker_gender":"mixed","is_individual":false,"edcs_url":"https://edcs.hist.uzh.ch/en/document?edcs-id=EDCS-23400035","persons":[{"nomen":"","gender":"male","raw_name":"Helioni","cognomen":"Helio","cluster_id":1161,"cluster_size":2,"cluster_confidence":"low"},{"nomen":"","gender":"male","raw_name":"Helion","cognomen":"Helio","status":"pater","cluster_id":1161,"cluster_size":2,"cluster_confidence":"low"},{"nomen":"","gender":"female","raw_name":"Hilaria","cognomen":"Hilaria","status":"mater"}]}},{"type":"Feature","geometry":{"type":"Point","coordinates":[15.54,40.38]},"properties":{"edcs_id":"EDCS-23400036","findspot":"Teggiano / Tegianum","raw_text":"] Q(uinti) f(ilius) Pom(ptina) Gall[us] / [3 it]erum flamen div[i] / [3 tem]plum Iovis de s(ua) p(ecunia) refe[cit]","date_from":1,"date_to":100,"marker_gender":"male","is_individual":false,"edcs_url":"https://edcs.hist.uzh.ch/en/document?edcs-id=EDCS-23400036","persons":[{"nomen":"","gender":"male","raw_name":"Q(uinti) f(ilius) Pom(ptina) Gall[us]","praenomen":"Quintus","cognomen":"Gallus","status":"filius, tribus Pomptina, flamen"}]}},{"type":"Feature","geometry":{"type":"Point","coordinates":[15.56,40.46]},"properties":{"edcs_id":"EDCS-23400038","findspot":"Atena Lucana / Atina","raw_text":"] / bene merenti / Lucia co(n)iugi / [c]ar(issimo) cum quo v[i]/xi[t] ann[o]s XX","date_from":101,"date_to":250,"marker_gender":"female","is_individual":false,"edcs_url":"https://edcs.hist.uzh.ch/en/document?edcs-id=EDCS-23400038","persons":[{"nomen":"","gender":"female","raw_name":"Lucia","cognomen":"Lucia","status":"coniux, carissima"}]}},{"type":"Feature","geometry":{"type":"Point","coordinates":[15.49,40.57]},"properties":{"edcs_id":"EDCS-23400043","findspot":"Caggiano / Atina","raw_text":"D(is) M(anibus) / Antoniae Secun/d(a)e matri dulcis/sim(a)e ac piissim[(a)e] / Antonius Gemel(l)us","date_from":151,"date_to":300,"marker_gender":"mixed","is_individual":false,"edcs_url":"https://edcs.hist.uzh.ch/en/document?edcs-id=EDCS-23400043","persons":[{"nomen":"Antonia","gender":"female","raw_name":"Antoniae Secundae","cognomen":"Secunda","status":"mater, dulcissima, piissima"},{"nomen":"Antonius","gender":"male","raw_name":"Antonius Gemellus","cognomen":"Gemellus"}]}},{"type":"Feature","geometry":{"type":"Point","coordinates":[15.49,40.57]},"properties":{"edcs_id":"EDCS-23400044","findspot":"Caggiano / Atina","raw_text":"Modest(a)e / alumn(a)e / et b(ene) m(erenti) Hip/politus et / Ursula f(ecerunt?) / q(uae) v(ixit) a(nnos) IIII / m(enses) V d(ies) X","date_from":201,"date_to":300,"marker_gender":"mixed","is_individual":false,"edcs_url":"https://edcs.hist.uzh.ch/en/document?edcs-id=EDCS-23400044","persons":[{"nomen":"","gender":"female","raw_name":"Modesta","cognomen":"Modesta","status":"alumna, bene merens"},{"nomen":"","gender":"male","raw_name":"Hippolitus","cognomen":"Hippolitus"},{"nomen":"","gender":"female","raw_name":"Ursula","cognomen":"Ursula"}]}},{"type":"Feature","geometry":{"type":"Point","coordinates":[15.49,40.57]},"properties":{"edcs_id":"EDCS-23400045","findspot":"Caggiano / Atina","raw_text":"D(is) M(anibus) / Picen(a)e fi/liae b(ene) m(erenti) / Puteola/na mater / fec(it) q(uae) v(ixit) an(nos) / XVIII","date_from":201,"date_to":300,"marker_gender":"female","is_individual":false,"edcs_url":"https://edcs.hist.uzh.ch/en/document?edcs-id=EDCS-23400045","persons":[{"nomen":"","gender":"female","raw_name":"Picenae","cognomen":"Picena","status":"filia, bene merens"},{"nomen":"","gender":"female","raw_name":"Puteolana","cognomen":"Puteolana","status":"mater"}]}},{"type":"Feature","geometry":{"type":"Point","coordinates":[15.37,40.63]},"properties":{"edcs_id":"EDCS-23400046","findspot":"Buccino / Volcei","raw_text":"] / C(aius) Albius Festinus / ob honorem biselli[i","date_from":1,"date_to":200,"marker_gender":"male","is_individual":false,"edcs_url":"https://edcs.hist.uzh.ch/en/document?edcs-id=EDCS-23400046","persons":[{"nomen":"Albius","gender":"male","raw_name":"C(aius) Albius Festinus","praenomen":"Gaius","cognomen":"Festinus"}]}},{"type":"Feature","geometry":{"type":"Point","coordinates":[15.37,40.63]},"properties":{"edcs_id":"EDCS-23400047","findspot":"Buccino / Volcei","raw_text":"D(is) M(anibus) / P(ublius) Allius Magnill/ianus vixit annis / [3]XX et me/[n]sibus tribus P(ublius) Alli/[u]s A[n]n[i]us aed(ilis) IIIIvir / et [3]ia Nucerina / se viv[o ben]e merent[i] filio et sibi p[o]sueru[nt]","date_from":151,"date_to":250,"marker_gender":"male","is_individual":false,"edcs_url":"https://edcs.hist.uzh.ch/en/document?edcs-id=EDCS-23400047","persons":[{"nomen":"Allius","gender":"male","raw_name":"P(ublius) Allius Magnillianus","praenomen":"Publius","cognomen":"Magnillianus"},{"nomen":"Allius","gender":"male","raw_name":"P(ublius) Alli[u]s A[n]n[i]us","praenomen":"Publius","cognomen":"Annius","status":"aedilis, IIIIvir"}]}},{"type":"Feature","geometry":{"type":"Point","coordinates":[15.37,40.63]},"properties":{"edcs_id":"EDCS-23400048","findspot":"Buccino / Volcei","raw_text":"[L(ucio)] Haedinio L(uci) f(ilio) / Pom(ptina) Sanio Mar/cello aed(ili) IIIIvir(o) i(ure) d(icundo) / II q(uaestori) a(limentorum?) M(arcus) Vaonius / Haedinius Sanius / Lucanus et Vaonia / Sania Marcella avo / pientissimo","date_from":101,"date_to":200,"marker_gender":"mixed","is_individual":false,"edcs_url":"https://edcs.hist.uzh.ch/en/document?edcs-id=EDCS-23400048","persons":[{"nomen":"Haedinius","gender":"male","raw_name":"[L(ucio)] Haedinio L(uci) f(ilio) Pom(ptina) Sanio Marcello","praenomen":"Lucius","cognomen":"Sanius Marcellus","status":"filius Lucii, tribus Pomptina, aedilis, IIIIvir, quaestor","cluster_id":200,"cluster_size":2},{"nomen":"Vaonius","gender":"male","raw_name":"M(arcus) Vaonius","praenomen":"Marcus"},{"nomen":"Haedinius","gender":"male","raw_name":"Haedinius Sanius Lucanus","cognomen":"Sanius Lucanus","status":"avo","cluster_id":200,"cluster_size":2},{"nomen":"Vaonia","gender":"female","raw_name":"Vaonia Sania Marcella","cognomen":"Sania Marcella","status":"avo"}]}},{"type":"Feature","geometry":{"type":"Point","coordinates":[15.37,40.63]},"properties":{"edcs_id":"EDCS-23400049","findspot":"Buccino / Volcei","raw_text":"D(is) [M(anibus)] / L(ucio) Bruttio Hir/piniano colle(gium) / dendropho/rorum","date_from":151,"date_to":250,"marker_gender":"male","is_individual":false,"edcs_url":"https://edcs.hist.uzh.ch/en/document?edcs-id=EDCS-23400049","persons":[{"nomen":"Bruttius","gender":"male","raw_name":"L(ucio) Bruttio Hirpiniano","praenomen":"Lucius","cognomen":"Hirpinianus"}]}},{"type":"Feature","geometry":{"type":"Point","coordinates":[15.37,40.63]},"properties":{"edcs_id":"EDCS-23400050","findspot":"Buccino / Volcei","raw_text":"D(is) M(anibus) / M(arco) Casinio / Firmo collegius / dendrofo/r{or}um","date_from":151,"date_to":230,"marker_gender":"male","is_individual":false,"edcs_url":"https://edcs.hist.uzh.ch/en/document?edcs-id=EDCS-23400050","persons":[{"nomen":"Casinius","gender":"male","raw_name":"M(arco) Casinio Firmo","praenomen":"Marcus","cognomen":"Firmus"}]}},{"type":"Feature","geometry":{"type":"Point","coordinates":[15.37,40.63]},"properties":{"edcs_id":"EDCS-23400051","findspot":"Buccino / Volcei","raw_text":"D(is) M(anibus) / Andriae Auctae / sodales Geniales / p(osuerunt)","date_from":151,"date_to":300,"marker_gender":"female","is_individual":false,"edcs_url":"https://edcs.hist.uzh.ch/en/document?edcs-id=EDCS-23400051","persons":[{"nomen":"","gender":"female","raw_name":"Andriae","cognomen":"Andria"},{"nomen":"","gender":"female","raw_name":"Auctae","cognomen":"Aucta"}]}},{"type":"Feature","geometry":{"type":"Point","coordinates":[15.37,40.63]},"properties":{"edcs_id":"EDCS-23400052","findspot":"Buccino / Volcei","raw_text":"D(is) M(anibus) / (H)eren(n)iae Suc/cess(a)e (H)eren(n)i/a Syntaxis / ma(ter) et Curti(a)e / Myrineni soc(rae) / po(suerunt)","date_from":171,"date_to":250,"marker_gender":"female","is_individual":false,"edcs_url":"https://edcs.hist.uzh.ch/en/document?edcs-id=EDCS-23400052","persons":[{"nomen":"Herennia","gender":"female","raw_name":"(H)eren(n)iae Success(a)e","cognomen":"Successa"},{"nomen":"Herennia","gender":"female","raw_name":"(H)eren(n)ia Syntaxis","cognomen":"Syntaxis","status":"mater","cluster_id":10,"cluster_size":2},{"nomen":"Curtia","gender":"female","raw_name":"Curti(a)e Myrineni","cognomen":"Myrinena","status":"socrus"}]}},{"type":"Feature","geometry":{"type":"Point","coordinates":[15.37,40.63]},"properties":{"edcs_id":"EDCS-23400053","findspot":"Buccino / Volcei","raw_text":"M(arco) Isteio / Doroporo / sodales p(osuerunt)","date_from":151,"date_to":250,"marker_gender":"male","is_individual":false,"edcs_url":"https://edcs.hist.uzh.ch/en/document?edcs-id=EDCS-23400053","persons":[{"nomen":"Isteius","gender":"male","raw_name":"M(arco) Isteio Doroporo","praenomen":"Marcus","cognomen":"Doroporus"}]}},{"type":"Feature","geometry":{"type":"Point","coordinates":[15.37,40.63]},"properties":{"edcs_id":"EDCS-23400054","findspot":"Buccino / Volcei","raw_text":"D(is) M(anibus) / Iuliae Feli/culae co<l=I>le/g(ae?) / p(osuerunt?)","date_from":151,"date_to":250,"marker_gender":"female","is_individual":false,"edcs_url":"https://edcs.hist.uzh.ch/en/document?edcs-id=EDCS-23400054","persons":[{"nomen":"Iulia","gender":"female","raw_name":"Iuliae Feli culae","cognomen":"Felicula","status":"collega"}]}},{"type":"Feature","geometry":{"type":"Point","coordinates":[15.37,40.63]},"properties":{"edcs_id":"EDCS-23400055","findspot":"Buccino / Volcei","raw_text":"C(aio) Allio / Cinna/mo","date_from":171,"date_to":300,"marker_gender":"male","is_individual":false,"edcs_url":"https://edcs.hist.uzh.ch/en/document?edcs-id=EDCS-23400055","persons":[{"nomen":"Allius","gender":"male","raw_name":"C(aio) Allio Cinna mo","praenomen":"Gaius","cognomen":"Cinnamus"}]}},{"type":"Feature","geometry":{"type":"Point","coordinates":[15.37,40.63]},"properties":{"edcs_id":"EDCS-23400056","findspot":"Buccino / Volcei","raw_text":"D(is) M(anibus) / Casinia / Quartilla / Ta[ttiae] / Iucundae / ma[tri] / [b(ene)] m(erenti)","date_from":151,"date_to":250,"marker_gender":"female","is_individual":false,"edcs_url":"https://edcs.hist.uzh.ch/en/document?edcs-id=EDCS-23400056","persons":[{"nomen":"Casinia","gender":"female","raw_name":"Casinia Quartilla","cognomen":"Quartilla"},{"nomen":"Tattia","gender":"female","raw_name":"Ta[ttiae] Iucundae","cognomen":"Iucunda","status":"mater"}]}},{"type":"Feature","geometry":{"type":"Point","coordinates":[15.37,40.63]},"properties":{"edcs_id":"EDCS-23400057","findspot":"Buccino / Volcei","raw_text":"D(is) M(anibus) / C(aio) Gruleio / Rufino / Magnisia / m(ater?) f(ecit) v(ixit) a(nnos) XI","date_from":171,"date_to":250,"marker_gender":"mixed","is_individual":false,"edcs_url":"https://edcs.hist.uzh.ch/en/document?edcs-id=EDCS-23400057","persons":[{"nomen":"Gruleius","gender":"male","raw_name":"C(aio) Gruleio Rufino","praenomen":"Gaius","cognomen":"Rufinus"},{"nomen":"Magnisia","gender":"female","raw_name":"Magnisia","status":"mater"}]}},{"type":"Feature","geometry":{"type":"Point","coordinates":[15.49,40.75]},"properties":{"edcs_id":"EDCS-23400059","findspot":"Muro Lucano / Numistro","raw_text":"D(is) M(anibus) s(acrum) / Thetidi / Savoni / [R]ufi pup(illi) / ser[vae] et Savo/niae [3]hill/ae Anth[3] / conserva[e et(?)] / filiae b(ene) m(erenti) f[ecit]","date_from":121,"date_to":220,"marker_gender":"mixed","is_individual":false,"edcs_url":"https://edcs.hist.uzh.ch/en/document?edcs-id=EDCS-23400059","persons":[{"nomen":"","gender":"female","raw_name":"Thetidi","cognomen":"Thetis"},{"nomen":"","gender":"male","raw_name":"Savoni [R]ufi pup(illi) servae","cognomen":"Savonius","status":"pupillus Rufi"},{"nomen":"Savonia","gender":"female","raw_name":"Savoniae [3]hillae","status":"conserva, filia"}]}},{"type":"Feature","geometry":{"type":"Point","coordinates":[15.64,38.1]},"properties":{"edcs_id":"EDCS-23400494","findspot":"Reggio di Calabria / Reggio Calabria / Regium Iulium","raw_text":"Neri[3] / vixit annis / LXXX m(ensibus) IIII fe/cit Asyll[3] / [pa]tri dulcissim[o]","date_from":null,"date_to":null,"marker_gender":"male","is_individual":false,"edcs_url":"https://edcs.hist.uzh.ch/en/document?edcs-id=EDCS-23400494","persons":[{"nomen":"Nerius","gender":"male","raw_name":"Neri[3]"},{"nomen":"","gender":"male","raw_name":"Asyll[3]","cognomen":"Asyllus","status":"pater"}]}},{"type":"Feature","geometry":{"type":"Point","coordinates":[15.64,38.1]},"properties":{"edcs_id":"EDCS-23400495","findspot":"Reggio di Calabria / Reggio Calabria / Regium Iulium","raw_text":"Chresimion / vix(it) ann(os) III / mens(es) III dies / III parentes / filio piissimo","date_from":null,"date_to":null,"marker_gender":"male","is_individual":false,"edcs_url":"https://edcs.hist.uzh.ch/en/document?edcs-id=EDCS-23400495","persons":[{"nomen":"","gender":"male","raw_name":"Chresimion","cognomen":"Chresimion","status":"filius, piissimus"}]}},{"type":"Feature","geometry":{"type":"Point","coordinates":[15.64,38.1]},"properties":{"edcs_id":"EDCS-23400496","findspot":"Reggio di Calabria / Reggio Calabria / Regium Iulium","raw_text":"[3]a Clymene","date_from":null,"date_to":null,"marker_gender":"female","is_individual":false,"edcs_url":"https://edcs.hist.uzh.ch/en/document?edcs-id=EDCS-23400496","persons":[{"nomen":"","gender":"female","raw_name":"[3]a Clymene","cognomen":"Clymene"}]}},{"type":"Feature","geometry":{"type":"Point","coordinates":[15.66,37.98]},"properties":{"edcs_id":"EDCS-23400513","findspot":"Lazzaro / Leucopetra / Regium Iulium","raw_text":"Q(uintus) Sa(lvidienus) im(perator)","date_from":-42,"date_to":-42,"marker_gender":"male","is_individual":false,"edcs_url":"https://edcs.hist.uzh.ch/en/document?edcs-id=EDCS-23400513","persons":[{"nomen":"Salvidienus","gender":"male","raw_name":"Q(uintus) Sa(lvidienus)","praenomen":"Quintus","status":"imperator","is_imperial":true}]}},{"type":"Feature","geometry":{"type":"Point","coordinates":[15.66,37.98]},"properties":{"edcs_id":"EDCS-23400514","findspot":"Lazzaro / Leucopetra / Regium Iulium","raw_text":"Q(uintus) Sal(vidienus) im(perator)","date_from":-42,"date_to":-42,"marker_gender":"male","is_individual":false,"edcs_url":"https://edcs.hist.uzh.ch/en/document?edcs-id=EDCS-23400514","persons":[{"nomen":"Salvidienus","gender":"male","raw_name":"Q(uintus) Sal(vidienus)","praenomen":"Quintus","status":"imperator","is_imperial":true}]}},{"type":"Feature","geometry":{"type":"Point","coordinates":[15.06,40.62]},"properties":{"edcs_id":"EDCS-23400519","findspot":"Eboli / Eburum","raw_text":"Cabira","date_from":null,"date_to":null,"marker_gender":"female","is_individual":false,"edcs_url":"https://edcs.hist.uzh.ch/en/document?edcs-id=EDCS-23400519","persons":[{"nomen":"","gender":"female","raw_name":"Cabira","cognomen":"Cabira","cluster_id":1102,"cluster_size":2,"cluster_confidence":"low"}]}},{"type":"Feature","geometry":{"type":"Point","coordinates":[15.06,40.62]},"properties":{"edcs_id":"EDCS-23400520","findspot":"Eboli / Eburum","raw_text":"Cabira","date_from":null,"date_to":null,"marker_gender":"female","is_individual":false,"edcs_url":"https://edcs.hist.uzh.ch/en/document?edcs-id=EDCS-23400520","persons":[{"nomen":"","gender":"female","raw_name":"Cabira","cognomen":"Cabira","cluster_id":1102,"cluster_size":2,"cluster_confidence":"low"}]}},{"type":"Feature","geometry":{"type":"Point","coordinates":[16.22,38.27]},"properties":{"edcs_id":"EDCS-23400521","findspot":"Gerace / Locri Epizephyrii","raw_text":"D(is) M(anibus) / Publicius / Tallus vi/xit an(nos) XXXV / col(l)egius / can(n)o<ph=F>(orum) fe(cit)","date_from":201,"date_to":300,"marker_gender":"male","is_individual":false,"edcs_url":"https://edcs.hist.uzh.ch/en/document?edcs-id=EDCS-23400521","persons":[{"nomen":"Publicius","gender":"male","raw_name":"Publicius Tallus","cognomen":"Tallus","status":"collegius canophorum"}]}},{"type":"Feature","geometry":{"type":"Point","coordinates":[15.48,40.67]},"properties":{"edcs_id":"EDCS-23400523","findspot":"Ricigliano / Volcei","raw_text":"D(is) M(anibus) / L(ucio) Aedinio Preti/oso Aediniu/s Pretiosus pa/tri inco<m=N>para[b]/ili p(osuit)","date_from":171,"date_to":300,"marker_gender":"male","is_individual":false,"edcs_url":"https://edcs.hist.uzh.ch/en/document?edcs-id=EDCS-23400523","persons":[{"nomen":"Aedinius","gender":"male","raw_name":"L. Aedinio Pretioso","praenomen":"Lucius","cognomen":"Pretiosus","cluster_id":686,"cluster_size":3},{"nomen":"Aedinius","gender":"male","raw_name":"Aedinius Pretiosus","cognomen":"Pretiosus","status":"filius","cluster_id":686,"cluster_size":3}]}},{"type":"Feature","geometry":{"type":"Point","coordinates":[15.48,40.67]},"properties":{"edcs_id":"EDCS-23400524","findspot":"Ricigliano / Volcei","raw_text":"D(is) M(anibus) / Aedini(a)e Am/and(a)e Aedin/ius Pretios/us pat(er) f(ecit)","date_from":171,"date_to":300,"marker_gender":"mixed","is_individual":false,"edcs_url":"https://edcs.hist.uzh.ch/en/document?edcs-id=EDCS-23400524","persons":[{"nomen":"Aedinia","gender":"female","raw_name":"Aediniae Amande","cognomen":"Amanda"},{"nomen":"Aedinius","gender":"male","raw_name":"Aedinius Pretiosus","cognomen":"Pretiosus","status":"pater","cluster_id":686,"cluster_size":3}]}},{"type":"Feature","geometry":{"type":"Point","coordinates":[15.17,40.15]},"properties":{"edcs_id":"EDCS-23400525","findspot":"Marina di Ascea / Castellammare di Velia / Castellamare della Bruca / Castellammare / Elea / Velia","raw_text":"Mercurio / Aug(usto) sacr(um) / Caesetius Primus / [3]ius Perseus / [3]ius [","date_from":51,"date_to":200,"marker_gender":"male","is_individual":false,"edcs_url":"https://edcs.hist.uzh.ch/en/document?edcs-id=EDCS-23400525","persons":[{"nomen":"Caesetius","gender":"male","raw_name":"Caesetius Primus","cognomen":"Primus"},{"nomen":"","gender":"male","raw_name":"[3]ius Perseus","cognomen":"Perseus"}]}},{"type":"Feature","geometry":{"type":"Point","coordinates":[15.17,40.15]},"properties":{"edcs_id":"EDCS-23400526","findspot":"Marina di Ascea / Castellammare di Velia / Castellamare della Bruca / Castellammare / Elea / Velia","raw_text":"L(ucio) Nonio L(uci) f(ilio) / Asprenati / co(n)s(uli) / decuriones et municip(es) / patrono","date_from":-36,"date_to":29,"marker_gender":"male","is_individual":false,"edcs_url":"https://edcs.hist.uzh.ch/en/document?edcs-id=EDCS-23400526","persons":[{"nomen":"Nonius","gender":"male","raw_name":"L(ucio) Nonio L(uci) f(ilio) Asprenati","praenomen":"Lucius","cognomen":"Asprenas","status":"filius Lucii, consul, patronus"}]}},{"type":"Feature","geometry":{"type":"Point","coordinates":[17.13,39.08]},"properties":{"edcs_id":"EDCS-24700136","findspot":"Crotone / Croton","raw_text":"[3] Lucilius A(uli) f(ilius) Macer T(itus) Annaeus Sex(ti) f(ilius) T<hr=RH>aso [I]Ivir{e}i / [quin]q[ue]nnales ex{s} s(enatus) c(onsulto) balneum aed{e}ificandum c{o}urav(e)ru(nt)","date_from":null,"date_to":null,"marker_gender":"male","is_individual":false,"edcs_url":"https://edcs.hist.uzh.ch/en/document?edcs-id=EDCS-24700136","persons":[{"nomen":"Lucilius","gender":"male","raw_name":"Lucilius A(uli) f(ilius) Macer","praenomen":"Aulus","cognomen":"Macer","status":"duovir quinquennalis"},{"nomen":"Annaeus","gender":"male","raw_name":"T(itus) Annaeus Sex(ti) f(ilius) T<hr=RH>aso","praenomen":"Titus","cognomen":"Thaso","status":"filius Sexti, duovir quinquennalis"}]}},{"type":"Feature","geometry":null,"properties":{"edcs_id":"EDCS-24800013","findspot":"Pizzo / Annicia","raw_text":"Regnante domino nostro Theoderico bono Romae","date_from":null,"date_to":null,"marker_gender":"male","is_individual":true,"edcs_url":"https://edcs.hist.uzh.ch/en/document?edcs-id=EDCS-24800013","persons":[{"nomen":"","gender":"male","raw_name":"Theoderico","cognomen":"Theodoricus","status":"dominus, rex","cluster_id":1390,"cluster_size":2,"cluster_confidence":"low"}]}},{"type":"Feature","geometry":{"type":"Point","coordinates":[15.6,40.4]},"properties":{"edcs_id":"EDCS-25700533","findspot":"Sala Consilina / Cosilinum / Atina","raw_text":"I() C() / Largio Speisandro / m() / gloriosissimo / [3]charo / quum(!) urbem properaret / I() V() D() / Carvilia coniu(n)x benlac() p() A() V() C() [3] V() C() C()","date_from":null,"date_to":null,"marker_gender":"mixed","is_individual":false,"edcs_url":"https://edcs.hist.uzh.ch/en/document?edcs-id=EDCS-25700533","persons":[{"nomen":"","gender":"male","raw_name":"Largio Speisandro","cognomen":"Largius Speisander"},{"nomen":"Carvilia","gender":"female","raw_name":"Carvilia","status":"coniunx"}]}},{"type":"Feature","geometry":{"type":"Point","coordinates":[15.6,40.4]},"properties":{"edcs_id":"EDCS-25700534","findspot":"Sala Consilina / Cosilinum / Atina","raw_text":"Cleopatra Domitillae / filiae dulcissimae / haec lacrymans(!) / posuit","date_from":null,"date_to":null,"marker_gender":"female","is_individual":false,"edcs_url":"https://edcs.hist.uzh.ch/en/document?edcs-id=EDCS-25700534","persons":[{"nomen":"","gender":"female","raw_name":"Cleopatra","cognomen":"Cleopatra"},{"nomen":"Domitilla","gender":"female","raw_name":"Domitillae","status":"filia dulcissima"}]}},{"type":"Feature","geometry":{"type":"Point","coordinates":[15.66,40.34]},"properties":{"edcs_id":"EDCS-25700535","findspot":"Padula / Cosilinum","raw_text":"Eselillus Nep(os) M() / Princeps [","date_from":null,"date_to":null,"marker_gender":"male","is_individual":false,"edcs_url":"https://edcs.hist.uzh.ch/en/document?edcs-id=EDCS-25700535","persons":[{"nomen":"","gender":"male","raw_name":"Eselillus","cognomen":"Eselillus"},{"nomen":"","gender":"male","raw_name":"Princeps","cognomen":"Princeps"}]}},{"type":"Feature","geometry":{"type":"Point","coordinates":[15.66,40.34]},"properties":{"edcs_id":"EDCS-25700536","findspot":"Padula / Cosilinum","raw_text":"D(is) M(anibus) / L(ucius) Marcus mil(es) m() A() / blandi p() p() civ() / D B OR DD PP E / q(ui) v(ixit) a(nnos) LXIII","date_from":null,"date_to":null,"marker_gender":"male","is_individual":false,"edcs_url":"https://edcs.hist.uzh.ch/en/document?edcs-id=EDCS-25700536","persons":[{"nomen":"","gender":"male","raw_name":"L(ucius) Marcus","praenomen":"Lucius","cognomen":"Marcus","status":"miles"}]}},{"type":"Feature","geometry":{"type":"Point","coordinates":[15.56,40.46]},"properties":{"edcs_id":"EDCS-25700537","findspot":"Atena Lucana / Atina","raw_text":"Lucius X l() miles R(omanus) / P() honorib(us) Gen() / mun() sub / amphit(h)ea(trum) [3] / R() F() P() P()","date_from":null,"date_to":null,"marker_gender":"male","is_individual":false,"edcs_url":"https://edcs.hist.uzh.ch/en/document?edcs-id=EDCS-25700537","persons":[{"nomen":"","gender":"male","raw_name":"Lucius","praenomen":"Lucius","status":"miles Romanus"}]}},{"type":"Feature","geometry":{"type":"Point","coordinates":[15.56,40.46]},"properties":{"edcs_id":"EDCS-25700538","findspot":"Atena Lucana / Atina","raw_text":"C(aio) Nummuleio C(ai) f(ilio) Ter(etina) / Potho veterano / leg(ionis) Primae Miner/vae p(iae) f(idelis) vixit ann(os) / XCV m(enses) VII d(ies) IIX / L(ucius) Nummuleius L(uci) f(ilius) / Terent(ius) / Merellus / Atinat() patronus / posuit ex test(amento) / l() d() d() d() h()","date_from":null,"date_to":null,"marker_gender":"male","is_individual":false,"edcs_url":"https://edcs.hist.uzh.ch/en/document?edcs-id=EDCS-25700538","persons":[{"nomen":"Nummuleius","gender":"male","raw_name":"C. Nummuleio C. f. Ter. Potho","praenomen":"Caius","cognomen":"Pothus","status":"filius Caii, tribus Teretina, veteranus legionis Primae Minervae"},{"nomen":"Nummuleius","gender":"male","raw_name":"L. Nummuleius L. f. Terent. Merellus Atinat.","praenomen":"Lucius","cognomen":"Merellus","status":"filius Lucii, tribus Terentina, patronus"}]}},{"type":"Feature","geometry":{"type":"Point","coordinates":[15.54,40.38]},"properties":{"edcs_id":"EDCS-25700539","findspot":"Teggiano / Tegianum","raw_text":"Diocletianus Rom(anus) Maximianus Herculeus uno tempore imperium Romanum amplificaverunt alter Galerium in oriente alter Constantium in occidente adoptavere Caesaresque fecere","date_from":null,"date_to":null,"marker_gender":"male","is_individual":false,"edcs_url":"https://edcs.hist.uzh.ch/en/document?edcs-id=EDCS-25700539","persons":[{"nomen":"","gender":"male","raw_name":"Diocletianus","cognomen":"Diocletianus","status":"imperator, Romanus","is_imperial":true},{"nomen":"","gender":"male","raw_name":"Maximianus","cognomen":"Maximianus","status":"imperator, Herculeus","is_imperial":true},{"nomen":"","gender":"male","raw_name":"Galerium","cognomen":"Galerius","status":"Caesar","is_imperial":true},{"nomen":"","gender":"male","raw_name":"Constantium","cognomen":"Constantius","status":"Caesar","is_imperial":true}]}},{"type":"Feature","geometry":{"type":"Point","coordinates":[15.37,40.63]},"properties":{"edcs_id":"EDCS-25700541","findspot":"Buccino / Volcei","raw_text":"D(is) M(anibus) L(ucius) Valerius Maximillus d() c() Domician() pincerna adolescens molissimus immaturo obitu ereptus ex mortalium coetu hic iacet d() c() Domicianus et funeris munus et sepulc{h}ri honestamenta fecit olympiadus XXI","date_from":null,"date_to":null,"marker_gender":"male","is_individual":false,"edcs_url":"https://edcs.hist.uzh.ch/en/document?edcs-id=EDCS-25700541","persons":[{"nomen":"Valerius","gender":"male","raw_name":"L. Valerius Maximillus","praenomen":"Lucius","cognomen":"Maximillus","status":"pincerna, adolescens, molissimus"},{"nomen":"Domitianus","gender":"male","raw_name":"Domicianus","is_imperial":true}]}},{"type":"Feature","geometry":{"type":"Point","coordinates":[15.37,40.63]},"properties":{"edcs_id":"EDCS-25700542","findspot":"Buccino / Volcei","raw_text":"D(is) M(anibus) P(ublius) Varro Atacinus plenissimus opum vix funeris impensam reliquit is omnibus exemplo esse debet quam intersit vivum esse avarum si nihil funeri supersit a Cristilla effusissima uxor avaro viro posuit is vix(it) annis XLVIII m(ensibus) X d(iebus) XVIII","date_from":null,"date_to":null,"marker_gender":"mixed","is_individual":false,"edcs_url":"https://edcs.hist.uzh.ch/en/document?edcs-id=EDCS-25700542","persons":[{"nomen":"","gender":"male","raw_name":"P. Varro Atacinus","praenomen":"Publius","cognomen":"Varro Atacinus"},{"nomen":"","gender":"female","raw_name":"Cristilla","cognomen":"Cristilla","status":"uxor"}]}},{"type":"Feature","geometry":{"type":"Point","coordinates":[15.37,40.63]},"properties":{"edcs_id":"EDCS-25700544","findspot":"Buccino / Volcei","raw_text":"Laetitiae sign() / C(aius) Domitius C(ai) f(ilius) Bassus coh(ortis) / III leg(ionis) Italicae praefect(us) / mil(itum) et fabrorum tector","date_from":null,"date_to":null,"marker_gender":"male","is_individual":false,"edcs_url":"https://edcs.hist.uzh.ch/en/document?edcs-id=EDCS-25700544","persons":[{"nomen":"Domitius","gender":"male","raw_name":"C. Domitius C. f. Bassus","praenomen":"Gaius","cognomen":"Bassus","status":"filius Caii, praefectus cohortis III legionis Italicae, praefectus militum, faber tector"}]}},{"type":"Feature","geometry":{"type":"Point","coordinates":[16.27,38.24]},"properties":{"edcs_id":"EDCS-25900210","findspot":"Locri / Locri Epizephyrii","raw_text":"[3 Κορ]νήλιος Π(οπλίου) υ(ἱὸς) Μαθα[3] / [3] υ(ἱὸς) Λαπίρων ΝΕΑ[3]","date_from":-100,"date_to":-1,"marker_gender":"male","is_individual":false,"edcs_url":"https://edcs.hist.uzh.ch/en/document?edcs-id=EDCS-25900210","persons":[{"nomen":"Cornelius","gender":"male","raw_name":"[3 Κορ]νήλιος Π(οπλίου) υ(ἱὸς) Μαθα[3]","status":"filius Publii"},{"nomen":"","gender":"male","raw_name":"Λαπίρων","cognomen":"Lapiron"}]}},{"type":"Feature","geometry":{"type":"Point","coordinates":[15.64,38.1]},"properties":{"edcs_id":"EDCS-25900217","findspot":"Reggio di Calabria / Reggio Calabria / Regium Iulium","raw_text":"[ἐ]πὶ γυμνασιάρχων / Φιλονίδα τοῦ Φιλονίδα / Ὀνομάσστου τοῦ / Ἀγησίππου / γραμματέος Μυΐσκου / τοῦ Μυΐσκου / ὁ δᾶμος τῶν Ῥηγίνων / Γάϊον Νωρβανὸν Γαΐου υἱόν","date_from":null,"date_to":null,"marker_gender":"male","is_individual":false,"edcs_url":"https://edcs.hist.uzh.ch/en/document?edcs-id=EDCS-25900217","persons":[{"nomen":"","gender":"male","raw_name":"Φιλονίδα","cognomen":"Philonidas","status":"gymnasiarchus","cluster_id":1563,"cluster_size":2,"cluster_confidence":"low"},{"nomen":"","gender":"male","raw_name":"Ὀνομάσστου","cognomen":"Onomastus","status":"gymnasiarchus","cluster_id":1564,"cluster_size":2,"cluster_confidence":"low"},{"nomen":"","gender":"male","raw_name":"Ἀγησίππου","cognomen":"Agesippus","cluster_id":1565,"cluster_size":2,"cluster_confidence":"low"},{"nomen":"","gender":"male","raw_name":"Μυΐσκου","cognomen":"Myiscus","status":"grammateus","cluster_id":1566,"cluster_size":2,"cluster_confidence":"low"},{"nomen":"Norbanus","gender":"male","raw_name":"Γάϊον Νωρβανὸν Γαΐου υἱόν","praenomen":"Gaius","status":"filius Gaii"}]}},{"type":"Feature","geometry":{"type":"Point","coordinates":[14.96,40.48]},"properties":{"edcs_id":"EDCS-26500754","findspot":"Sele, Fiume / Silarus","raw_text":"Post(umi) Cur(ti)","date_from":null,"date_to":null,"marker_gender":"male","is_individual":false,"edcs_url":"https://edcs.hist.uzh.ch/en/document?edcs-id=EDCS-26500754","persons":[{"nomen":"Postumius","gender":"male","raw_name":"Post(umi) Cur(ti)","cognomen":"Curtius"}]}},{"type":"Feature","geometry":{"type":"Point","coordinates":[15.01,40.42]},"properties":{"edcs_id":"EDCS-26500784","findspot":"Capaccio / Poseidonia / Paestum","raw_text":"P(ublius) Claudius C(ai) f(ilius) / C(aius) Sexstilius(!) L(uci) f(ilius) / duovir{e}i / de sen(atus) sent(entia)","date_from":-70,"date_to":-31,"marker_gender":"male","is_individual":false,"edcs_url":"https://edcs.hist.uzh.ch/en/document?edcs-id=EDCS-26500784","persons":[{"nomen":"Claudius","gender":"male","raw_name":"P. Claudius C. f.","praenomen":"Publius","status":"filius Caii, duovir"},{"nomen":"Sextilius","gender":"male","raw_name":"C. Sexstilius L. f.","praenomen":"Gaius","status":"filius Lucii, duovir"}]}},{"type":"Feature","geometry":{"type":"Point","coordinates":[15.49,40.57]},"properties":{"edcs_id":"EDCS-26500791","findspot":"Caggiano / Atina","raw_text":"Vibia Vesonia Dec(imi) f(ilia)","date_from":-60,"date_to":-41,"marker_gender":"female","is_individual":false,"edcs_url":"https://edcs.hist.uzh.ch/en/document?edcs-id=EDCS-26500791","persons":[{"nomen":"Vibia","gender":"female","raw_name":"Vibia Vesonia Dec(imi) f(ilia)","cognomen":"Vesonia","status":"filia Decimi"}]}},{"type":"Feature","geometry":{"type":"Point","coordinates":[16.1,38.68]},"properties":{"edcs_id":"EDCS-26500794","findspot":"Vibo Valentia / Monteleone Calabro / Hipponium","raw_text":"] Classicus IIIIv[ir(i) iur(e) dic(undo)] / [L(ucio) L]icinio L(uci) f(ilio) Crasso P(ublio) Al[3] / [P]ollione Q(uinto) Q(uinto) Anicio L(uci) f(ilio) [3] / [3] Decidio C(ai) f(ilio) Rufo C(aio) M[3] / [3] C(aio) Egnatio C(ai) f(ilio) Rufo C(aio) M[3] / [3] murum reficiundum e[","date_from":-60,"date_to":-41,"marker_gender":"male","is_individual":false,"edcs_url":"https://edcs.hist.uzh.ch/en/document?edcs-id=EDCS-26500794","persons":[{"nomen":"","gender":"male","raw_name":"] Classicus","cognomen":"Classicus","status":"IIIIvir iure dicundo"},{"nomen":"Licinius","gender":"male","raw_name":"[L. L]icinio L. f. Crasso","praenomen":"Lucius","cognomen":"Crassus","status":"filius Lucii, IIIIvir iure dicundo","cluster_id":873,"cluster_size":2},{"nomen":"","gender":"male","raw_name":"P. Al[3] [P]ollione","praenomen":"Publius","cognomen":"Pollio","status":"IIIIvir iure dicundo","cluster_id":1868,"cluster_size":2,"cluster_confidence":"low"},{"nomen":"Anicius","gender":"male","raw_name":"Q. Q. Anicio L. f.","praenomen":"Quintus","status":"filius Lucii, IIIIvir iure dicundo"},{"nomen":"Decidius","gender":"male","raw_name":"[3] Decidio C. f. Rufo","cognomen":"Rufus","status":"filius Caii, IIIIvir iure dicundo"},{"nomen":"Egnatius","gender":"male","raw_name":"C. Egnatio C. f. Rufo","praenomen":"Gaius","cognomen":"Rufus","status":"filius Caii, IIIIvir iure dicundo"}]}},{"type":"Feature","geometry":{"type":"Point","coordinates":[15.37,40.63]},"properties":{"edcs_id":"EDCS-26700392","findspot":"Buccino / Volcei","raw_text":"Ac(h)il(l)es K XXIV IX urn(arum) / IX urn(arum) LXXIIS / K XXII","date_from":null,"date_to":null,"marker_gender":"male","is_individual":false,"edcs_url":"https://edcs.hist.uzh.ch/en/document?edcs-id=EDCS-26700392","persons":[{"nomen":"","gender":"male","raw_name":"Ac(h)il(l)es","cognomen":"Achilles"}]}},{"type":"Feature","geometry":{"type":"Point","coordinates":[15.37,40.63]},"properties":{"edcs_id":"EDCS-26700393","findspot":"Buccino / Volcei","raw_text":"XXXVII urn(arum) LIX / Bulos(?) K X","date_from":null,"date_to":null,"marker_gender":"male","is_individual":false,"edcs_url":"https://edcs.hist.uzh.ch/en/document?edcs-id=EDCS-26700393","persons":[{"nomen":"","gender":"male","raw_name":"Bulos","cognomen":"Bulus"}]}},{"type":"Feature","geometry":{"type":"Point","coordinates":[15.37,40.63]},"properties":{"edcs_id":"EDCS-26700402","findspot":"Buccino / Volcei","raw_text":"N(umerius) Hercleidius Pac(i) f(ilius)","date_from":null,"date_to":null,"marker_gender":"male","is_individual":false,"edcs_url":"https://edcs.hist.uzh.ch/en/document?edcs-id=EDCS-26700402","persons":[{"nomen":"Hercleidius","gender":"male","raw_name":"N(umerius) Hercleidius Pac(i) f(ilius)","praenomen":"Numerius","status":"filius Pacis"}]}},{"type":"Feature","geometry":null,"properties":{"edcs_id":"EDCS-26700420","findspot":"Palomonte","raw_text":"ercleidius Paci filius","date_from":null,"date_to":null,"marker_gender":"male","is_individual":true,"edcs_url":"https://edcs.hist.uzh.ch/en/document?edcs-id=EDCS-26700420","persons":[{"nomen":"","gender":"male","raw_name":"[3]ercleidius Pac(i) f(ilius)","cognomen":"Ercleidius","status":"filius Pacii","is_deity":true,"cluster_confidence":"excluded"}]}},{"type":"Feature","geometry":{"type":"Point","coordinates":[17.05,39.26]},"properties":{"edcs_id":"EDCS-29900306","findspot":"Strongoli / Petelia","raw_text":"Dis Man(ibus) / Arellia Attice / vix(it) an(nos) LX s(it) t(ibi) t(erra) l(evis)","date_from":51,"date_to":125,"marker_gender":"female","is_individual":false,"edcs_url":"https://edcs.hist.uzh.ch/en/document?edcs-id=EDCS-29900306","persons":[{"nomen":"Arellia","gender":"female","raw_name":"Arellia Attice","cognomen":"Attice"}]}},{"type":"Feature","geometry":{"type":"Point","coordinates":[15.64,38.1]},"properties":{"edcs_id":"EDCS-31300241","findspot":"Reggio di Calabria / Reggio Calabria / Regium Iulium","raw_text":"Corneliae M(arci) f(iliae) Severinae Bassi / huic Regini Iulienses o(rdo) p(opulus)q(ue) publice / privatimque dum vixit et postea de se / optime meritae statuas cl<u=I>peosque / pecunia publica poni iussit / T(itus) Flavius T(iti) f(ilius) Pal(atina) Severinus Cornelius / Saturninus heres sumptu r(ei) p(ublicae) remisso / de suo posuit l(ocus) d(atus) d(ecreto) d(ecurionum)","date_from":101,"date_to":200,"marker_gender":"mixed","is_individual":false,"edcs_url":"https://edcs.hist.uzh.ch/en/document?edcs-id=EDCS-31300241","persons":[{"nomen":"Cornelia","gender":"female","raw_name":"Corneliae M(arci) f(iliae) Severinae Bassi","cognomen":"Severina Bassus","status":"filia Marci","cluster_id":578,"cluster_size":2},{"nomen":"Flavius","gender":"male","raw_name":"T(itus) Flavius T(iti) f(ilius) Pal(atina) Severinus Cornelius   Saturninus","praenomen":"Titus","cognomen":"Severinus Cornelius Saturninus","status":"filius Titi, tribus Palatina, heres","cluster_id":579,"cluster_size":2}]}},{"type":"Feature","geometry":{"type":"Point","coordinates":[17.05,39.26]},"properties":{"edcs_id":"EDCS-31300248","findspot":"Strongoli / Petelia","raw_text":"Luciliae C(ai) f(iliae) Isau/ricae / municipes Petelini / ex aere conlato / in cuius memoriam / Megonius Leo / rei p(ublicae) HS C m(ilia) n(ummum) / legavit","date_from":138,"date_to":161,"marker_gender":"mixed","is_individual":false,"edcs_url":"https://edcs.hist.uzh.ch/en/document?edcs-id=EDCS-31300248","persons":[{"nomen":"Lucilia","gender":"female","raw_name":"Luciliae C(ai) f(iliae) Isauricae","cognomen":"Isaurica","status":"filia Caii"},{"nomen":"Megonius","gender":"male","raw_name":"Megonius Leo","cognomen":"Leo","cluster_id":759,"cluster_size":5}]}},{"type":"Feature","geometry":{"type":"Point","coordinates":[17.05,39.26]},"properties":{"edcs_id":"EDCS-31300249","findspot":"Strongoli / Petelia","raw_text":"Caediciae L(uci) f(iliae) / Iridi / municipes ex / aere conlato / ob merita Mego/ni Leonis fili(i) eius / in cuius memori/am Leo rei p(ublicae) HS C / m(ilia) n(ummum) / legavit","date_from":138,"date_to":161,"marker_gender":"mixed","is_individual":false,"edcs_url":"https://edcs.hist.uzh.ch/en/document?edcs-id=EDCS-31300249","persons":[{"nomen":"Caedicia","gender":"female","raw_name":"Caediciae L(uci) f(iliae) Iridi","cognomen":"Iris","status":"filia Lucii"},{"nomen":"Megonius","gender":"male","raw_name":"Megoni Leonis fili(i)","cognomen":"Leo","status":"filius Megonii Leonis","cluster_id":759,"cluster_size":5},{"nomen":"Megonius","gender":"male","raw_name":"Leo","cognomen":"Leo","cluster_id":759,"cluster_size":5}]}},{"type":"Feature","geometry":{"type":"Point","coordinates":[15.17,40.15]},"properties":{"edcs_id":"EDCS-31300250","findspot":"Marina di Ascea / Castellammare di Velia / Castellamare della Bruca / Castellammare / Elea / Velia","raw_text":"[3 Co]rnelius L(uci) f(ilius) Rom(ilia) Gemellus / [aed(ilis?)] bis q(uaestor) IIIIvir iur(e) dic(undo) bis «gymnas»/«[i]archus ter t(er?) IIII i(ure) d(icundo)»","date_from":-50,"date_to":50,"marker_gender":"male","is_individual":false,"edcs_url":"https://edcs.hist.uzh.ch/en/document?edcs-id=EDCS-31300250","persons":[{"nomen":"Cornelius","gender":"male","raw_name":"[3 Co]rnelius L(uci) f(ilius) Rom(ilia) Gemellus","cognomen":"Gemellus","status":"filius Lucii, tribus Romilia, aedilis, quaestor, IIIIvir iure dicundo, gymnasiarchus"}]}},{"type":"Feature","geometry":{"type":"Point","coordinates":[15.01,40.42]},"properties":{"edcs_id":"EDCS-32900012","findspot":"Capaccio / Poseidonia / Paestum","raw_text":"]is M[3] / L(uci) Rabili [3] / mil(itis) coh(ortis) [3] / |(centuria) Tif[","date_from":101,"date_to":200,"marker_gender":"male","is_individual":false,"edcs_url":"https://edcs.hist.uzh.ch/en/document?edcs-id=EDCS-32900012","persons":[{"nomen":"Rabilius","gender":"male","raw_name":"L(uci) Rabili","praenomen":"Lucius","status":"miles cohortis"}]}},{"type":"Feature","geometry":{"type":"Point","coordinates":[15.64,38.1]},"properties":{"edcs_id":"EDCS-32900026","findspot":"Reggio di Calabria / Reggio Calabria / Regium Iulium","raw_text":"C(ai) Plaet(ori) Crusti","date_from":null,"date_to":null,"marker_gender":"male","is_individual":false,"edcs_url":"https://edcs.hist.uzh.ch/en/document?edcs-id=EDCS-32900026","persons":[{"nomen":"Plaetorius","gender":"male","raw_name":"C(ai) Plaet(ori) Crusti","praenomen":"Gaius","cognomen":"Crustus"}]}},{"type":"Feature","geometry":{"type":"Point","coordinates":[15.64,38.1]},"properties":{"edcs_id":"EDCS-32900028","findspot":"Reggio di Calabria / Reggio Calabria / Regium Iulium","raw_text":"(H)ierax","date_from":null,"date_to":null,"marker_gender":"male","is_individual":false,"edcs_url":"https://edcs.hist.uzh.ch/en/document?edcs-id=EDCS-32900028","persons":[{"nomen":"","gender":"male","raw_name":"(H)ierax","cognomen":"Hierax"}]}},{"type":"Feature","geometry":{"type":"Point","coordinates":[15.64,38.1]},"properties":{"edcs_id":"EDCS-34300257","findspot":"Reggio di Calabria / Reggio Calabria / Regium Iulium","raw_text":"M(arco) Aemil(io) M(arci) f(ilio) / Flavio Iuliano / Latiniano c(larissimo) v(iro) / patrono / <q=C>ui cum Regini Iul(ienses) / aere conlata statuam / destina(vi)ssent is / honore contentus / s(ua) p(ecunia) p(osuit)","date_from":101,"date_to":200,"marker_gender":"male","is_individual":false,"edcs_url":"https://edcs.hist.uzh.ch/en/document?edcs-id=EDCS-34300257","persons":[{"nomen":"Aemilius","gender":"male","raw_name":"M(arco) Aemil(io) M(arci) f(ilio)   Flavio Iuliano   Latiniano","praenomen":"Marcus","cognomen":"Flavius Iulianus Latinianus","status":"filius Marci, clarissimus vir, patronus"}]}},{"type":"Feature","geometry":{"type":"Point","coordinates":[15.64,38.1]},"properties":{"edcs_id":"EDCS-34300258","findspot":"Reggio di Calabria / Reggio Calabria / Regium Iulium","raw_text":"Iuliae C(ai) f(iliae) Aemi/liae Callittae / c(larissimae) f(eminae) sacerdo/ti ob multa / merita eius / R(egini) Iul(ienses) s(ua) p(ecunia) / d(ecreto) d(ecurionum)","date_from":101,"date_to":200,"marker_gender":"female","is_individual":false,"edcs_url":"https://edcs.hist.uzh.ch/en/document?edcs-id=EDCS-34300258","persons":[{"nomen":"Iulia","gender":"female","raw_name":"Iuliae C(ai) f(iliae) Aemiliae Callittae","cognomen":"Aemilia Callitta","status":"filia Caii, clarissima femina, sacerdos"}]}},{"type":"Feature","geometry":{"type":"Point","coordinates":[15.64,38.1]},"properties":{"edcs_id":"EDCS-34300259","findspot":"Reggio di Calabria / Reggio Calabria / Regium Iulium","raw_text":"Hyginu[s] / [si]bi et / [","date_from":null,"date_to":null,"marker_gender":"male","is_individual":false,"edcs_url":"https://edcs.hist.uzh.ch/en/document?edcs-id=EDCS-34300259","persons":[{"nomen":"","gender":"male","raw_name":"Hyginu[s]","cognomen":"Hyginus"}]}},{"type":"Feature","geometry":{"type":"Point","coordinates":[15.66,37.98]},"properties":{"edcs_id":"EDCS-34300260","findspot":"Lazzaro / Leucopetra / Regium Iulium","raw_text":"D(is) M(anibus) / Caliste / vixit an(nos) / VII fec(it) Cryso/gonus pat(e)r","date_from":null,"date_to":null,"marker_gender":"mixed","is_individual":false,"edcs_url":"https://edcs.hist.uzh.ch/en/document?edcs-id=EDCS-34300260","persons":[{"nomen":"","gender":"female","raw_name":"Caliste","cognomen":"Caliste"},{"nomen":"","gender":"male","raw_name":"Cryso gonus","cognomen":"Chrysogonus","status":"pater"}]}},{"type":"Feature","geometry":{"type":"Point","coordinates":[15.86,38.36]},"properties":{"edcs_id":"EDCS-34300261","findspot":"Palmi / Taurianum","raw_text":"[D(is)] M(anibus) B(onis) / [C]hrysogono / [a]vo Lartianus / nep(os) b(ene) m(erenti) d(e) s(uo) f(ecit) / vixit ann(os) LXXV","date_from":151,"date_to":250,"marker_gender":"male","is_individual":false,"edcs_url":"https://edcs.hist.uzh.ch/en/document?edcs-id=EDCS-34300261","persons":[{"nomen":"","gender":"male","raw_name":"[C]hrysogono","cognomen":"Chrysogonus","status":"avus"},{"nomen":"Lartianus","gender":"male","raw_name":"Lartianus","status":"nepos"}]}},{"type":"Feature","geometry":{"type":"Point","coordinates":[15.86,38.36]},"properties":{"edcs_id":"EDCS-34300263","findspot":"Palmi / Taurianum","raw_text":"[D(is)] M(anibus) / [La]ridia(?) / [Tha]llusa(?) / [q(uae)] v(ixit) a(nnos) XXXX / [3] m(aritus?) / coni/[ugi f]ec(it)","date_from":151,"date_to":250,"marker_gender":"female","is_individual":false,"edcs_url":"https://edcs.hist.uzh.ch/en/document?edcs-id=EDCS-34300263","persons":[{"nomen":"Laridia","gender":"female","raw_name":"[La]ridia [Tha]llusa","cognomen":"Thallusa"}]}},{"type":"Feature","geometry":{"type":"Point","coordinates":[16.22,38.27]},"properties":{"edcs_id":"EDCS-34300265","findspot":"Gerace / Locri Epizephyrii","raw_text":"Corneliae / M(arci) f(iliae) / [3]ite / [","date_from":31,"date_to":150,"marker_gender":"female","is_individual":false,"edcs_url":"https://edcs.hist.uzh.ch/en/document?edcs-id=EDCS-34300265","persons":[{"nomen":"Cornelia","gender":"female","raw_name":"Corneliae","status":"filia Marci"}]}},{"type":"Feature","geometry":{"type":"Point","coordinates":[16.21,38.56]},"properties":{"edcs_id":"EDCS-34300267","findspot":"Arena / Ager Teuranus","raw_text":"D(is) M(anibus) s(acrum) / Iucunda / vix(it) an(nis) II m(ensibus) III / di(e)bus XI pater / <f=E>ili(a)e dulcissm(a)e","date_from":201,"date_to":300,"marker_gender":"female","is_individual":true,"edcs_url":"https://edcs.hist.uzh.ch/en/document?edcs-id=EDCS-34300267","persons":[{"nomen":"","gender":"female","raw_name":"Iucunda","cognomen":"Iucunda"}]}},{"type":"Feature","geometry":{"type":"Point","coordinates":[17.05,39.27]},"properties":{"edcs_id":"EDCS-34300268","findspot":"Strongoli / Petelia","raw_text":"]LR[3] / [3]ro co(n)s(uli?) P[3] / [3] M(arci) f(ilio) Mar[","date_from":null,"date_to":null,"marker_gender":"male","is_individual":false,"edcs_url":"https://edcs.hist.uzh.ch/en/document?edcs-id=EDCS-34300268","persons":[{"nomen":"","gender":"male","raw_name":"M(arci) f(ilio) Mar[","praenomen":"Marcus","status":"filius Marci"}]}},{"type":"Feature","geometry":{"type":"Point","coordinates":[17.05,39.27]},"properties":{"edcs_id":"EDCS-34300269","findspot":"Strongoli / Petelia","raw_text":"] Aug[3] / [3] Flav[","date_from":null,"date_to":null,"marker_gender":"male","is_individual":false,"edcs_url":"https://edcs.hist.uzh.ch/en/document?edcs-id=EDCS-34300269","persons":[{"nomen":"Flavius","gender":"male","raw_name":"Flav["}]}},{"type":"Feature","geometry":{"type":"Point","coordinates":[15.8,40.64]},"properties":{"edcs_id":"EDCS-34300272","findspot":"Potenza / Potentia","raw_text":"Festus hic / situs est / annorum IIX","date_from":null,"date_to":null,"marker_gender":"male","is_individual":false,"edcs_url":"https://edcs.hist.uzh.ch/en/document?edcs-id=EDCS-34300272","persons":[{"nomen":"","gender":"male","raw_name":"Festus","cognomen":"Festus"}]}},{"type":"Feature","geometry":{"type":"Point","coordinates":[15.8,40.64]},"properties":{"edcs_id":"EDCS-34300273","findspot":"Potenza / Potentia","raw_text":"D(is) M(anibus) // Fla<v=B>i(a)e Beru<l=I>/aneni(?) co(n)iugi qu<ae=I> / vixit [an]nis XXVI / P(ublius) Oc[ci]us Iu[li]a[nu]/s CV[3]OV/T an(n)is XVII / b(ene) m(erenti)","date_from":null,"date_to":null,"marker_gender":"mixed","is_individual":false,"edcs_url":"https://edcs.hist.uzh.ch/en/document?edcs-id=EDCS-34300273","persons":[{"nomen":"Flavia","gender":"female","raw_name":"Flaviae Berulaneni","cognomen":"Berulanenis","status":"coniunx"},{"nomen":"Occius","gender":"male","raw_name":"P. Occius Iulianus","praenomen":"Publius","cognomen":"Iulianus"}]}},{"type":"Feature","geometry":null,"properties":{"edcs_id":"EDCS-34300274","findspot":"Pignola","raw_text":"Mario Amando I aphro et us Caesaris servi et parentes qui vixit annos XVII filio pientissimo et sibi fecerunt","date_from":null,"date_to":null,"marker_gender":"male","is_individual":true,"edcs_url":"https://edcs.hist.uzh.ch/en/document?edcs-id=EDCS-34300274","persons":[{"nomen":"Marius","gender":"male","raw_name":"Ma<r=I>io Ama<n=I>do","cognomen":"Amandus"},{"nomen":"","gender":"male","raw_name":"I[3]aphro","cognomen":"Aphro"}]}},{"type":"Feature","geometry":null,"properties":{"edcs_id":"EDCS-34300275","findspot":"Pignola","raw_text":"Sabina Caesaris nostri serva sit tibi terra levis vixit annos XIII Sabinus pater magister et Aucta filiae karissimae posuerunt vale","date_from":null,"date_to":null,"marker_gender":"mixed","is_individual":true,"edcs_url":"https://edcs.hist.uzh.ch/en/document?edcs-id=EDCS-34300275","persons":[{"nomen":"","gender":"female","raw_name":"Sabina Caes(aris) n(ostri) ser(va)","cognomen":"Sabina","status":"serva Caesaris"},{"nomen":"","gender":"male","raw_name":"Sabinus","cognomen":"Sabinus","status":"pater, magister"},{"nomen":"","gender":"female","raw_name":"Aucta","cognomen":"Aucta","status":"filia"}]}},{"type":"Feature","geometry":null,"properties":{"edcs_id":"EDCS-34300276","findspot":"Pignola","raw_text":"PONI IC vixit annos ves Victor maritus coniugi bene merenti posuit","date_from":null,"date_to":null,"marker_gender":"male","is_individual":true,"edcs_url":"https://edcs.hist.uzh.ch/en/document?edcs-id=EDCS-34300276","persons":[{"nomen":"","gender":"male","raw_name":"Victor[3]","cognomen":"Victor"}]}},{"type":"Feature","geometry":{"type":"Point","coordinates":[15.89,40.28]},"properties":{"edcs_id":"EDCS-34300278","findspot":"Grumento Nova / Grumentum","raw_text":"Q(uinto) Vibiedio / Philarg<yro=IVR> / ministr(o) Lar(um) Aug(ustorum) / August(ali) Merc(urialis) / Eusebi(us) et / pater fec(erunt)","date_from":null,"date_to":null,"marker_gender":"male","is_individual":false,"edcs_url":"https://edcs.hist.uzh.ch/en/document?edcs-id=EDCS-34300278","persons":[{"nomen":"Vibiedius","gender":"male","raw_name":"Q(uinto) Vibiedio Philarg<yro=IVR> ministr(o) Lar(um) Aug(ustorum) August(ali) Merc(urialis)","praenomen":"Quintus","cognomen":"Philargyrus","status":"minister Larum Augustorum, Augustalis Mercurialis","cluster_id":376,"cluster_size":2},{"nomen":"","gender":"male","raw_name":"Eusebi(us)","cognomen":"Eusebius"}]}},{"type":"Feature","geometry":{"type":"Point","coordinates":[15.89,40.28]},"properties":{"edcs_id":"EDCS-34300279","findspot":"Grumento Nova / Grumentum","raw_text":"Attiae / Vitalidi / Volum/nius Pothi<n=LI>us / sorori / b(ene) m(erenti) f(ecit)","date_from":null,"date_to":null,"marker_gender":"mixed","is_individual":false,"edcs_url":"https://edcs.hist.uzh.ch/en/document?edcs-id=EDCS-34300279","persons":[{"nomen":"Attia","gender":"female","raw_name":"Attiae Vitalidi","cognomen":"Vitalis"},{"nomen":"Volumnius","gender":"male","raw_name":"Volumnius Pothi<n=LI>us","cognomen":"Pothinus"}]}},{"type":"Feature","geometry":{"type":"Point","coordinates":[15.89,40.28]},"properties":{"edcs_id":"EDCS-34300280","findspot":"Grumento Nova / Grumentum","raw_text":"filiae] / [in]felicissima[e 3] / [3] Nome mater [3] / qu(a)e vixit an(nos) XX[3] / dies XV[","date_from":null,"date_to":null,"marker_gender":"female","is_individual":false,"edcs_url":"https://edcs.hist.uzh.ch/en/document?edcs-id=EDCS-34300280","persons":[{"nomen":"","gender":"female","raw_name":"Nome","cognomen":"Noma","status":"mater"}]}},{"type":"Feature","geometry":{"type":"Point","coordinates":[15.49,40.75]},"properties":{"edcs_id":"EDCS-34300281","findspot":"Muro Lucano / Numistro","raw_text":"]pius Feli/cissimus vix(it) / an(nos) LIIII Ma/nilia Fortu/[na]ta c(oniugi) b(ene) m(erenti) f(ecit)","date_from":51,"date_to":150,"marker_gender":"mixed","is_individual":false,"edcs_url":"https://edcs.hist.uzh.ch/en/document?edcs-id=EDCS-34300281","persons":[{"nomen":"","gender":"male","raw_name":"]pius Felicissimus","cognomen":"Felix"},{"nomen":"Manilia","gender":"female","raw_name":"Manilia Fortu[na]ta","cognomen":"Fortunata","status":"coniunx"}]}},{"type":"Feature","geometry":{"type":"Point","coordinates":[15.49,40.75]},"properties":{"edcs_id":"EDCS-34300282","findspot":"Muro Lucano / Numistro","raw_text":"Equitia Ce/lerina vi/x(it) an(nos) LV Al/lia Crito/nilla ma(ter) / b(ene) m(erenti) f(ecit)","date_from":51,"date_to":150,"marker_gender":"female","is_individual":false,"edcs_url":"https://edcs.hist.uzh.ch/en/document?edcs-id=EDCS-34300282","persons":[{"nomen":"Equitia","gender":"female","raw_name":"Equitia Celerina","cognomen":"Celerina"},{"nomen":"Allia","gender":"female","raw_name":"Allia Critonilla","cognomen":"Critonilla","status":"mater"}]}},{"type":"Feature","geometry":{"type":"Point","coordinates":[15.54,40.76]},"properties":{"edcs_id":"EDCS-34300283","findspot":"Bella / Numistro","raw_text":"Felicula / vix(it) an(nos) VI / Atimetus / so(rori?) ka(rissimae?) f(ecit)","date_from":51,"date_to":150,"marker_gender":"mixed","is_individual":true,"edcs_url":"https://edcs.hist.uzh.ch/en/document?edcs-id=EDCS-34300283","persons":[{"nomen":"","gender":"female","raw_name":"Felicula","cognomen":"Felicula"},{"nomen":"","gender":"male","raw_name":"Atimetus","cognomen":"Atimetus","status":"frater"}]}},{"type":"Feature","geometry":{"type":"Point","coordinates":[15.16,40.16]},"properties":{"edcs_id":"EDCS-34300286","findspot":"Marina di Ascea / Castellammare di Velia / Castellamare della Bruca / Castellammare / Elea / Velia","raw_text":"M() E() / Lucretius / adulesce(n)s / amantissimus / vixit ann(os) VIIII / m(ensem) I Spu<r=F>ius / Campanus alum/no b(ene) m(erenti)","date_from":null,"date_to":null,"marker_gender":"male","is_individual":false,"edcs_url":"https://edcs.hist.uzh.ch/en/document?edcs-id=EDCS-34300286","persons":[{"nomen":"Lucretius","gender":"male","raw_name":"Lucretius","status":"adulescens"},{"nomen":"","gender":"male","raw_name":"Spu<r=F>ius Campanus","praenomen":"Spurius","cognomen":"Campanus","status":"alumnus"}]}},{"type":"Feature","geometry":{"type":"Point","coordinates":[15.01,40.42]},"properties":{"edcs_id":"EDCS-34300288","findspot":"Capaccio / Poseidonia / Paestum","raw_text":"Q(uinto) Ceppio Q(uinti) f(ilio) / Maec(ia) Maxim(o) / patrono col(oniae) / lib(erti) Ceppiae / Iustae / rep(onendum) cur(averunt)","date_from":71,"date_to":200,"marker_gender":"mixed","is_individual":false,"edcs_url":"https://edcs.hist.uzh.ch/en/document?edcs-id=EDCS-34300288","persons":[{"nomen":"Ceppius","gender":"male","raw_name":"Q. Ceppio Q. f. Maec. Maximo","praenomen":"Quintus","cognomen":"Maximus","status":"filius Quinti, tribus Maecia, patronus coloniae"},{"nomen":"Ceppia","gender":"female","raw_name":"Ceppiae Iustae","cognomen":"Iusta","status":"liberta"}]}},{"type":"Feature","geometry":{"type":"Point","coordinates":[16.81,40.37]},"properties":{"edcs_id":"EDCS-34300784","findspot":"Metaponto / Metapont / Metapontum","raw_text":"D(omino) n(ostro) Fl(avio) Cl(audio) / Iuliano / [3] Aug(usto)","date_from":null,"date_to":null,"marker_gender":"male","is_individual":false,"edcs_url":"https://edcs.hist.uzh.ch/en/document?edcs-id=EDCS-34300784","persons":[{"nomen":"Flavius","gender":"male","raw_name":"Fl(avio) Cl(audio) Iuliano","cognomen":"Iulianus","status":"Dominus noster, Claudius, Augustus","is_imperial":true,"cluster_id":463,"cluster_size":2}]}},{"type":"Feature","geometry":{"type":"Point","coordinates":[15.97,41.71]},"properties":{"edcs_id":"EDCS-34700139","findspot":"Monte Sant'Angelo","raw_text":"Vini Atic(ini) ANN / Galba et Agrippa co(n)[s(ulibus)]","date_from":22,"date_to":22,"marker_gender":"male","is_individual":false,"edcs_url":"https://edcs.hist.uzh.ch/en/document?edcs-id=EDCS-34700139","persons":[{"nomen":"Aticius","gender":"male","raw_name":"Atic(ini)"},{"nomen":"","gender":"male","raw_name":"Galba","cognomen":"Galba","status":"consul"},{"nomen":"","gender":"male","raw_name":"Agrippa","cognomen":"Agrippa","status":"consul"}]}},{"type":"Feature","geometry":{"type":"Point","coordinates":[15.64,38.1]},"properties":{"edcs_id":"EDCS-34700142","findspot":"Reggio di Calabria / Reggio Calabria / Regium Iulium","raw_text":"Clodi Prisci / [3]OC[3]","date_from":null,"date_to":null,"marker_gender":"male","is_individual":false,"edcs_url":"https://edcs.hist.uzh.ch/en/document?edcs-id=EDCS-34700142","persons":[{"nomen":"Clodius","gender":"male","raw_name":"Clodi Prisci","cognomen":"Priscus"}]}},{"type":"Feature","geometry":{"type":"Point","coordinates":[16.27,38.24]},"properties":{"edcs_id":"EDCS-34700143","findspot":"Locri / Locri Epizephyrii","raw_text":"Saturnini v(iri) c(larissimi)","date_from":null,"date_to":null,"marker_gender":"male","is_individual":false,"edcs_url":"https://edcs.hist.uzh.ch/en/document?edcs-id=EDCS-34700143","persons":[{"nomen":"","gender":"male","raw_name":"Saturnini","cognomen":"Saturninus","status":"vir clarissimus","cluster_id":1116,"cluster_size":2,"cluster_confidence":"low"}]}},{"type":"Feature","geometry":{"type":"Point","coordinates":[16.27,38.24]},"properties":{"edcs_id":"EDCS-34700145","findspot":"Locri / Locri Epizephyrii","raw_text":"D(is) M(anibus) / Vageilio / Uliaisanto / vix(it) a(nnis) VII / diebus [1]I[1] / f{e}il(i)o paren/tes fecerunt","date_from":null,"date_to":null,"marker_gender":"male","is_individual":false,"edcs_url":"https://edcs.hist.uzh.ch/en/document?edcs-id=EDCS-34700145","persons":[{"nomen":"Vageilius","gender":"male","raw_name":"Vageilio Uliaisanto","cognomen":"Uliaisantus","status":"filius"}]}},{"type":"Feature","geometry":{"type":"Point","coordinates":[16.11,38.39]},"properties":{"edcs_id":"EDCS-34700147","findspot":"San Giorgio Morgeto","raw_text":"Nonia / Longina / vixit an(nis) XVIIII / dieb(us) XX","date_from":1,"date_to":100,"marker_gender":"female","is_individual":true,"edcs_url":"https://edcs.hist.uzh.ch/en/document?edcs-id=EDCS-34700147","persons":[{"nomen":"Nonia","gender":"female","raw_name":"Nonia Longina","cognomen":"Longina"}]}},{"type":"Feature","geometry":{"type":"Point","coordinates":[15.16,40.16]},"properties":{"edcs_id":"EDCS-34700149","findspot":"Marina di Ascea / Castellammare di Velia / Castellamare della Bruca / Castellammare / Elea / Velia","raw_text":"]is / [3] mil(itavit) an(nos) [3] / [3]XII fec(it) H[3] / [3]um Sabinum / [3]en mer(enti?) v(ixit?) a[3] / [3]C","date_from":null,"date_to":null,"marker_gender":"male","is_individual":false,"edcs_url":"https://edcs.hist.uzh.ch/en/document?edcs-id=EDCS-34700149","persons":[{"nomen":"","gender":"male","raw_name":"Sabinum","cognomen":"Sabinus"}]}},{"type":"Feature","geometry":{"type":"Point","coordinates":[15.17,40.15]},"properties":{"edcs_id":"EDCS-34700150","findspot":"Marina di Ascea / Castellammare di Velia / Castellamare della Bruca / Castellammare / Elea / Velia","raw_text":"D(is) M(anibus) / Athenaeo / coniugi / dulcissi/mo qui vix(it) / ann(os) LVIII / fecit Sosia / Germana con/iunx b(ene) m(erenti)","date_from":151,"date_to":250,"marker_gender":"mixed","is_individual":false,"edcs_url":"https://edcs.hist.uzh.ch/en/document?edcs-id=EDCS-34700150","persons":[{"nomen":"","gender":"male","raw_name":"Athenaeo","cognomen":"Athenaeus","status":"coniunx","cluster_id":1317,"cluster_size":2,"cluster_confidence":"low"},{"nomen":"Sosia","gender":"female","raw_name":"Sosia Germana","cognomen":"Germana","status":"coniunx"}]}},{"type":"Feature","geometry":{"type":"Point","coordinates":[15.89,40.28]},"properties":{"edcs_id":"EDCS-36700003","findspot":"Grumento Nova / Grumentum","raw_text":"D(is) M(anibus) / Mercurius / [E]rgasto / filio b(ene) m(erenti) f(ecit) / v(ixit) a(nnos) IIII d(ies) XVII","date_from":null,"date_to":null,"marker_gender":"male","is_individual":false,"edcs_url":"https://edcs.hist.uzh.ch/en/document?edcs-id=EDCS-36700003","persons":[{"nomen":"","gender":"male","raw_name":"Mercurius","cognomen":"Mercurius","is_deity":true,"cluster_confidence":"excluded"},{"nomen":"","gender":"male","raw_name":"[E]rgasto","cognomen":"Ergastus","status":"filius, bene merens"}]}},{"type":"Feature","geometry":{"type":"Point","coordinates":[16.1,38.68]},"properties":{"edcs_id":"EDCS-38000194","findspot":"Vibo Valentia / Monteleone Calabro / Hipponium","raw_text":"θήκη / Ἀντιόχου Σα/μαριτανο(ῦ)","date_from":201,"date_to":300,"marker_gender":"male","is_individual":false,"edcs_url":"https://edcs.hist.uzh.ch/en/document?edcs-id=EDCS-38000194","persons":[{"nomen":"","gender":"male","raw_name":"Ἀντιόχου Σαμαριτανοῦ","cognomen":"Antiochus","status":"Samaritanus","cluster_id":1945,"cluster_size":2,"cluster_confidence":"low"}]}},{"type":"Feature","geometry":{"type":"Point","coordinates":[15.64,38.1]},"properties":{"edcs_id":"EDCS-39100023","findspot":"Reggio di Calabria / Reggio Calabria / Regium Iulium","raw_text":"ἐπὶ πρυτάνιος Νικάνδρου τοῦ Νικοδάμου βουλᾶς προστατέοντος Σωσιπόλιος τοῦ Δαματρίου Χιω(?) Ἱππίου δυοδεκάται ἔδοξε τᾶι ἁλίᾳ / καθάπερ τᾶι ἐσκλήτωι καὶ τᾶι βουλᾶι ἐπεὶ ὁ στραταγὸς τῶν Ῥωμαίων Γναῖος Αὐφίδιος Τίτου υἱὸς εὔνους ὑπάρχει τᾶι ἁμᾷ πόλει ἄξιος φαινόμενος / τᾶς αὑτοῦ καλοκἀγαθίας δεδόχθαι Γναῖον Αὐφίδιον Τίτου υἱὸν στραταγὸν Ῥωμαίων στεφανῶσαι ἐν τῷ ἀγῶνι τοῖς πρώτοις Ἀθανίοις ἐλαίας (σ)τεφά/νῳ καὶ πρόξενον καὶ εὐεργέταν ποιῆσαι τοῦ δάμ(ο)υ τῶν Ῥηγίνων καὶ ἐγγόνους αὐτοῦ εὐνοίας ἕνεκεν ἇς ἔχων διατελεῖ εἰς τὸν δᾶμον τῶν Ῥηγί/νων τὰν δὲ βουλὰν τὸ ἁλίασμα κολαψαμέναν εἰς χαλκώματα δισσὰ τὸ μὲν ἀναθέμειν εἰς τὸ βουλευτήριον τὸ δὲ ἀποστεῖλαι Γναίῳ Αὐφιδίῳ","date_from":null,"date_to":null,"marker_gender":"male","is_individual":false,"edcs_url":"https://edcs.hist.uzh.ch/en/document?edcs-id=EDCS-39100023","persons":[{"nomen":"","gender":"male","raw_name":"Νικάνδρου","cognomen":"Nicander","status":"prytanis","cluster_id":1729,"cluster_size":3,"cluster_confidence":"low"},{"nomen":"","gender":"male","raw_name":"Νικοδάμου","cognomen":"Nicodamus"},{"nomen":"","gender":"male","raw_name":"Σωσιπόλιος","cognomen":"Sosipolis","status":"boulas prostateon"},{"nomen":"","gender":"male","raw_name":"Δαματρίου","cognomen":"Damatrius"},{"nomen":"","gender":"male","raw_name":"Ἱππίου","cognomen":"Hippius"},{"nomen":"Aufidius","gender":"male","raw_name":"Γναῖος Αὐφίδιος Τίτου υἱὸς","praenomen":"Gnaeus","status":"filius Titi, strategos Romanorum"}]}},{"type":"Feature","geometry":{"type":"Point","coordinates":[15.64,38.1]},"properties":{"edcs_id":"EDCS-39100024","findspot":"Reggio di Calabria / Reggio Calabria / Regium Iulium","raw_text":"ὁ δᾶμος / Ἄνδρωνα Θρασίου Λαβ / εὐεργεσίας ἕνεκεν / θεοῖς πᾶσι","date_from":null,"date_to":null,"marker_gender":"male","is_individual":false,"edcs_url":"https://edcs.hist.uzh.ch/en/document?edcs-id=EDCS-39100024","persons":[{"nomen":"","gender":"male","raw_name":"Ἄνδρωνα","cognomen":"Andron","cluster_id":1459,"cluster_size":2,"cluster_confidence":"low"},{"nomen":"","gender":"male","raw_name":"Θρασίου","cognomen":"Thrasius","status":"pater"}]}},{"type":"Feature","geometry":{"type":"Point","coordinates":[15.64,38.1]},"properties":{"edcs_id":"EDCS-39100025","findspot":"Reggio di Calabria / Reggio Calabria / Regium Iulium","raw_text":"ὁ δᾶμος τῶν Ῥηγίνων / Νίκανδρον Νίκωνος Τεισ() / θεοῖς","date_from":null,"date_to":null,"marker_gender":"male","is_individual":false,"edcs_url":"https://edcs.hist.uzh.ch/en/document?edcs-id=EDCS-39100025","persons":[{"nomen":"","gender":"male","raw_name":"Νίκανδρον","cognomen":"Nicander","cluster_id":1729,"cluster_size":3,"cluster_confidence":"low"},{"nomen":"","gender":"male","raw_name":"Νίκωνος","cognomen":"Nicon","status":"pater","cluster_id":1476,"cluster_size":4,"cluster_confidence":"low"}]}},{"type":"Feature","geometry":{"type":"Point","coordinates":[15.64,38.1]},"properties":{"edcs_id":"EDCS-39100026","findspot":"Reggio di Calabria / Reggio Calabria / Regium Iulium","raw_text":"[6] / ἀρχόντων δὲ / Νικάνδρου τοῦ Λευκίου / Συμμάχου τοῦ Ἡρακλήτου / Φ(υ)λάκου τοῦ Φιλιστίωνος / Κρατίππου τοῦ Κρατίππου / τὸ κοινὸν τῶν περὶ τὸν Διόνυσον / τεχνιτῶν καὶ προ(ξ)ένων / Αἰνησοῦν Νίκ(ω)νος Τεισ()","date_from":null,"date_to":null,"marker_gender":"male","is_individual":false,"edcs_url":"https://edcs.hist.uzh.ch/en/document?edcs-id=EDCS-39100026","persons":[{"nomen":"","gender":"male","raw_name":"Νικάνδρου","cognomen":"Nicander","status":"archon","cluster_id":1729,"cluster_size":3,"cluster_confidence":"low"},{"nomen":"","gender":"male","raw_name":"Λευκίου","cognomen":"Leucius","status":"pater"},{"nomen":"","gender":"male","raw_name":"Συμμάχου","cognomen":"Symmachus","status":"archon"},{"nomen":"","gender":"male","raw_name":"Ἡρακλήτου","cognomen":"Heraclitus","status":"pater","cluster_id":1470,"cluster_size":2,"cluster_confidence":"low"},{"nomen":"","gender":"male","raw_name":"Φυλάκου","cognomen":"Philacus","status":"archon"},{"nomen":"","gender":"male","raw_name":"Φιλιστίωνος","cognomen":"Philistion","status":"pater"},{"nomen":"","gender":"male","raw_name":"Κρατίππου","cognomen":"Cratippus","status":"archon"},{"nomen":"","gender":"male","raw_name":"Αἰνησοῦν","cognomen":"Aineson"},{"nomen":"","gender":"male","raw_name":"Νίκωνος","cognomen":"Nicon","status":"pater","cluster_id":1476,"cluster_size":4,"cluster_confidence":"low"}]}},{"type":"Feature","geometry":{"type":"Point","coordinates":[15.64,38.1]},"properties":{"edcs_id":"EDCS-39100027","findspot":"Reggio di Calabria / Reggio Calabria / Regium Iulium","raw_text":"[ἀρχόντων] / [3] / [3] / Ἀριστέα τοῦ Ἀριστομάχου Ἀμφιμ() / Διονυσίου τοῦ Ὄρθωνος Ἐργ() / γραμματέος / Κλεοδάμου τοῦ Μυίσκου Ναυ() / τὸ κοινὸν τῶν ἀλειφομένων / Ἀριστόμαχον Ἀριστέα Ἀμφιμ() / γυμνασιαρχήσαν[τα]","date_from":null,"date_to":null,"marker_gender":"male","is_individual":false,"edcs_url":"https://edcs.hist.uzh.ch/en/document?edcs-id=EDCS-39100027","persons":[{"nomen":"","gender":"male","raw_name":"Ἀριστέα","cognomen":"Aristeas","status":"archon"},{"nomen":"","gender":"male","raw_name":"Ἀριστομάχου","cognomen":"Aristomachus","status":"pater","cluster_id":1460,"cluster_size":3,"cluster_confidence":"low"},{"nomen":"","gender":"male","raw_name":"Διονυσίου","cognomen":"Dionysius","status":"archon","cluster_id":1508,"cluster_size":2,"cluster_confidence":"low"},{"nomen":"","gender":"male","raw_name":"Ὄρθωνος","cognomen":"Orthon","status":"pater"},{"nomen":"","gender":"male","raw_name":"Κλεοδάμου","cognomen":"Cleodamus","status":"grammateus"},{"nomen":"","gender":"male","raw_name":"Μυίσκου","cognomen":"Muiscus","status":"pater"},{"nomen":"","gender":"male","raw_name":"Ἀριστόμαχον","cognomen":"Aristomachus","status":"gymnasiarchon","cluster_id":1460,"cluster_size":3,"cluster_confidence":"low"}]}},{"type":"Feature","geometry":{"type":"Point","coordinates":[15.64,38.1]},"properties":{"edcs_id":"EDCS-39100028","findspot":"Reggio di Calabria / Reggio Calabria / Regium Iulium","raw_text":"πρύτανις ἐκ τοῦ ἰδίου καὶ ἄρχων πεντα/ετηρικὸς Σέξ(τος) Νουμώνιος Σέξ(του) υ(ἱὸς) Ματοῦρος / συνπρυτάνεις Κ(όιντος) Ὀρτώριος Κ(οίντου) υ(ἱὸς) Βάλβιλλος Μ(ᾶρκος) Πε(τρ)ώ/νιος Μ(άρκου) υ(ἱὸς) Ποῦλχερ Μ(ᾶρκος) Κορνήλιος Μ(άρκου) υ(ἱὸς) Μαρτιᾶλις / ἱεροσκόποι Μάνιος Κορνήλιος Οὐῆρος Γ(άϊος) Ἀντώνιος / θύτης ἱεροσαλπιστὴς Γ(άϊος) Ἰούλιος Ῥηγῖνος ἱεροκῆ(ρυξ) / Γ(άϊος) Καλπούρνιος Οὐῆρος ἱεροπαρέκτης Κ(όιντος) Καικίλιος / Ῥηγῖνος ταμίας Μελίφθονγος Ματούρου σπονδαύλης / Νατᾶλις καπναύγης Ἑλίκων Ματούρου μά(γι)ρος Ζώσιμος","date_from":1,"date_to":100,"marker_gender":"male","is_individual":false,"edcs_url":"https://edcs.hist.uzh.ch/en/document?edcs-id=EDCS-39100028","persons":[{"nomen":"Numonius","gender":"male","raw_name":"Σέξ. Νουμώνιος Σέξ. υ. Ματοῦρος","praenomen":"Sextus","cognomen":"Maturus","status":"prytanis, archon penteterikos, filius Sexti"},{"nomen":"Ortorius","gender":"male","raw_name":"Κ. Ὀρτώριος Κ. υ. Βάλβιλλος","praenomen":"Quintus","cognomen":"Balbillus","status":"synprytanis, filius Quinti"},{"nomen":"Petronius","gender":"male","raw_name":"Μ. Πετρώ νιος Μ. υ. Ποῦλχερ","praenomen":"Marcus","cognomen":"Pulcher","status":"synprytanis, filius Marci"},{"nomen":"Cornelius","gender":"male","raw_name":"Μ. Κορνήλιος Μ. υ. Μαρτιᾶλις","praenomen":"Marcus","cognomen":"Martialis","status":"synprytanis, filius Marci"},{"nomen":"Cornelius","gender":"male","raw_name":"Μάνιος Κορνήλιος Οὐῆρος","praenomen":"Manius","cognomen":"Verus","status":"hieroscopos"},{"nomen":"Antonius","gender":"male","raw_name":"Γ. Ἀντώνιος","praenomen":"Gaius","status":"hieroscopos"},{"nomen":"Iulius","gender":"male","raw_name":"Γ. Ἰούλιος Ῥηγῖνος","praenomen":"Gaius","cognomen":"Reginus","status":"thutes, hierosalpistes"},{"nomen":"Calpurnius","gender":"male","raw_name":"Γ. Καλπούρνιος Οὐῆρος","praenomen":"Gaius","cognomen":"Verus","status":"hierokeryx"},{"nomen":"Caecilius","gender":"male","raw_name":"Κ. Καικίλιος Ῥηγῖνος","praenomen":"Quintus","cognomen":"Reginus","status":"hieroparektes"},{"nomen":"","gender":"male","raw_name":"Μελίφθονγος Ματούρου","cognomen":"Meliphthongus","status":"tamias, filius Maturi"},{"nomen":"","gender":"male","raw_name":"Νατᾶλις","cognomen":"Natalis","status":"spondauleus"},{"nomen":"","gender":"male","raw_name":"Ἑλίκων Ματούρου","cognomen":"Helicon","status":"kapnauges, filius Maturi"},{"nomen":"","gender":"male","raw_name":"Ζώσιμος","cognomen":"Zosimus","status":"magirus"}]}},{"type":"Feature","geometry":{"type":"Point","coordinates":[15.64,38.1]},"properties":{"edcs_id":"EDCS-39100029","findspot":"Reggio di Calabria / Reggio Calabria / Regium Iulium","raw_text":"[πρύτ]ανις καὶ ἄρχων ἐκ τῶν ἰδίων Γ(άϊος) Ποπίλλιος / [υ(ἱὸς) Ἰ]ουλιανός συνπρυτάνεις Γ(άϊος) Ποπίλλιος Γ(αΐου) υ(ἱὸς) Φρε/[κουεντ]εῖνος Τ(ίτος) Βέττιος Δομιτιανός μάντις Γ(άϊος) Νουμώ/[νιος Κε]ρεάλης ἱεροκῆρυξ Γ(άϊος) Ἰούλιος Συντροφιανός / [σπονδαύ]λης Κτῆτος καπναῦγαι Βρύανθος Φησ/[3]ς Ἐπιτύνχανος Ἰουλιανοῦ","date_from":1,"date_to":100,"marker_gender":"male","is_individual":false,"edcs_url":"https://edcs.hist.uzh.ch/en/document?edcs-id=EDCS-39100029","persons":[{"nomen":"Popillius","gender":"male","raw_name":"Γ(άϊος) Ποπίλλιος Ἰ]ουλιανός","praenomen":"Gaius","cognomen":"Iulianus","status":"prytanis, archon"},{"nomen":"Popillius","gender":"male","raw_name":"Γ(άϊος) Ποπίλλιος Γ(αΐου) υ(ἱὸς) Φρεκουεντ]εῖνος","praenomen":"Gaius","cognomen":"Frequens","status":"filius Gaii, synprytanis"},{"nomen":"Vettius","gender":"male","raw_name":"Τ(ίτος) Βέττιος Δομιτιανός","praenomen":"Titus","cognomen":"Domitianus","status":"synprytanis"},{"nomen":"Numonius","gender":"male","raw_name":"Γ(άϊος) Νουμώνιος Κε]ρεάλης","praenomen":"Gaius","cognomen":"Cerealis","status":"mantis"},{"nomen":"Iulius","gender":"male","raw_name":"Γ(άϊος) Ἰούλιος Συντροφιανός","praenomen":"Gaius","cognomen":"Syntrophianus","status":"hierokeryx"},{"nomen":"","gender":"male","raw_name":"Κτῆτος","cognomen":"Ctetus","status":"spondaules"},{"nomen":"","gender":"male","raw_name":"Βρύανθος","cognomen":"Bryanthus","status":"kapnauges"},{"nomen":"","gender":"male","raw_name":"Ἐπιτύνχανος","cognomen":"Epitynchanus"}]}},{"type":"Feature","geometry":{"type":"Point","coordinates":[15.64,38.1]},"properties":{"edcs_id":"EDCS-39100033","findspot":"Reggio di Calabria / Reggio Calabria / Regium Iulium","raw_text":"(Τί)μανδ(ρ)ος / Μ(ο)σχίωνος / εὐχίον(?) / [3]ΕΓΓΙΝΙ","date_from":null,"date_to":null,"marker_gender":"male","is_individual":false,"edcs_url":"https://edcs.hist.uzh.ch/en/document?edcs-id=EDCS-39100033","persons":[{"nomen":"","gender":"male","raw_name":"Τίμανδρος","cognomen":"Timandrus"},{"nomen":"","gender":"male","raw_name":"Μοσχίωνος","cognomen":"Moschion","status":"pater"}]}},{"type":"Feature","geometry":{"type":"Point","coordinates":[15.64,38.1]},"properties":{"edcs_id":"EDCS-39100034","findspot":"Reggio di Calabria / Reggio Calabria / Regium Iulium","raw_text":"Κορν/ηλίου / Μ()","date_from":101,"date_to":300,"marker_gender":"male","is_individual":false,"edcs_url":"https://edcs.hist.uzh.ch/en/document?edcs-id=EDCS-39100034","persons":[{"nomen":"","gender":"male","raw_name":"Κορν ηλίου","cognomen":"Cornelius"}]}},{"type":"Feature","geometry":{"type":"Point","coordinates":[15.64,38.1]},"properties":{"edcs_id":"EDCS-39100035","findspot":"Reggio di Calabria / Reggio Calabria / Regium Iulium","raw_text":"Θ(εοῖς) Κ(αταχθονίοις) / Πρωτᾶς ἔζη/σεν ἔτη ηʹ","date_from":101,"date_to":200,"marker_gender":"male","is_individual":false,"edcs_url":"https://edcs.hist.uzh.ch/en/document?edcs-id=EDCS-39100035","persons":[{"nomen":"","gender":"male","raw_name":"Πρωτᾶς","cognomen":"Protas"}]}},{"type":"Feature","geometry":{"type":"Point","coordinates":[15.64,38.1]},"properties":{"edcs_id":"EDCS-39100036","findspot":"Reggio di Calabria / Reggio Calabria / Regium Iulium","raw_text":"Σεκουνδίων με/τὰ τῆς Φηλίκλας / καὶ τῆς Λεωντί/δος θυγατρὸς / γλυκυτάτης εἴ / τις ἐπάνο θελή/σι τεθῆναι λό/(γ)ον ἀποδόσι εἰς / τὸ μέλλον","date_from":null,"date_to":null,"marker_gender":"mixed","is_individual":false,"edcs_url":"https://edcs.hist.uzh.ch/en/document?edcs-id=EDCS-39100036","persons":[{"nomen":"","gender":"male","raw_name":"Σεκουνδίων","cognomen":"Secundio"},{"nomen":"","gender":"female","raw_name":"Φηλίκλας","cognomen":"Felicla"},{"nomen":"","gender":"female","raw_name":"Λεωντί δος","cognomen":"Leontis","status":"filia, glykytate"}]}},{"type":"Feature","geometry":{"type":"Point","coordinates":[15.64,38.1]},"properties":{"edcs_id":"EDCS-39100040","findspot":"Reggio di Calabria / Reggio Calabria / Regium Iulium","raw_text":"ἐνθάδε κατάκειται ὁ δοῦλ(ος) / τοῦ Χ(ριστο)ῦ Σέργιος ὁ ἐν ἐνδ(οξοτά)τῃ(?) μνήμῃ / γενάμενος ἀπὸ ἐπάρχων καὶ / δοῦξ ζήσας χρόνους νγʹ ἐτελι/όθη μ(ηνὶ) Ἰουνίῳ κγʹ ἰνδ(ικτιῶνος) δʹ / ὁ ἀναγινώσκον εὔξηται / ὑπὲρ ἐμοῦ διὰ τὸν κ(ύριο)ν","date_from":null,"date_to":null,"marker_gender":"male","is_individual":false,"edcs_url":"https://edcs.hist.uzh.ch/en/document?edcs-id=EDCS-39100040","persons":[{"nomen":"","gender":"male","raw_name":"Σέργιος","cognomen":"Sergius","status":"servus Christi, ex-eparchus, dux"}]}},{"type":"Feature","geometry":{"type":"Point","coordinates":[16.22,38.27]},"properties":{"edcs_id":"EDCS-39100042","findspot":"Gerace / Locri Epizephyrii","raw_text":"Οἰνιάδας / καὶ Εὐκέ/λαδος / καὶ Χείμ/αρ(ρ)ος / ἀνέθεκ/αν τᾶι θ/εοι","date_from":null,"date_to":null,"marker_gender":"male","is_individual":false,"edcs_url":"https://edcs.hist.uzh.ch/en/document?edcs-id=EDCS-39100042","persons":[{"nomen":"","gender":"male","raw_name":"Οἰνιάδας","cognomen":"Oeniadas"},{"nomen":"","gender":"male","raw_name":"Εὐκέλαδος","cognomen":"Euceladus"},{"nomen":"","gender":"male","raw_name":"Χείμαρρος","cognomen":"Cheimarus"}]}},{"type":"Feature","geometry":{"type":"Point","coordinates":[16.22,38.27]},"properties":{"edcs_id":"EDCS-39100043","findspot":"Gerace / Locri Epizephyrii","raw_text":"(Π)εριφόναι [ἀνέθη]/κέ με Ξενα+Α+[3]","date_from":null,"date_to":null,"marker_gender":"female","is_individual":false,"edcs_url":"https://edcs.hist.uzh.ch/en/document?edcs-id=EDCS-39100043","persons":[{"nomen":"","gender":"female","raw_name":"(Π)εριφόναι","cognomen":"Periphona"},{"nomen":"","gender":"unknown","raw_name":"Ξενα+Α+[3]","cognomen":"Xena"}]}},{"type":"Feature","geometry":{"type":"Point","coordinates":[16.22,38.27]},"properties":{"edcs_id":"EDCS-39100044","findspot":"Gerace / Locri Epizephyrii","raw_text":"Φρῦνος","date_from":null,"date_to":null,"marker_gender":"male","is_individual":false,"edcs_url":"https://edcs.hist.uzh.ch/en/document?edcs-id=EDCS-39100044","persons":[{"nomen":"","gender":"male","raw_name":"Φρῦνος","cognomen":"Phrynus"}]}},{"type":"Feature","geometry":{"type":"Point","coordinates":[17.05,39.27]},"properties":{"edcs_id":"EDCS-39100047","findspot":"Strongoli / Petelia","raw_text":"θεὸς τύχα Σάοτις δίδ/οτι Σικαινίαι τὰν ϝοι/κίαν καὶ τἆλλα πάντ/α δαμιοργὸς Παραγόρ/ας πρόξενοι Μίνκον / Ἁρμοξίδαμος Ἀγάθαρ/χος Ὀνάτας Ἐπίκορ/ος","date_from":null,"date_to":null,"marker_gender":"mixed","is_individual":false,"edcs_url":"https://edcs.hist.uzh.ch/en/document?edcs-id=EDCS-39100047","persons":[{"nomen":"","gender":"male","raw_name":"Σάοτις","cognomen":"Saotis"},{"nomen":"","gender":"female","raw_name":"Σικαινίαι","cognomen":"Sicainia"},{"nomen":"","gender":"male","raw_name":"Παραγόρ ας","cognomen":"Paragoras","status":"damiorgos"},{"nomen":"","gender":"male","raw_name":"Μίνκον","cognomen":"Mincus","status":"proxenos"},{"nomen":"","gender":"male","raw_name":"Ἁρμοξίδαμος","cognomen":"Harmoxidamus","status":"proxenos"},{"nomen":"","gender":"male","raw_name":"Ἀγάθαρ χος","cognomen":"Agatharchus","status":"proxenos"},{"nomen":"","gender":"male","raw_name":"Ὀνάτας","cognomen":"Onatas","status":"proxenos","cluster_id":1801,"cluster_size":2,"cluster_confidence":"low"},{"nomen":"","gender":"male","raw_name":"Ἐπίκορ ος","cognomen":"Epicorus","status":"proxenos"}]}},{"type":"Feature","geometry":{"type":"Point","coordinates":[17.05,39.27]},"properties":{"edcs_id":"EDCS-39100048","findspot":"Strongoli / Petelia","raw_text":"ἐπὶ γυμνασιάρχω[ν] / Μινάτου Κριττίου Μινάτου / Μαρίδα(?) Μαρίου Κριττίου / Μινάτου ἡ στο(ὰ) {Ν} ἀνε(σκε)[υ]/άσθη ἐκ τῶν κοινῶν / χρημάτων","date_from":null,"date_to":null,"marker_gender":"male","is_individual":false,"edcs_url":"https://edcs.hist.uzh.ch/en/document?edcs-id=EDCS-39100048","persons":[{"nomen":"","gender":"male","raw_name":"Μινάτου","cognomen":"Minatus","status":"gymnasiarchos","cluster_id":1803,"cluster_size":3,"cluster_confidence":"low"},{"nomen":"","gender":"male","raw_name":"Κριττίου","cognomen":"Crittius","status":"gymnasiarchos","cluster_id":1804,"cluster_size":2,"cluster_confidence":"low"},{"nomen":"","gender":"male","raw_name":"Μινάτου","cognomen":"Minatus","cluster_id":1803,"cluster_size":3,"cluster_confidence":"low"},{"nomen":"","gender":"unknown","raw_name":"Μαρίδα","cognomen":"Marida"},{"nomen":"","gender":"male","raw_name":"Μαρίου","cognomen":"Marius"},{"nomen":"","gender":"male","raw_name":"Κριττίου","cognomen":"Crittius","cluster_id":1804,"cluster_size":2,"cluster_confidence":"low"},{"nomen":"","gender":"male","raw_name":"Μινάτου","cognomen":"Minatus","cluster_id":1803,"cluster_size":3,"cluster_confidence":"low"}]}},{"type":"Feature","geometry":{"type":"Point","coordinates":[16.47,39.7]},"properties":{"edcs_id":"EDCS-39100052","findspot":"Thurio / Thurioi / Copia Thurii","raw_text":"ἔρχομαι ἐκ κοθαρ(ῶν) κοθαρά χθονί(ων) βα/σίλεια Εὐκλῆς Εὐβουλεύς τε καὶ ἀ/θάνατοι θεοὶ ἄλλοι καὶ γὰρ ἐγὼν / ὑμῶν γένος ὄλβιον εὔχομαι / εἶμεν ἀλ(λ)ά με μο(ῖ)ρα ἐδάμα(σ)σε / {καὶ ἀθάνατοι θεοὶ ἄλλοι} καὶ ἀσ/στεροβλῆτα κεραυνόν κύκλο / δʼ ἐξέπταν βαρυπενθέος ἀργα/λέοιο ἱμερτοδʼ ἐπέβαν στεφά/νο ποσὶ καρπαλίμοισι Δεσσποί/νας δὲ ὑπὸ κόλπον ἔδυν χθονί/ας βασιλείας {ἱμερτοδʼ (ἐ)πέβαν} / {στε(φ)άνο ποσὶ καρπα(λ)ίμοι}/{σι} ὄλβιε καὶ μακαριστέ θεὸς δʼ ἔ/σηι ἀντὶ βροτοῖο ἔριφος ἐς γάλʼ ἔπετο/ν","date_from":null,"date_to":null,"marker_gender":"male","is_individual":false,"edcs_url":"https://edcs.hist.uzh.ch/en/document?edcs-id=EDCS-39100052","persons":[{"nomen":"","gender":"male","raw_name":"Εὐκλῆς","cognomen":"Eucles","cluster_id":1863,"cluster_size":3,"cluster_confidence":"low"},{"nomen":"","gender":"male","raw_name":"Εὐβουλεύς","cognomen":"Eubuleus","cluster_id":1864,"cluster_size":3,"cluster_confidence":"low"}]}},{"type":"Feature","geometry":null,"properties":{"edcs_id":"EDCS-39100054","findspot":"Sant'Agata","raw_text":"τᾶς hέρας hιαρός ἐμι τᾶς ἐν πεδίοι Ϙυνίσϙος με ἀνέθεκε ὅρταμος ϝέργον δεκάταν","date_from":null,"date_to":null,"marker_gender":"male","is_individual":true,"edcs_url":"https://edcs.hist.uzh.ch/en/document?edcs-id=EDCS-39100054","persons":[{"nomen":"","gender":"male","raw_name":"Ϙυνίσϙος","cognomen":"Quiniscus","status":"hieros"}]}},{"type":"Feature","geometry":{"type":"Point","coordinates":[16.27,38.24]},"properties":{"edcs_id":"EDCS-39100055","findspot":"Locri / Locri Epizephyrii","raw_text":"[ἀνιαρίζει Κολλύρα 3] ταῖς προπόλοις / [τᾶς θεῶ 3 τὸ ἱμάτιον] τὸ πελλόν τὸ / [ἔλαβεν 3 καὶ ο]ὐκ ἀποδίδωτι καὶ / [3 κ]αὶ χρῆται καὶ ἴσατι / +[3] ἐστι[ν] ἀνθε[ίη τᾶι] θεῷ δυωδεκάπλουν / σύν ἡμεδίμν[ωι λιβά]νω ὧι πόλις νομίζει / μὴ πρότερον δὲ τὰν ψυχὰν ἀ{Ι}νείη [+]ΕΧΕΝ / τὸ ἱμάτιον ἔστε ἀνθε[ί]η τᾶι θεῷ / ἀνιαρίζει Κολλύρα ταῖς προπόλοις τᾶς θεῶ / τὼς τρῖς χρυσέως τὼς ἔλαβε Μελίτα / καὶ οὐκ ἀποδίδωτι ἀνθείη τᾶι θεῶι / δυωδεκάπ(λ)οα σὺν με(δ)ίμνωι λιβάνω {ι} / ὧι πόλις νομίζει μὴ πρότερον δὲ τὰν / ψυχὰν ἀνείη ἔστε ἀνθείη τᾶι θεῷ / εἰ δὲ συνπίοι ἢ συμφάγοι μὴ εἰς ἀῶ σᾶ / ἀθῶιος εἴην ἢ ὑπὸ τὸν αὐτὸν ἀετὸν ὑπέλ/θοι","date_from":null,"date_to":null,"marker_gender":"female","is_individual":false,"edcs_url":"https://edcs.hist.uzh.ch/en/document?edcs-id=EDCS-39100055","persons":[{"nomen":"","gender":"female","raw_name":"Κολλύρα","cognomen":"Collyra"},{"nomen":"","gender":"female","raw_name":"Μελίτα","cognomen":"Melita"}]}},{"type":"Feature","geometry":{"type":"Point","coordinates":[16.68,40.21]},"properties":{"edcs_id":"EDCS-39100056","findspot":"Policoro / Heraclea","raw_text":"ἔφορος Ἀρίσταρχος hηρακλείδα μὴς / Ἀπελλαῖος hα πόλις καὶ τοὶ ὀρισταί / ϝε τρίπους Φιλώνυμος Ζωπυρίσκω / πε καρυκεῖον Ἀπολλώνιος hηρακλήτω / αι πέλτα Δάζιμος Πύρρω κν θρῖναξ / Φιλώτας hιστιείω με ἐπιστύλιον / hηρακλείδας Ζωπύρω Διονύσωι / ἀνέγραψαν τοὶ ὀρισταὶ τοὶ hαιρεθέντες ἐπὶ τὼς χώρως τὼς hιαρὼς τὼς τῶ Διονύσω / Φιλώνυμος Ζωπυρίσκω Ἀπολλώνιος hηρακλήτω Δάζιμος Πύρρω Φιλώτας hιστιείω / hηρακλείδας Ζωπύρω καθʼ ἃ (ὠρ)ίξαν καὶ ἐτερμάξαν καὶ συνεμετρήσαν καὶ ἐμερί/ξαν τῶν hηρακλείων δια(γ)νόντων ἐν κατακλήτωι ἀλίαι συνεμετρήσαμες δὲ ἀρξαμέ/νοι ἀπὸ τῶ ἀντόμω τῶ hυπὲρ Πανδοσίας ἄγοντος τῶ διατάμνοντος τώς τε hιαρὼς χώ/ρως καὶ τὰν ϝιδίαν γᾶν ἐπὶ τὸν ἄντομον τὸν ὀρίζοντα τώς τε τῶ Διονύσω χώρως καὶ / τὸν Κωνέας hο Δίωνος ἐπαμώχη κατετάμομες δὲ μερίδας τετόρας / τὰν μὲν πράταν μερίδα ἀπὸ τῶ ἀντόμω τῶ πὰρ τὰ hηρώιδεια ἄγοντος / εὖρος ποτὶ τὰν τριακοντάπεδον τὰν διὰ τῶν hιαρῶν χώρων ἄγωσαν / μᾶκος δὲ ἄνωθα ἀπὸ τᾶν ἀποροᾶν ἄχρι ἐς ποταμὸν τὸν Ἄκιριν καὶ / ἐγένοντο μετριωμέναι ἐν ταύται τᾶι μερείαι ἐρρηγείας μὲν δι/ακατίαι μία σχοίνοι σκίρω δὲ καὶ ἀρρήκτω καὶ δρυμῶ ϝεξακατίαι / τετρώκοντα ϝὲξ σχοίνοι hημίσχοινον τὰν δὲ δευτέραν μερίδα εὖρος ἀπὸ / τᾶς τριακονταπέδω ἐπὶ τὸν ἄντομον τὸν πρᾶτον μᾶκος δὲ ἀπὸ τᾶν / ἀποροᾶν ἄχρι ἐς ποταμόν καὶ ἐγένοντο μετριωμέναι ἐν ταύται τᾶι με/ρείαι ἐρρηγείας μὲν διακατίαι hεβδεμήκοντα τρῖς σχοίνοι σκίρω δὲ / καὶ ἀρρήκτω καὶ δρυμῶ πεντακατίαι σχοίνοι / τὰν δὲ τρίταν μερίδα εὖρος ἀπὸ τῶ ἀντόμω τῶ πράτω τῶ πὰρ τὰν τρι/ακοντάπεδον ἄγοντος ἐπὶ τὸν ἄντομον τὸν δεύτερον ἀπὸ τᾶς τρια/κονταπέδω μᾶκος ἀπὸ τᾶν ἀποροᾶν ἄχρι ἐς ποταμὸν καὶ ἐγέ/νοντο μετριωμέναι ἐν ταύται τᾶι μερείαι ἐρρηγείας μὲν τριακατίαι / δέκα δύο σχοίνοι hημίσχοινον σκίρω δὲ καὶ ἀρρήκτω καὶ δρυμῶ πεντα/κατίαι τριάκοντα hεπτὰ hημίσχοινον τὰν δὲ τετάρταν μερίδα εὖρος ἀπὸ / τῶ ἀντόμω τῶ δευτέρω ἀπὸ τᾶς τριακονταπέδω ἐπὶ τὸν ἄντομον τὸν / ὀρίζοντα τάν τε hιαρὰν καὶ τὰν ϝιδίαν γᾶν μᾶκος δὲ ἀπὸ τᾶν ἀποροᾶν / ἄχρι ἐς ποταμόν καὶ ἐγένοντο μετριωμέναι ἐν ταύται τᾶι μερείαι ἐρρη/γείας μὲν τριακατίαι hοκτὼ σχοίνοι hημίσχοινον σκίρω δὲ καὶ ἀρρήκτω / καὶ δρυμῶ πεντακατίαι τετρώκοντα μία hημίσχοινον / κεφαλὰ πάσας ἐρρηγείας χιλίαι hενενήκοντα πέντε σχοίνοι σκί/ρω δὲ καὶ ἀρρήκτω καὶ δρυμῶ δισχιλίαι διακατίαι ϝίκατι πέντε / τὰν δὲ νᾶσον τὰν ποτιγεγενημέναν ἐς τὰν ἄρρηκτον γᾶν συνεμε/τρήσαμες ἀπὸ ταύτας τᾶς γᾶς ἀπολώλη ἐρρηγείας μὲν τριακατίαι / τρῖς σχοίνοι hημίσχοινον σκίρω δὲ καὶ ἀρρήκτω καὶ δρυμῶ τετρα/κοσίαι τριάκοντα πέντα σχοίνοι ἐμμὲν τᾶι πράται μερείαι τᾶι / πὰρ τὰ hηρώιδεια ἐρρηγείας μὲν hεβδεμήκοντα ϝὲξ σχοίνοι σκί/ρω δὲ καὶ ἀρρήκτω καὶ δρυμῶ hεκατὸν hογδοήκοντα πέντε σχοί/νοι ἐν δὲ τᾶι τετάρται μερείαι τᾶι πὰρ τὰ Φιντία ἐρρηγείας μὲν / διακατίαι ϝίκατι hεπτὰ σχοίνοι hημίσχοινον σκίρω δὲ καὶ ἀρρή/κτω καὶ δρυμῶ διακατίαι πεντήκοντα σχοίνοι κεφαλὰ πά/σας γᾶς hᾶς κατεσώισαμες τῶι Διονύσωι hεπτακατίαι τριά/κοντα hοκτὼ σχοίνοι hημίσχοινον ταύταν τὰν γᾶν κατεσώισα/μες ἐγδικαξαμένοι δίκας τριακοσταίας τοῖς τὰν hιαρὰν γᾶν ϝι/δίαν ποϊόντασσιν hαύτα ἐμισθώθη (h)α γᾶ κατὰ βίω [ὅσσα]ν h[α]/μὲς κατεσώισαμες τριακατίων μεδίμνων τὸ ϝέτος hέκαστον / hα δὲ πᾶσα γᾶ hα τῶ Διονύσω τετρακατίων δέκα μεδίμνων κάδ/διχος τὸ ϝέτος hέκαστον ἐστάσαμες δὲ καὶ ὄρως ἐπὶ μὲν τᾶς / πλευριάδος ἄνω hένα μὲν ἐπὶ τῶ ἀντόμω τῶ πὰρ Πανδοσίαν / τῶ πὰρ τὰ hηρώιδεια τῶ ὀρίζοντος τάν τε hιαρὰν γᾶν καὶ τὰν ϝιδίαν / ἀνχωριξάντες ἀπὸ τᾶν ἀποροᾶν ἐς τὰν ϝιδίαν γᾶν hως μὴ καταλυ/μακωθὴς ἀδηλωθείη καθὼς τοὶ ἔμπροσθα ὄροι ἄλλον δὲ ἐπὶ τῶ ἀν/τόμω τῶ πὰρ τὰ Φιντία ἄγοντος ἐστάσαμες πὰρ τὰν βυβλίαν καὶ / τὰν διώρυγα ἀνχωριξάντες hωσαύτως ἐς τὰν ϝιδίαν γᾶν {ταν} ἄλ/λως δὲ ἀντόρως τούτοις ἐστάσαμες ἐπὶ τᾶς ἀμαξιτῶ τᾶς διὰ τῶ χα/ράδεος ἀγώσας τᾶς πὰρ τὸν δρυμόν τὰς μὲν στάλας ἐς τὰν hιαρὰν / γᾶν τὼς δὲ ἀντόρως ἐς τὰν ϝιδίαν γᾶν καταλιπόντες ϝικατίπεδον / ἄντομον ἐστάσαμες δὲ καὶ μεσσόρως δύο μὲν ἐπὶ τᾶς hοδῶ τᾶς / ἀγώσας ἔκ τε πόλιος καὶ ἐκ Πανδοσίας διὰ τῶν hιαρῶν χώρων δύο / δὲ ἐν ταῖς hακροσκιρίαις τούτως πάντας ἂν εὐθυωρείαν hομολό/γως ἀλλάλοις τὼς μὲν ἐς τὸ hιαρὸν πλάγος τῶ ἀντόμω ἐπιγε/γραμμένως hιαρὼς Διονύσω χώρων τὼς δὲ ἐν τᾶι ϝιδίαι γᾶι ἐπι/γεγραμμένως ἀντόρως hωσαύτως δὲ καὶ ἐπὶ τῶ ἀντόμω τῶ / πὰρ τὰ Φιντία ἄγοντος ἐστάσαμες μεσσόρως δύο μὲν ἐπὶ / τᾶς hοδῶ τᾶς ἐκ πόλιος καὶ ἐκ Πανδοσίας ἀγώσας διὰ τῶν / hιαρῶν χώρων δύο δὲ ἐπὶ τᾶν hακροσκιριᾶν πὰρ τὰς τυρείας / τούτως πάντας hομολόγως ἂν εὐθυωρείαν τοῖς ἐπὶ τᾶς hοδῶ / τᾶς διὰ τῶ χαράδεος ἀγώσας πὰρ τὸν δρυμόν τὼς μὲν ἐς τὸ hιαρὸν / πλάγος ἐπιγεγραμμένως hιαρὼς Διονύσω χώρων τὼς δὲ ἐς τὰν ϝιδί/αν γᾶν ἐπιγεγραμμένως ἀντόρως ἀπεχόντας ἀπʼ ἀλλάλων hως ἦ/μεν ϝικατίπεδον ἄντομον ἐπὶ δὲ τᾶς τριακονταπέδω τᾶς διὰ τῶν hι/αρῶν χώρων ἀγώσας ἐπὶ μὲν τᾶς πλευριάδος ἄνω δύο ἀπέχοντας ἀπʼ ἀλ/λάλων τριάκοντα πόδας ἄλλως δὲ ἀντόρως τούτοις ἐπάξαμες πὰρ / τὰν hοδὸν τὰν πὰρ τὸν δρυμὸν ἄγωσαν δύο ἀπεχόντας ἀπʼ ἀλλάλων / τριάκοντα πόδας ἐν δὲ μέσσωι τῶι χώρωι ἐπὶ τᾶς τριακονταπέδω τε/τόρας ἀπεχόντας ἀπʼ ἀλλάλων hᾶι μὲν τριάκοντα πόδας hᾶι δὲ ϝίκα/τι ἐπὶ δὲ τῶ ἀντόμω τῶ πὰρ τὰν τριακοντάπεδον δύο ἀπεχόντας ἀπʼ ἀλ/λάλων ϝίκατι πόδας καὶ ἄλλως ἐπὶ τῶ δευτέρω ἀντόμω ἀπεχόντας / ἀπʼ ἀλλάλων ϝίκατι πόδας τούτως πάντας ἀνεπιγρόφως ὀριζόντας / τὰς μερείας τὰς ποτʼ ἀλλάλως τοῖς μεμισθωμένοις τὼς hιαρὼς χώ/ρως τὼς δὲ πάντας χώρως τὼς τῶ Διονύσω τερμάζοντι τοὶ {τε} ἀντόμοι / hό τε πὰρ τὰ hηρώιδεια ἄγων καὶ hο πὰρ τὰ Φιντία ἀπὸ τᾶν ἀποροᾶν ἄνω/θα ἄχρι ἐς ποταμὸν τὸν Ἄκιριν ἀριθμὸς ὄρων τῶν ἐστάσαμες τῶν μὲν / ἐπὶ τῶ ἀντόμω τῶ πὰρ τὰ hηρώιδεια hεπτὰ σὺν τῶι ἐπὶ τᾶς πλευριάδος / ἐπὶ δὲ τᾶς τριακονταπέδω hοκτὼ σὺν τῶι τετρώ{ι}ρωι ἐπὶ δὲ τῶ ἀντόμω / τῶ τε πὰρ τὰν τριακοντάπεδον καὶ τῶ ἐχομένω δύο ἐφʼ ἑκατέρω ἐπὶ δὲ τῶ / πὰρ τὰ Φιντία hεπτὰ σὺν τῶι πὰρ τὰν βυβλίναν μασχάλαν καὶ πὰρ τὰν δι/ώρυγα / συνθήκα Διονύσω χώρων / ἐπὶ ἐφόρω Ἀριστίωνος μηνὸς Ἀπελλαίω hα πόλις καὶ τοὶ πολιανόμοι ασ βότρυς Τίμαρ/χος Νίκωνος ϝε ἄνθεμον Ἀπολλώνιος Ἀπολλωνίω καὶ τοὶ ὀρισταὶ ϝε τρίπους Φιλώνυ/μος Ζωπυρίσκω πε καρυκεῖον Ἀπολλώνιος hηρακλήτω αι πέλτα Δάζιμος Πύρρω / κν θρῖναξ Φιλώτας hιστιείω με ἐπιστύλιον hηρακλείδας Ζωπύρω μισθῶντι τὼς hι/αρὼς χώρως τὼς τῶ Διονύσω ἐχόντας hως ἔχοντι κατὰ βίω καθὰ τοὶ hηρακλείοι διέ/γνον τοὶ δὲ μισθωσαμένοι καρπευσόνται τὸν ἀεὶ χρόνον hᾶς κα πρωγγύως ποτάγων/τι καὶ τὸ μίσθωμα ἀποδιδῶντι πὰρ ϝέτος ἀεὶ Πανάμω μηνὸς προτερείαι καὶ (αἴ) κʼ ἔμπροσθα / ἀποδίνωντι ἀπαξόντι ἐς τὸν δαμόσιον ῥογὸν καὶ παρμετρησόντι τοῖς σιταγέρταις τοῖς / ἐπὶ τῶν ϝετέων τῶι δαμοσίωι χοὶ μεστὼς τὼς χοῦς κριθᾶς κοθαρᾶς δοκίμας hοίας κα hα γᾶ / φέρει ποταξόντι δὲ πρωγγύως τοῖς πολιανόμοις τοῖς ἀεὶ ἐπὶ τῶν ϝετέων ἔντασσιν πὰρ / πενταhετηρίδα hώς κα ἐθέλοντες τοὶ πολιανόμοι δεκώνται καὶ αἴ τινί κα ἄλλωι / παρδῶντι τὰν γᾶν hάν κα αὐτοὶ μεμισθωσώνται ἢ ἀρτύσωντι ἢ ἀποδώνται τὰν ἐ/πικαρπίαν ἂν αὐτὰ τὰ παρhεξόνται πρωγγύως hοι παρλαβόντες ἢ hοῖς κʼ ἀρτύσει ἢ hοι πρι/αμένοι τὰν ἐπικαρπίαν ἂν hὰ καὶ hο ἐξ ἀρχᾶς μεμισθωμένος hόστις δὲ κα μὴ ποτάγει πρωγγύ/ως ἢ μὴ τὸ μίσθωμα ἀποδιδῶι κὰτ τὰ γεγραμμένα τό τε μίσθωμα διπλεῖ ἀποτεισεῖ τὸ ἐπὶ τῶ ϝέ/τεος καὶ τὸ ἀμπώλημα τοῖς τε πολιανόμοις καὶ τοῖς σιταγέρταις τοῖς ἀεὶ ἐπὶ τῶ ϝέτεος hόσσωι κα / μείονος ἀμμισθωθῆ πὰρ πέντε ϝέτη τὰ πρᾶτα hότι κα τελέθει ψαφισθὲν hάμα πᾶν τῶι πράτωι / μισθώματι καὶ τὰ ἐν τᾶι γᾶι πεφυτευμένα καὶ οἰκοδομημένα πάντα τᾶς πόλιος ἐσσόνται ἐργαξόν/ται δὲ κὰτ τάδε hο μὲν τὸν πρᾶτον χῶρον μισθωσάμενος τὸν πὰρ τὸν ἄντομον τὸν hυπὲρ Πανδοσί/ας ἄγοντα τὸν πὰρ τὰ hηρώιδα ἄχρι τᾶς τριακονταπέδω ἀμπέλων μὲν φυτευσεῖ μὴ μεῖον ἢ δέκα / σχοίνως ἐλαιᾶν δὲ φυτὰ ἐμβαλεῖ ἐς τὰν σχοῖνον hεκάσταν μὴ μεῖον ἢ τετόρας ἐς τὰν / δυνατὰν γᾶν ἐλαίας ἔχεν αἰ δέ κα μὴ φᾶντι τοὶ μεμισθωμένοι δυνατὰν ἦμεν ἐλαίας ἔ/χεν τοὶ πολιανόμοι τοὶ ἀεὶ ἐπὶ τῶν ϝετέων ἔντες καὶ αἴ τινάς κα ἄλλως τοὶ πολιανόμοι ποθε/λώνται ἀπὸ τῶ δάμω ὀμοσάντες δοκιμαξόντι καὶ ἀνανγελίοντι ἐν ἀλίαι θασαμένοι τὰν / γᾶν πὸτ τὰν τῶν ἐπιχωρίων ἐπιμελησόνται δὲ καὶ τῶν hυπαρχόντων δενδρέων αἰ δέ τινά κα / γήραι ἢ ἀνέμωι ἐκπέτωντι αὐτοὶ hεξόντι ταῦτα δὲ πάντα πεφυτευμένα παρhεξόντι καὶ ἐνδε/διωκότα hόσσα ἐν τᾶι συνθήκαι γεγραψάται ἐν τῶι πέμπτωι καὶ δεκάτωι ϝέτει ἀπὸ τῶ ποτεχεῖ ϝέ/τεος ἢ Ἀριστίων ἐφορεύει αἰ δέ κα μὴ πεφυτεύκωντι κὰτ τὰ γεγραμμένα κατεδικάσθεν πὰρ μὲν τὰν / ἐλαίαν δέκα νόμως ἀργυρίω πὰρ τὸ φυτὸν hέκαστον πὰρ δὲ τὰς ἀμπέλως δύο μνᾶς ἀργυρίω πὰρ τὰν / σχοῖνον hεκάσταν τὼς δὲ πολιανόμως τὼς ἐπὶ τῶ ϝέτεος ποθελομένως μετʼ αὐτὸς αὐτῶν ἀπὸ τῶ / δάμω μὴ μεῖον ἢ δέκα ἄνδρας ἀμφιστάσθαι ἤ κα πεφυτεύκωντι πάντα κὰτ τὰν συνθήκαν / καὶ τὼς πεφυτευκότας ἀνγράψαι ἐς δόγμα ἀνγράφεν δὲ hόσσα κα πεφυτεύκωντι ἂν αὐτὰ δὲ τὰ / καὶ εἴ τινές κα μὴ πεφυτεύκωντι κὰτ τὰν συνθήκαν ἀνγραψάντω καὶ ἐπελάσθω τὰ ἐπιζάμι/α τὰ γεγραμμένα πὸτ τῶι ἄλλωι μισθώματι αἰ δέ τίς κα ἐπιβῆι ἢ νέμει ἢ φέρει τι τῶν ἐν τᾶι hιαρᾶι / γᾶι ἢ τῶν δενδρέων τι κόπτηι ἢ θραύηι ἢ πριῶι ἢ ἄλλο τι σινήται hο μεμισθωμένος ἐγδικαξή/ται hως πολίστων καὶ hότι κα λάβει αὐτὸς hεξεῖ τὰς δὲ τράφως τὰς διὰ τῶν χώρων ῥεώσας καὶ / τὼς ῥόως οὐ κατασκαψόντι οὐδὲ διασκαψόντι τῶι hύδατι οὐδὲ ἐφερξόντι τὸ hύδωρ οὐδʼ ἀφερξόν/τι ἀνκοθαρίοντι δὲ hοσσάκις κα δεώνται τὰ πὰρ τὰ αὐτῶν χωρία ῥέοντα οὐδὲ τὰς hοδὼς τὰς ἀπο/δεδειγμένας ἀρασόντι οὐδὲ συνhερξόντι οὐδὲ κωλυσόντι πορεύεσθαι hότι δέ κα τούτων τι ποΐ/ωντι πὰρ τὰν συνθήκαν τοὶ πολιανόμοι τοὶ ἀὲς ἐπὶ τῶ ϝέτεος ἐπικαταβα(λί)οντι καὶ ζαμιωσόντι / ἄχρι hῶ κα ἀφομοιώσωντι κὰτ τὰν συνθήκαν οὐ κοψεῖ δὲ τῶν δενδρέων οὐδὲ θραυσεῖ οὐδὲ πριωσεῖ / οὐδὲ hῆς οὐδὲ hὲν οὐδὲ ἄλλος τήνωι οὐδὲ γαιῶνας θησεῖ πὰρ τὼς hυπαρχόντας οὐδὲ σαρμευσεῖ / αἰ μὴ hόσσα κα ἐν αὐτᾶι τᾶι γᾶι hᾶι μεμισθώται οἰκοδομήται οὐδὲ τοφιώνας ἐν τᾶι hιαρᾶι γᾶι ποιησεῖ / οὐδὲ ἄλλον ἐασεῖ αἰ δὲ μή hυπόλογος ἐσσήται hως τὰν hιαρὰν γᾶν ἀδικίων οἰκοδομησήται δὲ καὶ οἰ/κίαν ἐν τοῖς χώροις τούτοις βοῶνα μυχόν ἀχύριον τὸν μὲν βοῶνα τὸ μὲν μᾶκος ϝίκατι καὶ δυῶν πο/δῶν τὸ δὲ εὖρος hοκτὼ καὶ δέκα ποδῶν τὸν δὲ ἀχύριον μὴ μεῖον τὸ μὲν μᾶκος hοκτὼ καὶ δέκα ποδῶν / τὸ δὲ εὖρος πέντε καὶ δέκα ποδῶν τὸν δὲ μυχὸν πέντε καὶ δέκα ποδῶν παντᾶι ταῦτα δὲ παρεξόντι οἰκο/δομημένα καὶ στεγόμενα καὶ τεθυρωμένα ἐν τοῖς χρόνοις ἐν hοῖς καὶ τὰ δένδρεα δεῖ πεφυτευκῆμεν αἰ / δὲ μή κατεδικάσθεν πὰρ μὲν τὸν βοῶνα ϝὲξ μνᾶς ἀργυρίω πὰρ δὲ τὸν ἀχύριον τετόρας μνᾶς ἀργυρίω / πὰρ δὲ τὸν μυχὸν τρῖς μνᾶς ἀργυρίω τῶν δὲ ξύλων τῶν ἐν τοῖς δρυμοῖς οὐδὲ τῶν ἐν τοῖς σκίροις οὐ πωλη/σόντι οὐδὲ κοψόντι οὐδὲ ἐμπρησόντι οὐδὲ ἄλλον ἐασόντι αἰ δὲ μή hυπόλογοι ἐσσόνται κὰτ τὰς ῥήτρας / καὶ κὰτ τὰν συνθήκαν ἐς δὲ τὰ ἐποίκια χρησόνται ξύλοις ἐς τὰν οἰκοδομὰν hοῖς κα δηλώνται καὶ ἐς τὰς / ἀμπέλως τῶν δὲ ξηρῶν κοψόντι hόσσα αὐτοῖς ποτʼ οἰκίαν ἐς χρείαν τοῖς δὲ σκίροις καὶ τοῖς δρυμοῖς χρη/σόνται τοὶ μισθωσαμένοι ἂν τὰν αὐτῶ μερίδα hέκαστος hόσσαι δέ κα τᾶν ἀμπέλων ἢ τῶν δενδρέων ἀπο/γηράσωντι ἀποκαταστασόντι τοὶ καρπιζομένοι hως ἦμεν τὸν ἴσον ἀριθμὸν ἀεί οὐχ ὑπογραψόνται / δὲ τὼς χώρως τούτως hοι μισθωσαμένοι οὐδὲ τίμαμα hοισόντι οὔτε τῶν χώρων οὔτε τᾶς ἐπιοικοδο/μᾶς αἰ δὲ μή hυπόλογος ἐσσήται κὰτ τὰς ῥήτρας αἰ δέ τίς κα τῶν καρπιζομένων ἄτεκνος ἄφωνος ἀπο/θάνει τᾶς πόλιος πᾶσαν τὰν ἐπικαρπίαν ἦμεν αἰ δέ χʼ ὑπὸ πολέμω ἐγϝηληθίωντι hώστε μὴ ἐξῆμεν / τὼς μεμισθωμένως καρπεύεσθαι ἀνhεῶσθαι τὰν μίσθωσιν καθά κα τοὶ hηρακλεῖοι διαγνῶντι καὶ μὴ / ἦμεν hυπολόγως μήτε αὐτὼς μήτε τὼς πρωγγύως τῶν ἐν τᾶι συνθήκαι γεγραμμένων τὼς δὲ πρωγγύ/ως τὼς ἀεὶ γενομένως πεπρωγγυευκῆμεν τῶν τε μισθωμάτων καὶ τῶν ἐπιζαμιωμάτων καὶ τῶν ἀμ/πωλημάτων καὶ τᾶν καταδικᾶν καὶ αὐτὼς καὶ τὰ χρήματα hά κα ἐπιμαρτυρήσωντι καὶ μὴ ἦμεν μήτε hάρ/νησιν μήτε παλινδικίαν μηδὲ κατʼ ἄλλον μηδὲ hένα τρόπον τᾶι πόλι πράγματα παρέχεν μηδὲ τοῖς hυ/πὲρ τᾶς πόλιος πρασσόντασσι αἰ δὲ μή ἀτελὲς ἦμεν δεύτερος hο δὲ τὸν δεύτερον (χῶρον) μισθωσάμενος / καρπευσήται ἀπὸ τᾶς τριακονταπέδω τᾶς διὰ τῶν τετρώρων ἀγώσας ἐπὶ τὸν ἄντομον τὸν πρᾶτον hόσ/σος κʼ εἶ καὶ πραξεῖ πάντα κὰτ τὰν συνθήκαν καὶ hυπόλογος ἐσσήται καὶ αὐτὸς καὶ τοὶ πρωγγύοι hότι κα / μὴ πράξει κὰτ τὰν συνθήκαν τρίτος hο δὲ τὸν τρίτον χῶρον μισθωσάμενος καρπευσῆται ἀπὸ τῶ ἀν/τόμω τῶ ἀνώτερον τᾶς τριακονταπέδω πὸτ τὸν ἄντομον τὸν δεύτερον ἀπὸ τᾶς τριακονταπέδω καὶ / πραξεῖ πάντα κὰτ τὰν συνθήκαν καὶ hυπόλογος ἐσσῆται καὶ αὐτὸς καὶ τοὶ πρώγγυοι hότι κα μὴ πρά/ξει κὰτ τὰν συνθήκαν τέταρτος hο δὲ τὸν τέταρτον χῶρον μισθωσάμενος πάρ τε τῶν πολιανό/μων τῶν ἐπὶ Ἀριστίωνος ἐφόρω καὶ τῶν ὀριστᾶν καὶ πὰρ τῶν πολιανόμων τῶν ἐπὶ Ἀριστάρχω τῶ hηρα/κλείδα ἐφόρω hα ἄνθεμα Φιλωνύμω τῶ Φιλωνύμω hα ἔμβολος hηρακλείδα τῶ Τιμοκράτιος καρπευ/σήται ἀπὸ τῶ ἀντόμω τῶ τρίτω ἀπὸ τᾶς τριακονταπέδω ἐπὶ τὸν ἄντομον τὸν ὀρίζοντα τώς τε τῶ Διο/νύσω χώρως καὶ τὰ Φιντίας hο Κρατίνω παμωχεῖ hο δὲ ἀνhελόμενος ἐργαξήται τὰ μὲν ἄλλα κὰτ τὰν / συνθήκαν καθὼς καὶ τὼς λοιπὼς γεγράπται τὰς δὲ ἀμπέλως τὰς hυπαρχώσας ἐργαξήται hως βέλτι/στα hόσσαι δέ κα τᾶν ἀμπέλων ἀπογηράσκωντι ποτιφυτευσεῖ hώστε ἀεὶ hυπάρχεν τὸν ἴσον ἀριθμὸν τᾶν / σχοίνων τὸν νῦν hυπάρχοντα ϝίκατι τετόρας σχοίνως αἰ δὲ μή προκαδδεδικάσθω δύο μνᾶς ἀργυρίω / πὰρ τὰν σχοῖνον hεκάσταν τὰς δὲ ἐλαίας καὶ τὰς συκίας καὶ τὰ ἄλλα δένδρεα τὰ hήμερα τὰ hυπάρχον/τα πάντα ἐν τᾶι μερίδι ταύται περισκαψεῖ καὶ ποτισκαψεῖ καὶ περικοψεῖ τὰ δεόμενα καὶ αἴ τινά κα γήραι ἢ / ἀνέμωι ἐκπέτωντι ἀποκαταστασεῖ μὴ μείω τὸν ἀριθμὸν τῶν hυπαρχόντων ποτιφυτευσεῖ δὲ καὶ ἐλαίας / ἐν τᾶι ψιλᾶι hομολόγως ποίων τοῖς hυπαρχόντασσι δενδρέοις καὶ τὸν ἀριθμὸν τὸν hίσον καθὼς καὶ ἐν τᾶι / ἄλλαι συνθήκαι γεγράπται hότι δέ κα μὴ πράξει hο ἀνhελόμενος κὰτ τὰν συνθήκαν ἢ μὴ ἐν τοῖς χρό/νοις τοῖς γεγραμμένοις hυπόλογος ἐσσήται τοῖς πολιανόμοις καὶ τοῖς σιταγέρταις τοῖς ἐπὶ τῶ (ϝ)έτεος / καθὼς καὶ ἐν τᾶι ἄλλαι συνθήκαι γεγράπται αἰ δέ κα τοὶ πολιανόμοι τοὶ ἀεὶ ἐπὶ τῶν ϝετέων ἔντες μὴ πρά/ξωντι πάντα κὰτ τὰν συνθήκαν αὐτοὶ hυπόλογοι ἐσσόνται κὰτ τὰν συνθήκαν ἐπὶ τούτοις ἐμισθώσαν/το τὰν μὲν πράταν μίσθωσιν ἀπὸ τῶν τῶ hηρώιδα με κιβώτιον Βορμίων Φιλώτα πεντήκοντα hεπτὰ μεδί/μνων κάδδιχος πρώγγυος τῶ σώματος με κιβώτιον Ἀρκὰς Φιλώτα τὰν δὲ δευτέραν μίσθωσιν hα / ἔμβολος Δάμαρχος Φιλωνύμω τετρώκοντα μεδίμνων πρώγγυος τῶ σώματο Θεόδωρος Θε/οδώρω τὰν δὲ τρίταν μίσθωσιν ϝε γυῖον Πεισίας Λεοντίσκω τριάκοντα πέντε μεδίμνων πρώγγυος / τῶ σώματος κν σφαιρωτῆρες Ἀριστόδαμος τὰν δὲ τετάρταν μίσθωσιν αλ λωτήριον / Φίλιππος Φιλίππω διακατίων hεβδεμήκοντα hοκτὼ μεδίμνων πρώγγυος τῶ σώματος πε καρυκεῖον / Ἀπολλώνιος hηρακλήτω / γραμματεὺς ϝε γυῖον Ἀριστόδαμος Συμμάχω γαμέτρας Χαιρέας Δάμωνος Νεαπολίτας // ἔφορος Δάζιμος hα πόλις / καὶ τοὶ ὀρισταὶ ϝε τρίπους Φιλώ/νυμος Ζωπυρίσκω πε καρυκεῖον / Ἀπολλώνιος hηρακλήτω αι πέλ/τα Δάζιμος Πύρρω Ἀθάναι Πολιάδι / ἀνέγραψαν τοὶ ὀρισταὶ τοὶ hαιρεθέντες ἐπὶ τὼς χώρως τὼς hια/ρὼς τὼς τᾶς Ἀθάνας τὼς ἐν Κοίλαι Φιλώνυμος Ζωπυρίσκω Ἀπολ/λώνιος hηρακλήτω Δάζιμος Πύρρω καθὰ ὤριξαν καὶ συνεμε/τρήσαν καὶ ἐτερμάξαν καὶ ἐμερίξαν τῶν hηρακλείων δια/γνόντων ἐν κατακλήτωι ἀλίαι συνεμετρήσαμες δὲ ἀρξαμένοι / ἀπὸ τῶ ἀντόμω τῶ ἀπὸ Καινᾶν ἄγοντος ἐπὶ τὰν hοδὸν τὰν τρι/ακοντάπεδον τὰν ἐπὶ θάλασσαν ἄγωσαν καὶ ἐγένοντο ἀπὸ / τῶ ἀντόμω ποτὶ τὰν βουβῆτιν τὰν διὰ τῶν γυᾶν ἐκ πόλιος ῥέω/σαν hεπτὰ γύαι ἀπὸ δὲ τᾶς βουβήτιος ἐπὶ τὰν τριακοντάπεδον / τρεῖς καὶ δέκα γύαι ἀπὸ δὲ τᾶς τριακονταπέδω ἐπὶ τὰν τριακον/τάπεδον τὰν διὰ τῶν τριhημιγύων ἄγωσαν καὶ ἐγένοντο / hεννέα τριhημίγυα διαβάντες δὲ τὰν τριακοντάπεδον ἐμε/τρίωμες ποτὶ τὸν ϝικατίδειον καὶ ἀπεμετρήσαμες τὸ δέκα/τον τριhημίγυον τὰ δὲ τρίγυα οὐκ ἐξεποΐον καθὼς τὸ ἀρχαῖον / hευρίσκομες γεγενημένα ἀλλὰ πενθημίγυον μόνον κα/τελείπετο ἐκ τῶν δυῶν τριγύων τὰν δὲ λοιπὰν γᾶν ϝιδίαν / τινὲς ἐπεποίηντο ταύταν ἀπεκατεστάσαμες τᾶι Ἀθάναι / κὰτ τὰ ἀρχαῖα ἀπὸ δὲ τῶ ϝικατιδείω τὰν ἐς ποταμὸν τὸν Ἄκιριν / γᾶν ποτιγενομέναν τὰν ἐμ μέσσωι τᾶς τε hεκατομπέδω / καὶ τᾶς hηρακλείας hοδῶ καὶ ταύταν πᾶσαν ϝιδίαν ἐπεποίηντό / τινες καὶ τοὶ μὲν ἐριξάντες ἀπέσταν τοῖς δὲ ἐδικαξάμεθα δίκας / τριακοσταίας καὶ ἀποκαταστασάντες τᾶι θεῶι κὰτ τὰ ἀρχαῖα ταύ/ταν τὰν γᾶν κατεδασσάμεθα καὶ ὄρως ἐπάξαμες ἐφʼ ἑκάστας τᾶς / μερίδος καὶ ἐποιήσαμες πὰρ τὸ τριhημίγυον τὸ δέκατον πρᾶτον τρί/γυον ποτθέντες πὸτ τὸ πενθημίγυον ἀφʼ ἇς κατεσώιξαμες γᾶς hώσ/τʼ ἦμεν ἔκπλεον εὖρος τρίγυον μᾶκος ἀπὸ τᾶς hεκατομπέδω ἄχρι πὸτ / τὰν hηρακλέαν hοδὸν ἂν τὼς ὄρως καὶ ἐγένοντο σχοίνοι hεκατὸν τρι/άκοντα hοκτώ ὀρέγματα hοκτώ ψιλᾶς μὲν hεκατὸν τριάκοντα τρῖς ὀρέγματα ϝίκατι / ϝέξ ποῦς ἀμπέλων δὲ τετόρες σχοίνοι ὀρέγματα δέκα hέν πόδες / τρῖς hαύτα hα γᾶ ἐμισθώθη τὰν πράταν πενταhετηρίδα διακοσίων / ϝεξήκοντα hεννέα μεδίμνων χοός δυῶν χοινίκων ἀπὸ δὲ τούτω τῶ / {τω} τριγύω ἐμετρήσαμες πὸτ τὸ ϝικατίδειον δεύτερον τρίγυον εὖ/ρος ἂν τὼς ὄρως μᾶκος ἀπὸ τᾶς hεκατομπέδω ποτὶ τὰν hηρακλείαν / hοδόν καὶ ἐγένοντο σχοίνοι hεκατὸν τριάκοντα hεννέα ψιλᾶς μὲν hε/κατὸν ϝίκατι τρῖς σχοίνοι ἀμπέλων δὲ δέκα ϝὲξ σχοίνοι τοῦτο τὸ τρί/γυον ἐμισθώθη ϝεξακατίων hενενήκοντα πέντε μεδίμνων / διαβάντες δὲ τὸν ϝικατίδειον ἐποιήσαμες πράταν μερίδα πὰρ hεκ[α]/τόνπεδον ἐν hᾶι hα ἀμπελωργικά καὶ ἐτάμομες κοινὰν πόθοδον ἐκ τῶ / ϝικατιδείω πὸτ τὰν οἰκίαν ϝικατίπεδον καὶ ἀπὸ τᾶς οἰκίας πὰρ τὰς ἀμ/πέλως ἄχρι ἐς ποταμὸν hοκτάπεδον καὶ ἐμετρίωμες ἀπὸ τῶ ϝικατιδείω / τὸ πὸτ Ἄκιριν ἐπὶ τὰν διαστολὰν τὰν πλαγίαν τὰν ἀπὸ τᾶς ποθόδω τᾶς κοι/νᾶς ἀγώσας ἐς τὰν hεκατόνπεδον καὶ ἐγένοντο πεντήκοντα hεννέα σχοί/νοι hημίσχοινον ψιλᾶς μὲν πεντήκοντα μία ὀρέγματα hεπτά ἀμπέλων δ[ὲ] / hοκτὼ σχοίνοι ὀρέγματα hοκτώ hαύτα ἐμισθώθη τετρακατίων τεσσαρά[κον]/τα ϝὲξ μεδίμνων καδδίχων τεσσάρων δευτέρα μερίς ἐν hᾶι hα οἰκία [ἐ]/στί μᾶκος ἀπὸ τῶ ϝικατιδείω ἐπὶ τὰν τράφον τὰν πὰρ ποταμόν εὖρος ἀπὸ τῶν ὄ/ρων καὶ τᾶς ποθόδω τᾶς hοκταπέδω τᾶς ἐς ποταμὸν ἀγώσας ἐπὶ τὼς ὄρως / καὶ ἐγένοντο ϝεξήκοντα τρεῖς σχοίνοι ὀρέγματα δέκα δύο ταύται τᾶι μερίδ[ι] / ποτεδασσάμεθα ἀμπέλων τὰν πράταν διαστολὰν τὰν πὰρ τὰν hεκατόνπε/δον hοκτὼ σχοίνως ὀρέγματα ϝείκατι ϝέξ πόδας δύο καὶ ἐγένετο hα πᾶσα μερὶς / hεβδεμήκοντα δύο σχοίνοι ὀρέγματα hοκτώ πόδες δύο hάυτα ἐμισθώθη ϝεξα/κατίων τριάκοντα δυῶν μεδίμνων χοός τρίτα μερὶς μᾶκος ἀπὸ τῶ ϝεικατι/δείω ἐπὶ τὰν τράφον τὰν πὰρ ποταμόν εὖρος ἀπὸ τῶν ὄρων τῶν τᾶς δευτέρας / μερίδος ἐπὶ τὼς ὄρως καὶ ἐγένοντο ψιλᾶς μὲν ϝεξήκοντα ϝὲξ σχοίνοι hημίσχοι/νον ταύται τᾶι μερίδι ποτεδασσάμεθα ἀμπέλων τὰν δευτέραν διαστολὰν ἀφʼ ἑκα/τονπέδω hεπτὰ σχοίνως ὀρέγματα δέκα hεπτά καὶ ἐγένετο hα πᾶσα μερὶς hεβδε/μήκοντα τετόρες σχοίνοι ὀρέγματα δύο hαύτα ἐμισθώθη ϝεξακατίων τριάκοντα / μεδίμνων δυῶν καδδίχων χοινίκων δυῶν τετάρτα μερὶς μᾶκος ἀπὸ τῶ ϝι/κατιδείω ἐπὶ τὰν τράφον τὰν πὰρ ποταμόν εὖρος ἀπὸ τῶν ὄρων τῶν τᾶς τρί/τας μερίδος ἐπὶ τὼς ὄρως καὶ ἐπὶ τὸν ἄντομον τὸν διατάμνοντα τὼς χώρως τὸν / ἐτάμομες ἐκ τῶ ϝικατιδείω ἐς ποταμὸν κοινὸν πᾶσι χρῆσθαι τοῖς τὼς hιαρὼς χώ/ρως μεμισθωμένοις καὶ ἐγένοντο ψιλᾶς μὲν ϝεξήκοντα hοκτὼ σχοίνοι ὀρέγμα / τα δέκα τρία ταύται τᾶι μερίδι ποτεδασσάμεθα ἀμπέλων τὰν τρίταν διαστολὰν / ἀφʼ ἑκατομπέδω τὰν ποτικλαίγωσαν πὸτ τὰν πόθοδον τὰν hοκτάπεδον δέκα πέντε / σχοίνως ὀρέγματα hεπτά (καὶ) ἐγένετο hα πᾶσα μερὶς hογδοήκοντα τρεῖς σχοίνοι ὀρέγμα/τα ϝείκατι hαύτα ἐμισθώθη ϝεξακατίων τριάκοντα μεδίμνων ἀπὸ δὲ τῶ / ἀντόμω τῶ διατάμνοντος τὼς χώρως τῶ ἐς ποταμὸν ἄγοντος τῶ ϝι/κατιπέδω ἐμετρίωμες μᾶκος μὲν ἐπὶ τὰν hηρακλείαν εὖρος δὲ ἀπὸ / τῶ ϝικατιδείω ἐπὶ τὼς ὄρως τὼς πράτως καὶ κατελίπομες / πόθοδον ἐκ τῶ ϝεικατιδείω ποτὶ τὰν οἰκίαν ϝεικατίπεδον καὶ ἐγένετο / hα μερὶς hαύτα ψιλᾶς ϝεξήκοντα δύο σχοίνοι ταύται τᾶι μερίδι ποτεδασ/σάμεθα ἀμπέλων τὰν πράταν στάσιν τὰν πὸτ τὸν ϝικατίδειον ϝὲξ σχοί/νως hημίσχοινον καὶ ἐγένετο hα πᾶσα μερὶς ϝεξήκοντα hοκτὼ σχοίνοι hημί/σχοινον hαύτα ἐμισθώθη hοκτακατίων πεντήκοντα ϝὲξ μεδίμνων καδδί/χων τετόρων δευτέρα μερὶς ἀπὸ τῶ ϝικατιδείω ἐν hᾶι hα οἰκία ἐστί / ἀπὸ τῶ ἀντόμω τῶ ἐς ποταμὸν ἄγοντος μᾶκος ἐπὶ τὰν hηρακλείαν εὖ/ρος ἀπὸ τῶν ὄρων ἐπὶ τὼς ὄρως καὶ ἐγένετο ψιλᾶς πεντήκοντα hεννέα / σχοίνοι hημίσχοινον ταύται τᾶι μερίδι ποτεδασσάμεθα ἀμπέλων / τὰν δευτέραν στάσιν ἀπὸ ϝικατιδείω ϝὲξ σχοίνως hημίσχοινον καὶ ἐ/γένετο hα πᾶσα μερὶς ϝεξήκοντα ϝὲξ σχοίνοι hαύτα ἐμισθώθη τετρα/κατίων πεντήκοντα hοκτὼ μεδίμνων καδδίχων δέκα τετόρων δυ/ῶν χοινίκων τρίτα μερὶς ἀπὸ τῶ ϝικατιδείω πὸτ τὰς ἀμπέλως ἀπὸ τῶ / ἀντόμω τῶ ἐς ποταμὸν ἄγοντος μᾶκος ἐπὶ τὰν hηρακλείαν εὖρος ἀ/πὸ τῶν ὄρων ἐπὶ τὼς ὄρως καὶ ἐγένετο ψιλᾶς ϝεξήκοντα τρῖς σχοίνοι hη/μίσχοινον ταύται τᾶι μερίδι ποτεδασσάμεθα ἀμπέλων τὰν τρίταν / στάσιν ἀπὸ ϝικατιδείω ϝὲξ σχοίνως hημίσχοινον καὶ ἐγένετο hα πᾶσα με/ρὶς hεβδεμήκοντα σχοίνοι hαύτα ἐμισθώθη τριακατίων ϝὲξ μεδίμνων καδ/δίχων τετόρων τετάρτα μερὶς ἀπὸ ϝικατιδείω μᾶκος μὲν ἀπὸ τῶ ἀντόμω / τῶ ἐς ποταμὸν ἄγοντος ποτὶ τὰν πόθοδον τὰν πὰρ τὰς ἀμπέλως ἄγωσαν / εὖρος ἀπὸ τῶν ὄρων ἐπὶ τὼς ὄρως καὶ ἐγένετο ψιλᾶς τετρώκοντα hοκτὼ / σχοίνοι ταύται τᾶι μερίδι ποτεδασσάμεθα ἀμπέλων τὰν τετάρταν στά/σιν ἀπὸ ϝικατιδείω ϝὲξ σχοίνως hημίσχοινον καὶ ἐγένετο hα πᾶσα μερὶς πεν/τήκοντα τετόρες σχοίνοι hημίσχοινον hαύτα ἐμισθώθη διακατίων τριάκον/τα πέντε μεδίμνων καδδίχων δέκα πέντε πέμπτα μερὶς ἀπὸ ϝικατι/δείω μᾶκος ἀπὸ τῶ ἀντόμω τῶ ἐς ποταμὸν ἄγοντος ποτὶ τὰν πόθοδον τὰν / πὰρ τὰς ἀμπέλως ἄγωσαν εὖρος ἀπὸ τῶν ὄρων ἐπὶ τὰν νᾶσον καὶ ἐγέ/νετο ψιλᾶς ϝεξήκοντα τετόρες σχοίνοι ταύται τᾶι μερίδι ποτεδασ/σάμεθα ἀμπέλων τὰν πέμπταν στάσιν ἀπὸ ϝικατιδείω hεπτὰ σχοί/νως ὀρέγματα δέκα hεπτά πόδας δύο καὶ ἐγένετο hα πᾶσα μερὶς hεβδε/μήκοντα μία σχοίνοι ὀρέγματα (δέκα) hεπτά πόδες δύο hαύτα ἐμισθώθη πεντα/κατίων hογδοήκοντα μεδίμνων καδδίχων δέκα πέντε ϝέκτα μερὶς / τὸ ἔγγωνον τὸ πὰρ τὰς ἀμπέλως τὸ ποτικλαῖγον πὸτ τὰν hηρακλείαν κα[ὶ] / πὸτ τὸν ποταμόν καὶ ἐγένετο ψιλᾶς τριάκοντα σχοίνοι ταύται (τᾶι) μερίδι πο/τεδασσάμεθα ἀμπέλων hοκτὼ σχοίνως hημίσχοινον τὰς ἐχομένας τῶ / χωρί[ω καὶ ἐγέν]ετο h[α] πᾶσα μερὶς τριάκοντα hοκτὼ σχοίνοι hημίσχοινο[ν] / [hαύτα ἐμισθώθη 3 hε]νὸς με[δίμνων 3]+Σ++[3] / [6]","date_from":null,"date_to":null,"marker_gender":"male","is_individual":true,"edcs_url":"https://edcs.hist.uzh.ch/en/document?edcs-id=EDCS-39100056","persons":[{"nomen":"","gender":"male","raw_name":"Ἀρίσταρχος","cognomen":"Aristarchus","status":"ephorus","cluster_id":1539,"cluster_size":2,"cluster_confidence":"low"},{"nomen":"","gender":"male","raw_name":"Φιλώνυμος","cognomen":"Philonymus","status":"oristes"},{"nomen":"","gender":"male","raw_name":"Ἀπολλώνιος","cognomen":"Apollonius","status":"oristes","cluster_id":1541,"cluster_size":2,"cluster_confidence":"low"},{"nomen":"","gender":"male","raw_name":"Δάζιμος","cognomen":"Dazimus","status":"oristes","cluster_id":1542,"cluster_size":2,"cluster_confidence":"low"},{"nomen":"","gender":"male","raw_name":"Φιλώτας","cognomen":"Philotas","status":"oristes"},{"nomen":"","gender":"male","raw_name":"hηρακλείδας","cognomen":"Heracleidas","status":"oristes"},{"nomen":"","gender":"male","raw_name":"Ἀριστίωνος","cognomen":"Aristion","status":"ephorus"},{"nomen":"","gender":"male","raw_name":"Τίμαρχος","cognomen":"Timarchus","status":"polianomus"},{"nomen":"","gender":"male","raw_name":"Ἀπολλώνιος","cognomen":"Apollonius","status":"polianomus","cluster_id":1541,"cluster_size":2,"cluster_confidence":"low"},{"nomen":"","gender":"male","raw_name":"Ἀριστάρχω","cognomen":"Aristarchus","status":"ephorus","cluster_id":1539,"cluster_size":2,"cluster_confidence":"low"},{"nomen":"","gender":"male","raw_name":"Δάζιμος","cognomen":"Dazimus","status":"ephorus","cluster_id":1542,"cluster_size":2,"cluster_confidence":"low"},{"nomen":"","gender":"male","raw_name":"Βορμίων","cognomen":"Bormion"},{"nomen":"","gender":"male","raw_name":"Ἀρκὰς","cognomen":"Arcas","status":"proangyos"},{"nomen":"","gender":"male","raw_name":"Δάμαρχος","cognomen":"Damarchus"},{"nomen":"","gender":"male","raw_name":"Θεόδωρος","cognomen":"Theodorus","status":"proangyos"},{"nomen":"","gender":"male","raw_name":"Πεισίας","cognomen":"Peisias"},{"nomen":"","gender":"male","raw_name":"Ἀριστόδαμος","cognomen":"Aristodamus","status":"proangyos"},{"nomen":"","gender":"male","raw_name":"Φίλιππος","cognomen":"Philippus"},{"nomen":"","gender":"male","raw_name":"Χαιρέας","cognomen":"Chaereas","status":"gametras"}]}},{"type":"Feature","geometry":{"type":"Point","coordinates":[16.68,40.21]},"properties":{"edcs_id":"EDCS-39100057","findspot":"Policoro / Heraclea","raw_text":"hιστίαι {α} πρὸ / αὐταυτᾶς κ/αὶ τᾶς Ἀφροδ/ιτίας Δορκὰς / ἀνέθηκε","date_from":null,"date_to":null,"marker_gender":"female","is_individual":true,"edcs_url":"https://edcs.hist.uzh.ch/en/document?edcs-id=EDCS-39100057","persons":[{"nomen":"","gender":"female","raw_name":"hιστίαι","cognomen":"Histia"},{"nomen":"","gender":"female","raw_name":"Δορκὰς","cognomen":"Dorcas"}]}},{"type":"Feature","geometry":null,"properties":{"edcs_id":"EDCS-39100058","findspot":"Torremare / Torre Mare / Metapontum","raw_text":"Ἀπόλονος Λυκείου ἐμί Θεάγεος ΡΥΡ","date_from":null,"date_to":null,"marker_gender":"male","is_individual":true,"edcs_url":"https://edcs.hist.uzh.ch/en/document?edcs-id=EDCS-39100058","persons":[{"nomen":"","gender":"male","raw_name":"Θεάγεος","cognomen":"Theages"}]}},{"type":"Feature","geometry":null,"properties":{"edcs_id":"EDCS-39100059","findspot":"Torremare / Torre Mare / Metapontum","raw_text":"ΠΕΩΝ Εὔξενος Φιλιστίδα ἔθηκε","date_from":null,"date_to":null,"marker_gender":"mixed","is_individual":true,"edcs_url":"https://edcs.hist.uzh.ch/en/document?edcs-id=EDCS-39100059","persons":[{"nomen":"","gender":"male","raw_name":"Eὕξενος","cognomen":"Euxenus"},{"nomen":"","gender":"female","raw_name":"Φιλιστίδα","cognomen":"Philistida"}]}},{"type":"Feature","geometry":{"type":"Point","coordinates":[16.47,39.7]},"properties":{"edcs_id":"EDCS-39100063","findspot":"Thurio / Thurioi / Copia Thurii","raw_text":"χαῖρε ϝάναξ Ἥρακλες(?) // ὄ τοι κεραμεύς μʼ ἀνέθεκε // δὸς δέ ϝʼ ἰν ἀνθρόποις // δόξαν ἔχεν ἀγαθ(ά)ν // Νικόμαχός μʼ ἐπόε","date_from":null,"date_to":null,"marker_gender":"male","is_individual":false,"edcs_url":"https://edcs.hist.uzh.ch/en/document?edcs-id=EDCS-39100063","persons":[{"nomen":"","gender":"male","raw_name":"Νικόμαχός","cognomen":"Nicomachus"}]}},{"type":"Feature","geometry":{"type":"Point","coordinates":[15.89,40.28]},"properties":{"edcs_id":"EDCS-39100065","findspot":"Grumento Nova / Grumentum","raw_text":"Κρειθών/ιος ἤθηκη / τὸειστή/φανον","date_from":null,"date_to":null,"marker_gender":"male","is_individual":false,"edcs_url":"https://edcs.hist.uzh.ch/en/document?edcs-id=EDCS-39100065","persons":[{"nomen":"","gender":"male","raw_name":"Κρειθών ιος","cognomen":"Crethonius"}]}},{"type":"Feature","geometry":null,"properties":{"edcs_id":"EDCS-39100066","findspot":"Anzi / Anxia","raw_text":"Δάσιμος Πύρρο","date_from":null,"date_to":null,"marker_gender":"male","is_individual":true,"edcs_url":"https://edcs.hist.uzh.ch/en/document?edcs-id=EDCS-39100066","persons":[{"nomen":"","gender":"male","raw_name":"Δάσιμος","cognomen":"Dasimus"},{"nomen":"","gender":"male","raw_name":"Πύρρο","cognomen":"Pyrrhus"}]}},{"type":"Feature","geometry":{"type":"Point","coordinates":[15.16,40.16]},"properties":{"edcs_id":"EDCS-39100067","findspot":"Marina di Ascea / Castellammare di Velia / Castellamare della Bruca / Castellammare / Elea / Velia","raw_text":"Αἰσχρίων / Δι(ο)νυσίου","date_from":null,"date_to":null,"marker_gender":"male","is_individual":false,"edcs_url":"https://edcs.hist.uzh.ch/en/document?edcs-id=EDCS-39100067","persons":[{"nomen":"","gender":"male","raw_name":"Αἰσχρίων","cognomen":"Aeschrion"},{"nomen":"","gender":"male","raw_name":"Δι(ο)νυσίου","cognomen":"Dionysius","cluster_id":1194,"cluster_size":5,"cluster_confidence":"low"}]}},{"type":"Feature","geometry":{"type":"Point","coordinates":[15.16,40.16]},"properties":{"edcs_id":"EDCS-39100068","findspot":"Marina di Ascea / Castellammare di Velia / Castellamare della Bruca / Castellammare / Elea / Velia","raw_text":"Εἵμωνος / τοῦ Πίστου","date_from":null,"date_to":null,"marker_gender":"male","is_individual":false,"edcs_url":"https://edcs.hist.uzh.ch/en/document?edcs-id=EDCS-39100068","persons":[{"nomen":"","gender":"male","raw_name":"Εἵμωνος","cognomen":"Heimon"},{"nomen":"","gender":"male","raw_name":"Πίστου","cognomen":"Pistus"}]}},{"type":"Feature","geometry":{"type":"Point","coordinates":[15.16,40.16]},"properties":{"edcs_id":"EDCS-39100069","findspot":"Marina di Ascea / Castellammare di Velia / Castellamare della Bruca / Castellammare / Elea / Velia","raw_text":"Ἱστίη","date_from":null,"date_to":null,"marker_gender":"female","is_individual":false,"edcs_url":"https://edcs.hist.uzh.ch/en/document?edcs-id=EDCS-39100069","persons":[{"nomen":"","gender":"female","raw_name":"Ἱστίη","cognomen":"Histia"}]}},{"type":"Feature","geometry":{"type":"Point","coordinates":[15.16,40.16]},"properties":{"edcs_id":"EDCS-39100070","findspot":"Marina di Ascea / Castellammare di Velia / Castellamare della Bruca / Castellammare / Elea / Velia","raw_text":"Νίκας τῆς Ζωίλ[ου]","date_from":null,"date_to":null,"marker_gender":"mixed","is_individual":false,"edcs_url":"https://edcs.hist.uzh.ch/en/document?edcs-id=EDCS-39100070","persons":[{"nomen":"","gender":"female","raw_name":"Νίκας","cognomen":"Nica"},{"nomen":"","gender":"male","raw_name":"Ζωίλ[ου]","cognomen":"Zoilus","cluster_id":1218,"cluster_size":6,"cluster_confidence":"low"}]}},{"type":"Feature","geometry":{"type":"Point","coordinates":[15.16,40.16]},"properties":{"edcs_id":"EDCS-39100071","findspot":"Marina di Ascea / Castellammare di Velia / Castellamare della Bruca / Castellammare / Elea / Velia","raw_text":"Ὀνήσου / τοῦ Δή/μωνος","date_from":null,"date_to":null,"marker_gender":"male","is_individual":false,"edcs_url":"https://edcs.hist.uzh.ch/en/document?edcs-id=EDCS-39100071","persons":[{"nomen":"","gender":"male","raw_name":"Ὀνήσου","cognomen":"Onesimus","cluster_id":1191,"cluster_size":2,"cluster_confidence":"low"},{"nomen":"","gender":"male","raw_name":"Δήμωνος","cognomen":"Demon","status":"pater","cluster_id":1192,"cluster_size":2,"cluster_confidence":"low"}]}},{"type":"Feature","geometry":{"type":"Point","coordinates":[15.16,40.16]},"properties":{"edcs_id":"EDCS-39100072","findspot":"Marina di Ascea / Castellammare di Velia / Castellamare della Bruca / Castellammare / Elea / Velia","raw_text":"Τερτία / ΘΑΚΙΑΣ / τοῦ Διον/[υ]σίου","date_from":null,"date_to":null,"marker_gender":"mixed","is_individual":false,"edcs_url":"https://edcs.hist.uzh.ch/en/document?edcs-id=EDCS-39100072","persons":[{"nomen":"","gender":"female","raw_name":"Τερτία","cognomen":"Tertia"},{"nomen":"","gender":"male","raw_name":"Διον[υ]σίου","cognomen":"Dionysius","status":"pater","cluster_id":1194,"cluster_size":5,"cluster_confidence":"low"}]}},{"type":"Feature","geometry":{"type":"Point","coordinates":[15.0,40.42]},"properties":{"edcs_id":"EDCS-39100076","findspot":"Capaccio / Poseidonia / Paestum","raw_text":"τἀθάνα//ι Φιλλὸ // Χαρμυλί//δα δεκάταν","date_from":null,"date_to":null,"marker_gender":"mixed","is_individual":false,"edcs_url":"https://edcs.hist.uzh.ch/en/document?edcs-id=EDCS-39100076","persons":[{"nomen":"","gender":"female","raw_name":"Φιλλὸ","cognomen":"Phillo"},{"nomen":"","gender":"male","raw_name":"Χαρμυλίδα","cognomen":"Charmylidas"}]}},{"type":"Feature","geometry":{"type":"Point","coordinates":[15.16,40.16]},"properties":{"edcs_id":"EDCS-39500174","findspot":"Marina di Ascea / Castellammare di Velia / Castellamare della Bruca / Castellammare / Elea / Velia","raw_text":"δη(μόσιον) / Ζωί(λου)","date_from":null,"date_to":null,"marker_gender":"male","is_individual":false,"edcs_url":"https://edcs.hist.uzh.ch/en/document?edcs-id=EDCS-39500174","persons":[{"nomen":"","gender":"male","raw_name":"Ζωί(λου)","cognomen":"Zoilus","cluster_id":1218,"cluster_size":6,"cluster_confidence":"low"}]}},{"type":"Feature","geometry":{"type":"Point","coordinates":[15.16,40.16]},"properties":{"edcs_id":"EDCS-39500175","findspot":"Marina di Ascea / Castellammare di Velia / Castellamare della Bruca / Castellammare / Elea / Velia","raw_text":"Ζωί(λου)","date_from":null,"date_to":null,"marker_gender":"male","is_individual":false,"edcs_url":"https://edcs.hist.uzh.ch/en/document?edcs-id=EDCS-39500175","persons":[{"nomen":"","gender":"male","raw_name":"Ζωί(λου)","cognomen":"Zoilus","cluster_id":1218,"cluster_size":6,"cluster_confidence":"low"}]}},{"type":"Feature","geometry":{"type":"Point","coordinates":[15.16,40.16]},"properties":{"edcs_id":"EDCS-39500176","findspot":"Marina di Ascea / Castellammare di Velia / Castellamare della Bruca / Castellammare / Elea / Velia","raw_text":"Ζωί(λου)","date_from":null,"date_to":null,"marker_gender":"male","is_individual":false,"edcs_url":"https://edcs.hist.uzh.ch/en/document?edcs-id=EDCS-39500176","persons":[{"nomen":"","gender":"male","raw_name":"Ζωί(λου)","cognomen":"Zoilus","cluster_id":1218,"cluster_size":6,"cluster_confidence":"low"}]}},{"type":"Feature","geometry":{"type":"Point","coordinates":[15.16,40.16]},"properties":{"edcs_id":"EDCS-39500179","findspot":"Marina di Ascea / Castellammare di Velia / Castellamare della Bruca / Castellammare / Elea / Velia","raw_text":"Κλεοβ(ούλου?)","date_from":null,"date_to":null,"marker_gender":"male","is_individual":false,"edcs_url":"https://edcs.hist.uzh.ch/en/document?edcs-id=EDCS-39500179","persons":[{"nomen":"","gender":"male","raw_name":"Κλεοβ(ούλου?)","cognomen":"Cleobulus"}]}},{"type":"Feature","geometry":{"type":"Point","coordinates":[15.16,40.16]},"properties":{"edcs_id":"EDCS-39500181","findspot":"Marina di Ascea / Castellammare di Velia / Castellamare della Bruca / Castellammare / Elea / Velia","raw_text":"Ὀνη(σ) // Ὀνη(σ)","date_from":null,"date_to":null,"marker_gender":"male","is_individual":false,"edcs_url":"https://edcs.hist.uzh.ch/en/document?edcs-id=EDCS-39500181","persons":[{"nomen":"","gender":"male","raw_name":"Ὀνη(σ)","cognomen":"Onesimus","cluster_id":1191,"cluster_size":2,"cluster_confidence":"low"}]}},{"type":"Feature","geometry":{"type":"Point","coordinates":[15.64,38.1]},"properties":{"edcs_id":"EDCS-39500573","findspot":"Reggio di Calabria / Reggio Calabria / Regium Iulium","raw_text":"Ὑακινθί[ου] / Ἀγησίδα","date_from":null,"date_to":null,"marker_gender":"male","is_individual":false,"edcs_url":"https://edcs.hist.uzh.ch/en/document?edcs-id=EDCS-39500573","persons":[{"nomen":"","gender":"male","raw_name":"Ὑακινθίου","cognomen":"Hyacinthius"},{"nomen":"","gender":"male","raw_name":"Ἀγησίδα","cognomen":"Agesidas"}]}},{"type":"Feature","geometry":{"type":"Point","coordinates":[15.64,38.1]},"properties":{"edcs_id":"EDCS-39500574","findspot":"Reggio di Calabria / Reggio Calabria / Regium Iulium","raw_text":"Ἀγοράνακτο[ς] / Σμινθίου","date_from":null,"date_to":null,"marker_gender":"male","is_individual":false,"edcs_url":"https://edcs.hist.uzh.ch/en/document?edcs-id=EDCS-39500574","persons":[{"nomen":"","gender":"male","raw_name":"Ἀγοράνακτο[ς]","cognomen":"Agoranax"},{"nomen":"","gender":"male","raw_name":"Σμινθίου","cognomen":"Sminthius"}]}},{"type":"Feature","geometry":{"type":"Point","coordinates":[15.64,38.1]},"properties":{"edcs_id":"EDCS-39500575","findspot":"Reggio di Calabria / Reggio Calabria / Regium Iulium","raw_text":"ἐπὶ Ἀθ/ανοδότου","date_from":null,"date_to":null,"marker_gender":"male","is_individual":false,"edcs_url":"https://edcs.hist.uzh.ch/en/document?edcs-id=EDCS-39500575","persons":[{"nomen":"","gender":"male","raw_name":"Ἀθανοδότου","cognomen":"Athanodotus"}]}},{"type":"Feature","geometry":{"type":"Point","coordinates":[15.64,38.1]},"properties":{"edcs_id":"EDCS-39500576","findspot":"Reggio di Calabria / Reggio Calabria / Regium Iulium","raw_text":"(Ἄν)δρ(ω)νος","date_from":null,"date_to":null,"marker_gender":"male","is_individual":false,"edcs_url":"https://edcs.hist.uzh.ch/en/document?edcs-id=EDCS-39500576","persons":[{"nomen":"","gender":"male","raw_name":"(Ἄν)δρ(ω)νος","cognomen":"Andron","cluster_id":1459,"cluster_size":2,"cluster_confidence":"low"}]}},{"type":"Feature","geometry":{"type":"Point","coordinates":[15.64,38.1]},"properties":{"edcs_id":"EDCS-39500578","findspot":"Reggio di Calabria / Reggio Calabria / Regium Iulium","raw_text":"ἐπὶ Ἀριστ/ομάχου / Πανάμου","date_from":null,"date_to":null,"marker_gender":"male","is_individual":false,"edcs_url":"https://edcs.hist.uzh.ch/en/document?edcs-id=EDCS-39500578","persons":[{"nomen":"","gender":"male","raw_name":"Ἀριστομάχου","cognomen":"Aristomachus","cluster_id":1460,"cluster_size":3,"cluster_confidence":"low"}]}},{"type":"Feature","geometry":{"type":"Point","coordinates":[15.64,38.1]},"properties":{"edcs_id":"EDCS-39500580","findspot":"Reggio di Calabria / Reggio Calabria / Regium Iulium","raw_text":"ἐπὶ Θαρσιπόλιος/ Πανάμου","date_from":null,"date_to":null,"marker_gender":"male","is_individual":false,"edcs_url":"https://edcs.hist.uzh.ch/en/document?edcs-id=EDCS-39500580","persons":[{"nomen":"","gender":"male","raw_name":"Θαρσιπόλιος","cognomen":"Tharsipolis"}]}},{"type":"Feature","geometry":{"type":"Point","coordinates":[15.64,38.1]},"properties":{"edcs_id":"EDCS-39500582","findspot":"Reggio di Calabria / Reggio Calabria / Regium Iulium","raw_text":"Νικάνο(ρος)","date_from":null,"date_to":null,"marker_gender":"male","is_individual":false,"edcs_url":"https://edcs.hist.uzh.ch/en/document?edcs-id=EDCS-39500582","persons":[{"nomen":"","gender":"male","raw_name":"Νικάνο(ρος)","cognomen":"Nicanor"}]}},{"type":"Feature","geometry":{"type":"Point","coordinates":[15.64,38.1]},"properties":{"edcs_id":"EDCS-39500584","findspot":"Reggio di Calabria / Reggio Calabria / Regium Iulium","raw_text":"Σωπά(τ)ρο[υ](?) / ΛΛΛ / Λ","date_from":null,"date_to":null,"marker_gender":"male","is_individual":false,"edcs_url":"https://edcs.hist.uzh.ch/en/document?edcs-id=EDCS-39500584","persons":[{"nomen":"","gender":"male","raw_name":"Σωπά(τ)ρο[υ]","cognomen":"Sopater"}]}},{"type":"Feature","geometry":{"type":"Point","coordinates":[15.64,38.1]},"properties":{"edcs_id":"EDCS-39500593","findspot":"Reggio di Calabria / Reggio Calabria / Regium Iulium","raw_text":"Ἀρχεδάμου","date_from":null,"date_to":null,"marker_gender":"male","is_individual":false,"edcs_url":"https://edcs.hist.uzh.ch/en/document?edcs-id=EDCS-39500593","persons":[{"nomen":"","gender":"male","raw_name":"Ἀρχεδάμου","cognomen":"Archedamus","cluster_id":1465,"cluster_size":2,"cluster_confidence":"low"}]}},{"type":"Feature","geometry":{"type":"Point","coordinates":[15.64,38.1]},"properties":{"edcs_id":"EDCS-39500595","findspot":"Reggio di Calabria / Reggio Calabria / Regium Iulium","raw_text":"Ἐπικράτεος","date_from":null,"date_to":null,"marker_gender":"male","is_individual":false,"edcs_url":"https://edcs.hist.uzh.ch/en/document?edcs-id=EDCS-39500595","persons":[{"nomen":"","gender":"male","raw_name":"Ἐπικράτεος","cognomen":"Epicrates"}]}},{"type":"Feature","geometry":{"type":"Point","coordinates":[15.64,38.1]},"properties":{"edcs_id":"EDCS-39500596","findspot":"Reggio di Calabria / Reggio Calabria / Regium Iulium","raw_text":"Ἡράκλητος","date_from":null,"date_to":null,"marker_gender":"male","is_individual":false,"edcs_url":"https://edcs.hist.uzh.ch/en/document?edcs-id=EDCS-39500596","persons":[{"nomen":"","gender":"male","raw_name":"Ἡράκλητος","cognomen":"Heraclitus","cluster_id":1470,"cluster_size":2,"cluster_confidence":"low"}]}},{"type":"Feature","geometry":{"type":"Point","coordinates":[15.64,38.1]},"properties":{"edcs_id":"EDCS-39500600","findspot":"Reggio di Calabria / Reggio Calabria / Regium Iulium","raw_text":"Μεγιστέα / ἐπὶ Ὀνάσου / ἐπὶ Ἀρτεμιδώρου","date_from":null,"date_to":null,"marker_gender":"male","is_individual":false,"edcs_url":"https://edcs.hist.uzh.ch/en/document?edcs-id=EDCS-39500600","persons":[{"nomen":"","gender":"male","raw_name":"Μεγιστέα","cognomen":"Megisteas"},{"nomen":"","gender":"male","raw_name":"Ὀνάσου","cognomen":"Onas","cluster_id":1472,"cluster_size":3,"cluster_confidence":"low"},{"nomen":"","gender":"male","raw_name":"Ἀρτεμιδώρου","cognomen":"Artemidorus"}]}},{"type":"Feature","geometry":{"type":"Point","coordinates":[15.64,38.1]},"properties":{"edcs_id":"EDCS-39500602","findspot":"Reggio di Calabria / Reggio Calabria / Regium Iulium","raw_text":"Νικία","date_from":null,"date_to":null,"marker_gender":"male","is_individual":false,"edcs_url":"https://edcs.hist.uzh.ch/en/document?edcs-id=EDCS-39500602","persons":[{"nomen":"","gender":"male","raw_name":"Νικία","cognomen":"Nicias","cluster_id":1474,"cluster_size":2,"cluster_confidence":"low"}]}},{"type":"Feature","geometry":{"type":"Point","coordinates":[15.64,38.1]},"properties":{"edcs_id":"EDCS-39500604","findspot":"Reggio di Calabria / Reggio Calabria / Regium Iulium","raw_text":"Νικοστ(ρ)άτου","date_from":null,"date_to":null,"marker_gender":"male","is_individual":false,"edcs_url":"https://edcs.hist.uzh.ch/en/document?edcs-id=EDCS-39500604","persons":[{"nomen":"","gender":"male","raw_name":"Νικοστ(ρ)άτου","cognomen":"Nicostratus"}]}},{"type":"Feature","geometry":{"type":"Point","coordinates":[15.64,38.1]},"properties":{"edcs_id":"EDCS-39500605","findspot":"Reggio di Calabria / Reggio Calabria / Regium Iulium","raw_text":"Ὀνάσο[υ] / Νίκωνος // Νίκ(ω)νο[ς] / Ὀνάσου","date_from":null,"date_to":null,"marker_gender":"male","is_individual":false,"edcs_url":"https://edcs.hist.uzh.ch/en/document?edcs-id=EDCS-39500605","persons":[{"nomen":"","gender":"male","raw_name":"Ὀνάσο[υ]","cognomen":"Onas","cluster_id":1472,"cluster_size":3,"cluster_confidence":"low"},{"nomen":"","gender":"male","raw_name":"Νίκωνος","cognomen":"Nicon","cluster_id":1476,"cluster_size":4,"cluster_confidence":"low"},{"nomen":"","gender":"male","raw_name":"Νίκ(ω)νο[ς]","cognomen":"Nicon","cluster_id":1476,"cluster_size":4,"cluster_confidence":"low"},{"nomen":"","gender":"male","raw_name":"Ὀνάσου","cognomen":"Onas","cluster_id":1472,"cluster_size":3,"cluster_confidence":"low"}]}},{"type":"Feature","geometry":{"type":"Point","coordinates":[15.64,38.1]},"properties":{"edcs_id":"EDCS-39500606","findspot":"Reggio di Calabria / Reggio Calabria / Regium Iulium","raw_text":"Περκωνίω[ν]","date_from":null,"date_to":null,"marker_gender":"male","is_individual":false,"edcs_url":"https://edcs.hist.uzh.ch/en/document?edcs-id=EDCS-39500606","persons":[{"nomen":"","gender":"male","raw_name":"Περκωνίω[ν]","cognomen":"Perconion"}]}},{"type":"Feature","geometry":{"type":"Point","coordinates":[15.64,38.1]},"properties":{"edcs_id":"EDCS-39500613","findspot":"Reggio di Calabria / Reggio Calabria / Regium Iulium","raw_text":"Σύρου","date_from":null,"date_to":null,"marker_gender":"male","is_individual":false,"edcs_url":"https://edcs.hist.uzh.ch/en/document?edcs-id=EDCS-39500613","persons":[{"nomen":"","gender":"male","raw_name":"Σύρου","cognomen":"Syrus"}]}},{"type":"Feature","geometry":{"type":"Point","coordinates":[15.64,38.1]},"properties":{"edcs_id":"EDCS-39500614","findspot":"Reggio di Calabria / Reggio Calabria / Regium Iulium","raw_text":"Σωσῆνος(?)","date_from":null,"date_to":null,"marker_gender":"male","is_individual":false,"edcs_url":"https://edcs.hist.uzh.ch/en/document?edcs-id=EDCS-39500614","persons":[{"nomen":"","gender":"male","raw_name":"Σωσῆνος","cognomen":"Sosenes","cluster_id":1496,"cluster_size":2,"cluster_confidence":"low"}]}},{"type":"Feature","geometry":{"type":"Point","coordinates":[15.64,38.1]},"properties":{"edcs_id":"EDCS-39500615","findspot":"Reggio di Calabria / Reggio Calabria / Regium Iulium","raw_text":"Σωσιστράτου","date_from":null,"date_to":null,"marker_gender":"male","is_individual":false,"edcs_url":"https://edcs.hist.uzh.ch/en/document?edcs-id=EDCS-39500615","persons":[{"nomen":"","gender":"male","raw_name":"Σωσιστράτου","cognomen":"Sosistratus"}]}},{"type":"Feature","geometry":{"type":"Point","coordinates":[15.64,38.1]},"properties":{"edcs_id":"EDCS-39500617","findspot":"Reggio di Calabria / Reggio Calabria / Regium Iulium","raw_text":"Φιντία","date_from":null,"date_to":null,"marker_gender":"male","is_individual":false,"edcs_url":"https://edcs.hist.uzh.ch/en/document?edcs-id=EDCS-39500617","persons":[{"nomen":"","gender":"male","raw_name":"Φιντία","cognomen":"Phintias","cluster_id":1498,"cluster_size":2,"cluster_confidence":"low"}]}},{"type":"Feature","geometry":{"type":"Point","coordinates":[15.64,38.1]},"properties":{"edcs_id":"EDCS-39500618","findspot":"Reggio di Calabria / Reggio Calabria / Regium Iulium","raw_text":"Φιντία","date_from":null,"date_to":null,"marker_gender":"male","is_individual":false,"edcs_url":"https://edcs.hist.uzh.ch/en/document?edcs-id=EDCS-39500618","persons":[{"nomen":"","gender":"male","raw_name":"Φιντία","cognomen":"Phintias","cluster_id":1498,"cluster_size":2,"cluster_confidence":"low"}]}},{"type":"Feature","geometry":{"type":"Point","coordinates":[15.64,38.1]},"properties":{"edcs_id":"EDCS-39500620","findspot":"Reggio di Calabria / Reggio Calabria / Regium Iulium","raw_text":"ΗΙΛΛΕΙΔΑ","date_from":null,"date_to":null,"marker_gender":"male","is_individual":false,"edcs_url":"https://edcs.hist.uzh.ch/en/document?edcs-id=EDCS-39500620","persons":[{"nomen":"","gender":"male","raw_name":"ΗΙΛΛΕΙΔΑ","cognomen":"Hilleidas"}]}},{"type":"Feature","geometry":{"type":"Point","coordinates":[15.64,38.1]},"properties":{"edcs_id":"EDCS-39500625","findspot":"Reggio di Calabria / Reggio Calabria / Regium Iulium","raw_text":"Φάνου","date_from":null,"date_to":null,"marker_gender":"male","is_individual":false,"edcs_url":"https://edcs.hist.uzh.ch/en/document?edcs-id=EDCS-39500625","persons":[{"nomen":"","gender":"male","raw_name":"Φάνου","cognomen":"Phanus","cluster_id":1500,"cluster_size":2,"cluster_confidence":"low"}]}},{"type":"Feature","geometry":{"type":"Point","coordinates":[15.64,38.1]},"properties":{"edcs_id":"EDCS-39500627","findspot":"Reggio di Calabria / Reggio Calabria / Regium Iulium","raw_text":"Κέλσει","date_from":null,"date_to":null,"marker_gender":"male","is_individual":false,"edcs_url":"https://edcs.hist.uzh.ch/en/document?edcs-id=EDCS-39500627","persons":[{"nomen":"","gender":"male","raw_name":"Κέλσει","cognomen":"Celsus","cluster_id":1501,"cluster_size":2,"cluster_confidence":"low"}]}},{"type":"Feature","geometry":{"type":"Point","coordinates":[15.64,38.1]},"properties":{"edcs_id":"EDCS-39500628","findspot":"Reggio di Calabria / Reggio Calabria / Regium Iulium","raw_text":"Κέλσει","date_from":null,"date_to":null,"marker_gender":"male","is_individual":false,"edcs_url":"https://edcs.hist.uzh.ch/en/document?edcs-id=EDCS-39500628","persons":[{"nomen":"","gender":"male","raw_name":"Κέλσει","cognomen":"Celsus","cluster_id":1501,"cluster_size":2,"cluster_confidence":"low"}]}},{"type":"Feature","geometry":{"type":"Point","coordinates":[15.66,37.98]},"properties":{"edcs_id":"EDCS-39500629","findspot":"Lazzaro / Leucopetra / Regium Iulium","raw_text":"Κ(ύρι)ε βοήθησον τοῦ ἐργα(σ)τηρίου Νικίου","date_from":null,"date_to":null,"marker_gender":"male","is_individual":false,"edcs_url":"https://edcs.hist.uzh.ch/en/document?edcs-id=EDCS-39500629","persons":[{"nomen":"","gender":"male","raw_name":"Νικίου","cognomen":"Nicius"}]}},{"type":"Feature","geometry":{"type":"Point","coordinates":[15.64,38.1]},"properties":{"edcs_id":"EDCS-39500632","findspot":"Reggio di Calabria / Reggio Calabria / Regium Iulium","raw_text":"Ἀρχε(δάμου)","date_from":null,"date_to":null,"marker_gender":"male","is_individual":false,"edcs_url":"https://edcs.hist.uzh.ch/en/document?edcs-id=EDCS-39500632","persons":[{"nomen":"","gender":"male","raw_name":"Ἀρχε(δάμου)","cognomen":"Archedamus","cluster_id":1465,"cluster_size":2,"cluster_confidence":"low"}]}},{"type":"Feature","geometry":{"type":"Point","coordinates":[15.64,38.1]},"properties":{"edcs_id":"EDCS-39500634","findspot":"Reggio di Calabria / Reggio Calabria / Regium Iulium","raw_text":"Εὐδάμου","date_from":null,"date_to":null,"marker_gender":"male","is_individual":false,"edcs_url":"https://edcs.hist.uzh.ch/en/document?edcs-id=EDCS-39500634","persons":[{"nomen":"","gender":"male","raw_name":"Εὐδάμου","cognomen":"Eudamus"}]}},{"type":"Feature","geometry":{"type":"Point","coordinates":[15.64,38.1]},"properties":{"edcs_id":"EDCS-39500636","findspot":"Reggio di Calabria / Reggio Calabria / Regium Iulium","raw_text":"Sesti // Γ(άϊος) Σάλπις","date_from":null,"date_to":null,"marker_gender":"male","is_individual":false,"edcs_url":"https://edcs.hist.uzh.ch/en/document?edcs-id=EDCS-39500636","persons":[{"nomen":"","gender":"male","raw_name":"Sesti","cognomen":"Sestius"},{"nomen":"","gender":"male","raw_name":"Γ(άϊος) Σάλπις","praenomen":"Gaius","cognomen":"Salpis"}]}},{"type":"Feature","geometry":{"type":"Point","coordinates":[15.64,38.1]},"properties":{"edcs_id":"EDCS-39500645","findspot":"Reggio di Calabria / Reggio Calabria / Regium Iulium","raw_text":"ἐπὶ Ἀναξι/βούλου / Ἀρταμιτίου","date_from":null,"date_to":null,"marker_gender":"male","is_individual":false,"edcs_url":"https://edcs.hist.uzh.ch/en/document?edcs-id=EDCS-39500645","persons":[{"nomen":"","gender":"male","raw_name":"Ἀναξιβούλου","cognomen":"Anaxibulus"}]}},{"type":"Feature","geometry":{"type":"Point","coordinates":[16.1,38.68]},"properties":{"edcs_id":"EDCS-39500760","findspot":"Vibo Valentia / Monteleone Calabro / Hipponium","raw_text":"ἐπὶ (Ἀ)λεξιμάχου Δαλίου","date_from":null,"date_to":null,"marker_gender":"male","is_individual":false,"edcs_url":"https://edcs.hist.uzh.ch/en/document?edcs-id=EDCS-39500760","persons":[{"nomen":"","gender":"male","raw_name":"Ἀλεξιμάχου","cognomen":"Aleximachus"},{"nomen":"","gender":"male","raw_name":"Δαλίου","cognomen":"Dalius"}]}},{"type":"Feature","geometry":{"type":"Point","coordinates":[16.1,38.68]},"properties":{"edcs_id":"EDCS-39500762","findspot":"Vibo Valentia / Monteleone Calabro / Hipponium","raw_text":"Ποντίου","date_from":null,"date_to":null,"marker_gender":"male","is_individual":false,"edcs_url":"https://edcs.hist.uzh.ch/en/document?edcs-id=EDCS-39500762","persons":[{"nomen":"","gender":"male","raw_name":"Ποντίου","cognomen":"Pontius"}]}},{"type":"Feature","geometry":{"type":"Point","coordinates":[16.1,38.68]},"properties":{"edcs_id":"EDCS-39500763","findspot":"Vibo Valentia / Monteleone Calabro / Hipponium","raw_text":"Τρεβίου Π[ε]ρκ[ε]ννίου","date_from":null,"date_to":null,"marker_gender":"male","is_individual":false,"edcs_url":"https://edcs.hist.uzh.ch/en/document?edcs-id=EDCS-39500763","persons":[{"nomen":"","gender":"male","raw_name":"Τρεβίου","cognomen":"Trebius","cluster_id":1961,"cluster_size":2,"cluster_confidence":"low"},{"nomen":"","gender":"male","raw_name":"Π[ε]ρκ[ε]ννίου","cognomen":"Percennius","cluster_id":1962,"cluster_size":2,"cluster_confidence":"low"}]}},{"type":"Feature","geometry":{"type":"Point","coordinates":[16.1,38.68]},"properties":{"edcs_id":"EDCS-39500764","findspot":"Vibo Valentia / Monteleone Calabro / Hipponium","raw_text":"Τρεβίου Περκεννίου","date_from":null,"date_to":null,"marker_gender":"male","is_individual":false,"edcs_url":"https://edcs.hist.uzh.ch/en/document?edcs-id=EDCS-39500764","persons":[{"nomen":"","gender":"male","raw_name":"Τρεβίου","cognomen":"Trebius","cluster_id":1961,"cluster_size":2,"cluster_confidence":"low"},{"nomen":"","gender":"male","raw_name":"Περκεννίου","cognomen":"Percennius","cluster_id":1962,"cluster_size":2,"cluster_confidence":"low"}]}},{"type":"Feature","geometry":{"type":"Point","coordinates":[16.1,38.68]},"properties":{"edcs_id":"EDCS-39500769","findspot":"Vibo Valentia / Monteleone Calabro / Hipponium","raw_text":"Κόττι // Κόττει","date_from":null,"date_to":null,"marker_gender":"male","is_individual":false,"edcs_url":"https://edcs.hist.uzh.ch/en/document?edcs-id=EDCS-39500769","persons":[{"nomen":"","gender":"male","raw_name":"Κόττι","cognomen":"Cottius"}]}},{"type":"Feature","geometry":{"type":"Point","coordinates":[16.1,38.68]},"properties":{"edcs_id":"EDCS-39500770","findspot":"Vibo Valentia / Monteleone Calabro / Hipponium","raw_text":"Περκενος","date_from":null,"date_to":null,"marker_gender":"male","is_individual":false,"edcs_url":"https://edcs.hist.uzh.ch/en/document?edcs-id=EDCS-39500770","persons":[{"nomen":"","gender":"male","raw_name":"Περκενος","cognomen":"Percennus"}]}},{"type":"Feature","geometry":{"type":"Point","coordinates":[16.1,38.68]},"properties":{"edcs_id":"EDCS-39500772","findspot":"Vibo Valentia / Monteleone Calabro / Hipponium","raw_text":"Γρ(η)γορίου","date_from":null,"date_to":null,"marker_gender":"male","is_individual":false,"edcs_url":"https://edcs.hist.uzh.ch/en/document?edcs-id=EDCS-39500772","persons":[{"nomen":"","gender":"male","raw_name":"Γρ(η)γορίου","cognomen":"Gregorius"}]}},{"type":"Feature","geometry":{"type":"Point","coordinates":[16.1,38.68]},"properties":{"edcs_id":"EDCS-39500773","findspot":"Vibo Valentia / Monteleone Calabro / Hipponium","raw_text":"Θεοφ(υ)λάκτο[υ]","date_from":null,"date_to":null,"marker_gender":"male","is_individual":false,"edcs_url":"https://edcs.hist.uzh.ch/en/document?edcs-id=EDCS-39500773","persons":[{"nomen":"","gender":"male","raw_name":"Θεοφ(υ)λάκτο[υ]","cognomen":"Theophylactus"}]}},{"type":"Feature","geometry":{"type":"Point","coordinates":[16.1,38.68]},"properties":{"edcs_id":"EDCS-39500775","findspot":"Vibo Valentia / Monteleone Calabro / Hipponium","raw_text":"Πετρονίου","date_from":null,"date_to":null,"marker_gender":"male","is_individual":false,"edcs_url":"https://edcs.hist.uzh.ch/en/document?edcs-id=EDCS-39500775","persons":[{"nomen":"Petronius","gender":"male","raw_name":"Πετρονίου"}]}},{"type":"Feature","geometry":{"type":"Point","coordinates":[16.81,40.37]},"properties":{"edcs_id":"EDCS-39500781","findspot":"Metaponto / Metapont / Metapontum","raw_text":"Δαμάτριος","date_from":null,"date_to":null,"marker_gender":"male","is_individual":false,"edcs_url":"https://edcs.hist.uzh.ch/en/document?edcs-id=EDCS-39500781","persons":[{"nomen":"","gender":"male","raw_name":"Δαμάτριος","cognomen":"Damatrius"}]}},{"type":"Feature","geometry":{"type":"Point","coordinates":[16.81,40.37]},"properties":{"edcs_id":"EDCS-39500782","findspot":"Metaponto / Metapont / Metapontum","raw_text":"Ἀγαθῖνος","date_from":null,"date_to":null,"marker_gender":"male","is_individual":false,"edcs_url":"https://edcs.hist.uzh.ch/en/document?edcs-id=EDCS-39500782","persons":[{"nomen":"","gender":"male","raw_name":"Ἀγαθῖνος","cognomen":"Agathinus"}]}},{"type":"Feature","geometry":{"type":"Point","coordinates":[16.81,40.37]},"properties":{"edcs_id":"EDCS-39500783","findspot":"Metaponto / Metapont / Metapontum","raw_text":"Ἐπιγονίου(?)","date_from":null,"date_to":null,"marker_gender":"male","is_individual":false,"edcs_url":"https://edcs.hist.uzh.ch/en/document?edcs-id=EDCS-39500783","persons":[{"nomen":"","gender":"male","raw_name":"Ἐπιγονίου","cognomen":"Epigonius"}]}},{"type":"Feature","geometry":{"type":"Point","coordinates":[16.81,40.37]},"properties":{"edcs_id":"EDCS-39500784","findspot":"Metaponto / Metapont / Metapontum","raw_text":"Ζωίλας","date_from":null,"date_to":null,"marker_gender":"male","is_individual":false,"edcs_url":"https://edcs.hist.uzh.ch/en/document?edcs-id=EDCS-39500784","persons":[{"nomen":"","gender":"male","raw_name":"Ζωίλας","cognomen":"Zoilas"}]}},{"type":"Feature","geometry":{"type":"Point","coordinates":[16.81,40.37]},"properties":{"edcs_id":"EDCS-39500787","findspot":"Metaponto / Metapont / Metapontum","raw_text":"Μυρτῶς","date_from":null,"date_to":null,"marker_gender":"female","is_individual":false,"edcs_url":"https://edcs.hist.uzh.ch/en/document?edcs-id=EDCS-39500787","persons":[{"nomen":"","gender":"female","raw_name":"Μυρτῶς","cognomen":"Myrtos"}]}},{"type":"Feature","geometry":{"type":"Point","coordinates":[16.81,40.37]},"properties":{"edcs_id":"EDCS-39500788","findspot":"Metaponto / Metapont / Metapontum","raw_text":"Σωτέλης","date_from":null,"date_to":null,"marker_gender":"male","is_individual":false,"edcs_url":"https://edcs.hist.uzh.ch/en/document?edcs-id=EDCS-39500788","persons":[{"nomen":"","gender":"male","raw_name":"Σωτέλης","cognomen":"Soteles"}]}},{"type":"Feature","geometry":{"type":"Point","coordinates":[16.27,38.24]},"properties":{"edcs_id":"EDCS-39500806","findspot":"Locri / Locri Epizephyrii","raw_text":"Γνάθις","date_from":null,"date_to":null,"marker_gender":"male","is_individual":false,"edcs_url":"https://edcs.hist.uzh.ch/en/document?edcs-id=EDCS-39500806","persons":[{"nomen":"","gender":"male","raw_name":"Γνάθις","cognomen":"Gnathis","cluster_id":1119,"cluster_size":5,"cluster_confidence":"low"}]}},{"type":"Feature","geometry":{"type":"Point","coordinates":[16.27,38.24]},"properties":{"edcs_id":"EDCS-39500807","findspot":"Locri / Locri Epizephyrii","raw_text":"[Γ]νάθ(ις)","date_from":null,"date_to":null,"marker_gender":"male","is_individual":false,"edcs_url":"https://edcs.hist.uzh.ch/en/document?edcs-id=EDCS-39500807","persons":[{"nomen":"","gender":"male","raw_name":"[Γ]νάθ(ις)","cognomen":"Gnathis","cluster_id":1119,"cluster_size":5,"cluster_confidence":"low"}]}},{"type":"Feature","geometry":{"type":"Point","coordinates":[15.87,38.39]},"properties":{"edcs_id":"EDCS-39501263","findspot":"Taureana di Palmi / Taureana / Taurianum","raw_text":"Μα/ῦρος Μ/ηζώτ/ρου","date_from":null,"date_to":null,"marker_gender":"male","is_individual":false,"edcs_url":"https://edcs.hist.uzh.ch/en/document?edcs-id=EDCS-39501263","persons":[{"nomen":"","gender":"male","raw_name":"Μαῦρος","cognomen":"Maurus"},{"nomen":"","gender":"male","raw_name":"Μηζώτρου","cognomen":"Mezotrus","status":"pater"}]}},{"type":"Feature","geometry":{"type":"Point","coordinates":[15.64,38.1]},"properties":{"edcs_id":"EDCS-39600018","findspot":"Reggio di Calabria / Reggio Calabria / Regium Iulium","raw_text":"Ἀμίσκου","date_from":null,"date_to":null,"marker_gender":"male","is_individual":false,"edcs_url":"https://edcs.hist.uzh.ch/en/document?edcs-id=EDCS-39600018","persons":[{"nomen":"","gender":"male","raw_name":"Ἀμίσκου","cognomen":"Amiscus"}]}},{"type":"Feature","geometry":{"type":"Point","coordinates":[15.64,38.1]},"properties":{"edcs_id":"EDCS-39600019","findspot":"Reggio di Calabria / Reggio Calabria / Regium Iulium","raw_text":"Νικία","date_from":null,"date_to":null,"marker_gender":"male","is_individual":false,"edcs_url":"https://edcs.hist.uzh.ch/en/document?edcs-id=EDCS-39600019","persons":[{"nomen":"","gender":"male","raw_name":"Νικία","cognomen":"Nicias","cluster_id":1474,"cluster_size":2,"cluster_confidence":"low"}]}},{"type":"Feature","geometry":{"type":"Point","coordinates":[15.64,38.1]},"properties":{"edcs_id":"EDCS-39600021","findspot":"Reggio di Calabria / Reggio Calabria / Regium Iulium","raw_text":"Φάνου","date_from":null,"date_to":null,"marker_gender":"male","is_individual":false,"edcs_url":"https://edcs.hist.uzh.ch/en/document?edcs-id=EDCS-39600021","persons":[{"nomen":"","gender":"male","raw_name":"Φάνου","cognomen":"Phanus","cluster_id":1500,"cluster_size":2,"cluster_confidence":"low"}]}},{"type":"Feature","geometry":{"type":"Point","coordinates":[15.64,38.1]},"properties":{"edcs_id":"EDCS-40000334","findspot":"Reggio di Calabria / Reggio Calabria / Regium Iulium","raw_text":"[ἐ]πὶ γυμνασιάρχων / Φιλονίδα τοῦ Φιλονίδα / Ὀνομάσ{σ}του τοῦ / Ἁγησίππου / γραμματέος Μυΐσκου / τοῦ Μυΐσκου / ὁ δᾶμος τῶν Ῥηγίνων / Γάϊον Νωρβανὸν Γαΐου υἱόν","date_from":null,"date_to":null,"marker_gender":"male","is_individual":false,"edcs_url":"https://edcs.hist.uzh.ch/en/document?edcs-id=EDCS-40000334","persons":[{"nomen":"","gender":"male","raw_name":"Φιλονίδα","cognomen":"Philonidas","status":"gymnasiarchus","cluster_id":1563,"cluster_size":2,"cluster_confidence":"low"},{"nomen":"","gender":"male","raw_name":"Ὀνομάσ{σ}του","cognomen":"Onomastus","status":"gymnasiarchus","cluster_id":1564,"cluster_size":2,"cluster_confidence":"low"},{"nomen":"","gender":"male","raw_name":"Ἁγησίππου","cognomen":"Hagesippus","status":"pater","cluster_id":1565,"cluster_size":2,"cluster_confidence":"low"},{"nomen":"","gender":"male","raw_name":"Μυΐσκου","cognomen":"Myiscus","status":"grammateus","cluster_id":1566,"cluster_size":2,"cluster_confidence":"low"},{"nomen":"Norbanus","gender":"male","raw_name":"Γάϊον Νωρβανὸν Γαΐου υἱόν","praenomen":"Caius","status":"filius Caii"}]}},{"type":"Feature","geometry":{"type":"Point","coordinates":[15.64,38.1]},"properties":{"edcs_id":"EDCS-40000335","findspot":"Reggio di Calabria / Reggio Calabria / Regium Iulium","raw_text":"[6] / μάντ[ις 3] / ἱεροκῆρυξ Λ(ούκιος) [3] / ἱεροσαλπιστὴς Λ(ούκιος) [3] / ἰεροπαρέκτης Α(ὖλος) [3] / σπονδαύλης Μ [3]","date_from":1,"date_to":100,"marker_gender":"male","is_individual":false,"edcs_url":"https://edcs.hist.uzh.ch/en/document?edcs-id=EDCS-40000335","persons":[{"nomen":"","gender":"male","raw_name":"Λ(ούκιος)","praenomen":"Lucius","status":"hieroceryx"},{"nomen":"","gender":"male","raw_name":"Λ(ούκιος)","praenomen":"Lucius","status":"hierosalpistes"},{"nomen":"","gender":"male","raw_name":"Α(ὖλος)","praenomen":"Aulus","status":"hieroparectes"}]}},{"type":"Feature","geometry":{"type":"Point","coordinates":[15.64,38.1]},"properties":{"edcs_id":"EDCS-40000342","findspot":"Reggio di Calabria / Reggio Calabria / Regium Iulium","raw_text":"Παρκατίθημ[ι] / πὰρ Γᾶν / [γλ]ῶσσαν καὶ νο[ῦ]ν / τοῦ Ἁγιάδα [τοῦ] / Καλλίστου / Πὰρ Γᾶν // [6]","date_from":null,"date_to":null,"marker_gender":"male","is_individual":false,"edcs_url":"https://edcs.hist.uzh.ch/en/document?edcs-id=EDCS-40000342","persons":[{"nomen":"","gender":"male","raw_name":"Ἁγιάδα","cognomen":"Hagiadas","status":"pater"},{"nomen":"","gender":"male","raw_name":"Καλλίστου","cognomen":"Callistus","status":"pater"}]}},{"type":"Feature","geometry":{"type":"Point","coordinates":[15.64,38.1]},"properties":{"edcs_id":"EDCS-40000343","findspot":"Reggio di Calabria / Reggio Calabria / Regium Iulium","raw_text":"[3 Σκ]ρειβώνις παραδίδωμι / [3]ον Πλούτωνι κὲ Κόραι ἴ/[να τ]άχιστα ἀπάγεεν τάχ/[ιστα κὲ Π]ελαγιανὸν πα[ρα]ὐτῷ / [Πλούτ]ων κὲ Κόρα πάρ(γ)ε αὐτὸν ἐ/[ς Ἀΐδη]ν τάχιστα // ἄγει","date_from":101,"date_to":200,"marker_gender":"male","is_individual":false,"edcs_url":"https://edcs.hist.uzh.ch/en/document?edcs-id=EDCS-40000343","persons":[{"nomen":"Scribonius","gender":"male","raw_name":"[Σκ]ρειβώνις"},{"nomen":"","gender":"male","raw_name":"Πελαγιανὸν","cognomen":"Pelagianus"}]}},{"type":"Feature","geometry":{"type":"Point","coordinates":[15.64,38.1]},"properties":{"edcs_id":"EDCS-40000344","findspot":"Reggio di Calabria / Reggio Calabria / Regium Iulium","raw_text":"ἐν ὀνομάτι τ(οῦ) / πατρὸς καὶ τ(οῦ) / (υἱ)οῦ καὶ τοῦ ἁγί/ου πν(εύνατ)ος / πνεῦμα ἅγι[ον καὶ] // [3]φόρο(ν) (υἱ)ὸν / μονογενῖ πε/ριβέβλιμε καὶ π/[ᾶν πο]νιρὸν π/[νεῦμα] κθαρασσ[?] / Φεῦγε ἁπὸ τ/ῖς δούλις τ[οῦ] / Θ(εο)ῦ σίττησμ[α] / πάνκανον καὶ π//άνβαρος καὶ π[άν]/κρανον καὶ πανσ/φαλὲς καὶ παν[α]/κάθαρτ[ον] / πνεῦμ[α διὰ τὸ] // [σo]μα καὶ τὸ εμ[α] / [τοῦ] Κ(υρί)ου ἱμο[ν] / [Ιυσ]οῦ / Χ(ριστο)ῦ // Φίσε ἀπὸ τῖς / [δ]ούλις τοῦ / Θ(εοῦ) σίττισμα καὶ / ἀναστίτο ὁ θ(εὸ)ς / καὶ διασκορπισθί / τοσαν ἱ ἐχθρ[οὶ] // αὐτοῦ καὶ φιγέτ/οσαν ἀπὸ προσ[ό]/που [αὐτοῦ] / [6] / [6] / [6] / [6] // [6] / [6] / [6] / [6] // [6] / [6]","date_from":null,"date_to":null,"marker_gender":"male","is_individual":false,"edcs_url":"https://edcs.hist.uzh.ch/en/document?edcs-id=EDCS-40000344","persons":[{"nomen":"","gender":"male","raw_name":"[Ιυσ]οῦ","cognomen":"Iesus","status":"Christus"}]}},{"type":"Feature","geometry":{"type":"Point","coordinates":[15.64,38.1]},"properties":{"edcs_id":"EDCS-40000346","findspot":"Reggio di Calabria / Reggio Calabria / Regium Iulium","raw_text":"Κ(ύρι)ε βο/ήθη // τῷ / σῷ / δ/ού/λῳ / Θεοπήστῳ // τῷ π/ώθῳ / προσ/φέρον/τη τ(ή)μ/ηον // σταυρόν ἔτυς / ͵(ϛ)τ(ξ)θʹ μ(ηνὶ) Ἀπρηλήο // ἡμέρα ϛʹ κὲ ἰνδικτ θʹ // ἐστήθη ὁ τήμηος // σταυρὸς ἐνταῦ/θα","date_from":null,"date_to":null,"marker_gender":"male","is_individual":false,"edcs_url":"https://edcs.hist.uzh.ch/en/document?edcs-id=EDCS-40000346","persons":[{"nomen":"","gender":"male","raw_name":"Θεοπήστῳ","cognomen":"Theopistus","status":"servus"}]}},{"type":"Feature","geometry":{"type":"Point","coordinates":[15.64,38.1]},"properties":{"edcs_id":"EDCS-40000348","findspot":"Reggio di Calabria / Reggio Calabria / Regium Iulium","raw_text":"Κλεόφαντος / Γλαυκίυ","date_from":null,"date_to":null,"marker_gender":"male","is_individual":false,"edcs_url":"https://edcs.hist.uzh.ch/en/document?edcs-id=EDCS-40000348","persons":[{"nomen":"","gender":"male","raw_name":"Κλεόφαντος","cognomen":"Cleophantus","cluster_id":1516,"cluster_size":2,"cluster_confidence":"low"},{"nomen":"","gender":"male","raw_name":"Γλαυκίυ","cognomen":"Glaucias","status":"pater","cluster_id":1517,"cluster_size":3,"cluster_confidence":"low"}]}},{"type":"Feature","geometry":{"type":"Point","coordinates":[15.64,38.1]},"properties":{"edcs_id":"EDCS-40000354","findspot":"Reggio di Calabria / Reggio Calabria / Regium Iulium","raw_text":"Τριμωρ[3] // [3]αρος // Δαμᾶς // ΤΡ[3]","date_from":101,"date_to":300,"marker_gender":"male","is_individual":false,"edcs_url":"https://edcs.hist.uzh.ch/en/document?edcs-id=EDCS-40000354","persons":[{"nomen":"","gender":"male","raw_name":"Δαμᾶς","cognomen":"Damas"}]}},{"type":"Feature","geometry":{"type":"Point","coordinates":[15.64,38.1]},"properties":{"edcs_id":"EDCS-40000356","findspot":"Reggio di Calabria / Reggio Calabria / Regium Iulium","raw_text":"Ἀκίνδυνε / Κυζικηνέ / χαῖρε","date_from":1,"date_to":200,"marker_gender":"male","is_individual":false,"edcs_url":"https://edcs.hist.uzh.ch/en/document?edcs-id=EDCS-40000356","persons":[{"nomen":"","gender":"male","raw_name":"Ἀκίνδυνε","cognomen":"Akindynos"}]}},{"type":"Feature","geometry":{"type":"Point","coordinates":[15.64,38.1]},"properties":{"edcs_id":"EDCS-40000357","findspot":"Reggio di Calabria / Reggio Calabria / Regium Iulium","raw_text":"Βερνίκη ἄωρος / Φίλαν(δ)ρος (ἀγ)αθή χρη/(σ)ίμη εὐψύχι ἐλαφρά / σοι γῆ","date_from":101,"date_to":300,"marker_gender":"female","is_individual":false,"edcs_url":"https://edcs.hist.uzh.ch/en/document?edcs-id=EDCS-40000357","persons":[{"nomen":"","gender":"female","raw_name":"Βερνίκη","cognomen":"Bernice"}]}},{"type":"Feature","geometry":null,"properties":{"edcs_id":"EDCS-40000368","findspot":"Castellace / Castellace di Oppido Mamertina / Mamertium / Regium Iulium","raw_text":"hερακλέος Ῥεγίνῡ","date_from":null,"date_to":null,"marker_gender":"male","is_individual":true,"edcs_url":"https://edcs.hist.uzh.ch/en/document?edcs-id=EDCS-40000368","persons":[{"nomen":"","gender":"male","raw_name":"Ῥεγίνῡ","cognomen":"Reginus"}]}},{"type":"Feature","geometry":{"type":"Point","coordinates":[15.65,38.02]},"properties":{"edcs_id":"EDCS-40000369","findspot":"Pellaro","raw_text":"Κλήμης Ἀλφίου / Πριμίωνος δοῦλος // Ἄνθου{ΡΗ} Ῥηγείνου χείρ κεραμεὺς Ἑρμέρως Φάλακρεχαῖρε / Σωτήριχε κίναιδε ψευδοκαμινάρι Πριμογένη μάλημπτε / αἰσωπιτάνα κεραμίς // Πριμιγένῃ ΩΘΙ/ΤΑ τῷ μαλήνπ/τῳ ΚΑΤΤΑΣ / γάρ ἐστι / Πριμο(γένης)","date_from":-30,"date_to":30,"marker_gender":"male","is_individual":true,"edcs_url":"https://edcs.hist.uzh.ch/en/document?edcs-id=EDCS-40000369","persons":[{"nomen":"","gender":"male","raw_name":"Κλήμης Ἀλφίου Πριμίωνος δοῦλος","cognomen":"Clemens","status":"servus Alfii Primionis"},{"nomen":"","gender":"male","raw_name":"Ἄνθου Ῥηγείνου","cognomen":"Anthos","status":"ceramista"},{"nomen":"","gender":"male","raw_name":"Ἑρμέρως","cognomen":"Hermeros"},{"nomen":"","gender":"male","raw_name":"Σωτήριχε","cognomen":"Soterichus"},{"nomen":"","gender":"male","raw_name":"Πριμογένη","cognomen":"Primogenes"}]}},{"type":"Feature","geometry":{"type":"Point","coordinates":[15.66,37.98]},"properties":{"edcs_id":"EDCS-40000370","findspot":"Lazzaro / Leucopetra / Regium Iulium","raw_text":"ὡ θ(εὸ)ς Ἀλεξά/νδρου ὡ θ(εὸ)ς Π/ολυδώρου καὶ / ὁ ἄγγελος Μη/χαήλ βοήθ[ει] / ὑπήντησεν ὁ / ἄγελος τοῦ δέ/μον(ο)ς καὶ / λέγη / αὐτῷ / δέμονι / Βάρζων ΑΥΡ(?) / Μ","date_from":null,"date_to":null,"marker_gender":"male","is_individual":false,"edcs_url":"https://edcs.hist.uzh.ch/en/document?edcs-id=EDCS-40000370","persons":[{"nomen":"","gender":"male","raw_name":"Ἀλεξάνδρου","cognomen":"Alexander"},{"nomen":"","gender":"male","raw_name":"Πολυδώρου","cognomen":"Polydorus"},{"nomen":"","gender":"male","raw_name":"Βάρζων","cognomen":"Barzo"}]}},{"type":"Feature","geometry":null,"properties":{"edcs_id":"EDCS-40000372","findspot":"Saline Joniche / Regium Iulium","raw_text":"τει θεοι δεκάτη Κλεαίνετος Νικομάχου","date_from":null,"date_to":null,"marker_gender":"male","is_individual":true,"edcs_url":"https://edcs.hist.uzh.ch/en/document?edcs-id=EDCS-40000372","persons":[{"nomen":"","gender":"male","raw_name":"Κλεαίνετος","cognomen":"Cleainetos"},{"nomen":"","gender":"male","raw_name":"Νικομάχου","cognomen":"Nicomachus"}]}},{"type":"Feature","geometry":{"type":"Point","coordinates":[15.64,38.1]},"properties":{"edcs_id":"EDCS-40100021","findspot":"Reggio di Calabria / Reggio Calabria / Regium Iulium","raw_text":"Δεμ(ο)φάνης / Θρά<σ=Ρ>υος","date_from":null,"date_to":null,"marker_gender":"male","is_individual":false,"edcs_url":"https://edcs.hist.uzh.ch/en/document?edcs-id=EDCS-40100021","persons":[{"nomen":"","gender":"male","raw_name":"Δεμ(ο)φάνης","cognomen":"Demophanes"},{"nomen":"","gender":"male","raw_name":"Θρά<σ=Ρ>υος","cognomen":"Thrasys","status":"pater"}]}},{"type":"Feature","geometry":{"type":"Point","coordinates":[15.64,38.1]},"properties":{"edcs_id":"EDCS-40100022","findspot":"Reggio di Calabria / Reggio Calabria / Regium Iulium","raw_text":"Κλεομένες / Ἐμμενίδεῡ","date_from":null,"date_to":null,"marker_gender":"male","is_individual":false,"edcs_url":"https://edcs.hist.uzh.ch/en/document?edcs-id=EDCS-40100022","persons":[{"nomen":"","gender":"male","raw_name":"Κλεομένες","cognomen":"Cleomenes"},{"nomen":"","gender":"male","raw_name":"Ἐμμενίδεῡ","cognomen":"Emmenides","status":"pater"}]}},{"type":"Feature","geometry":{"type":"Point","coordinates":[15.16,40.16]},"properties":{"edcs_id":"EDCS-42400023","findspot":"Marina di Ascea / Castellammare di Velia / Castellamare della Bruca / Castellammare / Elea / Velia","raw_text":"Οὖλις Εὐξίνου Ὑελήτης ἰατρὸς φώλαρχος ἔτει τοθʹ","date_from":null,"date_to":null,"marker_gender":"male","is_individual":false,"edcs_url":"https://edcs.hist.uzh.ch/en/document?edcs-id=EDCS-42400023","persons":[{"nomen":"","gender":"male","raw_name":"Οὖλις Εὐξίνου Ὑελήτης ἰατρὸς φώλαρχος","cognomen":"Ulis","status":"filius Euxinus, Eleates, medicus, phylarchus","cluster_id":1228,"cluster_size":3,"cluster_confidence":"low"}]}},{"type":"Feature","geometry":{"type":"Point","coordinates":[15.16,40.16]},"properties":{"edcs_id":"EDCS-42400024","findspot":"Marina di Ascea / Castellammare di Velia / Castellamare della Bruca / Castellammare / Elea / Velia","raw_text":"Οὖλις Ἀρίστωνος / ἰατρὸς φώλαρχος / ἔτει σπʹ","date_from":null,"date_to":null,"marker_gender":"male","is_individual":false,"edcs_url":"https://edcs.hist.uzh.ch/en/document?edcs-id=EDCS-42400024","persons":[{"nomen":"","gender":"male","raw_name":"Οὖλις","cognomen":"Ulis","status":"iatros, phylarchos","cluster_id":1228,"cluster_size":3,"cluster_confidence":"low"}]}},{"type":"Feature","geometry":{"type":"Point","coordinates":[15.16,40.16]},"properties":{"edcs_id":"EDCS-42400025","findspot":"Marina di Ascea / Castellammare di Velia / Castellamare della Bruca / Castellammare / Elea / Velia","raw_text":"Οὖλις Ἱερωνύμου / ἰατρὸς φώλαρχος / ἔτειυμϛʹ","date_from":null,"date_to":null,"marker_gender":"male","is_individual":false,"edcs_url":"https://edcs.hist.uzh.ch/en/document?edcs-id=EDCS-42400025","persons":[{"nomen":"","gender":"male","raw_name":"Οὖλις","cognomen":"Ulis","status":"iatros, phylarchos","cluster_id":1228,"cluster_size":3,"cluster_confidence":"low"}]}},{"type":"Feature","geometry":{"type":"Point","coordinates":[15.16,40.16]},"properties":{"edcs_id":"EDCS-42400026","findspot":"Marina di Ascea / Castellammare di Velia / Castellamare della Bruca / Castellammare / Elea / Velia","raw_text":"Διονυσίου / τοῦ Εὐνείκου","date_from":null,"date_to":null,"marker_gender":"male","is_individual":false,"edcs_url":"https://edcs.hist.uzh.ch/en/document?edcs-id=EDCS-42400026","persons":[{"nomen":"","gender":"male","raw_name":"Διονυσίου","cognomen":"Dionysius","status":"filius Eunicus","cluster_id":1194,"cluster_size":5,"cluster_confidence":"low"}]}},{"type":"Feature","geometry":{"type":"Point","coordinates":[15.16,40.16]},"properties":{"edcs_id":"EDCS-42400027","findspot":"Marina di Ascea / Castellammare di Velia / Castellamare della Bruca / Castellammare / Elea / Velia","raw_text":"Ζήνων/ος τοῦ / Ἀπολλ/ωνίδου","date_from":null,"date_to":null,"marker_gender":"male","is_individual":false,"edcs_url":"https://edcs.hist.uzh.ch/en/document?edcs-id=EDCS-42400027","persons":[{"nomen":"","gender":"male","raw_name":"Ζήνωνος","cognomen":"Zenon","status":"filius Apollonides"}]}},{"type":"Feature","geometry":{"type":"Point","coordinates":[15.16,40.16]},"properties":{"edcs_id":"EDCS-42400028","findspot":"Marina di Ascea / Castellammare di Velia / Castellamare della Bruca / Castellammare / Elea / Velia","raw_text":"Ῥεῖος τοῦ Εὐ/κράτου","date_from":null,"date_to":null,"marker_gender":"male","is_individual":false,"edcs_url":"https://edcs.hist.uzh.ch/en/document?edcs-id=EDCS-42400028","persons":[{"nomen":"","gender":"male","raw_name":"Ῥεῖος","cognomen":"Rheius","status":"filius Eucrates"}]}},{"type":"Feature","geometry":{"type":"Point","coordinates":[15.16,40.16]},"properties":{"edcs_id":"EDCS-42400030","findspot":"Marina di Ascea / Castellammare di Velia / Castellamare della Bruca / Castellammare / Elea / Velia","raw_text":"Εὐβά/της / Ἐρατ/έων/ος","date_from":null,"date_to":null,"marker_gender":"male","is_individual":false,"edcs_url":"https://edcs.hist.uzh.ch/en/document?edcs-id=EDCS-42400030","persons":[{"nomen":"","gender":"male","raw_name":"Εὐβάτης","cognomen":"Eubates","status":"filius Eraton"}]}},{"type":"Feature","geometry":{"type":"Point","coordinates":[15.16,40.16]},"properties":{"edcs_id":"EDCS-42400031","findspot":"Marina di Ascea / Castellammare di Velia / Castellamare della Bruca / Castellammare / Elea / Velia","raw_text":"Λυσίου τοῦ / Ζωπύρου καὶ / Ἐρωτίδος","date_from":null,"date_to":null,"marker_gender":"mixed","is_individual":false,"edcs_url":"https://edcs.hist.uzh.ch/en/document?edcs-id=EDCS-42400031","persons":[{"nomen":"","gender":"male","raw_name":"Λυσίου","cognomen":"Lysius","status":"filius Zopyrus"},{"nomen":"","gender":"female","raw_name":"Ἐρωτίδος","cognomen":"Erotis"}]}},{"type":"Feature","geometry":{"type":"Point","coordinates":[15.16,40.16]},"properties":{"edcs_id":"EDCS-42400032","findspot":"Marina di Ascea / Castellammare di Velia / Castellamare della Bruca / Castellammare / Elea / Velia","raw_text":"Ἀρίσ{σ}τας / τῆς Φιλι/κοῦ","date_from":null,"date_to":null,"marker_gender":"female","is_individual":false,"edcs_url":"https://edcs.hist.uzh.ch/en/document?edcs-id=EDCS-42400032","persons":[{"nomen":"","gender":"female","raw_name":"Ἀρίστας","cognomen":"Aristas","status":"filia Philicus"}]}},{"type":"Feature","geometry":{"type":"Point","coordinates":[15.16,40.16]},"properties":{"edcs_id":"EDCS-42400033","findspot":"Marina di Ascea / Castellammare di Velia / Castellamare della Bruca / Castellammare / Elea / Velia","raw_text":"Βρυττίου","date_from":null,"date_to":null,"marker_gender":"male","is_individual":false,"edcs_url":"https://edcs.hist.uzh.ch/en/document?edcs-id=EDCS-42400033","persons":[{"nomen":"","gender":"male","raw_name":"Βρυττίου","cognomen":"Bruttius"}]}},{"type":"Feature","geometry":{"type":"Point","coordinates":[15.16,40.16]},"properties":{"edcs_id":"EDCS-42400034","findspot":"Marina di Ascea / Castellammare di Velia / Castellamare della Bruca / Castellammare / Elea / Velia","raw_text":"Φιλιστίω/νος τοῦ / [Οὔ]λιος / καὶ Θε/μιστοῦς / τῆς Φι/[3]","date_from":null,"date_to":null,"marker_gender":"mixed","is_individual":false,"edcs_url":"https://edcs.hist.uzh.ch/en/document?edcs-id=EDCS-42400034","persons":[{"nomen":"","gender":"male","raw_name":"Φιλιστίωνος","cognomen":"Philistio","status":"filius Ulius"},{"nomen":"","gender":"female","raw_name":"Θεμιστοῦς","cognomen":"Themisto","status":"filia [3]","cluster_id":1262,"cluster_size":2,"cluster_confidence":"low"}]}},{"type":"Feature","geometry":{"type":"Point","coordinates":[15.16,40.16]},"properties":{"edcs_id":"EDCS-42400035","findspot":"Marina di Ascea / Castellammare di Velia / Castellamare della Bruca / Castellammare / Elea / Velia","raw_text":"Δήμων/ος τοῦ / Ἴβα","date_from":null,"date_to":null,"marker_gender":"male","is_individual":false,"edcs_url":"https://edcs.hist.uzh.ch/en/document?edcs-id=EDCS-42400035","persons":[{"nomen":"","gender":"male","raw_name":"Δήμωνος","cognomen":"Demon","status":"filius Ibas","cluster_id":1192,"cluster_size":2,"cluster_confidence":"low"}]}},{"type":"Feature","geometry":{"type":"Point","coordinates":[15.16,40.16]},"properties":{"edcs_id":"EDCS-42400037","findspot":"Marina di Ascea / Castellammare di Velia / Castellamare della Bruca / Castellammare / Elea / Velia","raw_text":"Θράσυος / τοῦ Δήμω/νος Ἡδύ/λης τῆς / [Θ]ράσυος","date_from":null,"date_to":null,"marker_gender":"mixed","is_individual":false,"edcs_url":"https://edcs.hist.uzh.ch/en/document?edcs-id=EDCS-42400037","persons":[{"nomen":"","gender":"male","raw_name":"Θράσυος","cognomen":"Thrasys","status":"filius Demon"},{"nomen":"","gender":"female","raw_name":"Ἡδύλης","cognomen":"Hedyle","status":"filia Thrasys"}]}},{"type":"Feature","geometry":{"type":"Point","coordinates":[15.16,40.16]},"properties":{"edcs_id":"EDCS-42400038","findspot":"Marina di Ascea / Castellammare di Velia / Castellamare della Bruca / Castellammare / Elea / Velia","raw_text":"[3]π/άτου Σι/μίου Σο/συβίου","date_from":null,"date_to":null,"marker_gender":"male","is_individual":false,"edcs_url":"https://edcs.hist.uzh.ch/en/document?edcs-id=EDCS-42400038","persons":[{"nomen":"","gender":"male","raw_name":"Σιμίου","cognomen":"Simius"},{"nomen":"","gender":"male","raw_name":"Σοσυβίου","cognomen":"Sosibius"}]}},{"type":"Feature","geometry":{"type":"Point","coordinates":[15.16,40.16]},"properties":{"edcs_id":"EDCS-42400040","findspot":"Marina di Ascea / Castellammare di Velia / Castellamare della Bruca / Castellammare / Elea / Velia","raw_text":"Ἴρας καὶ / Φιλιστοῦς / τῆς Θράσυος / χαῖρε","date_from":null,"date_to":null,"marker_gender":"mixed","is_individual":false,"edcs_url":"https://edcs.hist.uzh.ch/en/document?edcs-id=EDCS-42400040","persons":[{"nomen":"","gender":"male","raw_name":"Ἴρας","cognomen":"Iras"},{"nomen":"","gender":"female","raw_name":"Φιλιστοῦς","cognomen":"Philisto","status":"filia Thrasys"}]}},{"type":"Feature","geometry":{"type":"Point","coordinates":[15.16,40.16]},"properties":{"edcs_id":"EDCS-42400041","findspot":"Marina di Ascea / Castellammare di Velia / Castellamare della Bruca / Castellammare / Elea / Velia","raw_text":"Κοκκύδος / τῆς Προ/κλέου(ς)","date_from":null,"date_to":null,"marker_gender":"female","is_individual":false,"edcs_url":"https://edcs.hist.uzh.ch/en/document?edcs-id=EDCS-42400041","persons":[{"nomen":"","gender":"female","raw_name":"Κοκκύδος","cognomen":"Coccus","status":"filia Procles"}]}},{"type":"Feature","geometry":{"type":"Point","coordinates":[15.16,40.16]},"properties":{"edcs_id":"EDCS-42400042","findspot":"Marina di Ascea / Castellammare di Velia / Castellamare della Bruca / Castellammare / Elea / Velia","raw_text":"Α+τιος","date_from":null,"date_to":null,"marker_gender":"male","is_individual":false,"edcs_url":"https://edcs.hist.uzh.ch/en/document?edcs-id=EDCS-42400042","persons":[{"nomen":"","gender":"male","raw_name":"Α+τιος","cognomen":"Attius"}]}},{"type":"Feature","geometry":{"type":"Point","coordinates":[15.16,40.16]},"properties":{"edcs_id":"EDCS-42400045","findspot":"Marina di Ascea / Castellammare di Velia / Castellamare della Bruca / Castellammare / Elea / Velia","raw_text":"Ἀ[τθ]ίδ/ος(?) Τερ[ι]/ναίας","date_from":null,"date_to":null,"marker_gender":"female","is_individual":false,"edcs_url":"https://edcs.hist.uzh.ch/en/document?edcs-id=EDCS-42400045","persons":[{"nomen":"","gender":"female","raw_name":"Ἀ[τθ]ίδος","cognomen":"Atthis"},{"nomen":"","gender":"female","raw_name":"Τερ[ι]ναίας","cognomen":"Terinaia"}]}},{"type":"Feature","geometry":{"type":"Point","coordinates":[15.16,40.16]},"properties":{"edcs_id":"EDCS-42400046","findspot":"Marina di Ascea / Castellammare di Velia / Castellamare della Bruca / Castellammare / Elea / Velia","raw_text":"Ζήνιος τοῦ / Δημητρίου","date_from":null,"date_to":null,"marker_gender":"male","is_individual":false,"edcs_url":"https://edcs.hist.uzh.ch/en/document?edcs-id=EDCS-42400046","persons":[{"nomen":"","gender":"male","raw_name":"Ζήνιος","cognomen":"Zenius"},{"nomen":"","gender":"male","raw_name":"Δημητρίου","cognomen":"Demetrius","status":"pater"}]}},{"type":"Feature","geometry":{"type":"Point","coordinates":[15.16,40.16]},"properties":{"edcs_id":"EDCS-42400047","findspot":"Marina di Ascea / Castellammare di Velia / Castellamare della Bruca / Castellammare / Elea / Velia","raw_text":"Ἀ/ρ/ί/σ/τ/ω/ν","date_from":null,"date_to":null,"marker_gender":"male","is_individual":false,"edcs_url":"https://edcs.hist.uzh.ch/en/document?edcs-id=EDCS-42400047","persons":[{"nomen":"","gender":"male","raw_name":"Ἀρίστων","cognomen":"Aristo","cluster_id":1261,"cluster_size":2,"cluster_confidence":"low"}]}},{"type":"Feature","geometry":{"type":"Point","coordinates":[15.16,40.16]},"properties":{"edcs_id":"EDCS-42400048","findspot":"Marina di Ascea / Castellammare di Velia / Castellamare della Bruca / Castellammare / Elea / Velia","raw_text":"Ἀθηνάδου / τοῦ Φορμέ/ωνο(ς)","date_from":null,"date_to":null,"marker_gender":"male","is_individual":false,"edcs_url":"https://edcs.hist.uzh.ch/en/document?edcs-id=EDCS-42400048","persons":[{"nomen":"","gender":"male","raw_name":"Ἀθηνάδου","cognomen":"Athenaeus","cluster_id":1317,"cluster_size":2,"cluster_confidence":"low"},{"nomen":"","gender":"male","raw_name":"Φορμέωνο(ς)","cognomen":"Phormio"}]}},{"type":"Feature","geometry":{"type":"Point","coordinates":[15.16,40.16]},"properties":{"edcs_id":"EDCS-42400049","findspot":"Marina di Ascea / Castellammare di Velia / Castellamare della Bruca / Castellammare / Elea / Velia","raw_text":"Χρυσίδος","date_from":null,"date_to":null,"marker_gender":"female","is_individual":false,"edcs_url":"https://edcs.hist.uzh.ch/en/document?edcs-id=EDCS-42400049","persons":[{"nomen":"","gender":"female","raw_name":"Χρυσίδος","cognomen":"Chrysis"}]}},{"type":"Feature","geometry":{"type":"Point","coordinates":[15.16,40.16]},"properties":{"edcs_id":"EDCS-42400050","findspot":"Marina di Ascea / Castellammare di Velia / Castellamare della Bruca / Castellammare / Elea / Velia","raw_text":"Δεινίου / τοῦ / Ζωίλου","date_from":null,"date_to":null,"marker_gender":"male","is_individual":false,"edcs_url":"https://edcs.hist.uzh.ch/en/document?edcs-id=EDCS-42400050","persons":[{"nomen":"","gender":"male","raw_name":"Δεινίου","cognomen":"Deinius"},{"nomen":"","gender":"male","raw_name":"Ζωίλου","cognomen":"Zoilus","status":"pater","cluster_id":1218,"cluster_size":6,"cluster_confidence":"low"}]}},{"type":"Feature","geometry":{"type":"Point","coordinates":[15.16,40.16]},"properties":{"edcs_id":"EDCS-42400051","findspot":"Marina di Ascea / Castellammare di Velia / Castellamare della Bruca / Castellammare / Elea / Velia","raw_text":"Δ/ι/(ο)/ν/υ/σ/ί/ο/υ","date_from":null,"date_to":null,"marker_gender":"male","is_individual":false,"edcs_url":"https://edcs.hist.uzh.ch/en/document?edcs-id=EDCS-42400051","persons":[{"nomen":"","gender":"male","raw_name":"Διονυσίου","cognomen":"Dionysius","cluster_id":1194,"cluster_size":5,"cluster_confidence":"low"}]}},{"type":"Feature","geometry":{"type":"Point","coordinates":[15.16,40.16]},"properties":{"edcs_id":"EDCS-42400052","findspot":"Marina di Ascea / Castellammare di Velia / Castellamare della Bruca / Castellammare / Elea / Velia","raw_text":"Εἰρήνης / τῆς Μενε/[3]","date_from":null,"date_to":null,"marker_gender":"female","is_individual":false,"edcs_url":"https://edcs.hist.uzh.ch/en/document?edcs-id=EDCS-42400052","persons":[{"nomen":"","gender":"female","raw_name":"Εἰρήνης","cognomen":"Irene"}]}},{"type":"Feature","geometry":{"type":"Point","coordinates":[15.16,40.16]},"properties":{"edcs_id":"EDCS-42400053","findspot":"Marina di Ascea / Castellammare di Velia / Castellamare della Bruca / Castellammare / Elea / Velia","raw_text":"Εὐαγόρου / τοῦ Ὀνήσ[ο]υ","date_from":null,"date_to":null,"marker_gender":"male","is_individual":false,"edcs_url":"https://edcs.hist.uzh.ch/en/document?edcs-id=EDCS-42400053","persons":[{"nomen":"","gender":"male","raw_name":"Εὐαγόρου","cognomen":"Euagoras"},{"nomen":"","gender":"male","raw_name":"Ὀνήσ[ο]υ","cognomen":"Onesus","status":"pater","cluster_id":1259,"cluster_size":3,"cluster_confidence":"low"}]}},{"type":"Feature","geometry":{"type":"Point","coordinates":[15.16,40.16]},"properties":{"edcs_id":"EDCS-42400054","findspot":"Marina di Ascea / Castellammare di Velia / Castellamare della Bruca / Castellammare / Elea / Velia","raw_text":"Κληνομάχου / τοῦ Δι(ο)νυσίου","date_from":null,"date_to":null,"marker_gender":"male","is_individual":false,"edcs_url":"https://edcs.hist.uzh.ch/en/document?edcs-id=EDCS-42400054","persons":[{"nomen":"","gender":"male","raw_name":"Κληνομάχου","cognomen":"Clenomachus"},{"nomen":"","gender":"male","raw_name":"Διονυσίου","cognomen":"Dionysius","status":"pater","cluster_id":1194,"cluster_size":5,"cluster_confidence":"low"}]}},{"type":"Feature","geometry":{"type":"Point","coordinates":[15.16,40.16]},"properties":{"edcs_id":"EDCS-42400055","findspot":"Marina di Ascea / Castellammare di Velia / Castellamare della Bruca / Castellammare / Elea / Velia","raw_text":"Ἱκεσίης / τῆς Σωσ/άνδρου","date_from":null,"date_to":null,"marker_gender":"mixed","is_individual":false,"edcs_url":"https://edcs.hist.uzh.ch/en/document?edcs-id=EDCS-42400055","persons":[{"nomen":"","gender":"female","raw_name":"Ἱκεσίης","cognomen":"Hicesia"},{"nomen":"","gender":"male","raw_name":"Σωσάνδρου","cognomen":"Sosander","status":"pater"}]}},{"type":"Feature","geometry":{"type":"Point","coordinates":[15.16,40.16]},"properties":{"edcs_id":"EDCS-42400056","findspot":"Marina di Ascea / Castellammare di Velia / Castellamare della Bruca / Castellammare / Elea / Velia","raw_text":"Ὀνήσου / τοῦ Δή/μωνος","date_from":null,"date_to":null,"marker_gender":"male","is_individual":false,"edcs_url":"https://edcs.hist.uzh.ch/en/document?edcs-id=EDCS-42400056","persons":[{"nomen":"","gender":"male","raw_name":"Ὀνήσου","cognomen":"Onesus","cluster_id":1259,"cluster_size":3,"cluster_confidence":"low"},{"nomen":"","gender":"male","raw_name":"Δήμωνος","cognomen":"Damon","status":"pater"}]}},{"type":"Feature","geometry":{"type":"Point","coordinates":[15.16,40.16]},"properties":{"edcs_id":"EDCS-42400057","findspot":"Marina di Ascea / Castellammare di Velia / Castellamare della Bruca / Castellammare / Elea / Velia","raw_text":"Ὀνήσου τοῦ / Ἀπολλοδώ/ρου καὶ Ἀρίσ/τωνος [3]","date_from":null,"date_to":null,"marker_gender":"male","is_individual":false,"edcs_url":"https://edcs.hist.uzh.ch/en/document?edcs-id=EDCS-42400057","persons":[{"nomen":"","gender":"male","raw_name":"Ὀνήσου","cognomen":"Onesus","cluster_id":1259,"cluster_size":3,"cluster_confidence":"low"},{"nomen":"","gender":"male","raw_name":"Ἀπολλοδώρου","cognomen":"Apollodorus","status":"pater"},{"nomen":"","gender":"male","raw_name":"Ἀρίστωνος","cognomen":"Aristo","cluster_id":1261,"cluster_size":2,"cluster_confidence":"low"}]}},{"type":"Feature","geometry":{"type":"Point","coordinates":[15.17,40.15]},"properties":{"edcs_id":"EDCS-42400058","findspot":"Marina di Ascea / Castellammare di Velia / Castellamare della Bruca / Castellammare / Elea / Velia","raw_text":"Ῥοῦφα καὶ / Ζώβιος","date_from":1,"date_to":70,"marker_gender":"mixed","is_individual":false,"edcs_url":"https://edcs.hist.uzh.ch/en/document?edcs-id=EDCS-42400058","persons":[{"nomen":"","gender":"female","raw_name":"Ῥοῦφα","cognomen":"Rufus"},{"nomen":"","gender":"male","raw_name":"Ζώβιος","cognomen":"Zobius"}]}},{"type":"Feature","geometry":{"type":"Point","coordinates":[15.16,40.16]},"properties":{"edcs_id":"EDCS-42400059","findspot":"Marina di Ascea / Castellammare di Velia / Castellamare della Bruca / Castellammare / Elea / Velia","raw_text":"Σωφρό/νας τῆς / Ἀγαθ{ο}εί/νου","date_from":null,"date_to":null,"marker_gender":"mixed","is_individual":false,"edcs_url":"https://edcs.hist.uzh.ch/en/document?edcs-id=EDCS-42400059","persons":[{"nomen":"","gender":"female","raw_name":"Σωφρόνας","cognomen":"Sophrona"},{"nomen":"","gender":"male","raw_name":"Ἀγαθείνου","cognomen":"Agathinus","status":"pater"}]}},{"type":"Feature","geometry":{"type":"Point","coordinates":[15.16,40.16]},"properties":{"edcs_id":"EDCS-42400060","findspot":"Marina di Ascea / Castellammare di Velia / Castellamare della Bruca / Castellammare / Elea / Velia","raw_text":"Θεμι/στοῦς","date_from":null,"date_to":null,"marker_gender":"female","is_individual":false,"edcs_url":"https://edcs.hist.uzh.ch/en/document?edcs-id=EDCS-42400060","persons":[{"nomen":"","gender":"female","raw_name":"Θεμιστοῦς","cognomen":"Themisto","cluster_id":1262,"cluster_size":2,"cluster_confidence":"low"}]}},{"type":"Feature","geometry":{"type":"Point","coordinates":[15.16,40.16]},"properties":{"edcs_id":"EDCS-42400061","findspot":"Marina di Ascea / Castellammare di Velia / Castellamare della Bruca / Castellammare / Elea / Velia","raw_text":"Ζωίλου / τοῦ Πό/σιος","date_from":null,"date_to":null,"marker_gender":"male","is_individual":false,"edcs_url":"https://edcs.hist.uzh.ch/en/document?edcs-id=EDCS-42400061","persons":[{"nomen":"","gender":"male","raw_name":"Ζωίλου","cognomen":"Zoilus","cluster_id":1218,"cluster_size":6,"cluster_confidence":"low"},{"nomen":"","gender":"male","raw_name":"Πόσιος","cognomen":"Posius","status":"pater"}]}},{"type":"Feature","geometry":{"type":"Point","coordinates":[15.16,40.16]},"properties":{"edcs_id":"EDCS-42500115","findspot":"Marina di Ascea / Castellammare di Velia / Castellamare della Bruca / Castellammare / Elea / Velia","raw_text":"Πα[ρ]μενείδης Πύρητος / Οὐλιάδης φυσικός","date_from":null,"date_to":null,"marker_gender":"male","is_individual":false,"edcs_url":"https://edcs.hist.uzh.ch/en/document?edcs-id=EDCS-42500115","persons":[{"nomen":"","gender":"male","raw_name":"Πα[ρ]μενείδης Πύρητος","cognomen":"Parmenides","status":"filius Pyretus"},{"nomen":"","gender":"male","raw_name":"Οὐλιάδης φυσικός","cognomen":"Uliades","status":"physicus"}]}},{"type":"Feature","geometry":{"type":"Point","coordinates":[16.47,39.7]},"properties":{"edcs_id":"EDCS-44100281","findspot":"Thurio / Thurioi / Copia Thurii","raw_text":"L(ucio) Vinuleio / C(ai) f(ilio) Maec(ia) / Broccho / IIIIvir(o) i(ure) d(icundo) / [I]IIIvir(o) quinq(uennali) / pontifici / senatus dedit","date_from":-31,"date_to":14,"marker_gender":"male","is_individual":false,"edcs_url":"https://edcs.hist.uzh.ch/en/document?edcs-id=EDCS-44100281","persons":[{"nomen":"Vinuleius","gender":"male","raw_name":"L(ucio) Vinuleio C(ai) f(ilio) Maec(ia) Broccho","praenomen":"Lucius","cognomen":"Brocchus","status":"filius Gaii, tribus Maecia, IIIIvir, pontifex"}]}},{"type":"Feature","geometry":{"type":"Point","coordinates":[15.0,40.42]},"properties":{"edcs_id":"EDCS-44800198","findspot":"Capaccio / Poseidonia / Paestum","raw_text":"] Lucanu[s","date_from":null,"date_to":null,"marker_gender":"male","is_individual":false,"edcs_url":"https://edcs.hist.uzh.ch/en/document?edcs-id=EDCS-44800198","persons":[{"nomen":"","gender":"male","raw_name":"Lucanu[s","cognomen":"Lucanus"}]}},{"type":"Feature","geometry":{"type":"Point","coordinates":[15.0,40.42]},"properties":{"edcs_id":"EDCS-44800205","findspot":"Capaccio / Poseidonia / Paestum","raw_text":"]iae M[3] / [3] Alfin[","date_from":null,"date_to":null,"marker_gender":"unknown","is_individual":false,"edcs_url":"https://edcs.hist.uzh.ch/en/document?edcs-id=EDCS-44800205","persons":[{"nomen":"Alfinius","gender":"unknown","raw_name":"] Alfin["}]}},{"type":"Feature","geometry":{"type":"Point","coordinates":[15.0,40.42]},"properties":{"edcs_id":"EDCS-44800206","findspot":"Capaccio / Poseidonia / Paestum","raw_text":"]s Cn(aei) [","date_from":null,"date_to":null,"marker_gender":"male","is_individual":false,"edcs_url":"https://edcs.hist.uzh.ch/en/document?edcs-id=EDCS-44800206","persons":[{"nomen":"","gender":"male","raw_name":"]s Cn(aei) [","praenomen":"Gnaeus"}]}},{"type":"Feature","geometry":{"type":"Point","coordinates":[15.0,40.42]},"properties":{"edcs_id":"EDCS-44800208","findspot":"Capaccio / Poseidonia / Paestum","raw_text":"C(aius) A[3] / C(aius) A[","date_from":null,"date_to":null,"marker_gender":"male","is_individual":false,"edcs_url":"https://edcs.hist.uzh.ch/en/document?edcs-id=EDCS-44800208","persons":[{"nomen":"","gender":"male","raw_name":"C(aius) A[3]","praenomen":"Gaius"},{"nomen":"","gender":"male","raw_name":"C(aius) A[","praenomen":"Gaius"}]}},{"type":"Feature","geometry":{"type":"Point","coordinates":[15.0,40.42]},"properties":{"edcs_id":"EDCS-44800212","findspot":"Capaccio / Poseidonia / Paestum","raw_text":"L(ucius) Se[3] / per [","date_from":null,"date_to":null,"marker_gender":"male","is_individual":false,"edcs_url":"https://edcs.hist.uzh.ch/en/document?edcs-id=EDCS-44800212","persons":[{"nomen":"","gender":"male","raw_name":"L(ucius) Se[3]","praenomen":"Lucius"}]}},{"type":"Feature","geometry":{"type":"Point","coordinates":[15.01,40.42]},"properties":{"edcs_id":"EDCS-44800288","findspot":"Capaccio / Poseidonia / Paestum","raw_text":"L(ucio) Valerio / Lucano veter(ano) / duovir(o) iur(e) dic(undo)","date_from":101,"date_to":230,"marker_gender":"male","is_individual":false,"edcs_url":"https://edcs.hist.uzh.ch/en/document?edcs-id=EDCS-44800288","persons":[{"nomen":"Valerius","gender":"male","raw_name":"L(ucio) Valerio Lucano","praenomen":"Lucius","cognomen":"Lucanus","status":"veteranus, duovir iure dicundo"}]}},{"type":"Feature","geometry":{"type":"Point","coordinates":[15.0,40.42]},"properties":{"edcs_id":"EDCS-44800299","findspot":"Capaccio / Poseidonia / Paestum","raw_text":"]ae[3] / [3]nius A[ // ]O[3] / [3]nus Q(uintus) G[3] / [3]us Q(uintus) G[3] / [3]dus C(aius) [3] / [3]ius M(arcus) [3] / [3]us Ti(berius) Iu[3] / [3] Q(uintus) Ac[ // M(arcus) Ca[3] / M(arcus) A[3] / Q(uintus) [ // L(ucius) [3] / L(ucius) Di[3] / T(itus) Be[3] / C(aius) Eb[ // ] / Q(uintus) Ceppius [ // V]alerius Gene[3] / M(arcus) Iulius Sexti[3] / P(ublius) Loteius Epaphro[ditus] / C(aius) Cassius Zosim[us] / [","date_from":null,"date_to":null,"marker_gender":"male","is_individual":false,"edcs_url":"https://edcs.hist.uzh.ch/en/document?edcs-id=EDCS-44800299","persons":[{"nomen":"","gender":"male","raw_name":"Q. G[3]","praenomen":"Quintus"},{"nomen":"","gender":"male","raw_name":"Q. G[3]","praenomen":"Quintus"},{"nomen":"","gender":"male","raw_name":"C. [3]","praenomen":"Caius"},{"nomen":"","gender":"male","raw_name":"M. [3]","praenomen":"Marcus"},{"nomen":"Iulius","gender":"male","raw_name":"Ti. Iu[3]","praenomen":"Tiberius"},{"nomen":"","gender":"male","raw_name":"Q. Ac[","praenomen":"Quintus"},{"nomen":"","gender":"male","raw_name":"M. Ca[3]","praenomen":"Marcus"},{"nomen":"","gender":"male","raw_name":"M. A[3]","praenomen":"Marcus"},{"nomen":"","gender":"male","raw_name":"L. [3]","praenomen":"Lucius"},{"nomen":"","gender":"male","raw_name":"L. Di[3]","praenomen":"Lucius"},{"nomen":"","gender":"male","raw_name":"T. Be[3]","praenomen":"Titus"},{"nomen":"","gender":"male","raw_name":"C. Eb[","praenomen":"Caius"},{"nomen":"Ceppius","gender":"male","raw_name":"Q. Ceppius","praenomen":"Quintus"},{"nomen":"Valerius","gender":"male","raw_name":"Valerius Gene[3]","cognomen":"Genellus"},{"nomen":"Iulius","gender":"male","raw_name":"M. Iulius Sexti[3]","praenomen":"Marcus"},{"nomen":"Loteius","gender":"male","raw_name":"P. Loteius Epaphroditus","praenomen":"Publius","cognomen":"Epaphroditus"},{"nomen":"Cassius","gender":"male","raw_name":"C. Cassius Zosimus","praenomen":"Caius","cognomen":"Zosimus"}]}},{"type":"Feature","geometry":{"type":"Point","coordinates":[15.0,40.42]},"properties":{"edcs_id":"EDCS-44800300","findspot":"Capaccio / Poseidonia / Paestum","raw_text":"] Petronio [3] / [3] ex III(triere) Athen[onice","date_from":null,"date_to":null,"marker_gender":"male","is_individual":false,"edcs_url":"https://edcs.hist.uzh.ch/en/document?edcs-id=EDCS-44800300","persons":[{"nomen":"","gender":"male","raw_name":"Petronio","cognomen":"Petronius","status":"ex triere Athenonice"}]}},{"type":"Feature","geometry":{"type":"Point","coordinates":[15.01,40.42]},"properties":{"edcs_id":"EDCS-44800303","findspot":"Capaccio / Poseidonia / Paestum","raw_text":"] Hilarus","date_from":1,"date_to":150,"marker_gender":"male","is_individual":false,"edcs_url":"https://edcs.hist.uzh.ch/en/document?edcs-id=EDCS-44800303","persons":[{"nomen":"","gender":"male","raw_name":"Hilarus","cognomen":"Hilarus"}]}},{"type":"Feature","geometry":{"type":"Point","coordinates":[15.0,40.42]},"properties":{"edcs_id":"EDCS-44800304","findspot":"Capaccio / Poseidonia / Paestum","raw_text":"[3] Egni[us(?)","date_from":null,"date_to":null,"marker_gender":"male","is_individual":false,"edcs_url":"https://edcs.hist.uzh.ch/en/document?edcs-id=EDCS-44800304","persons":[{"nomen":"Egnius","gender":"male","raw_name":"Egni[us]"}]}},{"type":"Feature","geometry":{"type":"Point","coordinates":[15.0,40.42]},"properties":{"edcs_id":"EDCS-44800306","findspot":"Capaccio / Poseidonia / Paestum","raw_text":"L(ucius) Ligus[","date_from":null,"date_to":null,"marker_gender":"male","is_individual":false,"edcs_url":"https://edcs.hist.uzh.ch/en/document?edcs-id=EDCS-44800306","persons":[{"nomen":"","gender":"male","raw_name":"L. Ligus","praenomen":"Lucius","cognomen":"Ligus"}]}},{"type":"Feature","geometry":{"type":"Point","coordinates":[15.0,40.42]},"properties":{"edcs_id":"EDCS-44800307","findspot":"Capaccio / Poseidonia / Paestum","raw_text":"N(umerius) N[3] / N[","date_from":null,"date_to":null,"marker_gender":"male","is_individual":false,"edcs_url":"https://edcs.hist.uzh.ch/en/document?edcs-id=EDCS-44800307","persons":[{"nomen":"","gender":"male","raw_name":"N. N[3]","praenomen":"Numerius"}]}},{"type":"Feature","geometry":{"type":"Point","coordinates":[15.0,40.42]},"properties":{"edcs_id":"EDCS-44800309","findspot":"Capaccio / Poseidonia / Paestum","raw_text":"Q(uintus) Grea[nius(?)","date_from":null,"date_to":null,"marker_gender":"male","is_individual":false,"edcs_url":"https://edcs.hist.uzh.ch/en/document?edcs-id=EDCS-44800309","persons":[{"nomen":"Greanius","gender":"male","raw_name":"Q. Grea[nius]","praenomen":"Quintus"}]}},{"type":"Feature","geometry":{"type":"Point","coordinates":[15.0,40.42]},"properties":{"edcs_id":"EDCS-44800310","findspot":"Capaccio / Poseidonia / Paestum","raw_text":"Cn(aeus) Co[3] / L(ucius) Ca[","date_from":null,"date_to":null,"marker_gender":"male","is_individual":false,"edcs_url":"https://edcs.hist.uzh.ch/en/document?edcs-id=EDCS-44800310","persons":[{"nomen":"Cnaeus","gender":"male","raw_name":"Cn. Co[3]"},{"nomen":"","gender":"male","raw_name":"L. Ca[3]","praenomen":"Lucius"}]}},{"type":"Feature","geometry":{"type":"Point","coordinates":[15.01,40.42]},"properties":{"edcs_id":"EDCS-44800326","findspot":"Capaccio / Poseidonia / Paestum","raw_text":"]ar co[3] / [3 a] divo Nerva[e 3] / [o] pe<c=Q>unia sua fecit / [3]tae et Pyrriche","date_from":98,"date_to":200,"marker_gender":"mixed","is_individual":false,"edcs_url":"https://edcs.hist.uzh.ch/en/document?edcs-id=EDCS-44800326","persons":[{"nomen":"","gender":"male","raw_name":"divo Nerva[e]","cognomen":"Nerva","status":"divus"},{"nomen":"","gender":"female","raw_name":"Pyrriche","cognomen":"Pyrriche"}]}},{"type":"Feature","geometry":{"type":"Point","coordinates":[15.0,40.42]},"properties":{"edcs_id":"EDCS-44800348","findspot":"Capaccio / Poseidonia / Paestum","raw_text":"Cn(aeo?) Pom(peio?)] Cn(aei) l(iberto?) / Cast[ori]s et / Po[llucis","date_from":null,"date_to":null,"marker_gender":"male","is_individual":false,"edcs_url":"https://edcs.hist.uzh.ch/en/document?edcs-id=EDCS-44800348","persons":[{"nomen":"Pompeius","gender":"male","raw_name":"Cn(aeo?) Pom(peio?)] Cn(aei) l(iberto?)","praenomen":"Gnaeus","status":"libertus Gnaei"}]}},{"type":"Feature","geometry":{"type":"Point","coordinates":[15.0,40.42]},"properties":{"edcs_id":"EDCS-44800362","findspot":"Capaccio / Poseidonia / Paestum","raw_text":"C]apitolin[3] / [3 flamin]es Aug(ustales) ex [","date_from":null,"date_to":null,"marker_gender":"male","is_individual":false,"edcs_url":"https://edcs.hist.uzh.ch/en/document?edcs-id=EDCS-44800362","persons":[{"nomen":"","gender":"male","raw_name":"C]apitolin[3] [3 flamin]es","cognomen":"Capitolinus","status":"flamen Augustalis"}]}},{"type":"Feature","geometry":{"type":"Point","coordinates":[15.0,40.42]},"properties":{"edcs_id":"EDCS-44800363","findspot":"Capaccio / Poseidonia / Paestum","raw_text":"] / [s]acrum [3] / [3]ppius Pri[","date_from":null,"date_to":null,"marker_gender":"male","is_individual":false,"edcs_url":"https://edcs.hist.uzh.ch/en/document?edcs-id=EDCS-44800363","persons":[{"nomen":"","gender":"male","raw_name":"[3]ppius","cognomen":"Appius"}]}},{"type":"Feature","geometry":{"type":"Point","coordinates":[15.01,40.42]},"properties":{"edcs_id":"EDCS-44800365","findspot":"Capaccio / Poseidonia / Paestum","raw_text":"L(ucius) Caelius Hymetus Aug(ustalis) iter(um) s(ua) p(ecunia) f(ecit)","date_from":1,"date_to":70,"marker_gender":"male","is_individual":false,"edcs_url":"https://edcs.hist.uzh.ch/en/document?edcs-id=EDCS-44800365","persons":[{"nomen":"Caelius","gender":"male","raw_name":"L(ucius) Caelius Hymetus","praenomen":"Lucius","cognomen":"Hymetus","status":"Augustalis"}]}},{"type":"Feature","geometry":{"type":"Point","coordinates":[15.01,40.42]},"properties":{"edcs_id":"EDCS-44800369","findspot":"Capaccio / Poseidonia / Paestum","raw_text":"Ves]pasian[o","date_from":69,"date_to":81,"marker_gender":"male","is_individual":false,"edcs_url":"https://edcs.hist.uzh.ch/en/document?edcs-id=EDCS-44800369","persons":[{"nomen":"","gender":"male","raw_name":"Ves]pasian[o","cognomen":"Vespasianus","is_imperial":true,"cluster_id":1050,"cluster_size":2,"cluster_confidence":"low"}]}},{"type":"Feature","geometry":{"type":"Point","coordinates":[15.0,40.42]},"properties":{"edcs_id":"EDCS-44800370","findspot":"Capaccio / Poseidonia / Paestum","raw_text":"Vesp]asia[no(?)","date_from":null,"date_to":null,"marker_gender":"male","is_individual":false,"edcs_url":"https://edcs.hist.uzh.ch/en/document?edcs-id=EDCS-44800370","persons":[{"nomen":"","gender":"male","raw_name":"Vesp]asia[no","cognomen":"Vespasianus","is_imperial":true,"cluster_id":1050,"cluster_size":2,"cluster_confidence":"low"}]}},{"type":"Feature","geometry":{"type":"Point","coordinates":[15.01,40.42]},"properties":{"edcs_id":"EDCS-44800375","findspot":"Capaccio / Poseidonia / Paestum","raw_text":"] Aug(usto) [3] / [3] et Geta[e 3] / [3] T(itus) Fl(avius) Ph[ilippus(?)","date_from":211,"date_to":211,"marker_gender":"male","is_individual":false,"edcs_url":"https://edcs.hist.uzh.ch/en/document?edcs-id=EDCS-44800375","persons":[{"nomen":"Flavius","gender":"male","raw_name":"T(itus) Fl(avius) Ph[ilippus]","praenomen":"Titus","cognomen":"Philippus"}]}},{"type":"Feature","geometry":{"type":"Point","coordinates":[15.01,40.42]},"properties":{"edcs_id":"EDCS-44800376","findspot":"Capaccio / Poseidonia / Paestum","raw_text":"M(arco) Opellio Diadu/[meniano] nobilis/[simo Caesari","date_from":217,"date_to":218,"marker_gender":"male","is_individual":false,"edcs_url":"https://edcs.hist.uzh.ch/en/document?edcs-id=EDCS-44800376","persons":[{"nomen":"Opellius","gender":"male","raw_name":"M(arco) Opellio Diadu[meniano]","praenomen":"Marcus","cognomen":"Diadumenianus","status":"nobilissimus Caesar","is_imperial":true}]}},{"type":"Feature","geometry":{"type":"Point","coordinates":[15.01,40.42]},"properties":{"edcs_id":"EDCS-44800385","findspot":"Capaccio / Poseidonia / Paestum","raw_text":"[I]mp(eratori) Cae[s(ari) 3] / M(arco) Aurelio [3] / maxim[o","date_from":161,"date_to":312,"marker_gender":"male","is_individual":false,"edcs_url":"https://edcs.hist.uzh.ch/en/document?edcs-id=EDCS-44800385","persons":[{"nomen":"Aurelius","gender":"male","raw_name":"[I]mp(eratori) Cae[s(ari) 3]   M(arco) Aurelio [3]   maxim[o","praenomen":"Marcus","cognomen":"Maximus","status":"Imperator Caesar","is_imperial":true}]}},{"type":"Feature","geometry":{"type":"Point","coordinates":[15.01,40.42]},"properties":{"edcs_id":"EDCS-44800397","findspot":"Capaccio / Poseidonia / Paestum","raw_text":"[H]elioni(?) / patron(o) col(oniae?) / August(ales?) pec(unia) / sua","date_from":71,"date_to":200,"marker_gender":"male","is_individual":false,"edcs_url":"https://edcs.hist.uzh.ch/en/document?edcs-id=EDCS-44800397","persons":[{"nomen":"","gender":"male","raw_name":"[H]elioni","cognomen":"Helio","status":"patronus coloniae"}]}},{"type":"Feature","geometry":{"type":"Point","coordinates":[15.0,40.42]},"properties":{"edcs_id":"EDCS-45300153","findspot":"Capaccio / Poseidonia / Paestum","raw_text":"P(ublius) Claudius C(ai) f(ilius) / C(aius) Sextilius L(uci) f(ilius) / duovirei / de sen(atus) sent(entia)","date_from":null,"date_to":null,"marker_gender":"male","is_individual":false,"edcs_url":"https://edcs.hist.uzh.ch/en/document?edcs-id=EDCS-45300153","persons":[{"nomen":"Claudius","gender":"male","raw_name":"P. Claudius C. f.","praenomen":"Publius","status":"filius Caii, duovir"},{"nomen":"Sextilius","gender":"male","raw_name":"C. Sextilius L. f.","praenomen":"Gaius","status":"filius Lucii, duovir"}]}},{"type":"Feature","geometry":{"type":"Point","coordinates":[16.27,38.24]},"properties":{"edcs_id":"EDCS-47300123","findspot":"Locri / Locri Epizephyrii","raw_text":"]tis / [3] fili(i) / Corneli / [","date_from":null,"date_to":null,"marker_gender":"unknown","is_individual":false,"edcs_url":"https://edcs.hist.uzh.ch/en/document?edcs-id=EDCS-47300123","persons":[{"nomen":"Cornelius","gender":"unknown","raw_name":"Corneli"}]}},{"type":"Feature","geometry":{"type":"Point","coordinates":[16.27,38.24]},"properties":{"edcs_id":"EDCS-47300124","findspot":"Locri / Locri Epizephyrii","raw_text":"Helvidi","date_from":null,"date_to":null,"marker_gender":"male","is_individual":false,"edcs_url":"https://edcs.hist.uzh.ch/en/document?edcs-id=EDCS-47300124","persons":[{"nomen":"Helvidius","gender":"male","raw_name":"Helvidi"}]}},{"type":"Feature","geometry":{"type":"Point","coordinates":[16.27,38.24]},"properties":{"edcs_id":"EDCS-47300125","findspot":"Locri / Locri Epizephyrii","raw_text":"Vag(elli) Marci[ani]","date_from":null,"date_to":null,"marker_gender":"male","is_individual":false,"edcs_url":"https://edcs.hist.uzh.ch/en/document?edcs-id=EDCS-47300125","persons":[{"nomen":"Vagellius","gender":"male","raw_name":"Vag. Marci[ani]","cognomen":"Marcianus"}]}},{"type":"Feature","geometry":{"type":"Point","coordinates":[16.27,38.24]},"properties":{"edcs_id":"EDCS-47300126","findspot":"Locri / Locri Epizephyrii","raw_text":"Satur(nini)","date_from":null,"date_to":null,"marker_gender":"male","is_individual":false,"edcs_url":"https://edcs.hist.uzh.ch/en/document?edcs-id=EDCS-47300126","persons":[{"nomen":"","gender":"male","raw_name":"Satur(nini)","cognomen":"Saturninus","cluster_id":1116,"cluster_size":2,"cluster_confidence":"low"}]}},{"type":"Feature","geometry":{"type":"Point","coordinates":[16.47,39.7]},"properties":{"edcs_id":"EDCS-51200117","findspot":"Thurio / Thurioi / Copia Thurii","raw_text":"Ti(berio) Claudio Caes[aris] / l(iberto) Idomeni <c=Q>u{o}i decur[iones] / Copienses honoris caus{s}a dec[reto suo] / deder(unt) ea quae infra scripa s[u]nt / P(ublius) Blaesius Marianus IIIIvir quinq(uennalis) [iure dic(undo)] / iterum M(arcus) Minucius M(a)n(i) f(ilius) Sota praef(ectus) Ti(beri) Caesaris Aug[usti] / cens[o]ria potestate VIII K(alendas) Apr(iles) senatum in cur[i]a Vin[uleia] / consuluerunt scribendo [a]dfuerunt T(itus) Albius Sabin[us 3] / P(ublius) Suavitius(?) Reginus L(ucius) Idumaeus Mela Q(uintus) Vibu[l]enus Agrippa [3 cum] / [v(erba)] f(acta) sunt de honore Ti(beri) Claudi Caesar(is) l(iberti) Idomen(e)i q(uid) d(e) e(a) r(e) f(ieri) p(laceret) d(e) e(a) r(e) i(ta) censu[ere quod Ti(berius)] / C[l]audius Idomeneus ita se gesserit annis Copiae iis suae vitae cum servierit in [municipio n(ostro)] / <in=NI>colis magn[e] pr[ae]cessit summa modestia iust[it]ia{a}eque p(ublicum) a(rgentum) administrare ex[pertus est] / et deinde liber factus similem se (!) pristinae clem[en]tia(e) fovendae placere huic s[plendidissimo] / ordini [A]ugustalem eum in hunc annum ex{s} decre[t]o nostro creari qui honor de A[ugustalitate] / ante hoc tempus nulli datus sit eumque ordinem em[e]rere praeferrique cen[suere ex k(apite) 3 de Aug(ustalitate)] / legis omnibus quos hoc [a]nno senatus f[ut]uros Augusta[l]es cens(uit) vere quo n[o]tius [sit in eum studium r(ei) p(ublicae)] / et is modes[t]iae suae praecepisse fructum debitum merito videatur itaq[ue admirantes] / ceteri simili[s] fortunae hominis periti vitae forte merit[u]m senatus am[plissimum] / iudiciorum imitari eum velint","date_from":24,"date_to":24,"marker_gender":"male","is_individual":false,"edcs_url":"https://edcs.hist.uzh.ch/en/document?edcs-id=EDCS-51200117","persons":[{"nomen":"Claudius","gender":"male","raw_name":"Ti(berio) Claudio Caesaris l(iberto) Idomeni","praenomen":"Tiberius","cognomen":"Idomeneus","status":"libertus Caesaris, Augustalis"},{"nomen":"Blaesius","gender":"male","raw_name":"P(ublius) Blaesius Marianus","praenomen":"Publius","cognomen":"Marianus","status":"IIIIvir quinquennalis"},{"nomen":"Minucius","gender":"male","raw_name":"M(arcus) Minucius M(a)n(i) f(ilius) Sota","praenomen":"Marcus","cognomen":"Sota","status":"filius Manii, praefectus"},{"nomen":"Albius","gender":"male","raw_name":"T(itus) Albius Sabinus","praenomen":"Titus","cognomen":"Sabinus"},{"nomen":"Suavitius","gender":"male","raw_name":"P(ublius) Suavitius Reginus","praenomen":"Publius","cognomen":"Reginus"},{"nomen":"Idumaeus","gender":"male","raw_name":"L(ucius) Idumaeus Mela","praenomen":"Lucius","cognomen":"Mela"},{"nomen":"Vibulenus","gender":"male","raw_name":"Q(uintus) Vibu[l]enus Agrippa","praenomen":"Quintus","cognomen":"Agrippa"}]}},{"type":"Feature","geometry":{"type":"Point","coordinates":[15.89,40.28]},"properties":{"edcs_id":"EDCS-51200118","findspot":"Grumento Nova / Grumentum","raw_text":"{H}Ave Egloge Fabricia / pullila mellita et vale / vixit ann(os) VIII / Fabricia Quarta optima / femina bene quiescas / v(ivi) L(ucius) Fabricius Anteros / L(ucius) Fabricius Anthus","date_from":null,"date_to":null,"marker_gender":"mixed","is_individual":false,"edcs_url":"https://edcs.hist.uzh.ch/en/document?edcs-id=EDCS-51200118","persons":[{"nomen":"Fabricia","gender":"female","raw_name":"Egloge Fabricia","cognomen":"Egloge"},{"nomen":"Fabricia","gender":"female","raw_name":"Fabricia Quarta","cognomen":"Quarta","status":"optima"},{"nomen":"Fabricius","gender":"male","raw_name":"L(ucius) Fabricius Anteros","praenomen":"Lucius","cognomen":"Anteros","status":"vivus"},{"nomen":"Fabricius","gender":"male","raw_name":"L(ucius) Fabricius Anthus","praenomen":"Lucius","cognomen":"Anthus"}]}},{"type":"Feature","geometry":{"type":"Point","coordinates":[16.25,39.3]},"properties":{"edcs_id":"EDCS-53600187","findspot":"Cosenza / Cosentia","raw_text":"Avili","date_from":null,"date_to":null,"marker_gender":"male","is_individual":false,"edcs_url":"https://edcs.hist.uzh.ch/en/document?edcs-id=EDCS-53600187","persons":[{"nomen":"Avilius","gender":"male","raw_name":"Avili"}]}},{"type":"Feature","geometry":{"type":"Point","coordinates":[16.25,39.3]},"properties":{"edcs_id":"EDCS-53600193","findspot":"Cosenza / Cosentia","raw_text":"C(ai) Muri","date_from":null,"date_to":null,"marker_gender":"male","is_individual":false,"edcs_url":"https://edcs.hist.uzh.ch/en/document?edcs-id=EDCS-53600193","persons":[{"nomen":"Murius","gender":"male","raw_name":"C(ai) Muri","praenomen":"Gaius"}]}},{"type":"Feature","geometry":{"type":"Point","coordinates":[16.25,39.3]},"properties":{"edcs_id":"EDCS-53600195","findspot":"Cosenza / Cosentia","raw_text":"Cn(aei) Atei Ar()","date_from":null,"date_to":null,"marker_gender":"male","is_individual":false,"edcs_url":"https://edcs.hist.uzh.ch/en/document?edcs-id=EDCS-53600195","persons":[{"nomen":"Ateius","gender":"male","raw_name":"Cn(aei) Atei Ar()","praenomen":"Gnaeus"}]}},{"type":"Feature","geometry":{"type":"Point","coordinates":[16.25,39.3]},"properties":{"edcs_id":"EDCS-53600197","findspot":"Cosenza / Cosentia","raw_text":"Gavi","date_from":null,"date_to":null,"marker_gender":"male","is_individual":false,"edcs_url":"https://edcs.hist.uzh.ch/en/document?edcs-id=EDCS-53600197","persons":[{"nomen":"Gavius","gender":"male","raw_name":"Gavi"}]}},{"type":"Feature","geometry":{"type":"Point","coordinates":[16.25,39.3]},"properties":{"edcs_id":"EDCS-53600198","findspot":"Cosenza / Cosentia","raw_text":"Cornel(i)","date_from":null,"date_to":null,"marker_gender":"male","is_individual":false,"edcs_url":"https://edcs.hist.uzh.ch/en/document?edcs-id=EDCS-53600198","persons":[{"nomen":"Cornelius","gender":"male","raw_name":"Cornel(i)"}]}},{"type":"Feature","geometry":{"type":"Point","coordinates":[16.25,39.3]},"properties":{"edcs_id":"EDCS-53600199","findspot":"Cosenza / Cosentia","raw_text":"Rufio","date_from":null,"date_to":null,"marker_gender":"male","is_individual":false,"edcs_url":"https://edcs.hist.uzh.ch/en/document?edcs-id=EDCS-53600199","persons":[{"nomen":"","gender":"male","raw_name":"Rufio","cognomen":"Rufio"}]}},{"type":"Feature","geometry":{"type":"Point","coordinates":[16.25,39.3]},"properties":{"edcs_id":"EDCS-53600200","findspot":"Cosenza / Cosentia","raw_text":"L(uci) Non(i) Fi()","date_from":null,"date_to":null,"marker_gender":"male","is_individual":false,"edcs_url":"https://edcs.hist.uzh.ch/en/document?edcs-id=EDCS-53600200","persons":[{"nomen":"Nonius","gender":"male","raw_name":"L(uci) Non(i) Fi()","praenomen":"Lucius"}]}},{"type":"Feature","geometry":{"type":"Point","coordinates":[16.25,39.3]},"properties":{"edcs_id":"EDCS-53600201","findspot":"Cosenza / Cosentia","raw_text":"L(uci) Gelli L(uci) Sempro(ni)","date_from":null,"date_to":null,"marker_gender":"male","is_individual":false,"edcs_url":"https://edcs.hist.uzh.ch/en/document?edcs-id=EDCS-53600201","persons":[{"nomen":"Gellius","gender":"male","raw_name":"L(uci) Gelli","praenomen":"Lucius"},{"nomen":"Sempronius","gender":"male","raw_name":"L(uci) Sempro(ni)","praenomen":"Lucius"}]}},{"type":"Feature","geometry":{"type":"Point","coordinates":[16.25,39.3]},"properties":{"edcs_id":"EDCS-53600212","findspot":"Cosenza / Cosentia","raw_text":"C(ai) Gavi","date_from":null,"date_to":null,"marker_gender":"male","is_individual":false,"edcs_url":"https://edcs.hist.uzh.ch/en/document?edcs-id=EDCS-53600212","persons":[{"nomen":"Gavius","gender":"male","raw_name":"C(ai) Gavi","praenomen":"Gaius"}]}},{"type":"Feature","geometry":{"type":"Point","coordinates":[16.25,39.3]},"properties":{"edcs_id":"EDCS-53600217","findspot":"Cosenza / Cosentia","raw_text":"C(ai) Muri","date_from":null,"date_to":null,"marker_gender":"male","is_individual":false,"edcs_url":"https://edcs.hist.uzh.ch/en/document?edcs-id=EDCS-53600217","persons":[{"nomen":"Murius","gender":"male","raw_name":"C(ai) Muri","praenomen":"Gaius"}]}},{"type":"Feature","geometry":{"type":"Point","coordinates":[16.25,39.3]},"properties":{"edcs_id":"EDCS-53600227","findspot":"Cosenza / Cosentia","raw_text":"Idius","date_from":null,"date_to":null,"marker_gender":"male","is_individual":false,"edcs_url":"https://edcs.hist.uzh.ch/en/document?edcs-id=EDCS-53600227","persons":[{"nomen":"","gender":"male","raw_name":"Idius","cognomen":"Idius"}]}},{"type":"Feature","geometry":{"type":"Point","coordinates":[16.25,39.3]},"properties":{"edcs_id":"EDCS-53600229","findspot":"Cosenza / Cosentia","raw_text":"L(uci) Rasini Pis()","date_from":null,"date_to":null,"marker_gender":"male","is_individual":false,"edcs_url":"https://edcs.hist.uzh.ch/en/document?edcs-id=EDCS-53600229","persons":[{"nomen":"Rasinius","gender":"male","raw_name":"L. Rasini Pis()","praenomen":"Lucius","cognomen":"Pis"}]}},{"type":"Feature","geometry":{"type":"Point","coordinates":[16.25,39.3]},"properties":{"edcs_id":"EDCS-53600231","findspot":"Cosenza / Cosentia","raw_text":"L(uci) Titi / Thyrsi","date_from":null,"date_to":null,"marker_gender":"male","is_individual":false,"edcs_url":"https://edcs.hist.uzh.ch/en/document?edcs-id=EDCS-53600231","persons":[{"nomen":"Titius","gender":"male","raw_name":"L. Titi Thyrsi","praenomen":"Lucius","cognomen":"Thyrsus"}]}},{"type":"Feature","geometry":{"type":"Point","coordinates":[16.25,39.3]},"properties":{"edcs_id":"EDCS-53600236","findspot":"Cosenza / Cosentia","raw_text":"Rufio","date_from":null,"date_to":null,"marker_gender":"male","is_individual":false,"edcs_url":"https://edcs.hist.uzh.ch/en/document?edcs-id=EDCS-53600236","persons":[{"nomen":"","gender":"male","raw_name":"Rufio","cognomen":"Rufius"}]}},{"type":"Feature","geometry":{"type":"Point","coordinates":[16.25,39.3]},"properties":{"edcs_id":"EDCS-53600240","findspot":"Cosenza / Cosentia","raw_text":"Atta","date_from":null,"date_to":null,"marker_gender":"male","is_individual":false,"edcs_url":"https://edcs.hist.uzh.ch/en/document?edcs-id=EDCS-53600240","persons":[{"nomen":"","gender":"male","raw_name":"Atta","cognomen":"Atta"}]}},{"type":"Feature","geometry":{"type":"Point","coordinates":[15.97,41.71]},"properties":{"edcs_id":"EDCS-53701554","findspot":"Monte Sant'Angelo","raw_text":"Gabriel [a]ng[el]us qui <v=B>[o]s protega<t=D> / Romu{u}aldo dux / Gunperga / [deu]s iudicium tu[um r]egi da e[t] iusti[ti]a(m) tua(m) / [fi]li<o=U> regi(s)","date_from":null,"date_to":null,"marker_gender":"mixed","is_individual":false,"edcs_url":"https://edcs.hist.uzh.ch/en/document?edcs-id=EDCS-53701554","persons":[{"nomen":"","gender":"male","raw_name":"Gabriel","cognomen":"Gabriel","status":"angelus"},{"nomen":"","gender":"male","raw_name":"Romu{u}aldo","cognomen":"Romualdus","status":"dux"},{"nomen":"","gender":"female","raw_name":"Gunperga","cognomen":"Gunperga"}]}},{"type":"Feature","geometry":{"type":"Point","coordinates":[15.49,40.75]},"properties":{"edcs_id":"EDCS-55702379","findspot":"Muro Lucano / Numistro","raw_text":"Poppaedia |(mulieris) l(iberta) Prima","date_from":-30,"date_to":10,"marker_gender":"female","is_individual":false,"edcs_url":"https://edcs.hist.uzh.ch/en/document?edcs-id=EDCS-55702379","persons":[{"nomen":"Poppaedia","gender":"female","raw_name":"Poppaedia |(mulieris) l(iberta) Prima","cognomen":"Prima","status":"liberta mulieris"}]}},{"type":"Feature","geometry":{"type":"Point","coordinates":[15.49,40.75]},"properties":{"edcs_id":"EDCS-55702380","findspot":"Muro Lucano / Numistro","raw_text":"D(is) M(anibus) / C(aio) Iuli(o) Nepoti / Ma() Fortuna / c(oniugi) b(ene) m(erenti) p(osuit) / v(ixit) an(nos) XLIII","date_from":151,"date_to":250,"marker_gender":"mixed","is_individual":false,"edcs_url":"https://edcs.hist.uzh.ch/en/document?edcs-id=EDCS-55702380","persons":[{"nomen":"Iulius","gender":"male","raw_name":"C(aio) Iuli(o) Nepoti","praenomen":"Gaius","cognomen":"Nepos"},{"nomen":"","gender":"female","raw_name":"Ma() Fortuna","cognomen":"Fortuna","status":"uxor","is_deity":true,"cluster_confidence":"excluded"}]}},{"type":"Feature","geometry":{"type":"Point","coordinates":[15.49,40.75]},"properties":{"edcs_id":"EDCS-55702381","findspot":"Muro Lucano / Numistro","raw_text":"D(is) M(anibus) // [At]t<i=T>o Firmo / [vi]xit annis [3] / [m]e(n)[s]ibus V / diebu(s) IV / [","date_from":151,"date_to":250,"marker_gender":"male","is_individual":false,"edcs_url":"https://edcs.hist.uzh.ch/en/document?edcs-id=EDCS-55702381","persons":[{"nomen":"","gender":"male","raw_name":"[At]t<i=T>o Firmo","cognomen":"Attus"}]}},{"type":"Feature","geometry":{"type":"Point","coordinates":[15.49,40.75]},"properties":{"edcs_id":"EDCS-55702382","findspot":"Muro Lucano / Numistro","raw_text":"G(aius!) Baebius / Lupulus et / M(arcus) Baebius / Maximus / f(ilii) G(aio!) Baebio / Lupulo p(atri) et / Trebiae / Maximillae / matri bene / merentibus / fec(e)r(unt)","date_from":1,"date_to":100,"marker_gender":"mixed","is_individual":false,"edcs_url":"https://edcs.hist.uzh.ch/en/document?edcs-id=EDCS-55702382","persons":[{"nomen":"Baebius","gender":"male","raw_name":"G(aius) Baebius Lupulus","praenomen":"Gaius","cognomen":"Lupulus","status":"filius","cluster_id":547,"cluster_size":2},{"nomen":"Baebius","gender":"male","raw_name":"M(arcus) Baebius Maximus","praenomen":"Marcus","cognomen":"Maximus","status":"filius"},{"nomen":"Baebius","gender":"male","raw_name":"G(aio) Baebio Lupulo","praenomen":"Gaius","cognomen":"Lupulus","status":"pater","cluster_id":547,"cluster_size":2},{"nomen":"Trebia","gender":"female","raw_name":"Trebiae Maximillae","cognomen":"Maximilla","status":"mater"}]}},{"type":"Feature","geometry":{"type":"Point","coordinates":[15.49,40.75]},"properties":{"edcs_id":"EDCS-55702383","findspot":"Muro Lucano / Numistro","raw_text":"Cypare / Lamponiaes / Urbanaes(!) f(ecit) / Gemello con(servo) / h(ic) s(itus) e(st)","date_from":1,"date_to":100,"marker_gender":"mixed","is_individual":false,"edcs_url":"https://edcs.hist.uzh.ch/en/document?edcs-id=EDCS-55702383","persons":[{"nomen":"","gender":"unknown","raw_name":"Cypare","cognomen":"Cypare"},{"nomen":"Lamponia","gender":"female","raw_name":"Lamponiaes Urbanaes","cognomen":"Urbana"},{"nomen":"","gender":"male","raw_name":"Gemello","cognomen":"Gemellus","status":"conservus"}]}},{"type":"Feature","geometry":{"type":"Point","coordinates":[15.49,40.75]},"properties":{"edcs_id":"EDCS-55702384","findspot":"Muro Lucano / Numistro","raw_text":"D(is) M(anibus) / M(arco) Arrio Cre/simo colle/gius Spei / b(ene) m(erenti) p(osuit) / v(ixit) a(nnos) L m(enses) / VII","date_from":151,"date_to":250,"marker_gender":"male","is_individual":false,"edcs_url":"https://edcs.hist.uzh.ch/en/document?edcs-id=EDCS-55702384","persons":[{"nomen":"Arrius","gender":"male","raw_name":"M(arco) Arrio Cresimo","praenomen":"Marcus","cognomen":"Cresimus"}]}},{"type":"Feature","geometry":{"type":"Point","coordinates":[15.49,40.75]},"properties":{"edcs_id":"EDCS-55702385","findspot":"Muro Lucano / Numistro","raw_text":"Dis Man(ibus) / L(ucio) Vicirio L(uci) f(ilio) / Rufo aed(ili) / IIIIvir(o) i(ure) d(icundo) / L(ucius) Vicirius Capito / et Cornelia / Gemella uxor / posuer(unt)","date_from":51,"date_to":100,"marker_gender":"mixed","is_individual":false,"edcs_url":"https://edcs.hist.uzh.ch/en/document?edcs-id=EDCS-55702385","persons":[{"nomen":"Vicirius","gender":"male","raw_name":"L(ucio) Vicirio L(uci) f(ilio) Rufo","praenomen":"Lucius","cognomen":"Rufus","status":"aedilis, IIIIvir iure dicundo"},{"nomen":"Vicirius","gender":"male","raw_name":"L(ucius) Vicirius Capito","praenomen":"Lucius","cognomen":"Capito"},{"nomen":"Cornelia","gender":"female","raw_name":"Cornelia Gemella","cognomen":"Gemella","status":"uxor"}]}},{"type":"Feature","geometry":{"type":"Point","coordinates":[15.49,40.75]},"properties":{"edcs_id":"EDCS-55702388","findspot":"Muro Lucano / Numistro","raw_text":"D(is) M(anibus) / Tattia Pro/cula L(ucio) Tat/tio Pelopi/ano co(n)iugi / vix(it) ann(os) L / b(ene) m(erenti)","date_from":151,"date_to":250,"marker_gender":"mixed","is_individual":false,"edcs_url":"https://edcs.hist.uzh.ch/en/document?edcs-id=EDCS-55702388","persons":[{"nomen":"Tattia","gender":"female","raw_name":"Tattia Procula","cognomen":"Procula"},{"nomen":"Tattius","gender":"male","raw_name":"L(ucio) Tattio Pelopiano","praenomen":"Lucius","cognomen":"Pelopianus","status":"coniunx"}]}},{"type":"Feature","geometry":{"type":"Point","coordinates":[15.49,40.75]},"properties":{"edcs_id":"EDCS-55702389","findspot":"Muro Lucano / Numistro","raw_text":"D(is) M(anibus) // Agili et Vic/torino pa/ter pos[u]it // Fratribus","date_from":171,"date_to":230,"marker_gender":"male","is_individual":false,"edcs_url":"https://edcs.hist.uzh.ch/en/document?edcs-id=EDCS-55702389","persons":[{"nomen":"","gender":"male","raw_name":"Agili","cognomen":"Agilis","status":"frater"},{"nomen":"","gender":"male","raw_name":"Victorino","cognomen":"Victorinus","status":"frater"}]}},{"type":"Feature","geometry":{"type":"Point","coordinates":[15.49,40.75]},"properties":{"edcs_id":"EDCS-55702390","findspot":"Muro Lucano / Numistro","raw_text":"D(is) M(anibus) / Annia Felicula / Gabio Restuto / filio et nepoti / bene merenti/bus fecit q(ui) vi/xit an(nos) XXV","date_from":176,"date_to":250,"marker_gender":"mixed","is_individual":false,"edcs_url":"https://edcs.hist.uzh.ch/en/document?edcs-id=EDCS-55702390","persons":[{"nomen":"Annia","gender":"female","raw_name":"Annia Felicula","cognomen":"Felicula"},{"nomen":"Gabius","gender":"male","raw_name":"Gabio Restuto","cognomen":"Restutus","status":"filius et nepos"}]}},{"type":"Feature","geometry":{"type":"Point","coordinates":[15.49,40.75]},"properties":{"edcs_id":"EDCS-55702391","findspot":"Muro Lucano / Numistro","raw_text":"[3] Cornelio / [","date_from":1,"date_to":50,"marker_gender":"unknown","is_individual":false,"edcs_url":"https://edcs.hist.uzh.ch/en/document?edcs-id=EDCS-55702391","persons":[{"nomen":"Cornelius","gender":"unknown","raw_name":"Cornelio"}]}},{"type":"Feature","geometry":{"type":"Point","coordinates":[15.49,40.75]},"properties":{"edcs_id":"EDCS-55702392","findspot":"Muro Lucano / Numistro","raw_text":"D(is) M(anibus) / Gargili(a)e Mar/cianae qu(a)e / vixit annis / XLI[3] N(a)evius / Marcellus co(n)/iugi b(ene) m(erenti) fecit","date_from":176,"date_to":250,"marker_gender":"mixed","is_individual":false,"edcs_url":"https://edcs.hist.uzh.ch/en/document?edcs-id=EDCS-55702392","persons":[{"nomen":"Gargilia","gender":"female","raw_name":"Gargili(a)e Marcianae","cognomen":"Marciana","status":"coniunx"},{"nomen":"Naevius","gender":"male","raw_name":"N(a)evius Marcellus","cognomen":"Marcellus"}]}},{"type":"Feature","geometry":{"type":"Point","coordinates":[15.49,40.75]},"properties":{"edcs_id":"EDCS-55702393","findspot":"Muro Lucano / Numistro","raw_text":"D(is) M(anibus) / [S]abinus cu/[m] filio Quin/[ta]e co(n)iugi / [q]u(a)e vixit ann(os) / [3 m]e(n)s(es) [3 d(ies)] XXX / [b]ene meren/[t]i fecerunt","date_from":176,"date_to":250,"marker_gender":"mixed","is_individual":false,"edcs_url":"https://edcs.hist.uzh.ch/en/document?edcs-id=EDCS-55702393","persons":[{"nomen":"","gender":"male","raw_name":"[S]abinus","cognomen":"Sabinus"},{"nomen":"","gender":"female","raw_name":"[Quin]ta","cognomen":"Quinta","status":"coniunx"}]}},{"type":"Feature","geometry":{"type":"Point","coordinates":[15.49,40.75]},"properties":{"edcs_id":"EDCS-55702394","findspot":"Muro Lucano / Numistro","raw_text":"D(is) M(anibus) // L(ucius) Postumius Aptu/s Numisi[ae 3]/in(a)e co[niug]/<i=E> dulciss[imae] / et bene meren[t]/i posuit qu(a)e v/ixit an(nos) XX m[e]/[n]ses duo","date_from":176,"date_to":250,"marker_gender":"mixed","is_individual":false,"edcs_url":"https://edcs.hist.uzh.ch/en/document?edcs-id=EDCS-55702394","persons":[{"nomen":"Postumius","gender":"male","raw_name":"L(ucius) Postumius Aptus","praenomen":"Lucius","cognomen":"Aptus"},{"nomen":"Numisia","gender":"female","raw_name":"Numisi[ae 3] in(a)e","status":"coniunx"}]}},{"type":"Feature","geometry":{"type":"Point","coordinates":[15.8,40.38]},"properties":{"edcs_id":"EDCS-56500283","findspot":"Barricelle / Barricelle di Marsicovetere / Grumentum","raw_text":"C(ai) Brut(ti) Prae(sentis)","date_from":null,"date_to":null,"marker_gender":"male","is_individual":false,"edcs_url":"https://edcs.hist.uzh.ch/en/document?edcs-id=EDCS-56500283","persons":[{"nomen":"Bruttius","gender":"male","raw_name":"C(ai) Brut(ti) Prae(sentis)","praenomen":"Gaius","cognomen":"Praesens","cluster_id":46,"cluster_size":3}]}},{"type":"Feature","geometry":{"type":"Point","coordinates":[15.8,40.38]},"properties":{"edcs_id":"EDCS-56500284","findspot":"Barricelle / Barricelle di Marsicovetere / Grumentum","raw_text":"C(ai) Brut(ti) Prae(sentis)","date_from":null,"date_to":null,"marker_gender":"male","is_individual":false,"edcs_url":"https://edcs.hist.uzh.ch/en/document?edcs-id=EDCS-56500284","persons":[{"nomen":"Bruttius","gender":"male","raw_name":"C(ai) Brut(ti) Prae(sentis)","praenomen":"Gaius","cognomen":"Praesens","cluster_id":46,"cluster_size":3}]}},{"type":"Feature","geometry":{"type":"Point","coordinates":[15.8,40.38]},"properties":{"edcs_id":"EDCS-56500293","findspot":"Barricelle / Barricelle di Marsicovetere / Grumentum","raw_text":"Felicia / Nem() p(atri) / b(ene) m(erenti) f(ecit) / vix(it) a(nnos) XL","date_from":null,"date_to":null,"marker_gender":"female","is_individual":false,"edcs_url":"https://edcs.hist.uzh.ch/en/document?edcs-id=EDCS-56500293","persons":[{"nomen":"","gender":"female","raw_name":"Felicia","cognomen":"Felicia"}]}},{"type":"Feature","geometry":{"type":"Point","coordinates":[15.8,40.38]},"properties":{"edcs_id":"EDCS-56500294","findspot":"Barricelle / Barricelle di Marsicovetere / Grumentum","raw_text":"Moderati / Aug(ustae) n(ostrae)","date_from":null,"date_to":null,"marker_gender":"male","is_individual":false,"edcs_url":"https://edcs.hist.uzh.ch/en/document?edcs-id=EDCS-56500294","persons":[{"nomen":"","gender":"male","raw_name":"Moderati","cognomen":"Moderatus","status":"Augusta nostra","is_imperial":true}]}},{"type":"Feature","geometry":{"type":"Point","coordinates":[15.8,40.38]},"properties":{"edcs_id":"EDCS-56500295","findspot":"Barricelle / Barricelle di Marsicovetere / Grumentum","raw_text":"Pra(esentis?) B(rutti?)","date_from":201,"date_to":350,"marker_gender":"male","is_individual":false,"edcs_url":"https://edcs.hist.uzh.ch/en/document?edcs-id=EDCS-56500295","persons":[{"nomen":"Bruttius","gender":"male","raw_name":"Pra(esentis?) B(rutti?)","cognomen":"Praesens","cluster_id":46,"cluster_size":3}]}},{"type":"Feature","geometry":{"type":"Point","coordinates":[16.45,39.75]},"properties":{"edcs_id":"EDCS-57000025","findspot":"Sibari / Sybaris","raw_text":"] Augu[sto 3] / Hadr[iano 3] / Aug(usto) [3] / d(ecreto) d(ecurionum) [3]","date_from":null,"date_to":null,"marker_gender":"male","is_individual":false,"edcs_url":"https://edcs.hist.uzh.ch/en/document?edcs-id=EDCS-57000025","persons":[{"nomen":"","gender":"male","raw_name":"Augu[sto]","cognomen":"Augustus","status":"Imperator","is_imperial":true,"cluster_confidence":"excluded"},{"nomen":"","gender":"male","raw_name":"Hadr[iano]","cognomen":"Hadrianus","is_imperial":true},{"nomen":"","gender":"male","raw_name":"Aug(usto)","cognomen":"Augustus","status":"Imperator","is_imperial":true,"cluster_confidence":"excluded"}]}},{"type":"Feature","geometry":{"type":"Point","coordinates":[16.45,39.75]},"properties":{"edcs_id":"EDCS-57000037","findspot":"Sibari / Sybaris","raw_text":"D(is) M(anibus) / Flaviae Tu/rinae q(uae) v(ixit) a(nnos) / III m(enses) II Trasi/as pater f(ecit)","date_from":101,"date_to":200,"marker_gender":"mixed","is_individual":false,"edcs_url":"https://edcs.hist.uzh.ch/en/document?edcs-id=EDCS-57000037","persons":[{"nomen":"Flavia","gender":"female","raw_name":"Flaviae Turinae","cognomen":"Turina"},{"nomen":"","gender":"male","raw_name":"Trasias","cognomen":"Trasias","status":"pater"}]}},{"type":"Feature","geometry":{"type":"Point","coordinates":[16.14,40.62]},"properties":{"edcs_id":"EDCS-57100040","findspot":"Tricarico / Potentia","raw_text":"Me]rcurius [3] / [3 co]niugi be[ne merenti","date_from":171,"date_to":250,"marker_gender":"male","is_individual":false,"edcs_url":"https://edcs.hist.uzh.ch/en/document?edcs-id=EDCS-57100040","persons":[{"nomen":"","gender":"male","raw_name":"Mercurius","cognomen":"Mercurius","is_deity":true,"cluster_confidence":"excluded"}]}},{"type":"Feature","geometry":{"type":"Point","coordinates":[17.05,39.26]},"properties":{"edcs_id":"EDCS-58500265","findspot":"Strongoli / Petelia","raw_text":"Celadioni grex Ionici / pantomimi vix(it) an(nos) V // εἰς θάνατον τὸν ἄωρον ἀνάξιον ἥρπασε Πλούτων / λύπας ἀενάους πατρὶ χαριξάμενος / ποῦ σε θεοῖς θύειν Κέλαδε ποῦ δʼ ἄρτια βωμοῖς / στέμματα σὺν λιβάνῳ θʼ ἁγνὰ φέρειν πελανά / τὸν μογερὸν σκηνῆς ἐξείρπασε βάρβαρος Ἅ(ι)δης / πολλὰ γονεῦσι φέρων δάκρυα σὺν πάθεσιν","date_from":1,"date_to":100,"marker_gender":"male","is_individual":false,"edcs_url":"https://edcs.hist.uzh.ch/en/document?edcs-id=EDCS-58500265","persons":[{"nomen":"","gender":"male","raw_name":"Celadioni","cognomen":"Celadio","status":"pantomimus"},{"nomen":"","gender":"male","raw_name":"Ionici","cognomen":"Ionicius","status":"dominus gregis"}]}},{"type":"Feature","geometry":{"type":"Point","coordinates":[15.37,40.63]},"properties":{"edcs_id":"EDCS-59400027","findspot":"Buccino / Volcei","raw_text":"M(arcus) Inst<e=F>ius Silves<t=I>er / et G(aius!) Luxilius Silvanus / aediles IIIIv(iri) i(ure) d(icundo) v<i=L>cum / Venerium restitu<e=I>n//dum curaverunt / p(ecunia) p(ublica)","date_from":171,"date_to":250,"marker_gender":"male","is_individual":false,"edcs_url":"https://edcs.hist.uzh.ch/en/document?edcs-id=EDCS-59400027","persons":[{"nomen":"Insteius","gender":"male","raw_name":"M(arcus) Inst<e=F>ius Silves<t=I>er","praenomen":"Marcus","cognomen":"Silvester","status":"aedilis, IIIIvir iure dicundo","cluster_id":27,"cluster_size":2},{"nomen":"Luxilius","gender":"male","raw_name":"G(aius) Luxilius Silvanus","praenomen":"Gaius","cognomen":"Silvanus","status":"aedilis, IIIIvir iure dicundo"}]}},{"type":"Feature","geometry":{"type":"Point","coordinates":[16.81,40.37]},"properties":{"edcs_id":"EDCS-59900130","findspot":"Metaponto / Metapont / Metapontum","raw_text":"Τι/(μ)ό/θε/ου","date_from":null,"date_to":null,"marker_gender":"male","is_individual":false,"edcs_url":"https://edcs.hist.uzh.ch/en/document?edcs-id=EDCS-59900130","persons":[{"nomen":"","gender":"male","raw_name":"Τιμόθεου","cognomen":"Timotheus"}]}},{"type":"Feature","geometry":{"type":"Point","coordinates":[16.13,39.7]},"properties":{"edcs_id":"EDCS-60600011","findspot":"Altomonte","raw_text":"L(ucio) Marcio / L(uci) l(iberto) / Hilarioni / Zosima colliberta / fecit et sibi","date_from":1,"date_to":100,"marker_gender":"mixed","is_individual":true,"edcs_url":"https://edcs.hist.uzh.ch/en/document?edcs-id=EDCS-60600011","persons":[{"nomen":"Marcius","gender":"male","raw_name":"L. Marcio L. l. Hilarioni","praenomen":"Lucius","cognomen":"Hilario","status":"libertus Lucii"},{"nomen":"","gender":"female","raw_name":"Zosima","cognomen":"Zosima","status":"colliberta"}]}},{"type":"Feature","geometry":{"type":"Point","coordinates":[16.1,38.68]},"properties":{"edcs_id":"EDCS-61000041","findspot":"Vibo Valentia / Monteleone Calabro / Hipponium","raw_text":"] Lucullu[s 3] / [3]VXXII [3] / [3]fr() vi{c}xit an(nos) [","date_from":null,"date_to":null,"marker_gender":"male","is_individual":false,"edcs_url":"https://edcs.hist.uzh.ch/en/document?edcs-id=EDCS-61000041","persons":[{"nomen":"","gender":"male","raw_name":"Lucullu[s]","cognomen":"Lucullus"}]}},{"type":"Feature","geometry":{"type":"Point","coordinates":[16.1,38.68]},"properties":{"edcs_id":"EDCS-61000042","findspot":"Vibo Valentia / Monteleone Calabro / Hipponium","raw_text":"M(arcus) Apusci[3] / M(arci) f(ilius) [","date_from":null,"date_to":null,"marker_gender":"male","is_individual":false,"edcs_url":"https://edcs.hist.uzh.ch/en/document?edcs-id=EDCS-61000042","persons":[{"nomen":"Apuscius","gender":"male","raw_name":"M(arcus) Apusci[3]   M(arci) f(ilius)","praenomen":"Marcus","status":"filius Marci"}]}},{"type":"Feature","geometry":null,"properties":{"edcs_id":"EDCS-61000044","findspot":"Briatico","raw_text":"Dis Manibus sacrum Lucius Atilius Parthenius","date_from":null,"date_to":null,"marker_gender":"male","is_individual":true,"edcs_url":"https://edcs.hist.uzh.ch/en/document?edcs-id=EDCS-61000044","persons":[{"nomen":"Atilius","gender":"male","raw_name":"L(ucius) Atilius Partheniu[s]","praenomen":"Lucius","cognomen":"Parthenius"}]}},{"type":"Feature","geometry":{"type":"Point","coordinates":[15.6,40.4]},"properties":{"edcs_id":"EDCS-61700661","findspot":"Sala Consilina / Cosilinum / Atina","raw_text":"[Imp(eratori) C(aesari) M(arco) A]u[r(elio)] / [V]alerio / [Di]ocletiano / Invicto / Aug(usto) et Imp(eratori) / Caes(ari) M(arco) Aure/[l]io Valerio / Maximiano / P(io) F(elici) Invicto / Aug(usto) et C(aio) Vale/rio Const/antio et Gal/erio Valer/io Maxim/iano nobil(i)ss/imis Caesa/ribus // Sal<v=B>o / d(omino) n(ostro) Aug(usto) / Claudio / [Io]<v=B>(i)ano / bono r(ei) p(ublicae) / nato / d(omino) n(ostro) / Claudio / Fl(avio) Io<v=B>i/ano / Aug(usto) / bono / r(ei) p(ublicae) na/to","date_from":293,"date_to":364,"marker_gender":"male","is_individual":false,"edcs_url":"https://edcs.hist.uzh.ch/en/document?edcs-id=EDCS-61700661","persons":[{"nomen":"Aurelius","gender":"male","raw_name":"[Imp(eratori) C(aesari) M(arco) A]u[r(elio)] [V]alerio [Di]ocletiano","praenomen":"Marcus","cognomen":"Valerius Diocletianus","status":"Imperator Caesar, Invictus, Augustus","is_imperial":true,"cluster_id":509,"cluster_size":4,"cluster_confidence":"low"},{"nomen":"Aurelius","gender":"male","raw_name":"M(arco) Aure [l]io Valerio Maximiano","praenomen":"Marcus","cognomen":"Valerius Maximianus","status":"Imperator Caesar, Pius, Felix, Invictus, Augustus","is_imperial":true,"cluster_id":509,"cluster_size":4,"cluster_confidence":"low"},{"nomen":"Valerius","gender":"male","raw_name":"C(aio) Vale rio Const antio","praenomen":"Caius","cognomen":"Constantius","status":"nobilissimus Caesar","is_imperial":true,"cluster_id":763,"cluster_size":2},{"nomen":"Valerius","gender":"male","raw_name":"Galer io Valer io Maxim iano","cognomen":"Maximianus","status":"nobilissimus Caesar","is_imperial":true,"cluster_id":511,"cluster_size":2},{"nomen":"Claudius","gender":"male","raw_name":"Claudio [Io]<v=B>(i)ano","cognomen":"Iovianus","status":"dominus noster, Augustus, bonus rei publicae natus","is_imperial":true,"cluster_id":764,"cluster_size":2},{"nomen":"Claudius","gender":"male","raw_name":"Claudio Fl(avio) Io<v=B>i ano","cognomen":"Iovianus","status":"dominus noster, Augustus, bonus rei publicae natus","is_imperial":true,"cluster_id":764,"cluster_size":2}]}},{"type":"Feature","geometry":null,"properties":{"edcs_id":"EDCS-62501258","findspot":"Stigliano","raw_text":"Caius Fulonius Quinti filius Verus","date_from":null,"date_to":null,"marker_gender":"male","is_individual":true,"edcs_url":"https://edcs.hist.uzh.ch/en/document?edcs-id=EDCS-62501258","persons":[{"nomen":"Fulonius","gender":"male","raw_name":"C. Fulonius Q. f. Verus","praenomen":"Gaius","cognomen":"Verus","status":"filius Quinti"}]}},{"type":"Feature","geometry":{"type":"Point","coordinates":[15.9,40.34]},"properties":{"edcs_id":"EDCS-62900238","findspot":"Viggiano","raw_text":"Fur(iae) Faustin(a)e / socr(a)e Fur(ius) Ru/fininus b(ene) m(eren)t(i) / qu(a)e vixit an(nos) LXX","date_from":null,"date_to":null,"marker_gender":"mixed","is_individual":false,"edcs_url":"https://edcs.hist.uzh.ch/en/document?edcs-id=EDCS-62900238","persons":[{"nomen":"Furia","gender":"female","raw_name":"Fur(iae) Faustin(a)e","cognomen":"Faustina","status":"socrus"},{"nomen":"Furius","gender":"male","raw_name":"Fur(ius) Ru fininus","cognomen":"Rufininus"}]}},{"type":"Feature","geometry":{"type":"Point","coordinates":[16.27,38.24]},"properties":{"edcs_id":"EDCS-63000029","findspot":"Locri / Locri Epizephyrii","raw_text":"Αστ ἐπὶ Μενάλκεος ἁ πόλις ἐχρήσατο πὰρ τῶ θεῶ / δόγματι βωλᾶς ἐν τὰν συντέλειαμ βασιλεῖ ἐκ τῶ ἐνιαυτῶ / τῶ Θρα ἐπὶ Ἡρακλήτω |(τάλαντα) ἄλλα τῶ ἐνιαυτῶ τῶ Αστ ἐπὶ / Μενάλκεος μηνὸς Ἀπελλαίω |(τάλαντα) |(στατῆρες) |(λίτραι) |(οὐγκίαι) / ἄλλα τῶ Βουκατίω |(τάλαντα) ἄλλα τῶ Ἀθαναίω / |(τάλαντα) |(λίτραι) ἄλλα τῶ Διονυσίω |(τάλαντα) |(στατῆρες) |(λίτραι) |(οὐγκίαι) / ἄλλα τῶ Δαματρίω |(τάλαντα) |(στατῆρες) |(λίτραι) |(οὐγκίαι) ἄλλα τῶ Πανάμω / |(τάλαντα) |(στατῆρες) |(λίτραι) |(οὐγκίαι) κεφ(άλωμα) τᾶς χρήστιος / |(τάλαντα) |(στατῆρες) |(λίτρα) |(οὐγκία)","date_from":null,"date_to":null,"marker_gender":"male","is_individual":false,"edcs_url":"https://edcs.hist.uzh.ch/en/document?edcs-id=EDCS-63000029","persons":[{"nomen":"","gender":"male","raw_name":"Μενάλκεος","cognomen":"Menalces","cluster_id":1632,"cluster_size":3,"cluster_confidence":"low"},{"nomen":"","gender":"male","raw_name":"Ἡρακλήτω","cognomen":"Heraclitus","cluster_id":1633,"cluster_size":6,"cluster_confidence":"low"},{"nomen":"","gender":"male","raw_name":"Μενάλκεος","cognomen":"Menalces","cluster_id":1632,"cluster_size":3,"cluster_confidence":"low"}]}},{"type":"Feature","geometry":{"type":"Point","coordinates":[16.27,38.24]},"properties":{"edcs_id":"EDCS-63000030","findspot":"Locri / Locri Epizephyrii","raw_text":"Κοβ ἐπὶ Χαριξένω ἱερομναμονώντων ἐπὶ θησαυρῶι Θρα Εὐ/κλείδα Θράσωνος Τιω Πρωτογένεος Ἀμεινοκρίτω Φαω / Καλλίππω Ἀριστίππω προβώλων Ομβ Θήρωνος Ἀρκεσίλα / Μνα Θεστορίδα Ἀμυνάνδρω Λογ Ἀγαθοκλέος Ἀγαθόλα / προδίκων Ανξ Αἰνέα Αἰνείδα Σωτ Φορμίων Ζωΐππω Λογ / Φιλόστρατος Φίντωνος ἐχρήσατο ἁ πόλις πὰρ τῶ θεῶ / τὸν πρῶτον κατάβολον δόγματι βωλᾶς καὶ δάμω |(τάλαντα) / κὰτ ταὐτὰ καὶ τὸν δεύτερον δόγματι βωλᾶς |(τάλαντα) / καὶ δάμω |(τάλαντα) |(στατῆρες) |(λίτραι) |(τάλαντα) |(στατῆρες) / κὰτ ταὐτὰ καὶ τὸν τρίτον δόγματι βωλᾶς |(στατῆρες) |(λίτραι) / καὶ δάμω |(τάλαντα) |(στατῆρες) |(λίτραι) |(λίτραι) / καὶ ἀπὸ τῶ τετάρτω δόγματι βωλᾶς / καὶ δάμω |(τάλαντα) κεφ(άλωμα) |(τάλαντα) |(στατῆρες) |(λίτραι)","date_from":null,"date_to":null,"marker_gender":"male","is_individual":false,"edcs_url":"https://edcs.hist.uzh.ch/en/document?edcs-id=EDCS-63000030","persons":[{"nomen":"","gender":"male","raw_name":"Χαριξένω","cognomen":"Charixenus","status":"hieromnemon","cluster_id":1634,"cluster_size":7,"cluster_confidence":"low"},{"nomen":"","gender":"male","raw_name":"Εὐκλείδα","cognomen":"Euclides","status":"hieromnemon","cluster_id":1635,"cluster_size":2,"cluster_confidence":"low"},{"nomen":"","gender":"male","raw_name":"Θράσωνος","cognomen":"Thraso","cluster_id":1636,"cluster_size":2,"cluster_confidence":"low"},{"nomen":"","gender":"male","raw_name":"Πρωτογένεος","cognomen":"Protogenes","status":"hieromnemon","cluster_id":1637,"cluster_size":4,"cluster_confidence":"low"},{"nomen":"","gender":"male","raw_name":"Ἀμεινοκρίτω","cognomen":"Aminocritus","status":"hieromnemon","cluster_id":1638,"cluster_size":2,"cluster_confidence":"low"},{"nomen":"","gender":"male","raw_name":"Καλλίππω","cognomen":"Callippus","status":"hieromnemon","cluster_id":1639,"cluster_size":7,"cluster_confidence":"low"},{"nomen":"","gender":"male","raw_name":"Ἀριστίππω","cognomen":"Aristippus","status":"hieromnemon","cluster_id":1640,"cluster_size":4,"cluster_confidence":"low"},{"nomen":"","gender":"male","raw_name":"Θήρωνος","cognomen":"Theron","status":"probulos","cluster_id":1641,"cluster_size":3,"cluster_confidence":"low"},{"nomen":"","gender":"male","raw_name":"Ἀρκεσίλα","cognomen":"Arcesilas","status":"probulos","cluster_id":1642,"cluster_size":2,"cluster_confidence":"low"},{"nomen":"","gender":"male","raw_name":"Θεστορίδα","cognomen":"Thestoridas","status":"probulos"},{"nomen":"","gender":"male","raw_name":"Ἀμυνάνδρω","cognomen":"Amyndander","status":"probulos"},{"nomen":"","gender":"male","raw_name":"Ἀγαθοκλέος","cognomen":"Agathocles","status":"probulos","cluster_id":1232,"cluster_size":7,"cluster_confidence":"low"},{"nomen":"","gender":"male","raw_name":"Ἀγαθόλα","cognomen":"Agatholas","status":"probulos"},{"nomen":"","gender":"male","raw_name":"Αἰνέα","cognomen":"Aeneas","status":"prodicos","cluster_id":1236,"cluster_size":3,"cluster_confidence":"low"},{"nomen":"","gender":"male","raw_name":"Αἰνείδα","cognomen":"Aeneas","status":"prodicos","cluster_id":1236,"cluster_size":3,"cluster_confidence":"low"},{"nomen":"","gender":"male","raw_name":"Φορμίων","cognomen":"Phormio","status":"prodicos"},{"nomen":"","gender":"male","raw_name":"Ζωΐππω","cognomen":"Zoippus","status":"prodicos","cluster_id":1647,"cluster_size":4,"cluster_confidence":"low"},{"nomen":"","gender":"male","raw_name":"Φιλόστρατος","cognomen":"Philostratus","cluster_id":1648,"cluster_size":3,"cluster_confidence":"low"},{"nomen":"","gender":"male","raw_name":"Φίντωνος","cognomen":"Phinto","cluster_id":1649,"cluster_size":3,"cluster_confidence":"low"}]}},{"type":"Feature","geometry":{"type":"Point","coordinates":[16.27,38.24]},"properties":{"edcs_id":"EDCS-63000031","findspot":"Locri / Locri Epizephyrii","raw_text":"Ευρ ἐπὶ Νεαίθωνος προβώλων προαρ/Χόντων Ψαθ Σατύρω Ἀριστοκρίτω Τιω / Ἀμεινόκριτος Πρωτογένευς Αγκ Ὄναιος / Ζωΐλω πρ(ο)δίκων Κοβ Εὐχέλας Ἀριστέος / Κρα Χαιρέλας Χαιρεδάμω{ς} Στρ Ἄρχιππος / Εὐκελάδω ἱερ(ο)μνάμονες ἐπὶ θησαυρῶι / Θρα Φίντων Ἡρακλήτω Κρα Γνίφων Καλίν(ω) / Πυρ Εὐκαμίδας Φιλωνίδα τοιχιοποιοὶ / Λακ Φίλιππος Φιλάκω Τιω Εὐφρονίσκος / Λύσωνος Γαγ Σαμίων Ἱέρωνος / τούτοις ἐχρήσαμες ἐν τὰν πυργοποίαν / τῶν τῶ θεῶ |(τάλαντα) |(στατῆρες) |(οὐγκίαι) / ἐπιστάται Σκα Ἀλκίας Ἀ(λ)κίμω / Μενέδαμος Ἐχεκράτεος / τούτοις ἄλλα |(τάλαντα) / δόγματι βωλᾶς καὶ δάμω","date_from":null,"date_to":null,"marker_gender":"male","is_individual":false,"edcs_url":"https://edcs.hist.uzh.ch/en/document?edcs-id=EDCS-63000031","persons":[{"nomen":"","gender":"male","raw_name":"Νεαίθωνος","cognomen":"Neaithon","cluster_id":1650,"cluster_size":2,"cluster_confidence":"low"},{"nomen":"","gender":"male","raw_name":"Σατύρω","cognomen":"Satyrus","status":"proarchon","cluster_id":1651,"cluster_size":2,"cluster_confidence":"low"},{"nomen":"","gender":"male","raw_name":"Ἀριστοκρίτω","cognomen":"Aristocritus","status":"proarchon"},{"nomen":"","gender":"male","raw_name":"Ἀμεινόκριτος","cognomen":"Aminocritus","status":"proarchon","cluster_id":1638,"cluster_size":2,"cluster_confidence":"low"},{"nomen":"","gender":"male","raw_name":"Πρωτογένευς","cognomen":"Protogenes","status":"proarchon","cluster_id":1637,"cluster_size":4,"cluster_confidence":"low"},{"nomen":"","gender":"male","raw_name":"Ὄναιος","cognomen":"Oenaios","status":"proarchon"},{"nomen":"","gender":"male","raw_name":"Ζωΐλω","cognomen":"Zoilus","status":"proarchon","cluster_id":1654,"cluster_size":11,"cluster_confidence":"low"},{"nomen":"","gender":"male","raw_name":"Εὐχέλας","cognomen":"Euchelas","status":"prodicos"},{"nomen":"","gender":"male","raw_name":"Ἀριστέος","cognomen":"Aristeas","status":"prodicos","cluster_id":1656,"cluster_size":7,"cluster_confidence":"low"},{"nomen":"","gender":"male","raw_name":"Χαιρέλας","cognomen":"Chairelas","status":"prodicos","cluster_id":1657,"cluster_size":2,"cluster_confidence":"low"},{"nomen":"","gender":"male","raw_name":"Χαιρεδάμω","cognomen":"Chairedamus","status":"prodicos"},{"nomen":"","gender":"male","raw_name":"Ἄρχιππος","cognomen":"Archippus","status":"prodicos","cluster_id":1659,"cluster_size":5,"cluster_confidence":"low"},{"nomen":"","gender":"male","raw_name":"Εὐκελάδω","cognomen":"Euceladus","status":"prodicos"},{"nomen":"","gender":"male","raw_name":"Φίντων","cognomen":"Phinto","status":"hieromnemon","cluster_id":1649,"cluster_size":3,"cluster_confidence":"low"},{"nomen":"","gender":"male","raw_name":"Ἡρακλήτω","cognomen":"Heraclitus","status":"hieromnemon","cluster_id":1633,"cluster_size":6,"cluster_confidence":"low"},{"nomen":"","gender":"male","raw_name":"Γνίφων","cognomen":"Gniphon","status":"hieromnemon"},{"nomen":"","gender":"male","raw_name":"Καλίνω","cognomen":"Calinus","status":"hieromnemon","cluster_id":1662,"cluster_size":2,"cluster_confidence":"low"},{"nomen":"","gender":"male","raw_name":"Εὐκαμίδας","cognomen":"Eucamidas","status":"toichiopoios"},{"nomen":"","gender":"male","raw_name":"Φιλωνίδα","cognomen":"Philonidas","status":"toichiopoios","cluster_id":1664,"cluster_size":6,"cluster_confidence":"low"},{"nomen":"","gender":"male","raw_name":"Φίλιππος","cognomen":"Philippus","status":"toichiopoios","cluster_id":1665,"cluster_size":6,"cluster_confidence":"low"},{"nomen":"","gender":"male","raw_name":"Φιλάκω","cognomen":"Philacus","status":"toichiopoios"},{"nomen":"","gender":"male","raw_name":"Εὐφρονίσκος","cognomen":"Eufroniscus","status":"toichiopoios","cluster_id":1667,"cluster_size":9,"cluster_confidence":"low"},{"nomen":"","gender":"male","raw_name":"Λύσωνος","cognomen":"Luson","status":"toichiopoios"},{"nomen":"","gender":"male","raw_name":"Σαμίων","cognomen":"Samion","status":"toichiopoios","cluster_id":1669,"cluster_size":4,"cluster_confidence":"low"},{"nomen":"","gender":"male","raw_name":"Ἱέρωνος","cognomen":"Hieron","status":"toichiopoios"},{"nomen":"","gender":"male","raw_name":"Ἀλκίας","cognomen":"Alcias","status":"epistates","cluster_id":1671,"cluster_size":2,"cluster_confidence":"low"},{"nomen":"","gender":"male","raw_name":"Ἀλκίμω","cognomen":"Alcimus","status":"epistates"},{"nomen":"","gender":"male","raw_name":"Μενέδαμος","cognomen":"Menedamus","status":"epistates","cluster_id":1673,"cluster_size":7,"cluster_confidence":"low"},{"nomen":"","gender":"male","raw_name":"Ἐχεκράτεος","cognomen":"Echecrates","status":"epistates","cluster_id":1674,"cluster_size":2,"cluster_confidence":"low"}]}},{"type":"Feature","geometry":{"type":"Point","coordinates":[16.27,38.24]},"properties":{"edcs_id":"EDCS-63000032","findspot":"Locri / Locri Epizephyrii","raw_text":"Αγκ ἐπὶ Εὐφραινέτω προβώλων προαρχόντων / Γαψ Διογένης Ἀγαθοκλέος Δυσ Εὔθυμος / Φιλίστω (Α)λχ Σωκράτης Φιλίππω / προδίκων Θρα Εὔφρων Σαύρωνος / Δυσ Δορκίων Εὐφρονίσκω Πετ Ἡράκλητος / Εὔφρονος ἔδοξεν τᾶι βωλᾶι / καὶ τῶι δάμωι τὼς ἱαρομνάμονας ἐν / χαλκὸν γράψαι τὰν χρῆστιν τὰν Τη(λ) / ἐπὶ Εὐθυμίδα τῶ σίτω τῶ ἐπακτῶ / τὰν τιμὰν τὰν οὐκ ἀπέδωκαν τοὶ ἄρχον/τες τοὶ Φαω ἐπὶ Νεοδάμω τ(ά)λαντα / |(τάλαντα) |(στατήρ)","date_from":null,"date_to":null,"marker_gender":"male","is_individual":false,"edcs_url":"https://edcs.hist.uzh.ch/en/document?edcs-id=EDCS-63000032","persons":[{"nomen":"","gender":"male","raw_name":"Εὐφραινέτω","cognomen":"Euphrainetus","cluster_id":1675,"cluster_size":4,"cluster_confidence":"low"},{"nomen":"","gender":"male","raw_name":"Διογένης","cognomen":"Diogenes","status":"proarchon","cluster_id":1676,"cluster_size":4,"cluster_confidence":"low"},{"nomen":"","gender":"male","raw_name":"Ἀγαθοκλέος","cognomen":"Agathocles","status":"proarchon","cluster_id":1232,"cluster_size":7,"cluster_confidence":"low"},{"nomen":"","gender":"male","raw_name":"Εὔθυμος","cognomen":"Euthymus","status":"proarchon","cluster_id":1231,"cluster_size":9,"cluster_confidence":"low"},{"nomen":"","gender":"male","raw_name":"Φιλίστω","cognomen":"Philistus","status":"proarchon","cluster_id":1677,"cluster_size":3,"cluster_confidence":"low"},{"nomen":"","gender":"male","raw_name":"Σωκράτης","cognomen":"Socrates","status":"proarchon","cluster_id":1678,"cluster_size":3,"cluster_confidence":"low"},{"nomen":"","gender":"male","raw_name":"Φιλίππω","cognomen":"Philippus","status":"proarchon","cluster_id":1665,"cluster_size":6,"cluster_confidence":"low"},{"nomen":"","gender":"male","raw_name":"Εὔφρων","cognomen":"Euphron","status":"prodicos","cluster_id":1679,"cluster_size":8,"cluster_confidence":"low"},{"nomen":"","gender":"male","raw_name":"Σαύρωνος","cognomen":"Saurus","status":"prodicos","cluster_id":1680,"cluster_size":2,"cluster_confidence":"low"},{"nomen":"","gender":"male","raw_name":"Δορκίων","cognomen":"Dorcion","status":"prodicos","cluster_id":1681,"cluster_size":5,"cluster_confidence":"low"},{"nomen":"","gender":"male","raw_name":"Εὐφρονίσκω","cognomen":"Eufroniscus","status":"prodicos","cluster_id":1667,"cluster_size":9,"cluster_confidence":"low"},{"nomen":"","gender":"male","raw_name":"Ἡράκλητος","cognomen":"Heraclitus","status":"prodicos","cluster_id":1633,"cluster_size":6,"cluster_confidence":"low"},{"nomen":"","gender":"male","raw_name":"Εὔφρονος","cognomen":"Euphron","status":"prodicos","cluster_id":1679,"cluster_size":8,"cluster_confidence":"low"},{"nomen":"","gender":"male","raw_name":"Εὐθυμίδα","cognomen":"Euthymidas","cluster_id":1682,"cluster_size":2,"cluster_confidence":"low"},{"nomen":"","gender":"male","raw_name":"Νεοδάμω","cognomen":"Neodamus","status":"archon"}]}},{"type":"Feature","geometry":{"type":"Point","coordinates":[16.27,38.24]},"properties":{"edcs_id":"EDCS-63000033","findspot":"Locri / Locri Epizephyrii","raw_text":"Αγκ ἐπὶ Εὐφραινέτω προβώλων προαρ/χόντων Γαψ Διογένεος Ἀγαθοκλέος Δυσ / Εὐθύμω Φιλίστω Αλχ Σωκράτεος Φιλίππω / ἱερομναμόν(ων) ἐπὶ τῶι σίτωι Ομβ Εὐγενίδα / Φιλοκράτεος Κυλ Σώτωνος Σωσιχάριος / Αγκ Δεινάρχου Χαρίππω ἐπὶ τούτων ἔδοξε / τᾶι βωλᾶι καὶ τῶι δάμωι τὼς ἱερομνάμο/νας τὼς ἐπὶ τῶι σίτωι γράψαι τὸ μείωμα τᾶς / τιμᾶς τῶν πυρῶν καὶ τῶν κυάμων τᾶς τιμᾶ(ς) / ἐπὶ τοῖς πυροῖς |(τάλαντα) ἐπὶ τοῖς κυά/μοις |(τάλαντα) |(στατῆρες) |(λίτραι) |(οὐγκίαι) κεφ(άλωμα) |(τάλαντα) / |(στατῆρες) |(λίτραι) |(οὐγκίαι) τοῦτο ὀφήλει ἁ πόλις τῶι Διὶ","date_from":null,"date_to":null,"marker_gender":"male","is_individual":false,"edcs_url":"https://edcs.hist.uzh.ch/en/document?edcs-id=EDCS-63000033","persons":[{"nomen":"","gender":"male","raw_name":"Εὐφραινέτω","cognomen":"Euphrainetus","cluster_id":1675,"cluster_size":4,"cluster_confidence":"low"},{"nomen":"","gender":"male","raw_name":"Διογένεος","cognomen":"Diogenes","status":"proarchon","cluster_id":1676,"cluster_size":4,"cluster_confidence":"low"},{"nomen":"","gender":"male","raw_name":"Ἀγαθοκλέος","cognomen":"Agathocles","status":"proarchon","cluster_id":1232,"cluster_size":7,"cluster_confidence":"low"},{"nomen":"","gender":"male","raw_name":"Εὐθύμω","cognomen":"Euthymus","status":"proarchon","cluster_id":1231,"cluster_size":9,"cluster_confidence":"low"},{"nomen":"","gender":"male","raw_name":"Φιλίστω","cognomen":"Philistus","status":"proarchon","cluster_id":1677,"cluster_size":3,"cluster_confidence":"low"},{"nomen":"","gender":"male","raw_name":"Σωκράτεος","cognomen":"Socrates","status":"proarchon","cluster_id":1678,"cluster_size":3,"cluster_confidence":"low"},{"nomen":"","gender":"male","raw_name":"Φιλίππω","cognomen":"Philippus","status":"proarchon","cluster_id":1665,"cluster_size":6,"cluster_confidence":"low"},{"nomen":"","gender":"male","raw_name":"Εὐγενίδα","cognomen":"Eugenidas","status":"hieromnemon"},{"nomen":"","gender":"male","raw_name":"Φιλοκράτεος","cognomen":"Philocrates","status":"hieromnemon","cluster_id":1685,"cluster_size":2,"cluster_confidence":"low"},{"nomen":"","gender":"male","raw_name":"Σώτωνος","cognomen":"Soton","status":"hieromnemon"},{"nomen":"","gender":"male","raw_name":"Σωσιχάριος","cognomen":"Sosicharis","status":"hieromnemon"},{"nomen":"","gender":"male","raw_name":"Δεινάρχου","cognomen":"Deinarchus","status":"hieromnemon","cluster_id":1688,"cluster_size":3,"cluster_confidence":"low"},{"nomen":"","gender":"male","raw_name":"Χαρίππω","cognomen":"Charippus","status":"hieromnemon","cluster_id":1689,"cluster_size":2,"cluster_confidence":"low"}]}},{"type":"Feature","geometry":{"type":"Point","coordinates":[16.27,38.24]},"properties":{"edcs_id":"EDCS-63000034","findspot":"Locri / Locri Epizephyrii","raw_text":"Τιω ἐπὶ Πρωτογένεος τῶ Καλλ(ι)κράτεος / ἱερομναμονεόντων ἐπὶ θησαυρῶι Ομβ / Θήρωνος Σωσικράτεος Κρα Φαίκωνος Χαρμόνδα / Αλχ Εὐπόλιος Φαικίωνος πρόβωλοι Κοβ Χαρίξενος / Ὄναίω Δυσ Ζωΐλος Σωσίππω Προ Κλεοσθένης Τιμασι/πόλιος προδίκοων Γαψ Ἀγαθοκλέος Διογένεος / Κυλ Τελεδάμω Αἰσχύλω Φαω Μενεδάμω / Λαγίσκω ἐχρήσατο ἁ πόλις πὰρ τῶ θεῶ / δόγματι βωλ(ᾶ)ς καὶ δάμω ἐν τὰμ πυργοποιίαν / |(τάλαντα)","date_from":null,"date_to":null,"marker_gender":"male","is_individual":false,"edcs_url":"https://edcs.hist.uzh.ch/en/document?edcs-id=EDCS-63000034","persons":[{"nomen":"","gender":"male","raw_name":"Πρωτογένεος","cognomen":"Protogenes","cluster_id":1637,"cluster_size":4,"cluster_confidence":"low"},{"nomen":"","gender":"male","raw_name":"Καλλικράτεος","cognomen":"Callicrates","cluster_id":1245,"cluster_size":8,"cluster_confidence":"low"},{"nomen":"","gender":"male","raw_name":"Θήρωνος","cognomen":"Theron","status":"hieromnemon","cluster_id":1641,"cluster_size":3,"cluster_confidence":"low"},{"nomen":"","gender":"male","raw_name":"Σωσικράτεος","cognomen":"Sosicrates","status":"hieromnemon","cluster_id":1690,"cluster_size":7,"cluster_confidence":"low"},{"nomen":"","gender":"male","raw_name":"Φαίκωνος","cognomen":"Phaicon","status":"hieromnemon"},{"nomen":"","gender":"male","raw_name":"Χαρμόνδα","cognomen":"Charmondas","status":"hieromnemon","cluster_id":1692,"cluster_size":2,"cluster_confidence":"low"},{"nomen":"","gender":"male","raw_name":"Εὐπόλιος","cognomen":"Eupolis","status":"hieromnemon"},{"nomen":"","gender":"male","raw_name":"Φαικίωνος","cognomen":"Phaicion","status":"hieromnemon"},{"nomen":"","gender":"male","raw_name":"Χαρίξενος","cognomen":"Charixenus","status":"probulos","cluster_id":1634,"cluster_size":7,"cluster_confidence":"low"},{"nomen":"","gender":"male","raw_name":"Ὄναίω","cognomen":"Onaios","status":"probulos","cluster_id":1695,"cluster_size":3,"cluster_confidence":"low"},{"nomen":"","gender":"male","raw_name":"Ζωΐλος","cognomen":"Zoilus","status":"probulos","cluster_id":1654,"cluster_size":11,"cluster_confidence":"low"},{"nomen":"","gender":"male","raw_name":"Σωσίππω","cognomen":"Sosippus","status":"probulos","cluster_id":1696,"cluster_size":13,"cluster_confidence":"low"},{"nomen":"","gender":"male","raw_name":"Κλεοσθένης","cognomen":"Cleosthenes","status":"probulos","cluster_id":1697,"cluster_size":2,"cluster_confidence":"low"},{"nomen":"","gender":"male","raw_name":"Τιμασιπόλιος","cognomen":"Timasipolis","status":"probulos","cluster_id":1698,"cluster_size":5,"cluster_confidence":"low"},{"nomen":"","gender":"male","raw_name":"Ἀγαθοκλέος","cognomen":"Agathocles","status":"prodicos","cluster_id":1232,"cluster_size":7,"cluster_confidence":"low"},{"nomen":"","gender":"male","raw_name":"Διογένεος","cognomen":"Diogenes","status":"prodicos","cluster_id":1676,"cluster_size":4,"cluster_confidence":"low"},{"nomen":"","gender":"male","raw_name":"Τελεδάμω","cognomen":"Teledamus","status":"prodicos"},{"nomen":"","gender":"male","raw_name":"Αἰσχύλω","cognomen":"Aeschylus","status":"prodicos"},{"nomen":"","gender":"male","raw_name":"Μενεδάμω","cognomen":"Menedamus","status":"prodicos","cluster_id":1673,"cluster_size":7,"cluster_confidence":"low"},{"nomen":"","gender":"male","raw_name":"Λαγίσκω","cognomen":"Lagiscus","status":"prodicos","cluster_id":1701,"cluster_size":2,"cluster_confidence":"low"}]}},{"type":"Feature","geometry":{"type":"Point","coordinates":[16.27,38.24]},"properties":{"edcs_id":"EDCS-63000035","findspot":"Locri / Locri Epizephyrii","raw_text":"Γαγ ἐπὶ Εὐθυμίσκω ἱερομναμονώντων ἐπὶ / Θησαυρῶ(ι) Κοβ Ἀριστίππω Γλαυκίππω Σωτ / Σωσίππω Σίμω Λογ Φιλοστράτω Φίντωνος / προβώλωμ προαρχόντων Γαψ Καλλίππω / Ποιγένεος Αστ Εὐφρονίσκω Γοργίδα / Αγφ Θράσωνος Γνάθιος προδίκων / Θρα Εὐφάνεος Μενεδάμω Τιω Πρωτάρχω / Δεινάρχω Αγκ Γοργία{ς} Ἡρακλήτω / ἐχρήσαντο ἱερομνάμονες δόγματι βωλᾶς / καὶ δάμω ἐν τὰν ὀχύρωσιν τᾶς πόλιος / τάλαντα |(τάλαντα) ἐφʼ ὦι ἀποδόμεν τῶι θεῶι / ὄπω κα δοκεῖ τᾶι βωλᾶι καὶ τῶι δάμωι / καὶ ὀπόκα κα (δοκεῖ)","date_from":null,"date_to":null,"marker_gender":"male","is_individual":false,"edcs_url":"https://edcs.hist.uzh.ch/en/document?edcs-id=EDCS-63000035","persons":[{"nomen":"","gender":"male","raw_name":"Εὐθυμίσκω","cognomen":"Euthymiscus","cluster_id":1702,"cluster_size":3,"cluster_confidence":"low"},{"nomen":"","gender":"male","raw_name":"Ἀριστίππω","cognomen":"Aristippus","status":"hieromnemon","cluster_id":1640,"cluster_size":4,"cluster_confidence":"low"},{"nomen":"","gender":"male","raw_name":"Γλαυκίππω","cognomen":"Glaucippus","status":"hieromnemon","cluster_id":1703,"cluster_size":2,"cluster_confidence":"low"},{"nomen":"","gender":"male","raw_name":"Σωσίππω","cognomen":"Sosippus","status":"hieromnemon","cluster_id":1696,"cluster_size":13,"cluster_confidence":"low"},{"nomen":"","gender":"male","raw_name":"Σίμω","cognomen":"Simus","status":"hieromnemon","cluster_id":1704,"cluster_size":2,"cluster_confidence":"low"},{"nomen":"","gender":"male","raw_name":"Φιλοστράτω","cognomen":"Philostratus","status":"hieromnemon","cluster_id":1648,"cluster_size":3,"cluster_confidence":"low"},{"nomen":"","gender":"male","raw_name":"Φίντωνος","cognomen":"Phinto","status":"hieromnemon","cluster_id":1649,"cluster_size":3,"cluster_confidence":"low"},{"nomen":"","gender":"male","raw_name":"Καλλίππω","cognomen":"Callippus","status":"probulos","cluster_id":1639,"cluster_size":7,"cluster_confidence":"low"},{"nomen":"","gender":"male","raw_name":"Ποιγένεος","cognomen":"Poigenes","status":"probulos"},{"nomen":"","gender":"male","raw_name":"Εὐφρονίσκω","cognomen":"Eufroniscus","status":"probulos","cluster_id":1667,"cluster_size":9,"cluster_confidence":"low"},{"nomen":"","gender":"male","raw_name":"Γοργίδα","cognomen":"Gorgidas","status":"probulos","cluster_id":1706,"cluster_size":3,"cluster_confidence":"low"},{"nomen":"","gender":"male","raw_name":"Θράσωνος","cognomen":"Thraso","status":"prodicos","cluster_id":1636,"cluster_size":2,"cluster_confidence":"low"},{"nomen":"","gender":"male","raw_name":"Γνάθιος","cognomen":"Gnathius","status":"prodicos","cluster_id":1707,"cluster_size":3,"cluster_confidence":"low"},{"nomen":"","gender":"male","raw_name":"Εὐφάνεος","cognomen":"Euphanes","status":"prodicos","cluster_id":1708,"cluster_size":2,"cluster_confidence":"low"},{"nomen":"","gender":"male","raw_name":"Μενεδάμω","cognomen":"Menedamus","status":"prodicos","cluster_id":1673,"cluster_size":7,"cluster_confidence":"low"},{"nomen":"","gender":"male","raw_name":"Πρωτάρχω","cognomen":"Protarchus","status":"prodicos"},{"nomen":"","gender":"male","raw_name":"Δεινάρχω","cognomen":"Deinarchus","status":"prodicos","cluster_id":1688,"cluster_size":3,"cluster_confidence":"low"},{"nomen":"","gender":"male","raw_name":"Γοργία","cognomen":"Gorgias","status":"prodicos"},{"nomen":"","gender":"male","raw_name":"Ἡρακλήτω","cognomen":"Heraclitus","status":"prodicos","cluster_id":1633,"cluster_size":6,"cluster_confidence":"low"}]}},{"type":"Feature","geometry":{"type":"Point","coordinates":[16.27,38.24]},"properties":{"edcs_id":"EDCS-63000036","findspot":"Locri / Locri Epizephyrii","raw_text":"Σωτ ἐπὶ Ὀναίω προβώλων προαρχόντων Ευρ Νεαίθω Χαριξένω Μνα Εὐφρά/στω Ξένωνος Λογ Ἀριστείδα Ἀρκεσίλα προδικεόντων Γαψ Εὐφράστω Εὐ/κλείδα Τηλ Χαριδάμω Χαρίλα Αγα Ὀναίω Φρασίλα ἱαρομναμονεόντων ἐπὶ θη/σαυρῶι Ψαθ Φιλιστίωνος Φιλίσκω Δυσ Χαιρεσίλα Πλάτωνος Προ Τιμασιπόλιος / Κλ(ε)οσθένεος ἁ πόλις ἐχρήσατο δόγματι βωλᾶς καὶ δάμω τῶ τᾶν κωτιαν χρή/ματος χρυσέως δεκακορινθίως ποὶ τὰς εἰκόνας φάταρχος ὁ λα/βὼν προστάτας μῆνα Ἀπελλαῖον Ομβ Ἀριστόδαμος Ἀριστίππω ἀποδόμεν / δὲ ὀπανίκα κα τᾶι βωλᾶι καὶ τῶι δάμωι δοκεῖ","date_from":null,"date_to":null,"marker_gender":"male","is_individual":false,"edcs_url":"https://edcs.hist.uzh.ch/en/document?edcs-id=EDCS-63000036","persons":[{"nomen":"","gender":"male","raw_name":"Ὀναίω","cognomen":"Onaios","cluster_id":1695,"cluster_size":3,"cluster_confidence":"low"},{"nomen":"","gender":"male","raw_name":"Νεαίθω","cognomen":"Neaithon","status":"probulos","cluster_id":1650,"cluster_size":2,"cluster_confidence":"low"},{"nomen":"","gender":"male","raw_name":"Χαριξένω","cognomen":"Charixenus","status":"probulos","cluster_id":1634,"cluster_size":7,"cluster_confidence":"low"},{"nomen":"","gender":"male","raw_name":"Εὐφράστω","cognomen":"Euphrastus","status":"probulos","cluster_id":1711,"cluster_size":10,"cluster_confidence":"low"},{"nomen":"","gender":"male","raw_name":"Ξένωνος","cognomen":"Xenon","status":"probulos","cluster_id":1712,"cluster_size":3,"cluster_confidence":"low"},{"nomen":"","gender":"male","raw_name":"Ἀριστείδα","cognomen":"Aristides","status":"probulos"},{"nomen":"","gender":"male","raw_name":"Ἀρκεσίλα","cognomen":"Arcesilas","status":"probulos","cluster_id":1642,"cluster_size":2,"cluster_confidence":"low"},{"nomen":"","gender":"male","raw_name":"Εὐφράστω","cognomen":"Euphrastus","status":"prodicos","cluster_id":1711,"cluster_size":10,"cluster_confidence":"low"},{"nomen":"","gender":"male","raw_name":"Εὐκλείδα","cognomen":"Euclides","status":"prodicos","cluster_id":1635,"cluster_size":2,"cluster_confidence":"low"},{"nomen":"","gender":"male","raw_name":"Χαριδάμω","cognomen":"Charidamus","status":"prodicos","cluster_id":1714,"cluster_size":3,"cluster_confidence":"low"},{"nomen":"","gender":"male","raw_name":"Χαρίλα","cognomen":"Charila","status":"prodicos","cluster_id":1715,"cluster_size":3,"cluster_confidence":"low"},{"nomen":"","gender":"male","raw_name":"Ὀναίω","cognomen":"Onaios","status":"prodicos","cluster_id":1695,"cluster_size":3,"cluster_confidence":"low"},{"nomen":"","gender":"male","raw_name":"Φρασίλα","cognomen":"Phrasilas","status":"prodicos","cluster_id":1716,"cluster_size":2,"cluster_confidence":"low"},{"nomen":"","gender":"male","raw_name":"Φιλιστίωνος","cognomen":"Philistion","status":"hieromnemon","cluster_id":1717,"cluster_size":5,"cluster_confidence":"low"},{"nomen":"","gender":"male","raw_name":"Φιλίσκω","cognomen":"Philiscus","status":"hieromnemon"},{"nomen":"","gender":"male","raw_name":"Χαιρεσίλα","cognomen":"Chairesilas","status":"hieromnemon"},{"nomen":"","gender":"male","raw_name":"Πλάτωνος","cognomen":"Plato","status":"hieromnemon"},{"nomen":"","gender":"male","raw_name":"Τιμασιπόλιος","cognomen":"Timasipolis","status":"hieromnemon","cluster_id":1698,"cluster_size":5,"cluster_confidence":"low"},{"nomen":"","gender":"male","raw_name":"Κλ(ε)οσθένεος","cognomen":"Cleosthenes","status":"hieromnemon","cluster_id":1697,"cluster_size":2,"cluster_confidence":"low"},{"nomen":"","gender":"male","raw_name":"Ἀριστόδαμος","cognomen":"Aristodamus","status":"prostates","cluster_id":1721,"cluster_size":3,"cluster_confidence":"low"},{"nomen":"","gender":"male","raw_name":"Ἀριστίππω","cognomen":"Aristippus","status":"prostates","cluster_id":1640,"cluster_size":4,"cluster_confidence":"low"}]}},{"type":"Feature","geometry":{"type":"Point","coordinates":[16.27,38.24]},"properties":{"edcs_id":"EDCS-63000037","findspot":"Locri / Locri Epizephyrii","raw_text":"Ομβ ἐπὶ Φιλοδάμω προδικε/όντων (Θ)ρα Φιλοδάμω Σωτ Μενεδάμω / Πυρ Φιλωνίδα προβώλων προαρχόντων / Λακ Ἀριστοδάμω Μνα Ἀθανίππω Αγφ / Θαρρυμά{ι}χ{ι}ω ἀπέδωκαν τοὶ Λοκροὶ τῶι Διὶ / τῶι Ὀλυμπίωι τὰ χρήματα τὰ ἐχρήσαντο / δό(γ)ματι βωλᾶς Ομβ ἐπὶ Φιλοδάμω / |(τάλαντα) |(στατῆρες) |(λίτραι) |(οὐγκίαι) / καὶ ἀπὸ τᾶν ἀρχαίαν ὀφηλᾶν |(τάλαντα) / |(τάλαντα) |(λίτραι) |(οὐγκίαι) τοῦ τάδε ἀπέδωκαν χαλκῶ / σταθμὸν τ(ά)λαντα λίτρας / ποὶ τὰς θύρας τὰς χαλκέας τὰς τῶι Διὶ / τῶι Ὀλυμπίωι ἐξέδωκαν ποιῆσαι ἐν τὸν / ναὸν ἐπʼ ἀμφότερα τὰ ζεύγη τὸ τάλαν/τον τῶ ὀλκῶ ἔκαστον ἐν ταλ(ά)ντοις πέν/τε ἀργυρίω δόγματι βωλᾶς καὶ δάμω","date_from":null,"date_to":null,"marker_gender":"male","is_individual":false,"edcs_url":"https://edcs.hist.uzh.ch/en/document?edcs-id=EDCS-63000037","persons":[{"nomen":"","gender":"male","raw_name":"Φιλοδάμω","cognomen":"Philodamus","status":"proedicos","cluster_id":1979,"cluster_size":2,"cluster_confidence":"low"},{"nomen":"","gender":"male","raw_name":"Φιλοδάμω","cognomen":"Philodamus","status":"hieromnemon","cluster_id":1979,"cluster_size":2,"cluster_confidence":"low"},{"nomen":"","gender":"male","raw_name":"Μενεδάμω","cognomen":"Menedamus","status":"hieromnemon","cluster_id":1673,"cluster_size":7,"cluster_confidence":"low"},{"nomen":"","gender":"male","raw_name":"Φιλωνίδα","cognomen":"Philonidas","status":"probulos","cluster_id":1664,"cluster_size":6,"cluster_confidence":"low"},{"nomen":"","gender":"male","raw_name":"Ἀριστοδάμω","cognomen":"Aristodamus","status":"proarchon","cluster_id":1721,"cluster_size":3,"cluster_confidence":"low"},{"nomen":"","gender":"male","raw_name":"Ἀθανίππω","cognomen":"Athanippus","status":"proarchon"},{"nomen":"","gender":"male","raw_name":"Θαρρυμά{ι}χ{ι}ω","cognomen":"Tharrymachus"}]}},{"type":"Feature","geometry":{"type":"Point","coordinates":[16.27,38.24]},"properties":{"edcs_id":"EDCS-63000038","findspot":"Locri / Locri Epizephyrii","raw_text":"Σκα ἐπὶ Εὐφράστω ἱερομνα/μονεόντων ἐπὶ θησαυρῶι / Σκι Σωσίππω Τιω Ἁμεινο/κρίτω Φαω Μενεδάμω / προδικεόντων Τυν Ζωΐλω / Σωτ Σωσίππω Πυρ Εὐκ(ά)ρπω / προβώλων Ευρ Ξεναινέτω / Κυλ Φαικύλω Στρ Νικοδά/μω ἐχρήσατο ἁ πόλις πὰρ / τῶ θεῶ ἐν τὰν πυργοποι/ίαν δόγματι βωλᾶ(ς) καὶ / δάμω τᾶς γᾶς τὼς δύο / καταβόλως |(τάλαντα) |(στατῆρες) |(λίτραι) / καὶ ἄλλα |(τάλαντα) / κεφ(άλωμα) παντὸς |(τάλαντα) |(στατῆρες) |(λίτραι)","date_from":null,"date_to":null,"marker_gender":"male","is_individual":false,"edcs_url":"https://edcs.hist.uzh.ch/en/document?edcs-id=EDCS-63000038","persons":[{"nomen":"","gender":"male","raw_name":"Εὐφράστω","cognomen":"Euphrastus","status":"hieromnemon","cluster_id":1711,"cluster_size":10,"cluster_confidence":"low"},{"nomen":"","gender":"male","raw_name":"Σωσίππω","cognomen":"Sosippus","status":"hieromnemon","cluster_id":1696,"cluster_size":13,"cluster_confidence":"low"},{"nomen":"","gender":"male","raw_name":"Ἁμεινοκρίτω","cognomen":"Ameinocritus","status":"hieromnemon"},{"nomen":"","gender":"male","raw_name":"Μενεδάμω","cognomen":"Menedamus","status":"hieromnemon","cluster_id":1673,"cluster_size":7,"cluster_confidence":"low"},{"nomen":"","gender":"male","raw_name":"Ζωΐλω","cognomen":"Zoilus","status":"proedicos","cluster_id":1654,"cluster_size":11,"cluster_confidence":"low"},{"nomen":"","gender":"male","raw_name":"Σωσίππω","cognomen":"Sosippus","status":"proedicos","cluster_id":1696,"cluster_size":13,"cluster_confidence":"low"},{"nomen":"","gender":"male","raw_name":"Εὐκ(ά)ρπω","cognomen":"Eucarpus","status":"proedicos"},{"nomen":"","gender":"male","raw_name":"Ξεναινέτω","cognomen":"Xenainetus","status":"probulos"},{"nomen":"","gender":"male","raw_name":"Φαικύλω","cognomen":"Phaecylus","status":"probulos"},{"nomen":"","gender":"male","raw_name":"Νικοδάμω","cognomen":"Nicodamus","status":"probulos","cluster_id":1884,"cluster_size":5,"cluster_confidence":"low"}]}},{"type":"Feature","geometry":{"type":"Point","coordinates":[16.27,38.24]},"properties":{"edcs_id":"EDCS-63000039","findspot":"Locri / Locri Epizephyrii","raw_text":"Δυσ ἐπὶ Ἀρχεδάμω ἱερομναμονε/όντων ἐπὶ θησαυρῶι Σκι Σωφρονίσκω / Καλλιδάμω Δυσ Ζωΐλω Σωσίππω Προ / Ἀριστοκράτεος Μένωνος προβώλων / Ευρ Δορκίωνος Δορκίππω Τιω Σαμίω/νος Ὀνασίμω Φαω Θέωνος Θευδότω / προδίκων Ψαθ Ζωΐλω Ὀνασίμω Κυλ / Εὐφραίω Νικοδάμω Αλχ Φιλονίκω / Φιλωνίδα ἐχρήσατο ἁ πόλις πὰρ τῶ / θεῶ δόγματι βωλᾶς καὶ δάμω ἐν / τὰν πυργοποιίαν ἀργυρίω / |(τάλαντα) |(στατῆρες) / τὼς δὺο καταβόλως","date_from":null,"date_to":null,"marker_gender":"male","is_individual":false,"edcs_url":"https://edcs.hist.uzh.ch/en/document?edcs-id=EDCS-63000039","persons":[{"nomen":"","gender":"male","raw_name":"Ἀρχεδάμω","cognomen":"Archedamus","status":"hieromnemon","cluster_id":1986,"cluster_size":2,"cluster_confidence":"low"},{"nomen":"","gender":"male","raw_name":"Σωφρονίσκω","cognomen":"Sophroniscus","status":"hieromnemon","cluster_id":1987,"cluster_size":2,"cluster_confidence":"low"},{"nomen":"","gender":"male","raw_name":"Καλλιδάμω","cognomen":"Callidamus","status":"hieromnemon","cluster_id":1988,"cluster_size":2,"cluster_confidence":"low"},{"nomen":"","gender":"male","raw_name":"Ζωΐλω","cognomen":"Zoilus","status":"hieromnemon","cluster_id":1654,"cluster_size":11,"cluster_confidence":"low"},{"nomen":"","gender":"male","raw_name":"Σωσίππω","cognomen":"Sosippus","status":"hieromnemon","cluster_id":1696,"cluster_size":13,"cluster_confidence":"low"},{"nomen":"","gender":"male","raw_name":"Ἀριστοκράτεος","cognomen":"Aristocrates","status":"probulos","cluster_id":1989,"cluster_size":2,"cluster_confidence":"low"},{"nomen":"","gender":"male","raw_name":"Μένωνος","cognomen":"Menon","status":"probulos","cluster_id":1921,"cluster_size":2,"cluster_confidence":"low"},{"nomen":"","gender":"male","raw_name":"Δορκίωνος","cognomen":"Dorcion","status":"probulos","cluster_id":1681,"cluster_size":5,"cluster_confidence":"low"},{"nomen":"","gender":"male","raw_name":"Δορκίππω","cognomen":"Dorcippus","status":"probulos","cluster_id":1990,"cluster_size":2,"cluster_confidence":"low"},{"nomen":"","gender":"male","raw_name":"Σαμίωνος","cognomen":"Samion","status":"probulos","cluster_id":1669,"cluster_size":4,"cluster_confidence":"low"},{"nomen":"","gender":"male","raw_name":"Ὀνασίμω","cognomen":"Onasimus","status":"probulos","cluster_id":1882,"cluster_size":11,"cluster_confidence":"low"},{"nomen":"","gender":"male","raw_name":"Θέωνος","cognomen":"Theon","status":"probulos","cluster_id":1900,"cluster_size":6,"cluster_confidence":"low"},{"nomen":"","gender":"male","raw_name":"Θευδότω","cognomen":"Theudotus","status":"probulos","cluster_id":1991,"cluster_size":2,"cluster_confidence":"low"},{"nomen":"","gender":"male","raw_name":"Ζωΐλω","cognomen":"Zoilus","status":"proedicos","cluster_id":1654,"cluster_size":11,"cluster_confidence":"low"},{"nomen":"","gender":"male","raw_name":"Ὀνασίμω","cognomen":"Onasimus","status":"proedicos","cluster_id":1882,"cluster_size":11,"cluster_confidence":"low"},{"nomen":"","gender":"male","raw_name":"Εὐφραίω","cognomen":"Euphraius","status":"proedicos","cluster_id":1902,"cluster_size":3,"cluster_confidence":"low"},{"nomen":"","gender":"male","raw_name":"Νικοδάμω","cognomen":"Nicodamus","status":"proedicos","cluster_id":1884,"cluster_size":5,"cluster_confidence":"low"},{"nomen":"","gender":"male","raw_name":"Φιλονίκω","cognomen":"Philonicus","status":"proedicos"},{"nomen":"","gender":"male","raw_name":"Φιλωνίδα","cognomen":"Philonidas","status":"proedicos","cluster_id":1664,"cluster_size":6,"cluster_confidence":"low"}]}},{"type":"Feature","geometry":{"type":"Point","coordinates":[16.27,38.24]},"properties":{"edcs_id":"EDCS-63000040","findspot":"Locri / Locri Epizephyrii","raw_text":"Αστ ἐπὶ Τιμοδάμω hιερομναμονών/των ἐπὶ θησαυρῶι Ευρ Ἀγησιδάμω (h)ηρία / Κυλ Ξενάρεος Ζωΐλω Πυρ Ἀρχίππω Ὀναί(ω) / προβώλων προαρχόντων Λακ / Φιλιστίωνος Σωσίππω Σωτ Νικοδάμω / Τίμωνος Αλχ Νικασικράτεος Φρυνίσκω / Προδικεόντων Θρα Γλαυκία Σωσιβίω / Μυα Καλλίππω Καλλικράτεος Αλχ / Φαικίωνος Εὐπόλιος ἐχρήσαντο / Δόγματι βωλᾶς καὶ τῶ{ι} δάμω πὰ(ρ) τῶ / Διὸς ἐν τὰν πυργοποιίαν τάλαντα / |(τάλαντα) |(στατῆρες) |(λίτραι)","date_from":null,"date_to":null,"marker_gender":"male","is_individual":false,"edcs_url":"https://edcs.hist.uzh.ch/en/document?edcs-id=EDCS-63000040","persons":[{"nomen":"","gender":"male","raw_name":"Τιμοδάμω","cognomen":"Timodamus","status":"hieromnemon"},{"nomen":"","gender":"male","raw_name":"Ἀγησιδάμω","cognomen":"Agesidamus","status":"hieromnemon","cluster_id":1933,"cluster_size":3,"cluster_confidence":"low"},{"nomen":"","gender":"male","raw_name":"Ξενάρεος","cognomen":"Xenares","status":"hieromnemon"},{"nomen":"","gender":"male","raw_name":"Ζωΐλω","cognomen":"Zoilus","status":"hieromnemon","cluster_id":1654,"cluster_size":11,"cluster_confidence":"low"},{"nomen":"","gender":"male","raw_name":"Ἀρχίππω","cognomen":"Archippus","status":"hieromnemon","cluster_id":1659,"cluster_size":5,"cluster_confidence":"low"},{"nomen":"","gender":"male","raw_name":"Ὀναί(ω)","cognomen":"Onaeus","status":"hieromnemon","cluster_id":1995,"cluster_size":4,"cluster_confidence":"low"},{"nomen":"","gender":"male","raw_name":"Φιλιστίωνος","cognomen":"Philistion","status":"probulos","cluster_id":1717,"cluster_size":5,"cluster_confidence":"low"},{"nomen":"","gender":"male","raw_name":"Σωσίππω","cognomen":"Sosippus","status":"probulos","cluster_id":1696,"cluster_size":13,"cluster_confidence":"low"},{"nomen":"","gender":"male","raw_name":"Νικοδάμω","cognomen":"Nicodamus","status":"probulos","cluster_id":1884,"cluster_size":5,"cluster_confidence":"low"},{"nomen":"","gender":"male","raw_name":"Τίμωνος","cognomen":"Timon","status":"probulos","cluster_id":1885,"cluster_size":6,"cluster_confidence":"low"},{"nomen":"","gender":"male","raw_name":"Νικασικράτεος","cognomen":"Nicasicrates","status":"probulos"},{"nomen":"","gender":"male","raw_name":"Φρυνίσκω","cognomen":"Phryniscus","status":"probulos"},{"nomen":"","gender":"male","raw_name":"Γλαυκία","cognomen":"Glaucias","status":"proedicos","cluster_id":1892,"cluster_size":3,"cluster_confidence":"low"},{"nomen":"","gender":"male","raw_name":"Σωσιβίω","cognomen":"Sosibius","status":"proedicos"},{"nomen":"","gender":"male","raw_name":"Καλλίππω","cognomen":"Callippus","status":"proedicos","cluster_id":1639,"cluster_size":7,"cluster_confidence":"low"},{"nomen":"","gender":"male","raw_name":"Καλλικράτεος","cognomen":"Callicrates","status":"proedicos","cluster_id":1245,"cluster_size":8,"cluster_confidence":"low"},{"nomen":"","gender":"male","raw_name":"Φαικίωνος","cognomen":"Phae cion","status":"proedicos"},{"nomen":"","gender":"male","raw_name":"Εὐπόλιος","cognomen":"Eupolius","status":"proedicos"}]}},{"type":"Feature","geometry":{"type":"Point","coordinates":[16.27,38.24]},"properties":{"edcs_id":"EDCS-63000041","findspot":"Locri / Locri Epizephyrii","raw_text":"Αλχ ἐπὶ Ἵπωνος προβώλων προάρχον/τες Θρα Κράτων Θήρωνος Τιω Πολύστρατος / Φιλωνίδα Γαγ Θράσυλλος Φιλοχάρεος / πρόδικοι Ομβ Εὐάνθης Εὐκλείσκω / Δυσ Ἐμμενίδας Ἁριστέος Προ Δαμάσιππος / Τιμαίω ἱαρομνάμονες ἐπὶ θησαυρῶι / Θρα Εὔφραστος Εὐφρονίσκω Τηλ Φαΐσκος / Φάωνος Φαω Σιμύλος Μενοιτίω ἐπὶ τούτων ἁ πόλις ἐχρήσατο πὰρ τῶ θεῶ / βασιλεῖ ἐν τὰν συντέλειαν Βουκατίω / |(τάλαντα) |(στατῆρες) |(λίτραι) |(οὐγκίαι) ἄλλα Ἁγρηίω / |(τάλαντα) |(στατῆρες) |(λίτραι) |(οὐγκίαι) ἄλλα Ἱπποδρομίω / |(τάλαντα) |(στατῆρες) κεφ(άλωμα) / |(τάλαντα) |(λίτραι) |(οὐγκία)","date_from":null,"date_to":null,"marker_gender":"male","is_individual":false,"edcs_url":"https://edcs.hist.uzh.ch/en/document?edcs-id=EDCS-63000041","persons":[{"nomen":"","gender":"male","raw_name":"Ἵπωνος","cognomen":"Ipon","status":"probulos"},{"nomen":"","gender":"male","raw_name":"Κράτων","cognomen":"Craton","status":"probulos","cluster_id":1883,"cluster_size":3,"cluster_confidence":"low"},{"nomen":"","gender":"male","raw_name":"Θήρωνος","cognomen":"Theron","status":"probulos","cluster_id":1641,"cluster_size":3,"cluster_confidence":"low"},{"nomen":"","gender":"male","raw_name":"Πολύστρατος","cognomen":"Polystratus","status":"probulos"},{"nomen":"","gender":"male","raw_name":"Φιλωνίδα","cognomen":"Philonidas","status":"probulos","cluster_id":1664,"cluster_size":6,"cluster_confidence":"low"},{"nomen":"","gender":"male","raw_name":"Θράσυλλος","cognomen":"Thrasyllus","status":"probulos"},{"nomen":"","gender":"male","raw_name":"Φιλοχάρεος","cognomen":"Philochares","status":"probulos"},{"nomen":"","gender":"male","raw_name":"Εὐάνθης","cognomen":"Euanthes","status":"proedicos"},{"nomen":"","gender":"male","raw_name":"Εὐκλείσκω","cognomen":"Eucliscus","status":"proedicos"},{"nomen":"","gender":"male","raw_name":"Ἐμμενίδας","cognomen":"Emmenidas","status":"proedicos","cluster_id":2007,"cluster_size":2,"cluster_confidence":"low"},{"nomen":"","gender":"male","raw_name":"Ἁριστέος","cognomen":"Aristeas","status":"proedicos","cluster_id":1656,"cluster_size":7,"cluster_confidence":"low"},{"nomen":"","gender":"male","raw_name":"Δαμάσιππος","cognomen":"Damasippus","status":"proedicos"},{"nomen":"","gender":"male","raw_name":"Τιμαίω","cognomen":"Timaius","status":"proedicos"},{"nomen":"","gender":"male","raw_name":"Εὔφραστος","cognomen":"Euphrastus","status":"hieromnemon","cluster_id":1711,"cluster_size":10,"cluster_confidence":"low"},{"nomen":"","gender":"male","raw_name":"Εὐφρονίσκω","cognomen":"Euphroniscus","status":"hieromnemon","cluster_id":1667,"cluster_size":9,"cluster_confidence":"low"},{"nomen":"","gender":"male","raw_name":"Φαΐσκος","cognomen":"Phaiscus","status":"hieromnemon","cluster_id":2010,"cluster_size":2,"cluster_confidence":"low"},{"nomen":"","gender":"male","raw_name":"Φάωνος","cognomen":"Phaon","status":"hieromnemon","cluster_id":1929,"cluster_size":3,"cluster_confidence":"low"},{"nomen":"","gender":"male","raw_name":"Σιμύλος","cognomen":"Simylus","status":"hieromnemon"},{"nomen":"","gender":"male","raw_name":"Μενοιτίω","cognomen":"Menoitius","status":"hieromnemon"}]}},{"type":"Feature","geometry":{"type":"Point","coordinates":[16.27,38.24]},"properties":{"edcs_id":"EDCS-63000042","findspot":"Locri / Locri Epizephyrii","raw_text":"Μνα ἐπὶ Εὐφράστω hιαρομνάμονες ἐπὶ θησαυ/ρῶι Θρα{σ} Θράσων Σωτ Ὀνάσιμος Πυρ Ὄλυμπις / ἐχρήσαμες τὰ χρήματα τὰ τῶ θεῶ δόγματι βωλ/ᾶς καὶ δάμω ἐν φατάρχιον προβώλων / προαρχόντων Θρα {θρα} Θρασυδάμω Βοω Φαίων/ος Αγφ Γνάθιος προδίκων Τυν Τίμωνος / Τηλ Θέωνος Πυρ Φιλώνδα |(τάλαντα) |(στατῆρες) |(λίτραι) |(οὐγκίαι) / πίθων πωληθέντων |(τάλαντα) |(στατῆρες) |(λίτραι)","date_from":null,"date_to":null,"marker_gender":"male","is_individual":false,"edcs_url":"https://edcs.hist.uzh.ch/en/document?edcs-id=EDCS-63000042","persons":[{"nomen":"","gender":"male","raw_name":"Εὐφράστω","cognomen":"Euphrastus","status":"hieromnemon","cluster_id":1711,"cluster_size":10,"cluster_confidence":"low"},{"nomen":"","gender":"male","raw_name":"Θράσων","cognomen":"Thrason","status":"hieromnemon","cluster_id":1898,"cluster_size":3,"cluster_confidence":"low"},{"nomen":"","gender":"male","raw_name":"Ὀνάσιμος","cognomen":"Onasimus","status":"hieromnemon","cluster_id":1882,"cluster_size":11,"cluster_confidence":"low"},{"nomen":"","gender":"male","raw_name":"Ὄλυμπις","cognomen":"Olympius","status":"hieromnemon"},{"nomen":"","gender":"male","raw_name":"Θρασυδάμω","cognomen":"Thrasydamus","status":"proarchon"},{"nomen":"","gender":"male","raw_name":"Φαίωνος","cognomen":"Phaion","status":"proarchon"},{"nomen":"","gender":"male","raw_name":"Γνάθιος","cognomen":"Gnathius","status":"proarchon","cluster_id":1707,"cluster_size":3,"cluster_confidence":"low"},{"nomen":"","gender":"male","raw_name":"Τίμωνος","cognomen":"Timon","status":"proedicos","cluster_id":1885,"cluster_size":6,"cluster_confidence":"low"},{"nomen":"","gender":"male","raw_name":"Θέωνος","cognomen":"Theon","status":"proedicos","cluster_id":1900,"cluster_size":6,"cluster_confidence":"low"},{"nomen":"","gender":"male","raw_name":"Φιλώνδα","cognomen":"Philonidas","status":"proedicos","cluster_id":1664,"cluster_size":6,"cluster_confidence":"low"}]}},{"type":"Feature","geometry":{"type":"Point","coordinates":[16.27,38.24]},"properties":{"edcs_id":"EDCS-63000043","findspot":"Locri / Locri Epizephyrii","raw_text":"ΑΝΕ {ι}ἐπὶ Χαιρεδ(ά){ι}(μ)ω hι(ε)ρομναμονώντων ἐπὶ / θησαυρῶι Λακ Ζωΐλω Θ(έ)ωνος Τηλ Νικία Θρασυμάχω / Αλκ Ξένωνος Σωσίππω προβώλων προαρχόν/των Ανξ Εὔφρονος Ζωΐππω Μνα Ὁναίω Ζωΐππω / Αγκ Ἀντιδώρω Κράτωνος προδικεόντων Ψαθ / Εὔφρονος Πλάτωνος Βοω Δαμοκλέος Ἀρκείδα / Φαω Ἀρχέλα Εὐθυμίσκω ἔχρησαν δόγματι βωλᾶς / καὶ τῶ{ι} δάμω τῶν τῶ Διὸς ἐν τὰν πυργοποιίαν / τάλαντα |(τάλαντα) |(στατῆρες) ἄλλο τὸ ποὶ χρῆστιν / θεθὲν ποὶ τοῖς καταβόλοις |(τάλαντα) |(στατῆρες) |(λίτραι) |(λίτραι) |(οὐγκία) |(οὐγκίαι) ἄλλο τῶν / hυγρῶν καρπῶν τὰν hενάταν |(τάλαντα) |(στατῆρες) |(λίτραι) (οὐγκίαι) / ἄλλο τῶ σίτω τῶ κατʼ ἀμέραν πωλημένω / τὰν hενάταν |(τάλαντα) |(στατῆρες) |(λίτραι) |(οὐγκία) / ἄλλο τᾶς πίσσας τιμὰν κάδων τῶ κάδω |(στατῆρες) / τραχέος πὰν |(τάλαντα) {|(στατῆρες)} / ΖΝΞ","date_from":null,"date_to":null,"marker_gender":"male","is_individual":false,"edcs_url":"https://edcs.hist.uzh.ch/en/document?edcs-id=EDCS-63000043","persons":[{"nomen":"","gender":"male","raw_name":"Χαιρεδ(ά){ι}(μ)ω","cognomen":"Chaeredamus","status":"hieromnemon"},{"nomen":"","gender":"male","raw_name":"Ζωΐλω","cognomen":"Zoilus","status":"hieromnemon","cluster_id":1654,"cluster_size":11,"cluster_confidence":"low"},{"nomen":"","gender":"male","raw_name":"Θ(έ)ωνος","cognomen":"Theon","status":"hieromnemon","cluster_id":1900,"cluster_size":6,"cluster_confidence":"low"},{"nomen":"","gender":"male","raw_name":"Νικία","cognomen":"Nicias","status":"hieromnemon","cluster_id":1918,"cluster_size":2,"cluster_confidence":"low"},{"nomen":"","gender":"male","raw_name":"Θρασυμάχω","cognomen":"Thrasymachus","status":"hieromnemon","cluster_id":1925,"cluster_size":3,"cluster_confidence":"low"},{"nomen":"","gender":"male","raw_name":"Ξένωνος","cognomen":"Xenon","status":"hieromnemon","cluster_id":1712,"cluster_size":3,"cluster_confidence":"low"},{"nomen":"","gender":"male","raw_name":"Σωσίππω","cognomen":"Sosippus","status":"hieromnemon","cluster_id":1696,"cluster_size":13,"cluster_confidence":"low"},{"nomen":"","gender":"male","raw_name":"Εὔφρονος","cognomen":"Euphron","status":"proarchon","cluster_id":1679,"cluster_size":8,"cluster_confidence":"low"},{"nomen":"","gender":"male","raw_name":"Ζωΐππω","cognomen":"Zoipus","status":"proarchon","cluster_id":1647,"cluster_size":4,"cluster_confidence":"low"},{"nomen":"","gender":"male","raw_name":"Ὁναίω","cognomen":"Onaeus","status":"proarchon","cluster_id":1995,"cluster_size":4,"cluster_confidence":"low"},{"nomen":"","gender":"male","raw_name":"Ζωΐππω","cognomen":"Zoipus","status":"proarchon","cluster_id":1647,"cluster_size":4,"cluster_confidence":"low"},{"nomen":"","gender":"male","raw_name":"Ἀντιδώρω","cognomen":"Antidorus","status":"proarchon","cluster_id":1913,"cluster_size":2,"cluster_confidence":"low"},{"nomen":"","gender":"male","raw_name":"Κράτωνος","cognomen":"Craton","status":"proarchon","cluster_id":1883,"cluster_size":3,"cluster_confidence":"low"},{"nomen":"","gender":"male","raw_name":"Εὔφρονος","cognomen":"Euphron","status":"proedicos","cluster_id":1679,"cluster_size":8,"cluster_confidence":"low"},{"nomen":"","gender":"male","raw_name":"Πλάτωνος","cognomen":"Platon","status":"proedicos"},{"nomen":"","gender":"male","raw_name":"Δαμοκλέος","cognomen":"Damocles","status":"proedicos"},{"nomen":"","gender":"male","raw_name":"Ἀρκείδα","cognomen":"Arcidas","status":"proedicos","cluster_id":2019,"cluster_size":4,"cluster_confidence":"low"},{"nomen":"","gender":"male","raw_name":"Ἀρχέλα","cognomen":"Archelaus","status":"proedicos","cluster_id":1906,"cluster_size":2,"cluster_confidence":"low"},{"nomen":"","gender":"male","raw_name":"Εὐθυμίσκω","cognomen":"Euthymiscus","status":"proedicos","cluster_id":1702,"cluster_size":3,"cluster_confidence":"low"}]}},{"type":"Feature","geometry":{"type":"Point","coordinates":[16.27,38.24]},"properties":{"edcs_id":"EDCS-63000044","findspot":"Locri / Locri Epizephyrii","raw_text":"Σκ(ι) ἐπὶ Σωσίνω προβώλων προαρχόντων Λακ Εὔφραστ(ος) / Σωσιπόλιος Κυλ Σιμίας Σιμίσκω Γαγ Φιλοκράτης Ἀριστάρχω / πρόδικοι Θρα Θράσων Εὐκλείδα Τηλ Δορκίων Καλλίνω Προ / Σαμίων Σωσικράτεος hιερομνά{μνα}μονες ἐπὶ θησαυρῶι / Γαψ Ἀριστόμαχος Ἀριστέος Σκα Σωσίλας Σιμία Πυρ Κλήσαρχος / Ἀριστείδα ἐπὶ τούτων ἁ πόλις ἐχρήσατο πὰρ τῶ θεῶ δόγματι / βωλᾶς καὶ δάμω ἐν τὰν πυργοποιίαν τῶ πρώτω ἀγυρθμῶ |(τάλαντα) / |(τάλαντα) |(στατῆρες) |(λίτραι) τῶ δευτέ{τε}ρω ἀγυρθμῶ |(τάλαντα) |(στατήρ) |(λίτρα) / τῶ τρίτω |(τάλαντα) |(στατῆρες) |(λίτραι) |(οὐγκίαι) κεφ(άλωμα) τῶν ἐν φαταρχίωι / |(τάλαντα) |(στατήρ) |(λίτραι) |(οὐγκίαι) καὶ τῶ σίτω τᾶς δεκάτας τὰν hενάταν / μεδίμ(ν)ως ἐν κριθᾶν λόγον καὶ τῶν περιμέτρων τῶν ποιβό/λωι μίστωμα κριθᾶν μέδιμ(ν)οι τιμὰ τῶ μεδίμνω / |(στατήρ) |(λίτραι) κεφ(άλωμα) τᾶς τιμᾶς |(τάλαντα)] |(τάλαντα) |(στατήρ) |(λίτραι)","date_from":null,"date_to":null,"marker_gender":"male","is_individual":false,"edcs_url":"https://edcs.hist.uzh.ch/en/document?edcs-id=EDCS-63000044","persons":[{"nomen":"","gender":"male","raw_name":"Σωσίνω","cognomen":"Sosinus","status":"proarchon"},{"nomen":"","gender":"male","raw_name":"Εὔφραστ(ος)","cognomen":"Euphrastus","status":"proarchon","cluster_id":1711,"cluster_size":10,"cluster_confidence":"low"},{"nomen":"","gender":"male","raw_name":"Σωσιπόλιος","cognomen":"Sosipolis","status":"proarchon"},{"nomen":"","gender":"male","raw_name":"Σιμίας","cognomen":"Simias","status":"proarchon","cluster_id":1901,"cluster_size":5,"cluster_confidence":"low"},{"nomen":"","gender":"male","raw_name":"Σιμίσκω","cognomen":"Simiscus","status":"proarchon"},{"nomen":"","gender":"male","raw_name":"Φιλοκράτης","cognomen":"Philocrates","status":"proarchon","cluster_id":1685,"cluster_size":2,"cluster_confidence":"low"},{"nomen":"","gender":"male","raw_name":"Ἀριστάρχω","cognomen":"Aristarchus","status":"proarchon","cluster_id":2023,"cluster_size":2,"cluster_confidence":"low"},{"nomen":"","gender":"male","raw_name":"Θράσων","cognomen":"Thrason","status":"proedicos","cluster_id":1898,"cluster_size":3,"cluster_confidence":"low"},{"nomen":"","gender":"male","raw_name":"Εὐκλείδα","cognomen":"Euclidas","status":"proedicos","cluster_id":2024,"cluster_size":3,"cluster_confidence":"low"},{"nomen":"","gender":"male","raw_name":"Δορκίων","cognomen":"Dorcion","status":"proedicos","cluster_id":1681,"cluster_size":5,"cluster_confidence":"low"},{"nomen":"","gender":"male","raw_name":"Καλλίνω","cognomen":"Callinus","status":"proedicos","cluster_id":1662,"cluster_size":2,"cluster_confidence":"low"},{"nomen":"","gender":"male","raw_name":"Σαμίων","cognomen":"Samion","status":"proedicos","cluster_id":1669,"cluster_size":4,"cluster_confidence":"low"},{"nomen":"","gender":"male","raw_name":"Σωσικράτεος","cognomen":"Sosicrates","status":"proedicos","cluster_id":1690,"cluster_size":7,"cluster_confidence":"low"},{"nomen":"","gender":"male","raw_name":"Ἀριστόμαχος","cognomen":"Aristomachus","status":"hieromnemon","cluster_id":1940,"cluster_size":2,"cluster_confidence":"low"},{"nomen":"","gender":"male","raw_name":"Ἀριστέος","cognomen":"Aristeas","status":"hieromnemon","cluster_id":1656,"cluster_size":7,"cluster_confidence":"low"},{"nomen":"","gender":"male","raw_name":"Σωσίλας","cognomen":"Sosilas","status":"hieromnemon","cluster_id":1903,"cluster_size":3,"cluster_confidence":"low"},{"nomen":"","gender":"male","raw_name":"Σιμία","cognomen":"Simias","status":"hieromnemon","cluster_id":1901,"cluster_size":5,"cluster_confidence":"low"},{"nomen":"","gender":"male","raw_name":"Κλήσαρχος","cognomen":"Clesarchus","status":"hieromnemon"},{"nomen":"","gender":"male","raw_name":"Ἀριστείδα","cognomen":"Aristeas","status":"hieromnemon","cluster_id":1656,"cluster_size":7,"cluster_confidence":"low"}]}},{"type":"Feature","geometry":{"type":"Point","coordinates":[16.27,38.24]},"properties":{"edcs_id":"EDCS-63000045","findspot":"Locri / Locri Epizephyrii","raw_text":"Τηλ ἐπὶ Σιλανῶ hιερομναμονώντωμ ἐπὶ / θησαυρῶι Θρα Φιλοκλέος Σίμω Σωτ / Σίλωνος Χαρμόνδα Προ Ἐχεδάμω Ζωΐλω / προβώλων προαρχόντων Ψαθ Δάμωνος / Σωσά(ν)δρω{ν} Τηλ Φαΐσκω Φάωνος Φαω / Μενεδάμω Λαγίσκω προδικεόντων / Λακ Χαριξένω Εὐφιλ(έ)τω Δυο Φιλιστίωνος / Ἁρκείδα Φαω Θέωνος Θευδότω ἔχρησαν / δόγματι βωλᾶς καὶ τῶ δάμω ἐν τὰν / πυργοποιίαν τῶν τῶ θεῶ τάλαντα / |(τάλαντα) |(στατῆρες) |(λίτραι) ἄλλο δόγματι |(τάλαντα)","date_from":null,"date_to":null,"marker_gender":"male","is_individual":false,"edcs_url":"https://edcs.hist.uzh.ch/en/document?edcs-id=EDCS-63000045","persons":[{"nomen":"","gender":"male","raw_name":"Σιλανῶ","cognomen":"Silanus","status":"hieromnemon","cluster_id":2026,"cluster_size":2,"cluster_confidence":"low"},{"nomen":"","gender":"male","raw_name":"Φιλοκλέος","cognomen":"Philocles","status":"hieromnemon","cluster_id":1909,"cluster_size":2,"cluster_confidence":"low"},{"nomen":"","gender":"male","raw_name":"Σίμω","cognomen":"Simus","status":"hieromnemon","cluster_id":1704,"cluster_size":2,"cluster_confidence":"low"},{"nomen":"","gender":"male","raw_name":"Σίλωνος","cognomen":"Silon","status":"hieromnemon","cluster_id":1932,"cluster_size":2,"cluster_confidence":"low"},{"nomen":"","gender":"male","raw_name":"Χαρμόνδα","cognomen":"Charmondas","status":"hieromnemon","cluster_id":1692,"cluster_size":2,"cluster_confidence":"low"},{"nomen":"","gender":"male","raw_name":"Ἐχεδάμω","cognomen":"Echedamus","status":"hieromnemon"},{"nomen":"","gender":"male","raw_name":"Ζωΐλω","cognomen":"Zoilus","status":"hieromnemon","cluster_id":1654,"cluster_size":11,"cluster_confidence":"low"},{"nomen":"","gender":"male","raw_name":"Δάμωνος","cognomen":"Damon","status":"proarchon"},{"nomen":"","gender":"male","raw_name":"Σωσά(ν)δρω{ν}","cognomen":"Sosander","status":"proarchon","cluster_id":1904,"cluster_size":2,"cluster_confidence":"low"},{"nomen":"","gender":"male","raw_name":"Φαΐσκω","cognomen":"Phaiscus","status":"proarchon","cluster_id":2010,"cluster_size":2,"cluster_confidence":"low"},{"nomen":"","gender":"male","raw_name":"Φάωνος","cognomen":"Phaon","status":"proarchon","cluster_id":1929,"cluster_size":3,"cluster_confidence":"low"},{"nomen":"","gender":"male","raw_name":"Μενεδάμω","cognomen":"Menedamus","status":"proarchon","cluster_id":1673,"cluster_size":7,"cluster_confidence":"low"},{"nomen":"","gender":"male","raw_name":"Λαγίσκω","cognomen":"Lagiscus","status":"proarchon","cluster_id":1701,"cluster_size":2,"cluster_confidence":"low"},{"nomen":"","gender":"male","raw_name":"Χαριξένω","cognomen":"Charixenus","status":"proedicos","cluster_id":1634,"cluster_size":7,"cluster_confidence":"low"},{"nomen":"","gender":"male","raw_name":"Εὐφιλ(έ)τω","cognomen":"Euphiletus","status":"proedicos"},{"nomen":"","gender":"male","raw_name":"Φιλιστίωνος","cognomen":"Philistion","status":"proedicos","cluster_id":1717,"cluster_size":5,"cluster_confidence":"low"},{"nomen":"","gender":"male","raw_name":"Ἁρκείδα","cognomen":"Arcidas","status":"proedicos","cluster_id":2019,"cluster_size":4,"cluster_confidence":"low"},{"nomen":"","gender":"male","raw_name":"Θέωνος","cognomen":"Theon","status":"proedicos","cluster_id":1900,"cluster_size":6,"cluster_confidence":"low"},{"nomen":"","gender":"male","raw_name":"Θευδότω","cognomen":"Theudotus","status":"proedicos","cluster_id":1991,"cluster_size":2,"cluster_confidence":"low"}]}},{"type":"Feature","geometry":{"type":"Point","coordinates":[16.27,38.24]},"properties":{"edcs_id":"EDCS-63000046","findspot":"Locri / Locri Epizephyrii","raw_text":"Γαψ ἐπὶ Εὐφρατίωνος ἱερομναμονεόντων ἐπὶ θησαυρῶι / Τυν Ἀρχίππω Ἀρχεδάμω Σωτ Ἀριστάρχω Ἀριστέος Φαω / Μενεστράτω Ἐμμενίδα προβώλων προαρχόντων Ψαθ Ζωΐ/λω Ὀνασίμω Κυλ Εὐφραίω Νικοδάμω Αγκ Ἀριστοκλέος Θέ/ωνος προδικεόντων Σκι Σωφρονίσκω Καλλιδάμω Δυο Με/γακλέος Εὔφρονος Φαω Ὀναίω Χαρίλα ἐχρήσατο ἁ πόλις / πὰρ τῶ θεῶ δόγματι βωλᾶς καὶ ἐν τὰμ πυργοποιίαν / |(τάλαντα) / ἄλλα ἐχρήσατο ἁ πόλις πὰρ τῶ θεῶ ἐν τὰν ἄλλαν οἰκονο/μίαν δόγματι βωλᾶς καὶ δάμω |(τάλαντα)","date_from":null,"date_to":null,"marker_gender":"male","is_individual":false,"edcs_url":"https://edcs.hist.uzh.ch/en/document?edcs-id=EDCS-63000046","persons":[{"nomen":"","gender":"male","raw_name":"Εὐφρατίωνος","cognomen":"Euphratius","status":"hieromnemon"},{"nomen":"","gender":"male","raw_name":"Ἀρχίππω","cognomen":"Archippus","status":"hieromnemon","cluster_id":1659,"cluster_size":5,"cluster_confidence":"low"},{"nomen":"","gender":"male","raw_name":"Ἀρχεδάμω","cognomen":"Archedamus","status":"hieromnemon","cluster_id":1986,"cluster_size":2,"cluster_confidence":"low"},{"nomen":"","gender":"male","raw_name":"Ἀριστάρχω","cognomen":"Aristarchus","status":"hieromnemon","cluster_id":2023,"cluster_size":2,"cluster_confidence":"low"},{"nomen":"","gender":"male","raw_name":"Ἀριστέος","cognomen":"Aristeas","status":"hieromnemon","cluster_id":1656,"cluster_size":7,"cluster_confidence":"low"},{"nomen":"","gender":"male","raw_name":"Μενεστράτω","cognomen":"Menestratus","status":"hieromnemon"},{"nomen":"","gender":"male","raw_name":"Ἐμμενίδα","cognomen":"Emmenidas","status":"hieromnemon","cluster_id":2007,"cluster_size":2,"cluster_confidence":"low"},{"nomen":"","gender":"male","raw_name":"Ζωΐλω","cognomen":"Zoilus","status":"proarchon","cluster_id":1654,"cluster_size":11,"cluster_confidence":"low"},{"nomen":"","gender":"male","raw_name":"Ὀνασίμω","cognomen":"Onasimus","status":"proarchon","cluster_id":1882,"cluster_size":11,"cluster_confidence":"low"},{"nomen":"","gender":"male","raw_name":"Εὐφραίω","cognomen":"Euphraius","status":"proarchon","cluster_id":1902,"cluster_size":3,"cluster_confidence":"low"},{"nomen":"","gender":"male","raw_name":"Νικοδάμω","cognomen":"Nicodamus","status":"proarchon","cluster_id":1884,"cluster_size":5,"cluster_confidence":"low"},{"nomen":"","gender":"male","raw_name":"Ἀριστοκλέος","cognomen":"Aristocles","status":"proarchon"},{"nomen":"","gender":"male","raw_name":"Θέωνος","cognomen":"Theon","status":"proarchon","cluster_id":1900,"cluster_size":6,"cluster_confidence":"low"},{"nomen":"","gender":"male","raw_name":"Σωφρονίσκω","cognomen":"Sophroniscus","status":"proedicos","cluster_id":1987,"cluster_size":2,"cluster_confidence":"low"},{"nomen":"","gender":"male","raw_name":"Καλλιδάμω","cognomen":"Callidamus","status":"proedicos","cluster_id":1988,"cluster_size":2,"cluster_confidence":"low"},{"nomen":"","gender":"male","raw_name":"Μεγακλέος","cognomen":"Megacles","status":"proedicos","cluster_id":1905,"cluster_size":2,"cluster_confidence":"low"},{"nomen":"","gender":"male","raw_name":"Εὔφρονος","cognomen":"Euphron","status":"proedicos","cluster_id":1679,"cluster_size":8,"cluster_confidence":"low"},{"nomen":"","gender":"male","raw_name":"Ὀναίω","cognomen":"Onaeus","status":"proedicos","cluster_id":1995,"cluster_size":4,"cluster_confidence":"low"},{"nomen":"","gender":"male","raw_name":"Χαρίλα","cognomen":"Charila","status":"proedicos","cluster_id":1715,"cluster_size":3,"cluster_confidence":"low"}]}},{"type":"Feature","geometry":{"type":"Point","coordinates":[16.27,38.24]},"properties":{"edcs_id":"EDCS-63000047","findspot":"Locri / Locri Epizephyrii","raw_text":"Πετ ἐπὶ Κρατίππω ἱερομναμονεόντων ἐ/πὶ θησαυρῶι Τυν Ὀναίω Ζωΐλω Τιω Πρωτογένεος / Καλλικράτεος Γαγ Χαριδάμω Καικινιάδα προ/βωλευόντων Ανα Εὐφραινέτω Πλατίω Μνα Χα/ριξένω Εὔφρονος Προ Φιλιάρχω Ἡρακλήτω / προδικεόντων Τυν Ἡρακλείδα Θεώνδα Σκα / Σωσίλα Σιμία Γαγ Χαιρέλα Δαμοφάοντος / ἐχρήσατο ἁ πόλις πὰρ τῶ θεῶ ἐν τὰμ πυργοποι/ίαν δόγματι βωλᾶς καὶ δάμω |(τάλαντα)","date_from":null,"date_to":null,"marker_gender":"male","is_individual":false,"edcs_url":"https://edcs.hist.uzh.ch/en/document?edcs-id=EDCS-63000047","persons":[{"nomen":"","gender":"male","raw_name":"Κρατίππω","cognomen":"Cratippus","status":"hieromnemon"},{"nomen":"","gender":"male","raw_name":"Ὀναίω","cognomen":"Onaeus","status":"hieromnemon","cluster_id":1995,"cluster_size":4,"cluster_confidence":"low"},{"nomen":"","gender":"male","raw_name":"Ζωΐλω","cognomen":"Zoilus","status":"hieromnemon","cluster_id":1654,"cluster_size":11,"cluster_confidence":"low"},{"nomen":"","gender":"male","raw_name":"Πρωτογένεος","cognomen":"Protogenes","status":"hieromnemon","cluster_id":1637,"cluster_size":4,"cluster_confidence":"low"},{"nomen":"","gender":"male","raw_name":"Καλλικράτεος","cognomen":"Callicrates","status":"hieromnemon","cluster_id":1245,"cluster_size":8,"cluster_confidence":"low"},{"nomen":"","gender":"male","raw_name":"Χαριδάμω","cognomen":"Charidamus","status":"hieromnemon","cluster_id":1714,"cluster_size":3,"cluster_confidence":"low"},{"nomen":"","gender":"male","raw_name":"Καικινιάδα","cognomen":"Caeciniadas","status":"hieromnemon"},{"nomen":"","gender":"male","raw_name":"Εὐφραινέτω","cognomen":"Euphrainetus","status":"probulos","cluster_id":1675,"cluster_size":4,"cluster_confidence":"low"},{"nomen":"","gender":"male","raw_name":"Πλατίω","cognomen":"Platius","status":"probulos"},{"nomen":"","gender":"male","raw_name":"Χαριξένω","cognomen":"Charixenus","status":"probulos","cluster_id":1634,"cluster_size":7,"cluster_confidence":"low"},{"nomen":"","gender":"male","raw_name":"Εὔφρονος","cognomen":"Euphron","status":"probulos","cluster_id":1679,"cluster_size":8,"cluster_confidence":"low"},{"nomen":"","gender":"male","raw_name":"Φιλιάρχω","cognomen":"Philiarchus","status":"probulos","cluster_id":1922,"cluster_size":2,"cluster_confidence":"low"},{"nomen":"","gender":"male","raw_name":"Ἡρακλήτω","cognomen":"Heracletus","status":"probulos"},{"nomen":"","gender":"male","raw_name":"Ἡρακλείδα","cognomen":"Heracleidas","status":"proedicos"},{"nomen":"","gender":"male","raw_name":"Θεώνδα","cognomen":"Theondas","status":"proedicos","cluster_id":1910,"cluster_size":2,"cluster_confidence":"low"},{"nomen":"","gender":"male","raw_name":"Σωσίλα","cognomen":"Sosilas","status":"proedicos","cluster_id":1903,"cluster_size":3,"cluster_confidence":"low"},{"nomen":"","gender":"male","raw_name":"Σιμία","cognomen":"Simias","status":"proedicos","cluster_id":1901,"cluster_size":5,"cluster_confidence":"low"},{"nomen":"","gender":"male","raw_name":"Χαιρέλα","cognomen":"Chairelas","status":"proedicos","cluster_id":1657,"cluster_size":2,"cluster_confidence":"low"},{"nomen":"","gender":"male","raw_name":"Δαμοφάοντος","cognomen":"Damophaon","status":"proedicos"}]}},{"type":"Feature","geometry":{"type":"Point","coordinates":[16.27,38.24]},"properties":{"edcs_id":"EDCS-63000048","findspot":"Locri / Locri Epizephyrii","raw_text":"Στρ ἐπὶ Ὀνασίμου τοῦ Νεάρχου / Πανάμου / προβουλευόντων / Λακ Νεαίθου Γοργίδα / Δυσ Φίλωνος Εὐκλείδα / Αγκ Φίντωνος Σωσιστράτου / προδικεόντων / Ομβ Χαρικλέος Χαρίππου / Αστ Ἀρχίππου Ἀριστείδα / Πετ Χαριξένου Χαιρύλου / πολεμαρχεόντων / Γαψ Θεοδότου Ἐμπεδοκλέος / Κρα Εὐκλείδα Σιλανοῦ / Αγκ Σωσίππου Ἀριστοφάνεος / φαταρχέοντος / Τιω Τίμωνος Καλλικράτεος / ἀπεδόθη ἱερομναμόνοις / Σκι Ἀριστεῖ Σίμωνος / Αστ Θεοδώρωι Πυράμου / Αλχ Τιμασιπόλει Τιμασιπόλιος / δόγματι βουλᾶς καὶ δάμου ἀπὸ τὰν / χρησίων τὰν ὀφειλομέναν / ἐκ τῶν ἔμπροσθεν ἐνιαυτῶν / τῶι θεῶι ἀργυρίου / |(τάλαντα)","date_from":null,"date_to":null,"marker_gender":"male","is_individual":false,"edcs_url":"https://edcs.hist.uzh.ch/en/document?edcs-id=EDCS-63000048","persons":[{"nomen":"","gender":"male","raw_name":"Ὀνασίμου","cognomen":"Onasimus","status":"hieromnemon","cluster_id":1882,"cluster_size":11,"cluster_confidence":"low"},{"nomen":"","gender":"male","raw_name":"Νεάρχου","cognomen":"Nearchus","status":"pater"},{"nomen":"","gender":"male","raw_name":"Νεαίθου","cognomen":"Neaithus","status":"probulos","cluster_id":1893,"cluster_size":3,"cluster_confidence":"low"},{"nomen":"","gender":"male","raw_name":"Γοργίδα","cognomen":"Gorgidas","status":"probulos","cluster_id":1706,"cluster_size":3,"cluster_confidence":"low"},{"nomen":"","gender":"male","raw_name":"Φίλωνος","cognomen":"Philon","status":"probulos","cluster_id":1178,"cluster_size":5,"cluster_confidence":"low"},{"nomen":"","gender":"male","raw_name":"Εὐκλείδα","cognomen":"Euclidas","status":"probulos","cluster_id":2024,"cluster_size":3,"cluster_confidence":"low"},{"nomen":"","gender":"male","raw_name":"Φίντωνος","cognomen":"Phinton","status":"probulos","cluster_id":1237,"cluster_size":2,"cluster_confidence":"low"},{"nomen":"","gender":"male","raw_name":"Σωσιστράτου","cognomen":"Sosistratus","status":"probulos","cluster_id":1889,"cluster_size":2,"cluster_confidence":"low"},{"nomen":"","gender":"male","raw_name":"Χαρικλέος","cognomen":"Charicles","status":"proedicos"},{"nomen":"","gender":"male","raw_name":"Χαρίππου","cognomen":"Charippus","status":"proedicos","cluster_id":1689,"cluster_size":2,"cluster_confidence":"low"},{"nomen":"","gender":"male","raw_name":"Ἀρχίππου","cognomen":"Archippus","status":"proedicos","cluster_id":1659,"cluster_size":5,"cluster_confidence":"low"},{"nomen":"","gender":"male","raw_name":"Ἀριστείδα","cognomen":"Aristeas","status":"proedicos","cluster_id":1656,"cluster_size":7,"cluster_confidence":"low"},{"nomen":"","gender":"male","raw_name":"Χαριξένου","cognomen":"Charixenus","status":"proedicos","cluster_id":1634,"cluster_size":7,"cluster_confidence":"low"},{"nomen":"","gender":"male","raw_name":"Χαιρύλου","cognomen":"Chairylus","status":"proedicos"},{"nomen":"","gender":"male","raw_name":"Θεοδότου","cognomen":"Theodotus","status":"polemarchos"},{"nomen":"","gender":"male","raw_name":"Ἐμπεδοκλέος","cognomen":"Empedocles","status":"polemarchos"},{"nomen":"","gender":"male","raw_name":"Εὐκλείδα","cognomen":"Euclidas","status":"polemarchos","cluster_id":2024,"cluster_size":3,"cluster_confidence":"low"},{"nomen":"","gender":"male","raw_name":"Σιλανοῦ","cognomen":"Silanus","status":"polemarchos","cluster_id":2026,"cluster_size":2,"cluster_confidence":"low"},{"nomen":"","gender":"male","raw_name":"Σωσίππου","cognomen":"Sosippus","status":"polemarchos","cluster_id":1696,"cluster_size":13,"cluster_confidence":"low"},{"nomen":"","gender":"male","raw_name":"Ἀριστοφάνεος","cognomen":"Aristophanes","status":"polemarchos"},{"nomen":"","gender":"male","raw_name":"Τίμωνος","cognomen":"Timon","status":"fatarchos","cluster_id":1885,"cluster_size":6,"cluster_confidence":"low"},{"nomen":"","gender":"male","raw_name":"Καλλικράτεος","cognomen":"Callicrates","status":"fatarchos","cluster_id":1245,"cluster_size":8,"cluster_confidence":"low"},{"nomen":"","gender":"male","raw_name":"Ἀριστεῖ","cognomen":"Aristeas","status":"hieromnemon","cluster_id":1656,"cluster_size":7,"cluster_confidence":"low"},{"nomen":"","gender":"male","raw_name":"Σίμωνος","cognomen":"Simon","status":"hieromnemon"},{"nomen":"","gender":"male","raw_name":"Θεοδώρωι","cognomen":"Theodorus","status":"hieromnemon","cluster_id":2046,"cluster_size":2,"cluster_confidence":"low"},{"nomen":"","gender":"male","raw_name":"Πυράμου","cognomen":"Pyramus","status":"pater"},{"nomen":"","gender":"male","raw_name":"Τιμασιπόλει","cognomen":"Timasipolis","status":"hieromnemon","cluster_id":1698,"cluster_size":5,"cluster_confidence":"low"},{"nomen":"","gender":"male","raw_name":"Τιμασιπόλιος","cognomen":"Timasipolis","status":"pater","cluster_id":1698,"cluster_size":5,"cluster_confidence":"low"}]}},{"type":"Feature","geometry":{"type":"Point","coordinates":[16.27,38.24]},"properties":{"edcs_id":"EDCS-63000049","findspot":"Locri / Locri Epizephyrii","raw_text":"Κοβ ἐπʼ Ὁνασίμω ἀπεδόθη τὸ χρυσίον ποὶ τὰν ἀσπίδα τὰν ἐν / Ὁλυμπιήιωι σταθὲν ἐν τᾶι βωλᾶι ὑπὸ τῶν ἐπισκευαστήρων Θρα Εὐάρεος / Φαω Δορκίππω Γαγ Θεοδώρω παρεόντων προβώλων προαρχόντων Κοβ / Ἀριστοκράτεος Δυσ Εὐθυδάμω Αγφ Ἐχεκράτεος προδίκων Θρα Ἀρίστωνος / Αστ Ἀγησάνδρω Αλα Ὁνασίμω πολεμάρχων Κοβ Καλλίππω Β(ο)ω Ὁνασίμω / Φαω Κριτόλα Θευκόλω Ανα Κλεομένεος σταθμὸς τῶ χρυσίω τῶ / ἀποδοθέντος καὶ ποικειμένω ποὶ τᾶι ἀσπίδι μναῖ ὀκτὼ εὐβοίδες / τῶ περιτμήματος μνᾶ εὀβοὶς ἀπεδ(ό)θη τοῖς προβώλοις Κοβ / Ἀριστοκράτει Δυσ Εὐθυδάμωι Αγφ Ἐχεκράτει τοῦτο κατεθέθη / ἐν τὸν θησαυρόν","date_from":null,"date_to":null,"marker_gender":"male","is_individual":false,"edcs_url":"https://edcs.hist.uzh.ch/en/document?edcs-id=EDCS-63000049","persons":[{"nomen":"","gender":"male","raw_name":"Ὁνασίμω","cognomen":"Onasimus","status":"fatarchos","cluster_id":1882,"cluster_size":11,"cluster_confidence":"low"},{"nomen":"","gender":"male","raw_name":"Εὐάρεος","cognomen":"Euarestus","status":"episceuastes"},{"nomen":"","gender":"male","raw_name":"Δορκίππω","cognomen":"Dorcippus","status":"episceuastes","cluster_id":1990,"cluster_size":2,"cluster_confidence":"low"},{"nomen":"","gender":"male","raw_name":"Θεοδώρω","cognomen":"Theodorus","status":"episceuastes","cluster_id":2046,"cluster_size":2,"cluster_confidence":"low"},{"nomen":"","gender":"male","raw_name":"Ἀριστοκράτεος","cognomen":"Aristocrates","status":"probulos","cluster_id":1989,"cluster_size":2,"cluster_confidence":"low"},{"nomen":"","gender":"male","raw_name":"Εὐθυδάμω","cognomen":"Euthydamus","status":"probulos"},{"nomen":"","gender":"male","raw_name":"Ἐχεκράτεος","cognomen":"Echecrates","status":"probulos","cluster_id":1674,"cluster_size":2,"cluster_confidence":"low"},{"nomen":"","gender":"male","raw_name":"Ἀρίστωνος","cognomen":"Ariston","status":"proedicos","cluster_id":1896,"cluster_size":3,"cluster_confidence":"low"},{"nomen":"","gender":"male","raw_name":"Ἀγησάνδρω","cognomen":"Agesander","status":"proedicos"},{"nomen":"","gender":"male","raw_name":"Ὁνασίμω","cognomen":"Onasimus","status":"proedicos","cluster_id":1882,"cluster_size":11,"cluster_confidence":"low"},{"nomen":"","gender":"male","raw_name":"Καλλίππω","cognomen":"Callippus","status":"polemarchos","cluster_id":1639,"cluster_size":7,"cluster_confidence":"low"},{"nomen":"","gender":"male","raw_name":"Ὁνασίμω","cognomen":"Onasimus","status":"polemarchos","cluster_id":1882,"cluster_size":11,"cluster_confidence":"low"},{"nomen":"","gender":"male","raw_name":"Κριτόλα","cognomen":"Critolaus","status":"polemarchos"},{"nomen":"","gender":"male","raw_name":"Θευκόλω","cognomen":"Theucolus","status":"polemarchos"},{"nomen":"","gender":"male","raw_name":"Κλεομένεος","cognomen":"Cleomenes","status":"polemarchos"}]}},{"type":"Feature","geometry":{"type":"Point","coordinates":[16.27,38.24]},"properties":{"edcs_id":"EDCS-63000050","findspot":"Locri / Locri Epizephyrii","raw_text":"Αγκ ἐπὶ Εὐφραινέτω προβώλων προάρχον/τες Γαψ Διογένης Ἀγαθοκλέος Δυσ / Εὔθυμος Φιλίστω Αλχ Σωκράτης / Φιλίππω πρόδικοι Θρα Εὔφρω(ν) / Σαύρωνος Δυσ Δορκίων Εὐφρονίσκω / Πετ Ἠράκλητος Εὔφρονος / ἱαρομνάμονες ἐπὶ θησαυρῶι Θρα / Ἀγησίδαμος (Α)ἰνησιδάμω Κρα Εὔδαμος / Τίμωνος Φαω Φί(λ)ων Γνάθιος / ἐπὶ τούτων ἁ πόλις ἐχρήσατο πὰρ τῶ Διὸς / ἐκ τῶ θησαυρῶ δόγματι βωλᾶς καὶ δάμω / ἀποδόμεν δὲ ὄπω κα δοκεῖ καὶ ὀπόκα κα δοκε(ι) / Παλαμναίω |(τάλαντα) φάταρχος ὁ λαβὼν / Ανα Φιλιστίων Λεξία / Διονυσίω |(τάλαντα) φάταρχος ὁ λαβὼν / Λακ Σωσίδαμος / Ἀγρηίω |(τάλαντα) φάταρχος ὁ λαβὼν / Φαω Ἀρίστιππος Ἀριστοτέλεος / Δαματρίω |(τάλαντα) |(λίτραι) φάταρχος / ὁ λαβὼν Στρ Ὀνάσιμος Ἀρκείδα / Ἡρακλήιω |(τάλαντα) φάταρχος ὁ λαβὼν / Κρα Σωτήριχος Εὐφρονίσκω / Πανάμω |(τάλαντα) φάταρχος / ὁ λαβὼν Αγκ Φιλόστρατος Ὀνασίμω / κεφ(άλωμα) |(τάλαντα) |(λίτραι)","date_from":null,"date_to":null,"marker_gender":"male","is_individual":false,"edcs_url":"https://edcs.hist.uzh.ch/en/document?edcs-id=EDCS-63000050","persons":[{"nomen":"","gender":"male","raw_name":"Εὐφραινέτω","cognomen":"Euphrainetus","status":"probulos","cluster_id":1675,"cluster_size":4,"cluster_confidence":"low"},{"nomen":"","gender":"male","raw_name":"Διογένης","cognomen":"Diogenes","status":"probulos","cluster_id":1676,"cluster_size":4,"cluster_confidence":"low"},{"nomen":"","gender":"male","raw_name":"Ἀγαθοκλέος","cognomen":"Agathocles","status":"pater","cluster_id":1232,"cluster_size":7,"cluster_confidence":"low"},{"nomen":"","gender":"male","raw_name":"Εὔθυμος","cognomen":"Euthymus","status":"probulos","cluster_id":1231,"cluster_size":9,"cluster_confidence":"low"},{"nomen":"","gender":"male","raw_name":"Φιλίστω","cognomen":"Philistus","status":"pater","cluster_id":1677,"cluster_size":3,"cluster_confidence":"low"},{"nomen":"","gender":"male","raw_name":"Σωκράτης","cognomen":"Socrates","status":"probulos","cluster_id":1678,"cluster_size":3,"cluster_confidence":"low"},{"nomen":"","gender":"male","raw_name":"Φιλίππω","cognomen":"Philippus","status":"pater","cluster_id":1665,"cluster_size":6,"cluster_confidence":"low"},{"nomen":"","gender":"male","raw_name":"Εὔφρω(ν)","cognomen":"Euphron","status":"proedicos","cluster_id":1679,"cluster_size":8,"cluster_confidence":"low"},{"nomen":"","gender":"male","raw_name":"Σαύρωνος","cognomen":"Saurus","status":"pater","cluster_id":1680,"cluster_size":2,"cluster_confidence":"low"},{"nomen":"","gender":"male","raw_name":"Δορκίων","cognomen":"Dorcion","status":"proedicos","cluster_id":1681,"cluster_size":5,"cluster_confidence":"low"},{"nomen":"","gender":"male","raw_name":"Εὐφρονίσκω","cognomen":"Euphroniscus","status":"pater","cluster_id":1667,"cluster_size":9,"cluster_confidence":"low"},{"nomen":"","gender":"male","raw_name":"Ἠράκλητος","cognomen":"Heraclitus","status":"proedicos","cluster_id":1633,"cluster_size":6,"cluster_confidence":"low"},{"nomen":"","gender":"male","raw_name":"Εὔφρονος","cognomen":"Euphron","status":"pater","cluster_id":1679,"cluster_size":8,"cluster_confidence":"low"},{"nomen":"","gender":"male","raw_name":"Ἀγησίδαμος","cognomen":"Agesidamus","status":"hieromnemon","cluster_id":1933,"cluster_size":3,"cluster_confidence":"low"},{"nomen":"","gender":"male","raw_name":"(Α)ἰνησιδάμω","cognomen":"Aenesidamus","status":"pater"},{"nomen":"","gender":"male","raw_name":"Εὔδαμος","cognomen":"Eudamus","status":"hieromnemon"},{"nomen":"","gender":"male","raw_name":"Τίμωνος","cognomen":"Timon","status":"pater","cluster_id":1885,"cluster_size":6,"cluster_confidence":"low"},{"nomen":"","gender":"male","raw_name":"Φί(λ)ων","cognomen":"Philon","status":"hieromnemon","cluster_id":1178,"cluster_size":5,"cluster_confidence":"low"},{"nomen":"","gender":"male","raw_name":"Γνάθιος","cognomen":"Gnathius","status":"hieromnemon","cluster_id":1707,"cluster_size":3,"cluster_confidence":"low"},{"nomen":"","gender":"male","raw_name":"Φιλιστίων","cognomen":"Philistion","status":"fatarchos","cluster_id":1717,"cluster_size":5,"cluster_confidence":"low"},{"nomen":"","gender":"male","raw_name":"Λεξία","cognomen":"Lexias","status":"pater"},{"nomen":"","gender":"male","raw_name":"Διονυσίω","cognomen":"Dionysius","status":"fatarchos","cluster_id":1930,"cluster_size":2,"cluster_confidence":"low"},{"nomen":"","gender":"male","raw_name":"Σωσίδαμος","cognomen":"Sosidamus","status":"fatarchos"},{"nomen":"","gender":"male","raw_name":"Ἀγρηίω","cognomen":"Agreius","status":"fatarchos","cluster_id":1931,"cluster_size":2,"cluster_confidence":"low"},{"nomen":"","gender":"male","raw_name":"Ἀρίστιππος","cognomen":"Aristippus","status":"fatarchos","cluster_id":1640,"cluster_size":4,"cluster_confidence":"low"},{"nomen":"","gender":"male","raw_name":"Ἀριστοτέλεος","cognomen":"Aristoteles","status":"pater"},{"nomen":"","gender":"male","raw_name":"Δαματρίω","cognomen":"Damatrius","status":"fatarchos"},{"nomen":"","gender":"male","raw_name":"Ὀνάσιμος","cognomen":"Onasimus","status":"fatarchos","cluster_id":1882,"cluster_size":11,"cluster_confidence":"low"},{"nomen":"","gender":"male","raw_name":"Ἀρκείδα","cognomen":"Arcidas","status":"pater","cluster_id":2019,"cluster_size":4,"cluster_confidence":"low"},{"nomen":"","gender":"male","raw_name":"Ἡρακλήιω","cognomen":"Heraclius","status":"fatarchos"},{"nomen":"","gender":"male","raw_name":"Σωτήριχος","cognomen":"Soterichus","status":"fatarchos"},{"nomen":"","gender":"male","raw_name":"Εὐφρονίσκω","cognomen":"Euphroniscus","status":"pater","cluster_id":1667,"cluster_size":9,"cluster_confidence":"low"},{"nomen":"","gender":"male","raw_name":"Πανάμω","cognomen":"Panamus","status":"fatarchos"},{"nomen":"","gender":"male","raw_name":"Φιλόστρατος","cognomen":"Philostratus","status":"fatarchos","cluster_id":1648,"cluster_size":3,"cluster_confidence":"low"},{"nomen":"","gender":"male","raw_name":"Ὀνασίμω","cognomen":"Onasimus","status":"pater","cluster_id":1882,"cluster_size":11,"cluster_confidence":"low"}]}},{"type":"Feature","geometry":{"type":"Point","coordinates":[16.27,38.24]},"properties":{"edcs_id":"EDCS-63000051","findspot":"Locri / Locri Epizephyrii","raw_text":"Πυρ ἐπὶ Διογνήτω ἱαρομναμονεόντων Ψαθ Δωριμάχω Ζωΐλω / Αστ Μενάλκεος Γοργίδα Στρ Τίμων Τιμοκλέος προβώλων / προαρχόντων Γαψ Σάμωνος Σαμίππω Τηλ Καλλίστρατος / Θρασυμάχω Πυρ Ἀρκείδα Σωσίππω προδικεόντων Λακ (Ξ)ενανέτω / Κλευθήρω Κρα Προξένω Σαθύωνος Γαγ Εὐθύμω Εὐθυμίσκω ἁ πόλις ἐχρ/ήσατο πὰρ τῶ θεῶ βασιλεῖ ἐν τὰν συντέλειαν ἀπὸ τῶ αγυρθμῶ ἀργυρίω / |(τάλαντα) |(στατῆρες) |(λίτραι) |(οὐγκία) καὶ ἀπὸ τῶν τελέων πὰρ ταμιᾶν καὶ φατάρχων |(τάλαντα) |(στατήρ) / πυρῶν μεδίμνων hημικτέος τιμὰ τῶ μεδίμνω |(στατῆρες) παντὸς |(τάλαντα) |(τάλαντα) |(στατήρ) / κριθᾶν μεδίμνων hημικτέος τιμὰ τῶ μεδίμνω |(στατήρ) |(λίτραι) |(οὐγκία) |(οὐγκία) παντὸς / |(τάλαντα) |(λίτραι) |(οὐγκίαι) hυγρῶν καρπῶν |(τάλαντα) |(στατῆρες) hιαρᾶν μίστωμα / κὰτ τὸ δόγμα |(τάλαντα) δωρεᾶν τᾶν ἐπίτηνα τῶ hάληκος |(τάλαντα) κεφ(άλωμα) τῶν ἁ πόλις / ὀφήλει τῶι θεῶι Πυρ ἐπὶ Διογνήτω |(τάλαντα) |(στατῆρες) |(λίτρα) |(οὐγκίαι)","date_from":null,"date_to":null,"marker_gender":"male","is_individual":false,"edcs_url":"https://edcs.hist.uzh.ch/en/document?edcs-id=EDCS-63000051","persons":[{"nomen":"","gender":"male","raw_name":"Διογνήτω","cognomen":"Diognitus","status":"hieromnemon"},{"nomen":"","gender":"male","raw_name":"Δωριμάχω","cognomen":"Dorimachus","status":"hieromnemon"},{"nomen":"","gender":"male","raw_name":"Ζωΐλω","cognomen":"Zoilus","status":"hieromnemon","cluster_id":1654,"cluster_size":11,"cluster_confidence":"low"},{"nomen":"","gender":"male","raw_name":"Μενάλκεος","cognomen":"Menalces","status":"hieromnemon","cluster_id":1632,"cluster_size":3,"cluster_confidence":"low"},{"nomen":"","gender":"male","raw_name":"Γοργίδα","cognomen":"Gorgidas","status":"hieromnemon","cluster_id":1706,"cluster_size":3,"cluster_confidence":"low"},{"nomen":"","gender":"male","raw_name":"Τίμων","cognomen":"Timon","status":"hieromnemon","cluster_id":1885,"cluster_size":6,"cluster_confidence":"low"},{"nomen":"","gender":"male","raw_name":"Τιμοκλέος","cognomen":"Timocles","status":"pater"},{"nomen":"","gender":"male","raw_name":"Σάμωνος","cognomen":"Samon","status":"proarchon","cluster_id":1916,"cluster_size":2,"cluster_confidence":"low"},{"nomen":"","gender":"male","raw_name":"Σαμίππω","cognomen":"Samippus","status":"pater"},{"nomen":"","gender":"male","raw_name":"Καλλίστρατος","cognomen":"Callistratus","status":"proarchon"},{"nomen":"","gender":"male","raw_name":"Θρασυμάχω","cognomen":"Thrasymachus","status":"pater","cluster_id":1925,"cluster_size":3,"cluster_confidence":"low"},{"nomen":"","gender":"male","raw_name":"Ἀρκείδα","cognomen":"Arcidas","status":"proarchon","cluster_id":2019,"cluster_size":4,"cluster_confidence":"low"},{"nomen":"","gender":"male","raw_name":"Σωσίππω","cognomen":"Sosippus","status":"pater","cluster_id":1696,"cluster_size":13,"cluster_confidence":"low"},{"nomen":"","gender":"male","raw_name":"(Ξ)ενανέτω","cognomen":"Xenanetus","status":"proedicos"},{"nomen":"","gender":"male","raw_name":"Κλευθήρω","cognomen":"Cleutherus","status":"proedicos"},{"nomen":"","gender":"male","raw_name":"Προξένω","cognomen":"Proxenos","status":"proedicos","cluster_id":1183,"cluster_size":4,"cluster_confidence":"low"},{"nomen":"","gender":"male","raw_name":"Σαθύωνος","cognomen":"Sathyon","status":"pater","cluster_id":1938,"cluster_size":2,"cluster_confidence":"low"},{"nomen":"","gender":"male","raw_name":"Εὐθύμω","cognomen":"Euthymus","status":"proedicos","cluster_id":1231,"cluster_size":9,"cluster_confidence":"low"},{"nomen":"","gender":"male","raw_name":"Εὐθυμίσκω","cognomen":"Euthymiscus","status":"pater","cluster_id":1702,"cluster_size":3,"cluster_confidence":"low"}]}},{"type":"Feature","geometry":{"type":"Point","coordinates":[16.27,38.24]},"properties":{"edcs_id":"EDCS-63000052","findspot":"Locri / Locri Epizephyrii","raw_text":"Μνα ἐπὶ Καλλίππω προβώλων προάρχον/τες Θρα Φίλιππος Φιλιάρχω Κρα Ἐπίγονος / Ἀρίστωνος Προ Σώσιππος Σωσικράτεος προδίκων Λακ / Εὔφραστος Σωσιπόλιος Τιω Καλλικράτης Πρω/τογένεος Στρ Κάλλιππος Καλλία ἱερομνάμονε(ς) / ἐπὶ θησαυρῶι Ανξ Εὔθυμος Ὀναίω Δ(υ)σ Εὐφρονίσ/κος Σωσίππω Πυρ Ἀμεινοηλῆς Χαιρεσίλα ἐπὶ τού/των ἁ πόλις ἐχρήσατο δόγματι βωλᾶς καὶ δάμω / πὰρ τῶ θεῶ ἐν τὰν πυργοποιίαν Ἀρταμιτίω |(τάλαντα) |(λίτραι) / Παλαμναίω |(τάλαντα) |(στατῆρες) |(λίτραι) |(οὐγκίαι) Διονυσίω |(τάλαντα) / |(τάλαντα) |(στατήρ) |(λίτραι) |(οὐγκίαι) Ἱπποδρομίω |(τάλαντα) |(στατῆρες) |(λίτραι) |(οὐγκίαι) καὶ τῶ σιδάρω / τὰν τιμὰν |(τάλαντα) κεφ(άλωμα) |(τάλαντα) |(στατῆρες) |(λίτραι) |(οὐγκίαι)","date_from":null,"date_to":null,"marker_gender":"male","is_individual":false,"edcs_url":"https://edcs.hist.uzh.ch/en/document?edcs-id=EDCS-63000052","persons":[{"nomen":"","gender":"male","raw_name":"Φίλιππος Φιλιάρχω","cognomen":"Philippus","status":"proarchon, filius Philiarchi","cluster_id":1665,"cluster_size":6,"cluster_confidence":"low"},{"nomen":"","gender":"male","raw_name":"Ἐπίγονος Ἀρίστωνος","cognomen":"Epigonus","status":"proarchon, filius Aristonis","cluster_id":1879,"cluster_size":2,"cluster_confidence":"low"},{"nomen":"","gender":"male","raw_name":"Σώσιππος Σωσικράτεος","cognomen":"Sosippus","status":"prodicos, filius Sosicratis","cluster_id":1696,"cluster_size":13,"cluster_confidence":"low"},{"nomen":"","gender":"male","raw_name":"Εὔφραστος Σωσιπόλιος","cognomen":"Euphrastus","status":"filius Sosipolis","cluster_id":1711,"cluster_size":10,"cluster_confidence":"low"},{"nomen":"","gender":"male","raw_name":"Καλλικράτης Πρωτογένεος","cognomen":"Callicrates","status":"filius Protogenis","cluster_id":1245,"cluster_size":8,"cluster_confidence":"low"},{"nomen":"","gender":"male","raw_name":"Κάλλιππος Καλλία","cognomen":"Callippus","status":"hieromnemon, filius Calliae","cluster_id":1639,"cluster_size":7,"cluster_confidence":"low"},{"nomen":"","gender":"male","raw_name":"Εὔθυμος Ὀναίω","cognomen":"Euthymus","status":"hieromnemon, filius Onaii","cluster_id":1231,"cluster_size":9,"cluster_confidence":"low"},{"nomen":"","gender":"male","raw_name":"Εὐφρονίσκος Σωσίππω","cognomen":"Euphroniscus","status":"hieromnemon, filius Sosippi","cluster_id":1667,"cluster_size":9,"cluster_confidence":"low"},{"nomen":"","gender":"male","raw_name":"Ἀμεινοηλῆς Χαιρεσίλα","cognomen":"Ameinoeles","status":"hieromnemon, filius Charesila"}]}},{"type":"Feature","geometry":{"type":"Point","coordinates":[16.27,38.24]},"properties":{"edcs_id":"EDCS-63000053","findspot":"Locri / Locri Epizephyrii","raw_text":"Τυν ἐπὶ Γνίφωνος προβώλων προάρχοντες Τυν Λύκων Λυκίδα / Τιω Εὐφρονίσκος Λύσωνος Γαγ Ὀνάσιμος Σωσικράτεος / Πρόδικοι Θρα Κράτων Θήρωνος Σωτ Νικόδαμος Τίμωνος / Στρ Τίμων Τιμοκλέος ἱαρομνάμονες ἐπὶ θησαυρῶι / Ανα Κοπρίων Εὐφάνεος Τηλ Ὄρθων Σιλανῶ Λογ / Νίκιππος Φιλισστίωνος ἐπὶ τούτων ἁ πόλις / ἐχρήσατο πὰρ τῶ Διὸς δόγματι βωλᾶς καὶ δάμω / ἀργυρίω |(τάλαντα) |(λίτραι) |(οὐγκίαι) / καὶ τῶ σίτω τᾶς ἐνάτας τὰν ὁ βασιλεύς ἔλαβε τιμάν |(τάλαντον) / ἁ χρῆστις ἐν τὰν ὁχύρωσιν τᾶς πόλιος καὶ ποὶ τὰ βέλεα","date_from":null,"date_to":null,"marker_gender":"male","is_individual":false,"edcs_url":"https://edcs.hist.uzh.ch/en/document?edcs-id=EDCS-63000053","persons":[{"nomen":"","gender":"male","raw_name":"Λύκων Λυκίδα","cognomen":"Lycon","status":"proarchon, filius Lycidae"},{"nomen":"","gender":"male","raw_name":"Εὐφρονίσκος Λύσωνος","cognomen":"Euphroniscus","status":"proarchon, filius Lysonis","cluster_id":1667,"cluster_size":9,"cluster_confidence":"low"},{"nomen":"","gender":"male","raw_name":"Ὀνάσιμος Σωσικράτεος","cognomen":"Onasimus","status":"proarchon, filius Sosicratis","cluster_id":1882,"cluster_size":11,"cluster_confidence":"low"},{"nomen":"","gender":"male","raw_name":"Κράτων Θήρωνος","cognomen":"Craton","status":"prodicos, filius Theronis","cluster_id":1883,"cluster_size":3,"cluster_confidence":"low"},{"nomen":"","gender":"male","raw_name":"Νικόδαμος Τίμωνος","cognomen":"Nicodamus","status":"prodicos, filius Timonis","cluster_id":1884,"cluster_size":5,"cluster_confidence":"low"},{"nomen":"","gender":"male","raw_name":"Τίμων Τιμοκλέος","cognomen":"Timon","status":"prodicos, filius Timoclis","cluster_id":1885,"cluster_size":6,"cluster_confidence":"low"},{"nomen":"","gender":"male","raw_name":"Κοπρίων Εὐφάνεος","cognomen":"Coprion","status":"hieromnemon, filius Euphani"},{"nomen":"","gender":"male","raw_name":"Ὄρθων Σιλανῶ","cognomen":"Orthon","status":"hieromnemon, filius Silani"},{"nomen":"","gender":"male","raw_name":"Νίκιππος Φιλισστίωνος","cognomen":"Nicippus","status":"hieromnemon, filius Philistionis"}]}},{"type":"Feature","geometry":{"type":"Point","coordinates":[16.27,38.24]},"properties":{"edcs_id":"EDCS-63000054","findspot":"Locri / Locri Epizephyrii","raw_text":"(Θ)εός Αλχ ἐπὶ Φαικίωνος hιερομναμονώντων / ἐπὶ θησαυρῶι Ψαθ Σωσιστράτω Φιλοκράτεος / Βοω Σωσίππω Φιλύκω Πυρ Μενίπω Σίλωνος / προβώλων προαρχόντων Θρα Εὐφάνεος Μενεδάμω / Τιω Καλλικράτεος Πρωτογένεος Αλχ Ξένωνος / Σωσίππω προδικεόντων Ευρ Δορκίων(ο)ς Δορκίππω / Κρα Εὐθύμω Ἀριστίππω Λογ Ἐπαινέτω Σιμία / ἐχρήσαμες δόγματι βωλᾶς καὶ τῶ δάμω ἐν τὰν / πυργοποιίαν τῶν τῶ θεῶ τάλαντα |(τάλαντα) |(στατῆρες) |(λίτραι) [3] / καταβόλως δύο / Φ(αικίων) / Σ(ωσίστρατος) Σ(ώσιππος) Μ(ένιπος)","date_from":null,"date_to":null,"marker_gender":"male","is_individual":false,"edcs_url":"https://edcs.hist.uzh.ch/en/document?edcs-id=EDCS-63000054","persons":[{"nomen":"","gender":"male","raw_name":"Σωσιστράτω Φιλοκράτεος","cognomen":"Sosistratus","status":"hieromnemon, filius Philocratis","cluster_id":1889,"cluster_size":2,"cluster_confidence":"low"},{"nomen":"","gender":"male","raw_name":"Σωσίππω Φιλύκω","cognomen":"Sosippus","status":"hieromnemon, filius Philyci","cluster_id":1696,"cluster_size":13,"cluster_confidence":"low"},{"nomen":"","gender":"male","raw_name":"Μενίπω Σίλωνος","cognomen":"Menippus","status":"hieromnemon, filius Silonis"},{"nomen":"","gender":"male","raw_name":"Εὐφάνεος Μενεδάμω","cognomen":"Euphanes","status":"proarchon, filius Menedami","cluster_id":1708,"cluster_size":2,"cluster_confidence":"low"},{"nomen":"","gender":"male","raw_name":"Καλλικράτεος Πρωτογένεος","cognomen":"Callicrates","status":"proarchon, filius Protogenis","cluster_id":1245,"cluster_size":8,"cluster_confidence":"low"},{"nomen":"","gender":"male","raw_name":"Ξένωνος Σωσίππω","cognomen":"Xenon","status":"proarchon, filius Sosippi","cluster_id":1712,"cluster_size":3,"cluster_confidence":"low"},{"nomen":"","gender":"male","raw_name":"Δορκίωνος Δορκίππω","cognomen":"Dorcion","status":"prodicos, filius Dorcippi","cluster_id":1681,"cluster_size":5,"cluster_confidence":"low"},{"nomen":"","gender":"male","raw_name":"Εὐθύμω Ἀριστίππω","cognomen":"Euthymus","status":"prodicos, filius Aristippi","cluster_id":1231,"cluster_size":9,"cluster_confidence":"low"},{"nomen":"","gender":"male","raw_name":"Ἐπαινέτω Σιμία","cognomen":"Epainetus","status":"prodicos, filius Simiae","cluster_id":1891,"cluster_size":2,"cluster_confidence":"low"}]}},{"type":"Feature","geometry":{"type":"Point","coordinates":[16.27,38.24]},"properties":{"edcs_id":"EDCS-63000055","findspot":"Locri / Locri Epizephyrii","raw_text":"Κυλ ἐπὶ Νικοδάμω προβώλων / προάρχοντες Θρα Γλαυκίας Σωσι/βίω{ι} Τιω{ι} Νέαιθος Χαρίλα Αγκ Φίλυ/κος Ζωΐλω πρόδικοι Κοβ Σωσικράτης / Σωσίππω Σκα Ἀλκίας Ἀλκίμω Αγκ / Λεωνίδας Ἀπίω (hιε)ρομνάμονες ἐπὶ / θησαυρῶι Λακ Σωσικράτης Ἀπημάντω / Βοω Ἀρίστων Φίλωνος Φαω Ὄναιος / Χαρίλα ἐπὶ τούτων ἁ πόλις ἐχρήσατο / τῶ λαφυρικῶ |(τάλαντα) |(στατῆρες) |(λίτραι) |(οὐγκίαι)","date_from":null,"date_to":null,"marker_gender":"male","is_individual":false,"edcs_url":"https://edcs.hist.uzh.ch/en/document?edcs-id=EDCS-63000055","persons":[{"nomen":"","gender":"male","raw_name":"Γλαυκίας Σωσιβίω","cognomen":"Glaucias","status":"proarchon, filius Sosibi","cluster_id":1892,"cluster_size":3,"cluster_confidence":"low"},{"nomen":"","gender":"male","raw_name":"Νέαιθος Χαρίλα","cognomen":"Neaithus","status":"proarchon, filius Charila","cluster_id":1893,"cluster_size":3,"cluster_confidence":"low"},{"nomen":"","gender":"male","raw_name":"Φίλυκος Ζωΐλω","cognomen":"Philycus","status":"proarchon, filius Zoili","cluster_id":1894,"cluster_size":2,"cluster_confidence":"low"},{"nomen":"","gender":"male","raw_name":"Σωσικράτης Σωσίππω","cognomen":"Sosicrates","status":"prodicos, filius Sosippi","cluster_id":1690,"cluster_size":7,"cluster_confidence":"low"},{"nomen":"","gender":"male","raw_name":"Ἀλκίας Ἀλκίμω","cognomen":"Alcias","status":"prodicos, filius Alcimi","cluster_id":1671,"cluster_size":2,"cluster_confidence":"low"},{"nomen":"","gender":"male","raw_name":"Λεωνίδας Ἀπίω","cognomen":"Leonidas","status":"prodicos, filius Apii"},{"nomen":"","gender":"male","raw_name":"Σωσικράτης Ἀπημάντω","cognomen":"Sosicrates","status":"hieromnemon, filius Apemanti","cluster_id":1690,"cluster_size":7,"cluster_confidence":"low"},{"nomen":"","gender":"male","raw_name":"Ἀρίστων Φίλωνος","cognomen":"Ariston","status":"hieromnemon, filius Philonis","cluster_id":1896,"cluster_size":3,"cluster_confidence":"low"},{"nomen":"","gender":"male","raw_name":"Ὄναιος Χαρίλα","cognomen":"Onaius","status":"hieromnemon, filius Charila","cluster_id":1897,"cluster_size":4,"cluster_confidence":"low"}]}},{"type":"Feature","geometry":{"type":"Point","coordinates":[16.27,38.24]},"properties":{"edcs_id":"EDCS-63000056","findspot":"Locri / Locri Epizephyrii","raw_text":"Κοβ ἐπὶ Εὐχέλα προβώλων προάρχοντες / Θρα Θράσων Εὐκλείδα Μνα Εὐφρονίσκος Ἀμυνάνδρω / Γαγ Ἀλικίδας Εὐκλείδα πρόδικοι Λακ Θέων Καλλίππω / Σκα Σιμίας Λέοντος Πυρ Εὐφραῖος Χαρίλα - ἱερομνά/μονες ἐπὶ θησαυρῶι Ψαθ Σάτυρος Ἀριστοκρίτω Μνα / Σωσίλας Ἀθανίππω Φαω Μενέδαμος Λαγίσκω / ἐπὶ τούτων ἁ πόλις ἐχρήσατο πὰρ τῶ Διὸς τῶ σίτω τῶ ἐν / τὰν τιμὰν |(τάλαντα) |(στατήρ) |(λίτραι) ἄλλω σίτω τὸ κατεχρήσατο / ἁ πόλις |(μεδίμνα) τούταν τιμὰ τῶ μεδίμνω |(στατῆρες) / πᾶν |(τάλαντα) |(λίτραι) / καὶ πυρῶν μεδίμνων τούτων τιμὰ |(τάλαντα) |(στατῆρες) |(λίτραι) / κεφ(άλωμα) τῶν ὁ χαλκὸς ἔχει |(τάλαντα) |(στατήρ) |(λίτραι)","date_from":null,"date_to":null,"marker_gender":"male","is_individual":false,"edcs_url":"https://edcs.hist.uzh.ch/en/document?edcs-id=EDCS-63000056","persons":[{"nomen":"","gender":"male","raw_name":"Θράσων Εὐκλείδα","cognomen":"Thrason","status":"proarchon, filius Euclidae","cluster_id":1898,"cluster_size":3,"cluster_confidence":"low"},{"nomen":"","gender":"male","raw_name":"Εὐφρονίσκος Ἀμυνάνδρω","cognomen":"Euphroniscus","status":"proarchon, filius Amynandri","cluster_id":1667,"cluster_size":9,"cluster_confidence":"low"},{"nomen":"","gender":"male","raw_name":"Ἀλικίδας Εὐκλείδα","cognomen":"Alicidas","status":"proarchon, filius Euclidae"},{"nomen":"","gender":"male","raw_name":"Θέων Καλλίππω","cognomen":"Theon","status":"prodicos, filius Callippi","cluster_id":1900,"cluster_size":6,"cluster_confidence":"low"},{"nomen":"","gender":"male","raw_name":"Σιμίας Λέοντος","cognomen":"Simias","status":"prodicos, filius Leonis","cluster_id":1901,"cluster_size":5,"cluster_confidence":"low"},{"nomen":"","gender":"male","raw_name":"Εὐφραῖος Χαρίλα","cognomen":"Euphraius","status":"prodicos, filius Charila","cluster_id":1902,"cluster_size":3,"cluster_confidence":"low"},{"nomen":"","gender":"male","raw_name":"Σάτυρος Ἀριστοκρίτω","cognomen":"Satyrus","status":"hieromnemon, filius Aristocriti","cluster_id":1651,"cluster_size":2,"cluster_confidence":"low"},{"nomen":"","gender":"male","raw_name":"Σωσίλας Ἀθανίππω","cognomen":"Sosilas","status":"hieromnemon, filius Athanippi","cluster_id":1903,"cluster_size":3,"cluster_confidence":"low"},{"nomen":"","gender":"male","raw_name":"Μενέδαμος Λαγίσκω","cognomen":"Menedamus","status":"hieromnemon, filius Lagisci","cluster_id":1673,"cluster_size":7,"cluster_confidence":"low"}]}},{"type":"Feature","geometry":{"type":"Point","coordinates":[16.27,38.24]},"properties":{"edcs_id":"EDCS-63000057","findspot":"Locri / Locri Epizephyrii","raw_text":"Ομβ ἐπὶ Σωσίππω ἱερομναμονε/όντων ἐπὶ θησαυρῶι Ψαθ / Σωσάνδρω Βοω Φιλωνίδα Στρ / Σωσίππω προβώλων Γαψ / Ἀγαθοκλέος Δυσ Μεγακλέος / Φαω Ἀρχέλα προδικεόντων Θρα / Εὐφράστω Αστ Θράσωνος Πυρ / Ἀμεινοκλέος ἐχρήσατο ἁ πόλις / πὰρ τῶ θεῶ δόγματι βωλᾶς κ[αὶ] / δάμω ἐν τὰν πυργοποίαν τᾶς γ[ᾶς] / τὼς δύο καταβόλως / |(τάλαντα) |(στατῆρες) |(λίτραι)","date_from":null,"date_to":null,"marker_gender":"male","is_individual":false,"edcs_url":"https://edcs.hist.uzh.ch/en/document?edcs-id=EDCS-63000057","persons":[{"nomen":"","gender":"male","raw_name":"Σωσίππω","cognomen":"Sosippus","status":"hieromnemon","cluster_id":1696,"cluster_size":13,"cluster_confidence":"low"},{"nomen":"","gender":"male","raw_name":"Σωσάνδρω","cognomen":"Sosander","cluster_id":1904,"cluster_size":2,"cluster_confidence":"low"},{"nomen":"","gender":"male","raw_name":"Φιλωνίδα","cognomen":"Philonidas","cluster_id":1664,"cluster_size":6,"cluster_confidence":"low"},{"nomen":"","gender":"male","raw_name":"Σωσίππω","cognomen":"Sosippus","status":"proarchon","cluster_id":1696,"cluster_size":13,"cluster_confidence":"low"},{"nomen":"","gender":"male","raw_name":"Ἀγαθοκλέος","cognomen":"Agathocles","status":"proarchon","cluster_id":1232,"cluster_size":7,"cluster_confidence":"low"},{"nomen":"","gender":"male","raw_name":"Μεγακλέος","cognomen":"Megacles","status":"proarchon","cluster_id":1905,"cluster_size":2,"cluster_confidence":"low"},{"nomen":"","gender":"male","raw_name":"Ἀρχέλα","cognomen":"Archelaus","status":"proarchon","cluster_id":1906,"cluster_size":2,"cluster_confidence":"low"}]}},{"type":"Feature","geometry":{"type":"Point","coordinates":[16.27,38.24]},"properties":{"edcs_id":"EDCS-63000058","findspot":"Locri / Locri Epizephyrii","raw_text":"Λακ [3] ἐπὶ Φιλώνδα προβώλων προαρχόντων / Ανα Χαιρεδάμω Φαικύλω Τιω Σιμία Ἀντιόχω / Γαγ [3] Φιλοκλέος Φιλώνδα προδικεόντων Τυν / Θεώνδα Θευδότω Σκα Φιλίππω Σατύρω Λογ / Πέλλιος Ἐπαινέτω ἱαρομναμονεόντων ἐπὶ θη/σαυρῶι Θρα Γλαυκία Σωσιβίω Τιω Καλλία Καλλίππω / Αγκ [3] Ἀντιδώρω Κράτωνος ἁ πόλις ἐχρήσατο πὰρ τῶ θεῶ / βασιλεῖ ἐν τὰν συντέλειαν ἀπὸ τῶν ἀγυρθμ{ν}(ῶ)ν / Βουκατίω |(τάλαντα) [3] |(λίτραι) |(οὐγκίαι) Ἀθανάω / |(τάλαντα) |(λίτραι) |(οὐγκία) Διο{νυ}σίω |(τάλαντα) |(στατήρ) / ἀπὸ τῶν τελέων |(τάλαντα) |(στατῆρες) hυγρῶν καρπῶν |(τάλαντα) |(στατῆρες) / |(λίτραι) τῶ σίτω τῶν πυρῶν |(τάλαντα) |(στατῆρες) |(λίτραι) τᾶν κρι/θᾶν |(τάλαντα) |(στατήρ) |(λίτραι) hιαρᾶν μίστωμα |(τάλαντα) δωρεὰν / τᾶν ἐπίτηνα τῶ hάληκος |(τάλαντα) |(στατῆρες) πλ(ί)νθων γαίναν / τιμὰ |(τάλαντα) |(στατήρ) |(λίτραι) κεφ(άλωμα) τῶ[ν] ἁ πόλις ὀφήλει τῶι θεῶι τῶν / (Λ)ακ ἐπὶ Φιλώνδα |(τάλαντα) |(στατῆρες) |(οὐγκία)","date_from":null,"date_to":null,"marker_gender":"male","is_individual":false,"edcs_url":"https://edcs.hist.uzh.ch/en/document?edcs-id=EDCS-63000058","persons":[{"nomen":"","gender":"male","raw_name":"Φιλώνδα","cognomen":"Philyndas","status":"proarchon"},{"nomen":"","gender":"male","raw_name":"Χαιρεδάμω Φαικύλω","cognomen":"Chaeridamus","status":"proarchon, filius Phaycyli"},{"nomen":"","gender":"male","raw_name":"Σιμία Ἀντιόχω","cognomen":"Simias","status":"proarchon, filius Antiochi","cluster_id":1901,"cluster_size":5,"cluster_confidence":"low"},{"nomen":"","gender":"male","raw_name":"Φιλοκλέος Φιλώνδα","cognomen":"Philocles","status":"proarchon, filius Philyndae","cluster_id":1909,"cluster_size":2,"cluster_confidence":"low"},{"nomen":"","gender":"male","raw_name":"Θεώνδα Θευδότω","cognomen":"Theondas","status":"prodicos, filius Theudoti","cluster_id":1910,"cluster_size":2,"cluster_confidence":"low"},{"nomen":"","gender":"male","raw_name":"Φιλίππω Σατύρω","cognomen":"Philippus","status":"prodicos, filius Satyri","cluster_id":1665,"cluster_size":6,"cluster_confidence":"low"},{"nomen":"","gender":"male","raw_name":"Πέλλιος Ἐπαινέτω","cognomen":"Pellius","status":"prodicos, filius Epaineti"},{"nomen":"","gender":"male","raw_name":"Γλαυκία Σωσιβίω","cognomen":"Glaucias","status":"hieromnemon, filius Sosibi","cluster_id":1892,"cluster_size":3,"cluster_confidence":"low"},{"nomen":"","gender":"male","raw_name":"Καλλία Καλλίππω","cognomen":"Callias","status":"hieromnemon, filius Callippi"},{"nomen":"","gender":"male","raw_name":"Ἀντιδώρω Κράτωνος","cognomen":"Antidorus","status":"hieromnemon, filius Cratonis","cluster_id":1913,"cluster_size":2,"cluster_confidence":"low"}]}},{"type":"Feature","geometry":{"type":"Point","coordinates":[16.27,38.24]},"properties":{"edcs_id":"EDCS-63000059","findspot":"Locri / Locri Epizephyrii","raw_text":"[Σωτ ἐπὶ Ὀ]ναίω προβώλων προαρχόντων Ευρ Νεαί[θω Χαριξένω Μνα] / [Εὐφράσ]τω Ξένωνος Λογ Ἀριστείδα Ἀρκεσίλα προδίκων [Γαψ Εὐφράστω] / [Εὐ]κλείδα Τηλ Χαριδάμω Χαρίλα Αγφ Ὀναίω Φρασί[λα ἱαρομναμονεόντων] / ἐπὶ θησαυρῶι Ψαθ Φιλιστίωνος Φιλίσκω Δυσ Χαιρεσίλα Π[λάτωνος Προ Τιμασιπόλιος] / Κλεοσθένεος ἁ πόλις ἐχρήσατο βασιλεῖ ἐν τὰν συν[τέλειαν δόγματι βωλᾶς] / καὶ δάμω πὰρ τῶ θεῶ ἀπὸ τῶγ καταβόλων Ἀρταματίω |(τάλαντα) |(λίτραι) [3] / Παλαμναίω |(τάλαντα) |(στατήρ) |(λίτραι) Ἀγρηίω |(τάλαντα) |(στατῆρες) Ἱπ[ποδρομίω] / |(τάλαντα) |(στατῆρες) |(λίτραι) |(οὐγκίαι) ἐμβολίμω |(τάλαντα) |(στατήρ) |(λίτραι) |(οὐγκίαι) ἀγιᾶν [3] / |(τάλαντα) |(λίτραι) ἱαρᾶμ μίστωμα κἀτ τὸ δόγμα |(τάλαντα) δωρεᾶν τᾶ[ν ἐπίτηνα τῶ Ἄληκος] / |(τάλαντα) καὶ ἀπὸ τῶν τελέων |(τάλαντα) |(στατῆρες) |(λίτραι) καὶ τῶ σίτω τ[ῶν πυρῶν] / μεδίμνων τετιμαμένω τῶ μεδί[μνω 3 πᾶν] / τῶμ πυρῶν |(τάλαντα) |(στατῆρες) |(λίτραι) κριθᾶν μεδίμ[νων 3] / τετιμαμένω τῶ μεδίμνω |(στατήρ) πᾶν τᾶγ κριθ[ᾶν 3] / ὑγρῶγ καρπῶν |(τάλαντα) |(στατῆρες) |(λίτραι) |(οὐγκίαι) κεφ(άλωμα) |(τάλαντα) [3]","date_from":null,"date_to":null,"marker_gender":"male","is_individual":false,"edcs_url":"https://edcs.hist.uzh.ch/en/document?edcs-id=EDCS-63000059","persons":[{"nomen":"","gender":"male","raw_name":"Ὀναίω","cognomen":"Onaius","status":"proarchon","cluster_id":1897,"cluster_size":4,"cluster_confidence":"low"},{"nomen":"","gender":"male","raw_name":"Νεαίθω Χαριξένω","cognomen":"Neaithus","status":"proarchon, filius Charixeni","cluster_id":1893,"cluster_size":3,"cluster_confidence":"low"},{"nomen":"","gender":"male","raw_name":"Εὐφράστω Ξένωνος","cognomen":"Euphrastus","status":"proarchon, filius Xenonis","cluster_id":1711,"cluster_size":10,"cluster_confidence":"low"},{"nomen":"","gender":"male","raw_name":"Ἀριστείδα Ἀρκεσίλα","cognomen":"Aristidas","status":"prodicos, filius Arcesila"},{"nomen":"","gender":"male","raw_name":"Εὐφράστω Εὐκλείδα","cognomen":"Euphrastus","status":"prodicos, filius Euclidae","cluster_id":1711,"cluster_size":10,"cluster_confidence":"low"},{"nomen":"","gender":"male","raw_name":"Χαριδάμω Χαρίλα","cognomen":"Charidamus","status":"prodicos, filius Charila","cluster_id":1714,"cluster_size":3,"cluster_confidence":"low"},{"nomen":"","gender":"male","raw_name":"Ὀναίω Φρασίλα","cognomen":"Onaius","status":"prodicos, filius Phrasila","cluster_id":1897,"cluster_size":4,"cluster_confidence":"low"},{"nomen":"","gender":"male","raw_name":"Φιλιστίωνος Φιλίσκω","cognomen":"Philistion","status":"hieromnemon, filius Philisci","cluster_id":1717,"cluster_size":5,"cluster_confidence":"low"},{"nomen":"","gender":"male","raw_name":"Χαιρεσίλα Πλάτωνος","cognomen":"Charesila","status":"hieromnemon, filius Platonis"},{"nomen":"","gender":"male","raw_name":"Τιμασιπόλιος Κλεοσθένεος","cognomen":"Timasipolis","status":"hieromnemon, filius Cleosthenis","cluster_id":1698,"cluster_size":5,"cluster_confidence":"low"}]}},{"type":"Feature","geometry":{"type":"Point","coordinates":[16.27,38.24]},"properties":{"edcs_id":"EDCS-63000060","findspot":"Locri / Locri Epizephyrii","raw_text":"Γαγ ἐπὶ Ἐπαινέτω ἐνβολίμω ἔδοξε τᾶι βωλᾶι καὶ τῶι δάμωι τῶς ἱαρομνάμονας τώς ἐπὶ θη/σαυρῶι κατθέμεν ἐν τὸν θησαυρὸν ἐν χαλκὸν γράψαντας τὰν ὀφηλὰν τὰν ἐχρήσατο ἁ πόλις πὰρ τῶ θεῶ / |(τάλαντα) ἱαρομνάμονες ἐπὶ θησαυρῶι τοὶ χρήσαντες Γαψ Σάμων Σαμίππω Δυσ Ἀπιάδας / Ἀριστείδα Αλχ Ἀρίστων Μνάσωνος προβώλων προ{1}άρχοντες Ψαθ Γνάθις Φρυνίωνος / Τιω Κάλλιππος Καλλία Προ Νικίας Πύρρωνος προδίκων Κοβ Ἀγίων / Χαριξένω Τηλ Ἀμάνιτο(ς) Φιλομήλω Αλχ Μένων Εὐφραινέτω / λογιστῆρες Θρα Φρασίλας Φιλιστίωνος Τιω Φιλίαρχος Φιλοδάμω / Φαω Εὔφραστος Χαρμίδα","date_from":null,"date_to":null,"marker_gender":"male","is_individual":false,"edcs_url":"https://edcs.hist.uzh.ch/en/document?edcs-id=EDCS-63000060","persons":[{"nomen":"","gender":"male","raw_name":"Ἐπαινέτω","cognomen":"Epainetus","status":"hieromnemon","cluster_id":1891,"cluster_size":2,"cluster_confidence":"low"},{"nomen":"","gender":"male","raw_name":"Σάμων Σαμίππω","cognomen":"Samon","status":"hieromnemon, filius Samippi","cluster_id":1916,"cluster_size":2,"cluster_confidence":"low"},{"nomen":"","gender":"male","raw_name":"Ἀπιάδας Ἀριστείδα","cognomen":"Apiadas","status":"hieromnemon, filius Aristidae"},{"nomen":"","gender":"male","raw_name":"Ἀρίστων Μνάσωνος","cognomen":"Ariston","status":"hieromnemon, filius Mnasonis","cluster_id":1896,"cluster_size":3,"cluster_confidence":"low"},{"nomen":"","gender":"male","raw_name":"Γνάθις Φρυνίωνος","cognomen":"Gnathis","status":"proarchon, filius Phrunionis","cluster_id":1119,"cluster_size":5,"cluster_confidence":"low"},{"nomen":"","gender":"male","raw_name":"Κάλλιππος Καλλία","cognomen":"Callippus","status":"proarchon, filius Calliae","cluster_id":1639,"cluster_size":7,"cluster_confidence":"low"},{"nomen":"","gender":"male","raw_name":"Νικίας Πύρρωνος","cognomen":"Nicias","status":"prodicos, filius Pyrrhonis","cluster_id":1918,"cluster_size":2,"cluster_confidence":"low"},{"nomen":"","gender":"male","raw_name":"Ἀγίων Χαριξένω","cognomen":"Agion","status":"prodicos, filius Charixeni"},{"nomen":"","gender":"male","raw_name":"Ἀμάνιτος Φιλομήλω","cognomen":"Amanitus","status":"prodicos, filius Philomeli"},{"nomen":"","gender":"male","raw_name":"Μένων Εὐφραινέτω","cognomen":"Menon","status":"prodicos, filius Euphraineti","cluster_id":1921,"cluster_size":2,"cluster_confidence":"low"},{"nomen":"","gender":"male","raw_name":"Φρασίλας Φιλιστίωνος","cognomen":"Phrasilas","status":"logistes, filius Philistionis","cluster_id":1716,"cluster_size":2,"cluster_confidence":"low"},{"nomen":"","gender":"male","raw_name":"Φιλίαρχος Φιλοδάμω","cognomen":"Philiarchus","status":"logistes, filius Philodami","cluster_id":1922,"cluster_size":2,"cluster_confidence":"low"},{"nomen":"","gender":"male","raw_name":"Εὔφραστος Χαρμίδα","cognomen":"Euphrastus","status":"logistes, filius Charmidae","cluster_id":1711,"cluster_size":10,"cluster_confidence":"low"}]}},{"type":"Feature","geometry":{"type":"Point","coordinates":[16.27,38.24]},"properties":{"edcs_id":"EDCS-63000061","findspot":"Locri / Locri Epizephyrii","raw_text":"[Τηλ ἐπὶ Εὐθυ]μίδα π[ροβώλων] προάρχοντε[ς 3] / [Κυ]λ Ἀγέλοχος Ἀλεξ{ι}δάμω Γαγ Σαμίων Ἱ[έρωνος] / [πρόδικοι] Σκι Σωσῖνος Ζωΐππω Τηλ Θρασύμαχος Νικία [3] / [3] Τιμαίω ἱαρομνάμονες ἐπὶ θησαυρῶι Σκι Εὐ[3] / [3] Αστ Ἀρχέλας Κλεάνδρω Πυρ Ξενοχάρις Φαλάκρῳ / [ἐπὶ τούτων ἁ] πόλις ἐχρήσατο ἐκ τῶ θησαυρῶ χρυσίω |(τάλαντα) [3] / [τοῦ τάδε] ἀπέδωκε ἐπὶ τῶν αὐτῶν ἀρχόντων λέβητα ἐντορε[υόμε]/[νον χ]άλκεον ἐν ταλάντοις τριάκοντα λοιπὰ τᾶς ὀφηλᾶς |(τάλαντα) [|(τάλαντα) 3]","date_from":null,"date_to":null,"marker_gender":"male","is_individual":false,"edcs_url":"https://edcs.hist.uzh.ch/en/document?edcs-id=EDCS-63000061","persons":[{"nomen":"","gender":"male","raw_name":"Εὐθυμίδα","cognomen":"Euthymidas","status":"proarchon","cluster_id":1682,"cluster_size":2,"cluster_confidence":"low"},{"nomen":"","gender":"male","raw_name":"Ἀγέλοχος Ἀλεξιδάμω","cognomen":"Agelochus","status":"proarchon, filius Alexidami","cluster_id":1923,"cluster_size":2,"cluster_confidence":"low"},{"nomen":"","gender":"male","raw_name":"Σαμίων Ἱέρωνος","cognomen":"Samion","status":"proarchon, filius Hieronis","cluster_id":1669,"cluster_size":4,"cluster_confidence":"low"},{"nomen":"","gender":"male","raw_name":"Σωσῖνος Ζωΐππω","cognomen":"Sosinos","status":"prodicos, filius Zoippi"},{"nomen":"","gender":"male","raw_name":"Θρασύμαχος Νικία","cognomen":"Thrasymachus","status":"prodicos, filius Nicia","cluster_id":1925,"cluster_size":3,"cluster_confidence":"low"},{"nomen":"","gender":"male","raw_name":"Ἀρχέλας Κλεάνδρω","cognomen":"Archelas","status":"hieromnemon, filius Cleandri"},{"nomen":"","gender":"male","raw_name":"Ξενοχάρις Φαλάκρῳ","cognomen":"Xenocharis","status":"hieromnemon, filius Phalcri"}]}},{"type":"Feature","geometry":{"type":"Point","coordinates":[16.27,38.24]},"properties":{"edcs_id":"EDCS-63000062","findspot":"Locri / Locri Epizephyrii","raw_text":"[Θρα ἐ]πὶ Ἡρακλήτω ἐπὶ θησαυρῶι / [3 Ἀ]ριστόδαμος Αστ Κάλλιππος Αγκ / [3]+ος πρό(δικοι) Ομβ Τηλοκλῆς Βοω Φάων / [3]λος προβώλων προάρχοντες / [3]+αιος Σωτ Σῖμος Αγκ Σωσικράτης / [πὰρ τ]ῶ Διὸς ἐχρήσθη δόγματι βωλᾶς / [φατά]ρχωι τῶν δυώδεκα προστάται μῆνα / Διονύσιον Τιω Φιλωνίδαι |(τάλαντα) ἄλλα / φατάρχωι τῶν δυώδεκα προστάται μῆνα / Ἀγρήιον Σκι Σίλωνι |(τάλαντα) ἄλλα προ/στάται μῆνα Πάναμον φατάρ/[χ]ωι τῶν δυώδεκα Κοβ Ἀρχίππωι |(τάλαντα) / [κεφά]λωμα τῶν ἐχρήσατο ἁ πόλις Θρα / [ἐπὶ Ἡρακ]λήτω |(τάλαντα)","date_from":null,"date_to":null,"marker_gender":"male","is_individual":false,"edcs_url":"https://edcs.hist.uzh.ch/en/document?edcs-id=EDCS-63000062","persons":[{"nomen":"","gender":"male","raw_name":"Ἡρακλήτω","cognomen":"Heraclitus","status":"proarchon","cluster_id":1633,"cluster_size":6,"cluster_confidence":"low"},{"nomen":"","gender":"male","raw_name":"Ἀριστόδαμος","cognomen":"Aristodamus","status":"hieromnemon","cluster_id":1721,"cluster_size":3,"cluster_confidence":"low"},{"nomen":"","gender":"male","raw_name":"Κάλλιππος","cognomen":"Callippus","status":"hieromnemon","cluster_id":1639,"cluster_size":7,"cluster_confidence":"low"},{"nomen":"","gender":"male","raw_name":"Τηλοκλῆς","cognomen":"Telocles","status":"prodicos"},{"nomen":"","gender":"male","raw_name":"Φάων","cognomen":"Phaon","status":"prodicos","cluster_id":1929,"cluster_size":3,"cluster_confidence":"low"},{"nomen":"","gender":"male","raw_name":"Σωσικράτης","cognomen":"Sosicrates","status":"proarchon","cluster_id":1690,"cluster_size":7,"cluster_confidence":"low"},{"nomen":"","gender":"male","raw_name":"Διονύσιον Τιω Φιλωνίδαι","cognomen":"Dionysius","status":"fatarchus, filius Philonidae","cluster_id":1930,"cluster_size":2,"cluster_confidence":"low"},{"nomen":"","gender":"male","raw_name":"Ἀγρήιον","cognomen":"Agreius","status":"fatarchus","cluster_id":1931,"cluster_size":2,"cluster_confidence":"low"},{"nomen":"","gender":"male","raw_name":"Σίλωνι","cognomen":"Silon","status":"prodicos","cluster_id":1932,"cluster_size":2,"cluster_confidence":"low"},{"nomen":"","gender":"male","raw_name":"Ἀρχίππωι","cognomen":"Archippus","status":"fatarchus","cluster_id":1659,"cluster_size":5,"cluster_confidence":"low"}]}},{"type":"Feature","geometry":{"type":"Point","coordinates":[16.27,38.24]},"properties":{"edcs_id":"EDCS-63000063","findspot":"Locri / Locri Epizephyrii","raw_text":"Βοω ἐπ[ὶ 3]ς προβώ[λ]ων / [π]ροάρχοντ[ες 3]ς Ἀγης[ιδά]μω Σκα / [3]ας[+3] Ὄναιος Χαιρεδάμω / [πρόδικοι 3]+ΩΣ[3]+[3] Κυλ [1] Ἀγέλοχος / [Ἀλεξιδ]άμω Αγφ Γνᾶθις Θράσωνος hιαρομνάμονες ἐπὶ θη/[σαυρῶι] Σκι Ζώϊππος Ἀριστωνύμω Μνα Κόσσυρος Φ[αι]κίωνος Αλχ / [3]χος Φιλωνίδα ἐπὶ τούτων ἁ πόλις κατεχρήσατο [3] τ+[3] / [δι]πλεῖ χρυσίω πεντακορινθίω καὶ πεντεκαιικοσιλίτρων |(τάλαντα) [|(τάλαντα)] |(στατῆρες) |(λίτραι) [|(λίτραι)] / [τ]ῶ τῶ Διὸς |(τάλαντα) |(στατήρ) |(λίτραι) |(οὐγκίαι) καὶ κωτιαν |(τάλαντα) |(στατήρ) |(λίτρα) |(οὐγκίαι)","date_from":null,"date_to":null,"marker_gender":"male","is_individual":false,"edcs_url":"https://edcs.hist.uzh.ch/en/document?edcs-id=EDCS-63000063","persons":[{"nomen":"","gender":"male","raw_name":"Ἀγηςιδάμω","cognomen":"Agesidamus","status":"proarchon","cluster_id":1933,"cluster_size":3,"cluster_confidence":"low"},{"nomen":"","gender":"male","raw_name":"Ὄναιος Χαιρεδάμω","cognomen":"Onaius","status":"proarchon, filius Chaeridami","cluster_id":1897,"cluster_size":4,"cluster_confidence":"low"},{"nomen":"","gender":"male","raw_name":"Ἀγέλοχος Ἀλεξιδάμω","cognomen":"Agelochus","status":"prodicos, filius Alexidami","cluster_id":1923,"cluster_size":2,"cluster_confidence":"low"},{"nomen":"","gender":"male","raw_name":"Γνᾶθις Θράσωνος","cognomen":"Gnathis","status":"prodicos, filius Thrasonis","cluster_id":1119,"cluster_size":5,"cluster_confidence":"low"},{"nomen":"","gender":"male","raw_name":"Ζώϊππος Ἀριστωνύμω","cognomen":"Zoippus","status":"hieromnemon, filius Aristonymi","cluster_id":1647,"cluster_size":4,"cluster_confidence":"low"},{"nomen":"","gender":"male","raw_name":"Κόσσυρος Φαικίωνος","cognomen":"Cossyrus","status":"hieromnemon, filius Phaeclionis"}]}},{"type":"Feature","geometry":{"type":"Point","coordinates":[16.27,38.24]},"properties":{"edcs_id":"EDCS-63000064","findspot":"Locri / Locri Epizephyrii","raw_text":"Φαω ἐπὶ Χαρίλα ἱαρομναμονώντων ἐπὶ / θησαυρῶι Κοβ Χαριξένω Ὀναίω Τηλ Γλαυ/κίππω Εὐθύμω Προ Ἀνθίωνος Ἀνθίππω προ/βώλων προαρχόντων Κοβ Εὐχέλα Ἀριστεῦς Κρα / Σαθύωνος Φαικύλω Πυρ Ἀμεινοκλέος Χαιρεσί/λα προδίκων Γαψ Ἀριστομάχω Ἀριστεῦς / Κρα Ἐπιγόνω Ἀρίστωνος Προ Φειδίλα Δεινο/μένεος ἐχρησάμεθα{ν} πὰρ τῶ θεῶ τὼς τρῖς / καταβόλως ποὶ τὰν πυργοποιίαν καὶ τὰν / ὀχύρωσιν τᾶς πόλιος δόγματι βωλᾶς καὶ / δάμω |(τάλαντα) |(λίτραι) / τούτο δὲ ἀποδόμεν ἐπεί κα τᾶι βωλᾶι / καὶ τῶι δάμωι δοκεῖ","date_from":null,"date_to":null,"marker_gender":"male","is_individual":false,"edcs_url":"https://edcs.hist.uzh.ch/en/document?edcs-id=EDCS-63000064","persons":[{"nomen":"","gender":"male","raw_name":"Χαρίλα","cognomen":"Charila","status":"hieromnemon","cluster_id":1715,"cluster_size":3,"cluster_confidence":"low"},{"nomen":"","gender":"male","raw_name":"Χαριξένω Ὀναίω","cognomen":"Charixenus","status":"hieromnemon, filius Onaii","cluster_id":1634,"cluster_size":7,"cluster_confidence":"low"},{"nomen":"","gender":"male","raw_name":"Γλαυκίππω Εὐθύμω","cognomen":"Glaucippus","status":"hieromnemon, filius Euthymi","cluster_id":1703,"cluster_size":2,"cluster_confidence":"low"},{"nomen":"","gender":"male","raw_name":"Ἀνθίωνος Ἀνθίππω","cognomen":"Anthion","status":"hieromnemon, filius Anthippi"},{"nomen":"","gender":"male","raw_name":"Εὐχέλα","cognomen":"Euchela","status":"proarchon"},{"nomen":"","gender":"male","raw_name":"Ἀριστεῦς","cognomen":"Aristeus","status":"proarchon","cluster_id":1937,"cluster_size":2,"cluster_confidence":"low"},{"nomen":"","gender":"male","raw_name":"Σαθύωνος Φαικύλω","cognomen":"Sathyon","status":"proarchon, filius Phaecyli","cluster_id":1938,"cluster_size":2,"cluster_confidence":"low"},{"nomen":"","gender":"male","raw_name":"Ἀμεινοκλέος Χαιρεσίλα","cognomen":"Ameinocles","status":"proarchon, filius Charesila"},{"nomen":"","gender":"male","raw_name":"Ἀριστομάχω","cognomen":"Aristomachus","status":"prodicos","cluster_id":1940,"cluster_size":2,"cluster_confidence":"low"},{"nomen":"","gender":"male","raw_name":"Ἀριστεῦς","cognomen":"Aristeus","status":"prodicos","cluster_id":1937,"cluster_size":2,"cluster_confidence":"low"},{"nomen":"","gender":"male","raw_name":"Ἐπιγόνω Ἀρίστωνος","cognomen":"Epigonus","status":"prodicos, filius Aristonis","cluster_id":1879,"cluster_size":2,"cluster_confidence":"low"},{"nomen":"","gender":"male","raw_name":"Φειδίλα Δεινομένεος","cognomen":"Pheidila","status":"prodicos, filius Deinomenis"}]}},{"type":"Feature","geometry":{"type":"Point","coordinates":[16.27,38.24]},"properties":{"edcs_id":"EDCS-63000065","findspot":"Locri / Locri Epizephyrii","raw_text":"Λακ ἐπὶ Σωσικράτεος προβώλων πρ[ο]/αρχόντων Λακ Φορμίων Μένωνος Μ[να] / Φίλων Χαρ(ί)ππω Πυρ Πειθίας Ὀνασί[μω] / πρόδικοι Ψαθ Εὔθυμος Ζωΐλω Δυ[σ] / Εὔτυμος Φιλίστω Γαγ Σωσι(κ)ρά[της] / Κληνία ἱερομνάμονες ἐπ[ὶ] / θησαυρῶι Κοβ Δαμαίνετο[ς] / Πρωτογένεος Τιω Καλλικράτ[ης] / Πρωτογένεος Αγφ Δείναρ[χος] / Καλίππω ἐπὶ τούτων ἁ πόλις / ἐχρήσατο πὰρ τῶ θεῶ ἐν τὰν / πυργοποιίαν δόγματι βωλᾶς / καὶ δάμω τριένω |(τάλαντα) |(στατῆρες) |(λίτραι) [Ἀπ]/ελλαίω σατινῶ Βουκατίω μηνὸς / |(τάλαντα) |(στατῆρες) |(λίτραι) |(οὐγκίαι) Ἀθαναίω / |(τάλαντα) |(στατήρ) |(λίτραι) Διον[υσί]ω / Δαμα{μα}τρίω |(τάλαντα) / |(στατῆρες) |(λίτραι) |(οὐγκίαι) [3] / κεφάλωμα [3] / |(τάλαντα) [3] / |(στατῆρες) [3]","date_from":null,"date_to":null,"marker_gender":"male","is_individual":false,"edcs_url":"https://edcs.hist.uzh.ch/en/document?edcs-id=EDCS-63000065","persons":[{"nomen":"","gender":"male","raw_name":"Σωσικράτεος","cognomen":"Sosicrates","status":"proarchon","cluster_id":1690,"cluster_size":7,"cluster_confidence":"low"},{"nomen":"","gender":"male","raw_name":"Φορμίων Μένωνος","cognomen":"Phormion","status":"proarchon, filius Menonis"},{"nomen":"","gender":"male","raw_name":"Φίλων Χαρίππω","cognomen":"Philon","status":"proarchon, filius Charippi","cluster_id":1178,"cluster_size":5,"cluster_confidence":"low"},{"nomen":"","gender":"male","raw_name":"Πειθίας Ὀνασίμω","cognomen":"Peithias","status":"proarchon, filius Onasimi"},{"nomen":"","gender":"male","raw_name":"Εὔθυμος Ζωΐλω","cognomen":"Euthymus","status":"prodicos, filius Zoili","cluster_id":1231,"cluster_size":9,"cluster_confidence":"low"},{"nomen":"","gender":"male","raw_name":"Εὔτυμος Φιλίστω","cognomen":"Eutymus","status":"prodicos, filius Philistionis","cluster_id":1231,"cluster_size":9,"cluster_confidence":"low"},{"nomen":"","gender":"male","raw_name":"Σωσιράτης Κληνία","cognomen":"Sosicrates","status":"prodicos, filius Clenia","cluster_id":1690,"cluster_size":7,"cluster_confidence":"low"},{"nomen":"","gender":"male","raw_name":"Δαμαίνετος Πρωτογένεος","cognomen":"Damainetus","status":"hieromnemon, filius Protogenis"},{"nomen":"","gender":"male","raw_name":"Καλλικράτῃς Πρωτογένεος","cognomen":"Callicrates","status":"hieromnemon, filius Protogenis","cluster_id":1245,"cluster_size":8,"cluster_confidence":"low"},{"nomen":"","gender":"male","raw_name":"Δείναρχος Καλίππω","cognomen":"Deinarchus","status":"hieromnemon, filius Callippi","cluster_id":1688,"cluster_size":3,"cluster_confidence":"low"}]}},{"type":"Feature","geometry":{"type":"Point","coordinates":[16.27,38.24]},"properties":{"edcs_id":"EDCS-63000074","findspot":"Locri / Locri Epizephyrii","raw_text":"Φίλυϙος","date_from":null,"date_to":null,"marker_gender":"male","is_individual":false,"edcs_url":"https://edcs.hist.uzh.ch/en/document?edcs-id=EDCS-63000074","persons":[{"nomen":"","gender":"male","raw_name":"Φίλυϙος","cognomen":"Philycus","cluster_id":1894,"cluster_size":2,"cluster_confidence":"low"}]}},{"type":"Feature","geometry":{"type":"Point","coordinates":[16.27,38.24]},"properties":{"edcs_id":"EDCS-63000075","findspot":"Locri / Locri Epizephyrii","raw_text":"Βύβιος ἐμί","date_from":null,"date_to":null,"marker_gender":"male","is_individual":false,"edcs_url":"https://edcs.hist.uzh.ch/en/document?edcs-id=EDCS-63000075","persons":[{"nomen":"","gender":"male","raw_name":"Βύβιος","cognomen":"Bubius"}]}},{"type":"Feature","geometry":{"type":"Point","coordinates":[16.27,38.24]},"properties":{"edcs_id":"EDCS-63000082","findspot":"Locri / Locri Epizephyrii","raw_text":"Ῥάον Ἀνο[3]","date_from":null,"date_to":null,"marker_gender":"male","is_individual":false,"edcs_url":"https://edcs.hist.uzh.ch/en/document?edcs-id=EDCS-63000082","persons":[{"nomen":"","gender":"male","raw_name":"Ῥάον Ἀνο[3]","cognomen":"Rhaon"}]}},{"type":"Feature","geometry":{"type":"Point","coordinates":[16.27,38.24]},"properties":{"edcs_id":"EDCS-63000086","findspot":"Locri / Locri Epizephyrii","raw_text":"h[ι]αραὶ τᾶς Ἀφροδίτας Φίλων ἀνέθηκε","date_from":null,"date_to":null,"marker_gender":"male","is_individual":false,"edcs_url":"https://edcs.hist.uzh.ch/en/document?edcs-id=EDCS-63000086","persons":[{"nomen":"","gender":"male","raw_name":"Φίλων","cognomen":"Philon","cluster_id":1178,"cluster_size":5,"cluster_confidence":"low"}]}},{"type":"Feature","geometry":{"type":"Point","coordinates":[16.27,38.24]},"properties":{"edcs_id":"EDCS-63000100","findspot":"Locri / Locri Epizephyrii","raw_text":"Ξενοδόκα τᾶι Περσεφόναι ἀνέθεκε","date_from":null,"date_to":null,"marker_gender":"female","is_individual":false,"edcs_url":"https://edcs.hist.uzh.ch/en/document?edcs-id=EDCS-63000100","persons":[{"nomen":"","gender":"female","raw_name":"Ξενοδόκα","cognomen":"Xenodoca","cluster_id":1179,"cluster_size":2,"cluster_confidence":"low"}]}},{"type":"Feature","geometry":{"type":"Point","coordinates":[16.27,38.24]},"properties":{"edcs_id":"EDCS-63000101","findspot":"Locri / Locri Epizephyrii","raw_text":"Φρασιάδας ἀνέθεκε τᾶι θ[εo(?)]ι","date_from":null,"date_to":null,"marker_gender":"male","is_individual":false,"edcs_url":"https://edcs.hist.uzh.ch/en/document?edcs-id=EDCS-63000101","persons":[{"nomen":"","gender":"male","raw_name":"Φρασιάδας","cognomen":"Phrasiadas","cluster_id":1180,"cluster_size":2,"cluster_confidence":"low"}]}},{"type":"Feature","geometry":{"type":"Point","coordinates":[16.27,38.24]},"properties":{"edcs_id":"EDCS-63000102","findspot":"Locri / Locri Epizephyrii","raw_text":"[3]ια Τιμάρεος ἀνέθηκε τᾶι θεῶι","date_from":null,"date_to":null,"marker_gender":"male","is_individual":false,"edcs_url":"https://edcs.hist.uzh.ch/en/document?edcs-id=EDCS-63000102","persons":[{"nomen":"","gender":"male","raw_name":"[3]ια Τιμάρεος","cognomen":"Timareos"}]}},{"type":"Feature","geometry":{"type":"Point","coordinates":[16.27,38.24]},"properties":{"edcs_id":"EDCS-63000103","findspot":"Locri / Locri Epizephyrii","raw_text":"Καπάρον / καὶ Πρόξενος / ἀνέθεκαν","date_from":null,"date_to":null,"marker_gender":"male","is_individual":false,"edcs_url":"https://edcs.hist.uzh.ch/en/document?edcs-id=EDCS-63000103","persons":[{"nomen":"","gender":"male","raw_name":"Καπάρον","cognomen":"Caparon","cluster_id":1182,"cluster_size":2,"cluster_confidence":"low"},{"nomen":"","gender":"male","raw_name":"Πρόξενος","cognomen":"Proxenos","cluster_id":1183,"cluster_size":4,"cluster_confidence":"low"}]}},{"type":"Feature","geometry":{"type":"Point","coordinates":[16.27,38.24]},"properties":{"edcs_id":"EDCS-63000105","findspot":"Locri / Locri Epizephyrii","raw_text":"Εὐθύνα ἐμ[ί]","date_from":null,"date_to":null,"marker_gender":"female","is_individual":false,"edcs_url":"https://edcs.hist.uzh.ch/en/document?edcs-id=EDCS-63000105","persons":[{"nomen":"","gender":"female","raw_name":"Εὐθύνα","cognomen":"Euthyna"}]}},{"type":"Feature","geometry":{"type":"Point","coordinates":[16.27,38.24]},"properties":{"edcs_id":"EDCS-63000113","findspot":"Locri / Locri Epizephyrii","raw_text":"Αἰνέας Ὀνα[3 Δι]ὶ Σωτῆρι","date_from":null,"date_to":null,"marker_gender":"male","is_individual":false,"edcs_url":"https://edcs.hist.uzh.ch/en/document?edcs-id=EDCS-63000113","persons":[{"nomen":"","gender":"male","raw_name":"Αἰνέας Ὀνα[3","cognomen":"Aeneas","cluster_id":1236,"cluster_size":3,"cluster_confidence":"low"}]}},{"type":"Feature","geometry":{"type":"Point","coordinates":[16.27,38.24]},"properties":{"edcs_id":"EDCS-63000114","findspot":"Locri / Locri Epizephyrii","raw_text":"[3 καὶ] Ἐρμᾶ καὶ Γᾶ / [3] καὶ Φίντωνα / [3] παντίθεμαί τοι / [3]+ελανεα τὸν / [3]+αρυλλιδαν / ἀδελφάν / [3 κ]αὶ Νόυιλαν / [3]ν Ταισίναν / [3 κα]ὶ Νουίαν / [3] Πακύλαν / [3] Λεύκοιν / [3] Ταισίνου / [3]αν[1]τιδα / [3]ελανεος","date_from":null,"date_to":null,"marker_gender":"mixed","is_individual":false,"edcs_url":"https://edcs.hist.uzh.ch/en/document?edcs-id=EDCS-63000114","persons":[{"nomen":"","gender":"male","raw_name":"Φίντωνα","cognomen":"Phinton","cluster_id":1237,"cluster_size":2,"cluster_confidence":"low"},{"nomen":"","gender":"female","raw_name":"[3 κ]αὶ Νόυιλαν","cognomen":"Novila"},{"nomen":"","gender":"female","raw_name":"[3]ν Ταισίναν","cognomen":"Taisina"},{"nomen":"","gender":"female","raw_name":"[3 κα]ὶ Νουίαν","cognomen":"Novia"},{"nomen":"","gender":"male","raw_name":"[3] Πακύλαν","cognomen":"Pacyla"},{"nomen":"","gender":"male","raw_name":"[3] Λεύκοιν","cognomen":"Leucon"},{"nomen":"","gender":"male","raw_name":"[3] Ταισίνου","cognomen":"Taisinus"}]}},{"type":"Feature","geometry":{"type":"Point","coordinates":[16.27,38.24]},"properties":{"edcs_id":"EDCS-63000115","findspot":"Locri / Locri Epizephyrii","raw_text":"Θεστίας Κα[λλι]κράτης Γνᾶθις / οἱ ἄλλοι ἀντανταθ[έ]ντες / καὶ εἴ τις ἀντα[ντ]ᾶ[ι] ἀμῖν","date_from":null,"date_to":null,"marker_gender":"male","is_individual":false,"edcs_url":"https://edcs.hist.uzh.ch/en/document?edcs-id=EDCS-63000115","persons":[{"nomen":"","gender":"male","raw_name":"Θεστίας","cognomen":"Thestias"},{"nomen":"","gender":"male","raw_name":"Κα[λλι]κράτης","cognomen":"Callicrates","cluster_id":1245,"cluster_size":8,"cluster_confidence":"low"},{"nomen":"","gender":"male","raw_name":"Γνᾶθις","cognomen":"Gnathis","cluster_id":1119,"cluster_size":5,"cluster_confidence":"low"}]}},{"type":"Feature","geometry":{"type":"Point","coordinates":[16.27,38.24]},"properties":{"edcs_id":"EDCS-63000118","findspot":"Locri / Locri Epizephyrii","raw_text":"Ἰκίο Βαβα","date_from":null,"date_to":null,"marker_gender":"male","is_individual":false,"edcs_url":"https://edcs.hist.uzh.ch/en/document?edcs-id=EDCS-63000118","persons":[{"nomen":"","gender":"male","raw_name":"Ἰκίο","cognomen":"Icius"},{"nomen":"","gender":"male","raw_name":"Βαβα","cognomen":"Baba"}]}},{"type":"Feature","geometry":{"type":"Point","coordinates":[16.27,38.24]},"properties":{"edcs_id":"EDCS-63000120","findspot":"Locri / Locri Epizephyrii","raw_text":"Θεὸς ΚΑΘ[3] / ΑΝ Προξε[3] / ΑΝ Κρατιπ[3] / ΝΟΝ δύο τά[λαντα 3?] / ΛΑ ΣΤΑΘΜ[3] / ΟΣ ΝΕΟΝΟ[3]","date_from":null,"date_to":null,"marker_gender":"male","is_individual":false,"edcs_url":"https://edcs.hist.uzh.ch/en/document?edcs-id=EDCS-63000120","persons":[{"nomen":"","gender":"male","raw_name":"Προξε[3]","cognomen":"Proxenos","cluster_id":1183,"cluster_size":4,"cluster_confidence":"low"},{"nomen":"","gender":"male","raw_name":"Κρατιπ[3]","cognomen":"Cratipas"}]}},{"type":"Feature","geometry":{"type":"Point","coordinates":[16.27,38.24]},"properties":{"edcs_id":"EDCS-63000122","findspot":"Locri / Locri Epizephyrii","raw_text":"Σωτιμί(δας ?)","date_from":null,"date_to":null,"marker_gender":"male","is_individual":false,"edcs_url":"https://edcs.hist.uzh.ch/en/document?edcs-id=EDCS-63000122","persons":[{"nomen":"","gender":"male","raw_name":"Σωτιμί(δας ?)","cognomen":"Sotimidas"}]}},{"type":"Feature","geometry":{"type":"Point","coordinates":[16.27,38.24]},"properties":{"edcs_id":"EDCS-63000124","findspot":"Locri / Locri Epizephyrii","raw_text":"Φί(λωνος)","date_from":null,"date_to":null,"marker_gender":"male","is_individual":false,"edcs_url":"https://edcs.hist.uzh.ch/en/document?edcs-id=EDCS-63000124","persons":[{"nomen":"","gender":"male","raw_name":"Φί(λωνος)","cognomen":"Philon","cluster_id":1178,"cluster_size":5,"cluster_confidence":"low"}]}},{"type":"Feature","geometry":{"type":"Point","coordinates":[16.27,38.24]},"properties":{"edcs_id":"EDCS-63000129","findspot":"Locri / Locri Epizephyrii","raw_text":"Στε/φάν/ου // ἐπισκόπου / Νίκου","date_from":null,"date_to":null,"marker_gender":"male","is_individual":false,"edcs_url":"https://edcs.hist.uzh.ch/en/document?edcs-id=EDCS-63000129","persons":[{"nomen":"","gender":"male","raw_name":"Στεφάνου","cognomen":"Stephanus","status":"episcopus"},{"nomen":"","gender":"male","raw_name":"Νίκου","cognomen":"Nicus"}]}},{"type":"Feature","geometry":{"type":"Point","coordinates":[16.27,38.24]},"properties":{"edcs_id":"EDCS-63000130","findspot":"Locri / Locri Epizephyrii","raw_text":"Αγ Εὐθύμου","date_from":null,"date_to":null,"marker_gender":"male","is_individual":false,"edcs_url":"https://edcs.hist.uzh.ch/en/document?edcs-id=EDCS-63000130","persons":[{"nomen":"","gender":"male","raw_name":"Εὐθύμου","cognomen":"Euthymus","cluster_id":1231,"cluster_size":9,"cluster_confidence":"low"}]}},{"type":"Feature","geometry":{"type":"Point","coordinates":[16.27,38.24]},"properties":{"edcs_id":"EDCS-63000133","findspot":"Locri / Locri Epizephyrii","raw_text":"Ἀγαθοκλῆς / χαῖρε","date_from":null,"date_to":null,"marker_gender":"male","is_individual":false,"edcs_url":"https://edcs.hist.uzh.ch/en/document?edcs-id=EDCS-63000133","persons":[{"nomen":"","gender":"male","raw_name":"Ἀγαθοκλῆς","cognomen":"Agathocles","cluster_id":1232,"cluster_size":7,"cluster_confidence":"low"}]}},{"type":"Feature","geometry":{"type":"Point","coordinates":[16.27,38.24]},"properties":{"edcs_id":"EDCS-63000134","findspot":"Locri / Locri Epizephyrii","raw_text":"Κροκύδα / χαῖρε","date_from":null,"date_to":null,"marker_gender":"male","is_individual":false,"edcs_url":"https://edcs.hist.uzh.ch/en/document?edcs-id=EDCS-63000134","persons":[{"nomen":"","gender":"male","raw_name":"Κροκύδα","cognomen":"Crocydas"}]}},{"type":"Feature","geometry":{"type":"Point","coordinates":[16.27,38.24]},"properties":{"edcs_id":"EDCS-63000136","findspot":"Locri / Locri Epizephyrii","raw_text":"[1]ουφεῖνος","date_from":null,"date_to":null,"marker_gender":"male","is_individual":false,"edcs_url":"https://edcs.hist.uzh.ch/en/document?edcs-id=EDCS-63000136","persons":[{"nomen":"","gender":"male","raw_name":"[1]ouφεῖνος","cognomen":"oufinus"}]}},{"type":"Feature","geometry":{"type":"Point","coordinates":[16.68,40.21]},"properties":{"edcs_id":"EDCS-63600003","findspot":"Policoro / Heraclea","raw_text":"Dis Manib(us) / L(ucio) Romanio N(umeri) l(iberto) / Abascanto / colle[gi]us / Minervius / sodales m(erenti) f(ecerunt) / vixit a(nnos) LXXX","date_from":51,"date_to":150,"marker_gender":"male","is_individual":true,"edcs_url":"https://edcs.hist.uzh.ch/en/document?edcs-id=EDCS-63600003","persons":[{"nomen":"Romanius","gender":"male","raw_name":"L. Romanio N. l. Abascanto","praenomen":"Lucius","cognomen":"Abascantus","status":"libertus Numerii"},{"nomen":"","gender":"male","raw_name":"Minervius","cognomen":"Minervius"}]}},{"type":"Feature","geometry":{"type":"Point","coordinates":[16.68,40.21]},"properties":{"edcs_id":"EDCS-63600004","findspot":"Policoro / Heraclea","raw_text":"[Dis] Manibus Mar/[cella]e L(uci) Antoni {s}ser(vae) / [curam] agente Iseo fil(io) et / [Her]mete conserv(a)e bene / [me]renti et piissimae fecit / vixit annis XXXV / h(ic) s(ita) e(st)","date_from":51,"date_to":100,"marker_gender":"mixed","is_individual":true,"edcs_url":"https://edcs.hist.uzh.ch/en/document?edcs-id=EDCS-63600004","persons":[{"nomen":"Antonia","gender":"female","raw_name":"Marcellae L. Antoni servae","cognomen":"Marcella","status":"serva Lucii"},{"nomen":"","gender":"male","raw_name":"Iseo filio","cognomen":"Iseus","status":"filius"},{"nomen":"","gender":"female","raw_name":"Hermete conservae","cognomen":"Hermes","status":"conserva","cluster_id":1526,"cluster_size":2,"cluster_confidence":"low"}]}},{"type":"Feature","geometry":{"type":"Point","coordinates":[16.68,40.21]},"properties":{"edcs_id":"EDCS-63600005","findspot":"Policoro / Heraclea","raw_text":"[D(is) M(anibus?)] / Statori L(uci) Val(eri) / Potiti ser(vo) Mu/sa cons{s}erva / et Stator filius / [b(ene)] m(erenti) f(ecerunt) v(ixit) a(nnos) XXXV","date_from":61,"date_to":120,"marker_gender":"mixed","is_individual":true,"edcs_url":"https://edcs.hist.uzh.ch/en/document?edcs-id=EDCS-63600005","persons":[{"nomen":"","gender":"male","raw_name":"Statori L. Val. Potiti servo","cognomen":"Stator","status":"servus Lucii Valerii Potiti","cluster_id":1527,"cluster_size":2,"cluster_confidence":"low"},{"nomen":"","gender":"female","raw_name":"Musa conserva","cognomen":"Musa","status":"conserva"},{"nomen":"","gender":"male","raw_name":"Stator filius","cognomen":"Stator","status":"filius","cluster_id":1527,"cluster_size":2,"cluster_confidence":"low"}]}},{"type":"Feature","geometry":{"type":"Point","coordinates":[16.68,40.21]},"properties":{"edcs_id":"EDCS-63600006","findspot":"Policoro / Heraclea","raw_text":"Dis Man(ibus) / Abascantus / Leucae / conservae / b(ene) m(erenti) f(ecit) / vix(it) an(nos) XXXX","date_from":51,"date_to":100,"marker_gender":"mixed","is_individual":true,"edcs_url":"https://edcs.hist.uzh.ch/en/document?edcs-id=EDCS-63600006","persons":[{"nomen":"","gender":"male","raw_name":"Abascantus","cognomen":"Abascantus"},{"nomen":"","gender":"female","raw_name":"Leucae conservae","cognomen":"Leuca","status":"conserva"}]}},{"type":"Feature","geometry":{"type":"Point","coordinates":[16.68,40.21]},"properties":{"edcs_id":"EDCS-63600007","findspot":"Policoro / Heraclea","raw_text":"Primiti/<v=B>a v(ixit) a(nnos) / VII h(ic) s(ita) e(st)","date_from":-30,"date_to":-1,"marker_gender":"female","is_individual":true,"edcs_url":"https://edcs.hist.uzh.ch/en/document?edcs-id=EDCS-63600007","persons":[{"nomen":"","gender":"female","raw_name":"Primitiva","cognomen":"Primitiva"}]}},{"type":"Feature","geometry":{"type":"Point","coordinates":[16.68,40.21]},"properties":{"edcs_id":"EDCS-63600008","findspot":"Policoro / Heraclea","raw_text":"D(is) M(anibus) s(acrum) / Salvil(l)a Magno / coniug(i) b(ene) m(erenti) f(ecit) / cum q(uo) vix(it) ann(os) / XXX fuit ann(os) / LXX / h(ic) s(itus) e(st)","date_from":151,"date_to":220,"marker_gender":"mixed","is_individual":true,"edcs_url":"https://edcs.hist.uzh.ch/en/document?edcs-id=EDCS-63600008","persons":[{"nomen":"","gender":"female","raw_name":"Salvilla","cognomen":"Salvilla"},{"nomen":"","gender":"male","raw_name":"Magno coniugi","cognomen":"Magnus","status":"coniunx"}]}},{"type":"Feature","geometry":{"type":"Point","coordinates":[16.68,40.21]},"properties":{"edcs_id":"EDCS-63600009","findspot":"Policoro / Heraclea","raw_text":"D(is) M(anibus) / Hermeti / Phoebe mater / b(ene) m(erenti) f(ecit) v(ixit) an(nos) XI","date_from":51,"date_to":100,"marker_gender":"mixed","is_individual":true,"edcs_url":"https://edcs.hist.uzh.ch/en/document?edcs-id=EDCS-63600009","persons":[{"nomen":"","gender":"male","raw_name":"Hermeti","cognomen":"Hermes","cluster_id":1526,"cluster_size":2,"cluster_confidence":"low"},{"nomen":"","gender":"female","raw_name":"Phoebe mater","cognomen":"Phoebe","status":"mater"}]}},{"type":"Feature","geometry":{"type":"Point","coordinates":[16.68,40.21]},"properties":{"edcs_id":"EDCS-63600010","findspot":"Policoro / Heraclea","raw_text":"D(is) M(anibus) s(acrum) / Eros Pr<i=Y>sc(a)e / co(n)iugi bene / merenti f<e=I>cit / cum qua vixit / annis X","date_from":151,"date_to":200,"marker_gender":"mixed","is_individual":true,"edcs_url":"https://edcs.hist.uzh.ch/en/document?edcs-id=EDCS-63600010","persons":[{"nomen":"","gender":"male","raw_name":"Eros","cognomen":"Eros"},{"nomen":"","gender":"female","raw_name":"Priscae coniugi","cognomen":"Prisca","status":"coniunx"}]}},{"type":"Feature","geometry":{"type":"Point","coordinates":[16.68,40.21]},"properties":{"edcs_id":"EDCS-63600011","findspot":"Policoro / Heraclea","raw_text":"D(is) M(anibus) / Amyna / Fest<i=E>vae liber(tae) / bene mere/nti fecit / vixit ann(os) / XL[3]","date_from":51,"date_to":100,"marker_gender":"female","is_individual":true,"edcs_url":"https://edcs.hist.uzh.ch/en/document?edcs-id=EDCS-63600011","persons":[{"nomen":"","gender":"female","raw_name":"Amyna","cognomen":"Amyna"},{"nomen":"","gender":"female","raw_name":"Festivae libertae","cognomen":"Festiva","status":"liberta"}]}},{"type":"Feature","geometry":{"type":"Point","coordinates":[16.68,40.21]},"properties":{"edcs_id":"EDCS-63600012","findspot":"Policoro / Heraclea","raw_text":"D(is) M(anibus) s(acrum) / Symferu/s[a]e [","date_from":101,"date_to":200,"marker_gender":"female","is_individual":true,"edcs_url":"https://edcs.hist.uzh.ch/en/document?edcs-id=EDCS-63600012","persons":[{"nomen":"","gender":"female","raw_name":"Symferusa","cognomen":"Symferusa"}]}},{"type":"Feature","geometry":{"type":"Point","coordinates":[16.68,40.21]},"properties":{"edcs_id":"EDCS-63600014","findspot":"Policoro / Heraclea","raw_text":"Eminis Aprille propinavit vive zeses","date_from":201,"date_to":250,"marker_gender":"male","is_individual":true,"edcs_url":"https://edcs.hist.uzh.ch/en/document?edcs-id=EDCS-63600014","persons":[{"nomen":"","gender":"male","raw_name":"Eminis","cognomen":"Eminis"},{"nomen":"","gender":"male","raw_name":"Aprille","cognomen":"Aprillis"}]}},{"type":"Feature","geometry":{"type":"Point","coordinates":[15.37,40.63]},"properties":{"edcs_id":"EDCS-63700016","findspot":"Buccino / Volcei","raw_text":"Ilario/ni co(n)iugi / inco<m=N>p(arabili) / Tallusa c(oniux) f(ecit)","date_from":201,"date_to":300,"marker_gender":"mixed","is_individual":false,"edcs_url":"https://edcs.hist.uzh.ch/en/document?edcs-id=EDCS-63700016","persons":[{"nomen":"","gender":"male","raw_name":"Ilarioni","cognomen":"Hilarius","status":"coniunx"},{"nomen":"","gender":"female","raw_name":"Tallusa","cognomen":"Tallusa","status":"coniunx"}]}},{"type":"Feature","geometry":{"type":"Point","coordinates":[15.37,40.63]},"properties":{"edcs_id":"EDCS-63700017","findspot":"Buccino / Volcei","raw_text":"D(is) M(anibus) / Donnio / Fortunioni / vix(it) ann(os) V / me(n)s(es) X / Donnia Fortunata / filio [du]lcissim[o]","date_from":171,"date_to":300,"marker_gender":"mixed","is_individual":false,"edcs_url":"https://edcs.hist.uzh.ch/en/document?edcs-id=EDCS-63700017","persons":[{"nomen":"Donnius","gender":"male","raw_name":"Donnio Fortunioni","cognomen":"Fortunio"},{"nomen":"Donnia","gender":"female","raw_name":"Donnia Fortunata","cognomen":"Fortunata"}]}},{"type":"Feature","geometry":{"type":"Point","coordinates":[15.37,40.63]},"properties":{"edcs_id":"EDCS-63700018","findspot":"Buccino / Volcei","raw_text":"Infelix mater / Quinta su{e}is natis / omnibus Hilaro patri / Agatemero f{e}ilio / Lucano filio Cisso filio / Iszmyrnae f{e}iliae","date_from":-60,"date_to":-21,"marker_gender":"mixed","is_individual":false,"edcs_url":"https://edcs.hist.uzh.ch/en/document?edcs-id=EDCS-63700018","persons":[{"nomen":"","gender":"female","raw_name":"Quinta","cognomen":"Quinta","status":"mater"},{"nomen":"","gender":"male","raw_name":"Hilaro","cognomen":"Hilarus","status":"pater"},{"nomen":"","gender":"male","raw_name":"Agatemero","cognomen":"Agathemerus","status":"filius"},{"nomen":"","gender":"male","raw_name":"Lucano","cognomen":"Lucanus","status":"filius"},{"nomen":"","gender":"male","raw_name":"Cisso","cognomen":"Cissus","status":"filius"},{"nomen":"","gender":"female","raw_name":"Iszmyrnae","cognomen":"Iszmyrna","status":"filia"}]}},{"type":"Feature","geometry":{"type":"Point","coordinates":[15.37,40.63]},"properties":{"edcs_id":"EDCS-63700020","findspot":"Buccino / Volcei","raw_text":"C(ai) Egnati Sp(uri) f(ilii) / Col(lina) Rufi","date_from":-70,"date_to":-41,"marker_gender":"male","is_individual":false,"edcs_url":"https://edcs.hist.uzh.ch/en/document?edcs-id=EDCS-63700020","persons":[{"nomen":"Egnatius","gender":"male","raw_name":"C(ai) Egnati Sp(uri) f(ilii) Col(lina) Rufi","praenomen":"Gaius","cognomen":"Rufus","status":"filius Spurii, tribus Collina"}]}},{"type":"Feature","geometry":{"type":"Point","coordinates":[15.16,40.16]},"properties":{"edcs_id":"EDCS-64300054","findspot":"Marina di Ascea / Castellammare di Velia / Castellamare della Bruca / Castellammare / Elea / Velia","raw_text":"Νικία(ς) / λ<ύ=Ι>κιον","date_from":null,"date_to":null,"marker_gender":"male","is_individual":false,"edcs_url":"https://edcs.hist.uzh.ch/en/document?edcs-id=EDCS-64300054","persons":[{"nomen":"","gender":"male","raw_name":"Νικία(ς)","cognomen":"Nicias"}]}},{"type":"Feature","geometry":{"type":"Point","coordinates":[15.51,40.6]},"properties":{"edcs_id":"EDCS-64400107","findspot":"Vietri di Potenza / Atina","raw_text":"T(ito) Fl(avio) G(aviano) / a<v=B>o et fi(l)io / Fl(avio) Gaviano / filio dulci/ssimo q(ui) v(ixit) an{a}n/is XXIII m(ensibus) VIII / d(iebus) VIIII G(avianus) p(ater) fec(it)","date_from":201,"date_to":300,"marker_gender":"male","is_individual":false,"edcs_url":"https://edcs.hist.uzh.ch/en/document?edcs-id=EDCS-64400107","persons":[{"nomen":"Flavius","gender":"male","raw_name":"T(ito) Fl(avio) G(aviano)   a<v=B>o","praenomen":"Titus","cognomen":"Gavianus","status":"avus","cluster_id":928,"cluster_size":2},{"nomen":"Flavius","gender":"male","raw_name":"fi(l)io   Fl(avio) Gaviano","cognomen":"Gavianus","status":"filius, filius dulcissimus","cluster_id":928,"cluster_size":2},{"nomen":"","gender":"male","raw_name":"G(avianus) p(ater)","cognomen":"Gavianus","status":"pater"}]}},{"type":"Feature","geometry":{"type":"Point","coordinates":[15.37,40.63]},"properties":{"edcs_id":"EDCS-64400393","findspot":"Buccino / Volcei","raw_text":"Νο<υ=ϝ>[ι]ου (Novi)","date_from":null,"date_to":null,"marker_gender":"male","is_individual":false,"edcs_url":"https://edcs.hist.uzh.ch/en/document?edcs-id=EDCS-64400393","persons":[{"nomen":"Novius","gender":"male","raw_name":"Νο<υ=ϝ>[ι]ου"}]}},{"type":"Feature","geometry":{"type":"Point","coordinates":[15.17,40.15]},"properties":{"edcs_id":"EDCS-64400429","findspot":"Marina di Ascea / Castellammare di Velia / Castellamare della Bruca / Castellammare / Elea / Velia","raw_text":"D(is) M(anibus) / M(arco) Mario / Domitio / veterano / v(ixit) a(nnos) LXXXV / f(ilius) f(ecit) p(atri) b(ene) m(erenti)","date_from":101,"date_to":200,"marker_gender":"male","is_individual":false,"edcs_url":"https://edcs.hist.uzh.ch/en/document?edcs-id=EDCS-64400429","persons":[{"nomen":"Marius","gender":"male","raw_name":"M. Mario Domitio","praenomen":"Marcus","cognomen":"Domitius","status":"veteranus"}]}},{"type":"Feature","geometry":{"type":"Point","coordinates":[15.17,40.15]},"properties":{"edcs_id":"EDCS-64400430","findspot":"Marina di Ascea / Castellammare di Velia / Castellamare della Bruca / Castellammare / Elea / Velia","raw_text":"Q(uinto) Valerio L(uci) f(ilio) / Mae(cia) Sisennae Re/gino equiti R(omano) ann(orum) / XVIIII praenavigan/ti hic mortuo lo/co publice dato / C(aius) Popillius Quartio / socer s(ua) p(ecunia)","date_from":71,"date_to":130,"marker_gender":"male","is_individual":false,"edcs_url":"https://edcs.hist.uzh.ch/en/document?edcs-id=EDCS-64400430","persons":[{"nomen":"Valerius","gender":"male","raw_name":"Q. Valerio L. f. Mae. Sisennae Regino","praenomen":"Quintus","cognomen":"Sisenna Reginus","status":"filius Lucii, tribus Maecia, eques Romanus"},{"nomen":"Popillius","gender":"male","raw_name":"C. Popillius Quartio","praenomen":"Gaius","cognomen":"Quartio","status":"socer"}]}},{"type":"Feature","geometry":{"type":"Point","coordinates":[16.45,39.75]},"properties":{"edcs_id":"EDCS-64800038","findspot":"Sibari / Sybaris","raw_text":"Ἀριστεϝ/ὶς ἀνέθ/εκε","date_from":null,"date_to":null,"marker_gender":"male","is_individual":false,"edcs_url":"https://edcs.hist.uzh.ch/en/document?edcs-id=EDCS-64800038","persons":[{"nomen":"","gender":"male","raw_name":"Ἀριστεϝὶς","cognomen":"Aristeus"}]}},{"type":"Feature","geometry":{"type":"Point","coordinates":[16.45,39.75]},"properties":{"edcs_id":"EDCS-64800039","findspot":"Sibari / Sybaris","raw_text":"Δο Κλεόμ(β)ροτος / ὁ Δεξιλάϝο ἀνέθεκʼ / Ὀλυνπίαι νικάσας / ϝίσο(μ) μᾶκός τε πάχος τε / τἀ(ι Ἀ)θάναι ἀϝέθλον / εὐξάμενος δεκάταν","date_from":null,"date_to":null,"marker_gender":"male","is_individual":false,"edcs_url":"https://edcs.hist.uzh.ch/en/document?edcs-id=EDCS-64800039","persons":[{"nomen":"","gender":"male","raw_name":"Κλεόμ(β)ροτος","cognomen":"Cleombrotus"},{"nomen":"","gender":"male","raw_name":"Δεξιλάϝο","cognomen":"Dexilaus","status":"pater"}]}},{"type":"Feature","geometry":{"type":"Point","coordinates":[16.45,39.75]},"properties":{"edcs_id":"EDCS-64800043","findspot":"Sibari / Sybaris","raw_text":"Ῥεγᾶς ἐμι","date_from":null,"date_to":null,"marker_gender":"male","is_individual":false,"edcs_url":"https://edcs.hist.uzh.ch/en/document?edcs-id=EDCS-64800043","persons":[{"nomen":"","gender":"male","raw_name":"Ῥεγᾶς","cognomen":"Regas"}]}},{"type":"Feature","geometry":{"type":"Point","coordinates":[16.45,39.75]},"properties":{"edcs_id":"EDCS-64800044","findspot":"Sibari / Sybaris","raw_text":"Χιό","date_from":null,"date_to":null,"marker_gender":"female","is_individual":false,"edcs_url":"https://edcs.hist.uzh.ch/en/document?edcs-id=EDCS-64800044","persons":[{"nomen":"","gender":"female","raw_name":"Χιό","cognomen":"Chio"}]}},{"type":"Feature","geometry":{"type":"Point","coordinates":[15.0,40.42]},"properties":{"edcs_id":"EDCS-64800052","findspot":"Capaccio / Poseidonia / Paestum","raw_text":"Χ(ε)ίρ<ω=Ο>νος","date_from":null,"date_to":null,"marker_gender":"male","is_individual":false,"edcs_url":"https://edcs.hist.uzh.ch/en/document?edcs-id=EDCS-64800052","persons":[{"nomen":"","gender":"male","raw_name":"Χ(ε)ίρ<ω=Ο>νος","cognomen":"Chiron"}]}},{"type":"Feature","geometry":{"type":"Point","coordinates":[15.0,40.42]},"properties":{"edcs_id":"EDCS-64800054","findspot":"Capaccio / Poseidonia / Paestum","raw_text":"Μνάστορ","date_from":null,"date_to":null,"marker_gender":"male","is_individual":false,"edcs_url":"https://edcs.hist.uzh.ch/en/document?edcs-id=EDCS-64800054","persons":[{"nomen":"","gender":"male","raw_name":"Μνάστορ","cognomen":"Mnastor"}]}},{"type":"Feature","geometry":null,"properties":{"edcs_id":"EDCS-64800056","findspot":"Fratte / Paestum","raw_text":"Ἰ ϜΙσύλλο ἐμί","date_from":null,"date_to":null,"marker_gender":"male","is_individual":true,"edcs_url":"https://edcs.hist.uzh.ch/en/document?edcs-id=EDCS-64800056","persons":[{"nomen":"","gender":"male","raw_name":"Σύλ(λ)ο","cognomen":"Syllus"}]}},{"type":"Feature","geometry":null,"properties":{"edcs_id":"EDCS-64800057","findspot":"Fratte / Paestum","raw_text":"Ἀπολλόδορος Ξύλλας ἔραται Ϝόλχας ἀπύγιζε Ἀπολλόδορον Ὀνάτας Νιξος ἔραται hύβριχος Παρμύνιος ἤραται","date_from":null,"date_to":null,"marker_gender":"male","is_individual":true,"edcs_url":"https://edcs.hist.uzh.ch/en/document?edcs-id=EDCS-64800057","persons":[{"nomen":"","gender":"male","raw_name":"Ἀπολλόδορος","cognomen":"Apollodorus"},{"nomen":"","gender":"male","raw_name":"Ξύλλας","cognomen":"Xyllas"},{"nomen":"","gender":"male","raw_name":"Ϝόλχας","cognomen":"Volcha"},{"nomen":"","gender":"male","raw_name":"Ὀνάτας","cognomen":"Onatas"},{"nomen":"","gender":"male","raw_name":"Νιξος","cognomen":"Nixus"},{"nomen":"","gender":"male","raw_name":"hύβριχος","cognomen":"Hubrichus"},{"nomen":"","gender":"male","raw_name":"Παρμύνιος","cognomen":"Parmunius"}]}},{"type":"Feature","geometry":{"type":"Point","coordinates":[15.66,40.34]},"properties":{"edcs_id":"EDCS-64800059","findspot":"Padula / Cosilinum","raw_text":"πα Εὐϝαινέτο // βυ Κλεσάρχο // δυ Ἀπολλοδόρο // δυ Θεοπροκίδα","date_from":null,"date_to":null,"marker_gender":"male","is_individual":false,"edcs_url":"https://edcs.hist.uzh.ch/en/document?edcs-id=EDCS-64800059","persons":[{"nomen":"","gender":"male","raw_name":"Εὐϝαινέτο","cognomen":"Euainetos"},{"nomen":"","gender":"male","raw_name":"Κλεσάρχο","cognomen":"Klesarchos"},{"nomen":"","gender":"male","raw_name":"Ἀπολλοδόρο","cognomen":"Apollodoros"},{"nomen":"","gender":"male","raw_name":"Θεοπροκίδα","cognomen":"Theoprokidas"}]}},{"type":"Feature","geometry":{"type":"Point","coordinates":[17.13,39.08]},"properties":{"edcs_id":"EDCS-64800060","findspot":"Crotone / Croton","raw_text":"Ϝίφιτος","date_from":null,"date_to":null,"marker_gender":"male","is_individual":false,"edcs_url":"https://edcs.hist.uzh.ch/en/document?edcs-id=EDCS-64800060","persons":[{"nomen":"","gender":"male","raw_name":"Ϝίφιτος","cognomen":"Phifitus"}]}},{"type":"Feature","geometry":{"type":"Point","coordinates":[17.13,39.08]},"properties":{"edcs_id":"EDCS-64800063","findspot":"Crotone / Croton","raw_text":"το Διὸς / το Μελιχίο // Φά<ϋ=ϝ>λλος / hέζατο","date_from":null,"date_to":null,"marker_gender":"male","is_individual":false,"edcs_url":"https://edcs.hist.uzh.ch/en/document?edcs-id=EDCS-64800063","persons":[{"nomen":"","gender":"male","raw_name":"Φάυλλος","cognomen":"Phallus"}]}},{"type":"Feature","geometry":{"type":"Point","coordinates":[17.13,39.08]},"properties":{"edcs_id":"EDCS-64800064","findspot":"Crotone / Croton","raw_text":"Αἰσχύλος Ἐχεσθένεος","date_from":null,"date_to":null,"marker_gender":"male","is_individual":false,"edcs_url":"https://edcs.hist.uzh.ch/en/document?edcs-id=EDCS-64800064","persons":[{"nomen":"","gender":"male","raw_name":"Αἰσχύλος Ἐχεσθένεος","cognomen":"Aeschylus","status":"filius Echesthenis"}]}},{"type":"Feature","geometry":{"type":"Point","coordinates":[17.13,39.08]},"properties":{"edcs_id":"EDCS-64800065","findspot":"Crotone / Croton","raw_text":"Ἀ<κ=ϙ>άνθροπος Θεόγνιος","date_from":null,"date_to":null,"marker_gender":"male","is_individual":false,"edcs_url":"https://edcs.hist.uzh.ch/en/document?edcs-id=EDCS-64800065","persons":[{"nomen":"","gender":"male","raw_name":"Ἀκάνθροπος Θεόγνιος","cognomen":"Acanthropus","status":"filius Theognii"}]}},{"type":"Feature","geometry":{"type":"Point","coordinates":[17.05,39.27]},"properties":{"edcs_id":"EDCS-64800066","findspot":"Strongoli / Petelia","raw_text":"[3]πε Ὀνάτα δαμ/[ιοργέοντο]ς διαιτει hα / [3]λονα Σιμιχο/[3]ο ταὐτο πάν/[τα καὶ ζοὸς] καὶ θανὸν / [3]όξενοι δυ δ/[3]ν Φίλιππος / [3]ς Ξαν Δορκευ/[3] ις","date_from":null,"date_to":null,"marker_gender":"male","is_individual":false,"edcs_url":"https://edcs.hist.uzh.ch/en/document?edcs-id=EDCS-64800066","persons":[{"nomen":"","gender":"male","raw_name":"Ὀνάτα","cognomen":"Onatas","status":"damiorgos","cluster_id":1801,"cluster_size":2,"cluster_confidence":"low"},{"nomen":"","gender":"male","raw_name":"Σιμιχο","cognomen":"Simichus"},{"nomen":"","gender":"male","raw_name":"Φίλιππος","cognomen":"Philippus"},{"nomen":"","gender":"male","raw_name":"Δορκευ","cognomen":"Dorceus"}]}},{"type":"Feature","geometry":null,"properties":{"edcs_id":"EDCS-64800067","findspot":"Crimisa / Ciro","raw_text":"θεός τύχα Καλλιφάοντος δαμιοργέοντος Φίλων δίδωτι ταὐτῶ πάντα καὶ ζωὸς καὶ θανὼν τᾶι γυναικὶ αὐτῶ Ζαοτύχαι","date_from":null,"date_to":null,"marker_gender":"mixed","is_individual":true,"edcs_url":"https://edcs.hist.uzh.ch/en/document?edcs-id=EDCS-64800067","persons":[{"nomen":"","gender":"male","raw_name":"Καλλιφάο ντος","cognomen":"Calliphaon","status":"damiorgos"},{"nomen":"","gender":"male","raw_name":"Φίλων","cognomen":"Philon"},{"nomen":"","gender":"female","raw_name":"Ζαο[τ]ύχ[αι]","cognomen":"Zaotycha"}]}},{"type":"Feature","geometry":{"type":"Point","coordinates":[16.81,40.37]},"properties":{"edcs_id":"EDCS-64800068","findspot":"Metaponto / Metapont / Metapontum","raw_text":"Εὐαρίδα","date_from":null,"date_to":null,"marker_gender":"male","is_individual":false,"edcs_url":"https://edcs.hist.uzh.ch/en/document?edcs-id=EDCS-64800068","persons":[{"nomen":"","gender":"male","raw_name":"Εὐαρίδα","cognomen":"Euaridas"}]}},{"type":"Feature","geometry":{"type":"Point","coordinates":[16.81,40.37]},"properties":{"edcs_id":"EDCS-64800069","findspot":"Metaponto / Metapont / Metapontum","raw_text":"Ϝασία","date_from":null,"date_to":null,"marker_gender":"male","is_individual":false,"edcs_url":"https://edcs.hist.uzh.ch/en/document?edcs-id=EDCS-64800069","persons":[{"nomen":"","gender":"male","raw_name":"Ϝασία","cognomen":"Vasia"}]}},{"type":"Feature","geometry":{"type":"Point","coordinates":[16.81,40.37]},"properties":{"edcs_id":"EDCS-64800070","findspot":"Metaponto / Metapont / Metapontum","raw_text":"Ἀπόλονος / Λυκ(είο) ἐμί Θεά/γεος Βύρ(ρ)ο(υ)","date_from":null,"date_to":null,"marker_gender":"male","is_individual":false,"edcs_url":"https://edcs.hist.uzh.ch/en/document?edcs-id=EDCS-64800070","persons":[{"nomen":"","gender":"male","raw_name":"Θεάγεος","cognomen":"Theageos"},{"nomen":"","gender":"male","raw_name":"Βύρ(ρ)ο(υ)","cognomen":"Byrrus"}]}},{"type":"Feature","geometry":{"type":"Point","coordinates":[16.81,40.37]},"properties":{"edcs_id":"EDCS-64800072","findspot":"Metaponto / Metapont / Metapontum","raw_text":"Λύκειος","date_from":null,"date_to":null,"marker_gender":"male","is_individual":false,"edcs_url":"https://edcs.hist.uzh.ch/en/document?edcs-id=EDCS-64800072","persons":[{"nomen":"","gender":"male","raw_name":"Λύκειος","cognomen":"Lyceius","cluster_id":1294,"cluster_size":2,"cluster_confidence":"low"}]}},{"type":"Feature","geometry":{"type":"Point","coordinates":[16.81,40.37]},"properties":{"edcs_id":"EDCS-64800074","findspot":"Metaponto / Metapont / Metapontum","raw_text":"Λυκείο Νικαίο","date_from":null,"date_to":null,"marker_gender":"male","is_individual":false,"edcs_url":"https://edcs.hist.uzh.ch/en/document?edcs-id=EDCS-64800074","persons":[{"nomen":"","gender":"male","raw_name":"Λυκείο","cognomen":"Lyceius","cluster_id":1294,"cluster_size":2,"cluster_confidence":"low"},{"nomen":"","gender":"male","raw_name":"Νικαίο","cognomen":"Nicaius"}]}},{"type":"Feature","geometry":{"type":"Point","coordinates":[16.81,40.37]},"properties":{"edcs_id":"EDCS-64800078","findspot":"Metaponto / Metapont / Metapontum","raw_text":"Διὸς / Ἀγλα{ι}ο","date_from":null,"date_to":null,"marker_gender":"male","is_individual":false,"edcs_url":"https://edcs.hist.uzh.ch/en/document?edcs-id=EDCS-64800078","persons":[{"nomen":"","gender":"male","raw_name":"Ἀγλα{ι}ο","cognomen":"Aglaos","cluster_id":1296,"cluster_size":2,"cluster_confidence":"low"}]}},{"type":"Feature","geometry":{"type":"Point","coordinates":[16.81,40.37]},"properties":{"edcs_id":"EDCS-64800079","findspot":"Metaponto / Metapont / Metapontum","raw_text":"Διὸς Ἀγλαο","date_from":null,"date_to":null,"marker_gender":"male","is_individual":false,"edcs_url":"https://edcs.hist.uzh.ch/en/document?edcs-id=EDCS-64800079","persons":[{"nomen":"","gender":"male","raw_name":"Ἀγλαο","cognomen":"Aglaos","cluster_id":1296,"cluster_size":2,"cluster_confidence":"low"}]}},{"type":"Feature","geometry":{"type":"Point","coordinates":[16.81,40.37]},"properties":{"edcs_id":"EDCS-64800083","findspot":"Metaponto / Metapont / Metapontum","raw_text":"Κλεό","date_from":null,"date_to":null,"marker_gender":"unknown","is_individual":false,"edcs_url":"https://edcs.hist.uzh.ch/en/document?edcs-id=EDCS-64800083","persons":[{"nomen":"","gender":"unknown","raw_name":"Κλεό","cognomen":"Cleo"}]}},{"type":"Feature","geometry":{"type":"Point","coordinates":[16.81,40.37]},"properties":{"edcs_id":"EDCS-64800084","findspot":"Metaponto / Metapont / Metapontum","raw_text":"Λύκος","date_from":null,"date_to":null,"marker_gender":"male","is_individual":false,"edcs_url":"https://edcs.hist.uzh.ch/en/document?edcs-id=EDCS-64800084","persons":[{"nomen":"","gender":"male","raw_name":"Λύκος","cognomen":"Lycus"}]}},{"type":"Feature","geometry":{"type":"Point","coordinates":[16.81,40.37]},"properties":{"edcs_id":"EDCS-64800085","findspot":"Metaponto / Metapont / Metapontum","raw_text":"Καλ(λ)ίας","date_from":null,"date_to":null,"marker_gender":"male","is_individual":false,"edcs_url":"https://edcs.hist.uzh.ch/en/document?edcs-id=EDCS-64800085","persons":[{"nomen":"","gender":"male","raw_name":"Καλ(λ)ίας","cognomen":"Callias"}]}},{"type":"Feature","geometry":{"type":"Point","coordinates":[16.81,40.37]},"properties":{"edcs_id":"EDCS-64800091","findspot":"Metaponto / Metapont / Metapontum","raw_text":"Λάκονός ἐ[μι τ]ο hιαρο","date_from":null,"date_to":null,"marker_gender":"male","is_individual":false,"edcs_url":"https://edcs.hist.uzh.ch/en/document?edcs-id=EDCS-64800091","persons":[{"nomen":"","gender":"male","raw_name":"Λάκονός","cognomen":"Lacon"}]}},{"type":"Feature","geometry":{"type":"Point","coordinates":[16.81,40.37]},"properties":{"edcs_id":"EDCS-64800092","findspot":"Metaponto / Metapont / Metapontum","raw_text":"ὄνι(ος) Θεοκρίτο","date_from":null,"date_to":null,"marker_gender":"male","is_individual":false,"edcs_url":"https://edcs.hist.uzh.ch/en/document?edcs-id=EDCS-64800092","persons":[{"nomen":"","gender":"male","raw_name":"Θεοκρίτο","cognomen":"Theocritus","status":"pater"}]}},{"type":"Feature","geometry":null,"properties":{"edcs_id":"EDCS-64800096","findspot":"?","raw_text":"ἈχιλλήΕς Πάτροκλος","date_from":null,"date_to":null,"marker_gender":"male","is_individual":true,"edcs_url":"https://edcs.hist.uzh.ch/en/document?edcs-id=EDCS-64800096","persons":[{"nomen":"","gender":"male","raw_name":"Ἀχιλ(λ)ης","cognomen":"Achilles"},{"nomen":"","gender":"male","raw_name":"Πάτροκ[λος]","cognomen":"Patroclus"}]}},{"type":"Feature","geometry":null,"properties":{"edcs_id":"EDCS-64800097","findspot":"?","raw_text":"Ἀσίκας ἐμί","date_from":null,"date_to":null,"marker_gender":"male","is_individual":true,"edcs_url":"https://edcs.hist.uzh.ch/en/document?edcs-id=EDCS-64800097","persons":[{"nomen":"","gender":"male","raw_name":"Ἀσίκας","cognomen":"Asikas"}]}},{"type":"Feature","geometry":null,"properties":{"edcs_id":"EDCS-64800098","findspot":"?","raw_text":"Ἀριστοτέλες","date_from":null,"date_to":null,"marker_gender":"male","is_individual":true,"edcs_url":"https://edcs.hist.uzh.ch/en/document?edcs-id=EDCS-64800098","persons":[{"nomen":"","gender":"male","raw_name":"Ἀριστ(οτ)έλες","cognomen":"Aristoteles"}]}},{"type":"Feature","geometry":null,"properties":{"edcs_id":"EDCS-64800099","findspot":"?","raw_text":"Αὐτομέδας ἐμὶ εφιδεικαμεχρεει","date_from":null,"date_to":null,"marker_gender":"male","is_individual":true,"edcs_url":"https://edcs.hist.uzh.ch/en/document?edcs-id=EDCS-64800099","persons":[{"nomen":"","gender":"male","raw_name":"Αὐτομέδας","cognomen":"Automedas"}]}},{"type":"Feature","geometry":null,"properties":{"edcs_id":"EDCS-64800100","findspot":"?","raw_text":"Κραταιμένες","date_from":null,"date_to":null,"marker_gender":"male","is_individual":true,"edcs_url":"https://edcs.hist.uzh.ch/en/document?edcs-id=EDCS-64800100","persons":[{"nomen":"","gender":"male","raw_name":"Κραταιμένες","cognomen":"Crataemenes"}]}},{"type":"Feature","geometry":{"type":"Point","coordinates":[15.89,40.28]},"properties":{"edcs_id":"EDCS-64800426","findspot":"Grumento Nova / Grumentum","raw_text":"[D(is) M(anibus?)] / Aureliae Te[r]/tullinae co(n)i[u]/gi b(ene) m(erenti) Aureli/us Hesper ma/ritus cum / qua vixit ann(os) / XV m(enses) II d(ies) XVI","date_from":201,"date_to":250,"marker_gender":"mixed","is_individual":false,"edcs_url":"https://edcs.hist.uzh.ch/en/document?edcs-id=EDCS-64800426","persons":[{"nomen":"Aurelia","gender":"female","raw_name":"Aureliae Te[r]tullinae","cognomen":"Tertullina","status":"coniunx, bene merens"},{"nomen":"Aurelius","gender":"male","raw_name":"Aurelius Hesper","cognomen":"Hesper","status":"maritus"}]}},{"type":"Feature","geometry":{"type":"Point","coordinates":[15.89,40.28]},"properties":{"edcs_id":"EDCS-64800427","findspot":"Grumento Nova / Grumentum","raw_text":"D(is) M(anibus) / Aureliae / Septiminae / coniugi b(ene) m(erenti) / quae vix(it) an(nos) / XXVIIII m(enses) X d(ies) / XXIIII Impetra/tus maritus / matri","date_from":201,"date_to":250,"marker_gender":"mixed","is_individual":false,"edcs_url":"https://edcs.hist.uzh.ch/en/document?edcs-id=EDCS-64800427","persons":[{"nomen":"Aurelia","gender":"female","raw_name":"Aureliae Septiminae","cognomen":"Septimina","status":"coniunx, bene merens"},{"nomen":"","gender":"male","raw_name":"Impetratus","cognomen":"Impetratus","status":"maritus","cluster_id":1173,"cluster_size":2,"cluster_confidence":"low"}]}},{"type":"Feature","geometry":{"type":"Point","coordinates":[15.17,40.15]},"properties":{"edcs_id":"EDCS-64900537","findspot":"Marina di Ascea / Castellammare di Velia / Castellamare della Bruca / Castellammare / Elea / Velia","raw_text":"D(is) M(anibus) / C(aius) Aquillius I[3]/ius v(ixit) a(nnos) XXIIII / qui peri(i)t in na/ufragium C(aius) Aq[u]/illius Iacchus / nutr{r}icius / b(ene) m(erenti) f(ecit)","date_from":101,"date_to":250,"marker_gender":"male","is_individual":false,"edcs_url":"https://edcs.hist.uzh.ch/en/document?edcs-id=EDCS-64900537","persons":[{"nomen":"Aquillius","gender":"male","raw_name":"C. Aquillius I[3]ius","praenomen":"Gaius"},{"nomen":"Aquillius","gender":"male","raw_name":"C. Aq[u]illius Iacchus","praenomen":"Gaius","cognomen":"Iacchus","status":"nutricius"}]}},{"type":"Feature","geometry":{"type":"Point","coordinates":[16.81,40.37]},"properties":{"edcs_id":"EDCS-64900682","findspot":"Metaponto / Metapont / Metapontum","raw_text":"Πύρρο ὄλπ(η)","date_from":null,"date_to":null,"marker_gender":"male","is_individual":false,"edcs_url":"https://edcs.hist.uzh.ch/en/document?edcs-id=EDCS-64900682","persons":[{"nomen":"","gender":"male","raw_name":"Πύρρο","cognomen":"Pyrrhus"}]}},{"type":"Feature","geometry":{"type":"Point","coordinates":[15.16,40.16]},"properties":{"edcs_id":"EDCS-64900684","findspot":"Marina di Ascea / Castellammare di Velia / Castellamare della Bruca / Castellammare / Elea / Velia","raw_text":"Ὀλυμπίο Καιρο","date_from":null,"date_to":null,"marker_gender":"male","is_individual":false,"edcs_url":"https://edcs.hist.uzh.ch/en/document?edcs-id=EDCS-64900684","persons":[{"nomen":"","gender":"male","raw_name":"Ὀλυμπίο","cognomen":"Olympius"},{"nomen":"","gender":"male","raw_name":"Καιρο","cognomen":"Cairus"}]}},{"type":"Feature","geometry":{"type":"Point","coordinates":[16.27,38.24]},"properties":{"edcs_id":"EDCS-64900693","findspot":"Locri / Locri Epizephyrii","raw_text":"[3]ς <Κ=ϙ>υβάλας","date_from":null,"date_to":null,"marker_gender":"male","is_individual":false,"edcs_url":"https://edcs.hist.uzh.ch/en/document?edcs-id=EDCS-64900693","persons":[{"nomen":"","gender":"male","raw_name":"Κυβάλας","cognomen":"Cybalas"}]}},{"type":"Feature","geometry":{"type":"Point","coordinates":[16.27,38.24]},"properties":{"edcs_id":"EDCS-64900695","findspot":"Locri / Locri Epizephyrii","raw_text":"Ξενοδόκα τᾶι Περσεφόναι ἀνέθεκε","date_from":null,"date_to":null,"marker_gender":"male","is_individual":false,"edcs_url":"https://edcs.hist.uzh.ch/en/document?edcs-id=EDCS-64900695","persons":[{"nomen":"","gender":"male","raw_name":"Ξενοδόκα","cognomen":"Xenodoca","cluster_id":1179,"cluster_size":2,"cluster_confidence":"low"}]}},{"type":"Feature","geometry":{"type":"Point","coordinates":[16.27,38.24]},"properties":{"edcs_id":"EDCS-64900697","findspot":"Locri / Locri Epizephyrii","raw_text":"Φρασιάδας ἀνέθεκε τᾶι θ[ε]οι","date_from":null,"date_to":null,"marker_gender":"male","is_individual":false,"edcs_url":"https://edcs.hist.uzh.ch/en/document?edcs-id=EDCS-64900697","persons":[{"nomen":"","gender":"male","raw_name":"Φρασιάδας","cognomen":"Phrasiadas","cluster_id":1180,"cluster_size":2,"cluster_confidence":"low"}]}},{"type":"Feature","geometry":{"type":"Point","coordinates":[16.27,38.24]},"properties":{"edcs_id":"EDCS-64900701","findspot":"Locri / Locri Epizephyrii","raw_text":"Καπάρον / καὶ Προξενὸ / ἀνέθεκαν","date_from":null,"date_to":null,"marker_gender":"male","is_individual":false,"edcs_url":"https://edcs.hist.uzh.ch/en/document?edcs-id=EDCS-64900701","persons":[{"nomen":"","gender":"male","raw_name":"Καπάρον","cognomen":"Caparon","cluster_id":1182,"cluster_size":2,"cluster_confidence":"low"},{"nomen":"","gender":"male","raw_name":"Προξενὸ","cognomen":"Proxenos","cluster_id":1183,"cluster_size":4,"cluster_confidence":"low"}]}},{"type":"Feature","geometry":{"type":"Point","coordinates":[15.64,38.1]},"properties":{"edcs_id":"EDCS-64900791","findspot":"Reggio di Calabria / Reggio Calabria / Regium Iulium","raw_text":"Πολυδεύκες // Φοίβε","date_from":null,"date_to":null,"marker_gender":"mixed","is_individual":false,"edcs_url":"https://edcs.hist.uzh.ch/en/document?edcs-id=EDCS-64900791","persons":[{"nomen":"","gender":"male","raw_name":"Πολυδεύκες","cognomen":"Polydeuces"},{"nomen":"","gender":"female","raw_name":"Φοίβε","cognomen":"Phoebe"}]}},{"type":"Feature","geometry":{"type":"Point","coordinates":[15.64,38.1]},"properties":{"edcs_id":"EDCS-64900796","findspot":"Reggio di Calabria / Reggio Calabria / Regium Iulium","raw_text":"[3] hερακλέος Ῥεγίνυ","date_from":null,"date_to":null,"marker_gender":"male","is_individual":false,"edcs_url":"https://edcs.hist.uzh.ch/en/document?edcs-id=EDCS-64900796","persons":[{"nomen":"","gender":"male","raw_name":"hερακλέος","cognomen":"Heracles"}]}},{"type":"Feature","geometry":{"type":"Point","coordinates":[15.64,38.1]},"properties":{"edcs_id":"EDCS-64900797","findspot":"Reggio di Calabria / Reggio Calabria / Regium Iulium","raw_text":"[το]ι Διὶ Ῥεγῖνοι Γελεαίον","date_from":null,"date_to":null,"marker_gender":"male","is_individual":false,"edcs_url":"https://edcs.hist.uzh.ch/en/document?edcs-id=EDCS-64900797","persons":[{"nomen":"","gender":"male","raw_name":"Γελεαίον","cognomen":"Geleaion"}]}},{"type":"Feature","geometry":{"type":"Point","coordinates":[15.64,38.1]},"properties":{"edcs_id":"EDCS-64900800","findspot":"Reggio di Calabria / Reggio Calabria / Regium Iulium","raw_text":"Κλεόφαντος / Γλαυκίυ","date_from":null,"date_to":null,"marker_gender":"male","is_individual":false,"edcs_url":"https://edcs.hist.uzh.ch/en/document?edcs-id=EDCS-64900800","persons":[{"nomen":"","gender":"male","raw_name":"Κλεόφαντος","cognomen":"Cleophantus","cluster_id":1516,"cluster_size":2,"cluster_confidence":"low"},{"nomen":"","gender":"male","raw_name":"Γλαυκίυ","cognomen":"Glaucias","cluster_id":1517,"cluster_size":3,"cluster_confidence":"low"}]}},{"type":"Feature","geometry":{"type":"Point","coordinates":[15.64,38.1]},"properties":{"edcs_id":"EDCS-64900802","findspot":"Reggio di Calabria / Reggio Calabria / Regium Iulium","raw_text":"[Ἑρμεί]αι με Κάλον γενε[ᾶι Ϝ]αλεῖορ ἐποίε / [Γλ]αυκίης ὁ Λυκκίδεο / [το]ι Ἑρμῆι Ῥ[η]γῖνος","date_from":null,"date_to":null,"marker_gender":"male","is_individual":false,"edcs_url":"https://edcs.hist.uzh.ch/en/document?edcs-id=EDCS-64900802","persons":[{"nomen":"","gender":"male","raw_name":"Κάλον","cognomen":"Calus"},{"nomen":"","gender":"male","raw_name":"[Ϝ]αλεῖορ","cognomen":"Valerius"},{"nomen":"","gender":"male","raw_name":"[Γλ]αυκίης","cognomen":"Glaucias","cluster_id":1517,"cluster_size":3,"cluster_confidence":"low"},{"nomen":"","gender":"male","raw_name":"Λυκκίδεο","cognomen":"Lyccides"},{"nomen":"","gender":"male","raw_name":"Ῥ[η]γῖνος","cognomen":"Reginus"}]}},{"type":"Feature","geometry":{"type":"Point","coordinates":[15.7,38.0]},"properties":{"edcs_id":"EDCS-64900986","findspot":"Motta San Giovanni / Leucopetra","raw_text":"Sa(lvidienus) // L(egio) X","date_from":-42,"date_to":-42,"marker_gender":"male","is_individual":false,"edcs_url":"https://edcs.hist.uzh.ch/en/document?edcs-id=EDCS-64900986","persons":[{"nomen":"Salvidienus","gender":"male","raw_name":"Sa(lvidienus)"}]}},{"type":"Feature","geometry":{"type":"Point","coordinates":[15.01,40.42]},"properties":{"edcs_id":"EDCS-64901134","findspot":"Capaccio / Poseidonia / Paestum","raw_text":"Numestronia Tadi d(onum) d(edit)","date_from":-30,"date_to":10,"marker_gender":"female","is_individual":false,"edcs_url":"https://edcs.hist.uzh.ch/en/document?edcs-id=EDCS-64901134","persons":[{"nomen":"Numestronia","gender":"female","raw_name":"Numestronia Tadi","status":"filia Tadi"}]}},{"type":"Feature","geometry":{"type":"Point","coordinates":[15.7,38.0]},"properties":{"edcs_id":"EDCS-65300057","findspot":"Motta San Giovanni / Leucopetra","raw_text":"Sa(lvidienus) im(perator) // Q(uintus)","date_from":-42,"date_to":-42,"marker_gender":"male","is_individual":false,"edcs_url":"https://edcs.hist.uzh.ch/en/document?edcs-id=EDCS-65300057","persons":[{"nomen":"Salvidienus","gender":"male","raw_name":"Sa(lvidienus)","status":"imperator","is_imperial":true}]}},{"type":"Feature","geometry":{"type":"Point","coordinates":[16.45,39.75]},"properties":{"edcs_id":"EDCS-67400196","findspot":"Sibari / Sybaris","raw_text":"D(is) M(anibus) / [3]iae Alexa[ndrae(?)] / [ma]tri dulcissimae / [3]us Iulianus et / [3] Marcia / [3] / b(ene) m(erenti) f(ecerunt)","date_from":101,"date_to":200,"marker_gender":"mixed","is_individual":false,"edcs_url":"https://edcs.hist.uzh.ch/en/document?edcs-id=EDCS-67400196","persons":[{"nomen":"","gender":"female","raw_name":"[3]iae Alexa[ndrae(?)]","cognomen":"Alexandra","status":"mater"},{"nomen":"Iulius","gender":"male","raw_name":"[3]us Iulianus","cognomen":"Iulianus"},{"nomen":"","gender":"female","raw_name":"[3] Marcia","cognomen":"Marcia"}]}},{"type":"Feature","geometry":{"type":"Point","coordinates":[16.45,39.75]},"properties":{"edcs_id":"EDCS-67400198","findspot":"Sibari / Sybaris","raw_text":"] / L(ucius) Tati[3] / sibi [","date_from":1,"date_to":100,"marker_gender":"male","is_individual":false,"edcs_url":"https://edcs.hist.uzh.ch/en/document?edcs-id=EDCS-67400198","persons":[{"nomen":"Tatius","gender":"male","raw_name":"L(ucius) Tati[3]","praenomen":"Lucius"}]}},{"type":"Feature","geometry":{"type":"Point","coordinates":[16.45,39.75]},"properties":{"edcs_id":"EDCS-67700146","findspot":"Sibari / Sybaris","raw_text":"C(aius) Aullius Cilo Humanius / praef(ectus) T(iti) Palfuri Surae / IIIIvir(i) quinq(uennalis) / M(arcus) Alfidius Philonicus / praef(ectus) lege Petr(onia) c(ensoria) p(otestate) / ex s(enatus) c(onsulto) / faciundum cura(ve)runt idemq(ue) / proba(ve)runt","date_from":51,"date_to":100,"marker_gender":"male","is_individual":false,"edcs_url":"https://edcs.hist.uzh.ch/en/document?edcs-id=EDCS-67700146","persons":[{"nomen":"Aullius","gender":"male","raw_name":"C(aius) Aullius Cilo Humanius","praenomen":"Gaius","cognomen":"Cilo Humanius","status":"praefectus, IIIIvir quinquennalis"},{"nomen":"Palfurius","gender":"male","raw_name":"T(iti) Palfuri Surae","praenomen":"Titus","cognomen":"Sura"},{"nomen":"Alfidius","gender":"male","raw_name":"M(arcus) Alfidius Philonicus","praenomen":"Marcus","cognomen":"Philonicus","status":"praefectus"}]}},{"type":"Feature","geometry":{"type":"Point","coordinates":[16.45,39.75]},"properties":{"edcs_id":"EDCS-67700147","findspot":"Sibari / Sybaris","raw_text":"C(aius) Marcius / Silvanus / Isidi v(otum) s(olvit) l(ibens) m(erito)","date_from":101,"date_to":200,"marker_gender":"male","is_individual":false,"edcs_url":"https://edcs.hist.uzh.ch/en/document?edcs-id=EDCS-67700147","persons":[{"nomen":"Marcius","gender":"male","raw_name":"C(aius) Marcius Silvanus","praenomen":"Gaius","cognomen":"Silvanus"}]}},{"type":"Feature","geometry":{"type":"Point","coordinates":[16.45,39.75]},"properties":{"edcs_id":"EDCS-67700148","findspot":"Sibari / Sybaris","raw_text":"P(ublius) Paquius Priamus Q(uintus) Annius Pom[3]n(us) IIIIvir(i)","date_from":null,"date_to":null,"marker_gender":"male","is_individual":false,"edcs_url":"https://edcs.hist.uzh.ch/en/document?edcs-id=EDCS-67700148","persons":[{"nomen":"Paquius","gender":"male","raw_name":"P(ublius) Paquius Priamus","praenomen":"Publius","cognomen":"Priamus","status":"IIIIvir"},{"nomen":"Annius","gender":"male","raw_name":"Q(uintus) Annius Pom[3]n(us)","praenomen":"Quintus","cognomen":"Pomnus","status":"IIIIvir"}]}},{"type":"Feature","geometry":{"type":"Point","coordinates":[16.45,39.75]},"properties":{"edcs_id":"EDCS-67700149","findspot":"Sibari / Sybaris","raw_text":"]ni L(ucius) La[3] / [3]iciae L(ucius) [3] / [3]c() s() SA[3] / [3]oppi[3] / [3 C]aedici [","date_from":null,"date_to":null,"marker_gender":"male","is_individual":false,"edcs_url":"https://edcs.hist.uzh.ch/en/document?edcs-id=EDCS-67700149","persons":[{"nomen":"","gender":"male","raw_name":"L(ucius) La[3]","praenomen":"Lucius"},{"nomen":"","gender":"male","raw_name":"L(ucius) [3]iciae","praenomen":"Lucius"},{"nomen":"Caedicius","gender":"male","raw_name":"[3 C]aedici ["}]}},{"type":"Feature","geometry":{"type":"Point","coordinates":[16.45,39.75]},"properties":{"edcs_id":"EDCS-69200216","findspot":"Sibari / Sybaris","raw_text":"] / Maxim[3] / Sicili[a // ]assi / [3] proco(n)s(ul) prov(inciae) / [3] Narb(onensis) pr[","date_from":231,"date_to":270,"marker_gender":"male","is_individual":false,"edcs_url":"https://edcs.hist.uzh.ch/en/document?edcs-id=EDCS-69200216","persons":[{"nomen":"","gender":"male","raw_name":"Maxim[3]","cognomen":"Maximus","status":"proconsul provinciae"},{"nomen":"Sicilius","gender":"male","raw_name":"Sicili[a"}]}},{"type":"Feature","geometry":{"type":"Point","coordinates":[15.89,40.28]},"properties":{"edcs_id":"EDCS-70700107","findspot":"Grumento Nova / Grumentum","raw_text":"[Ti]tiae P(ubli) f(iliae)","date_from":null,"date_to":null,"marker_gender":"female","is_individual":false,"edcs_url":"https://edcs.hist.uzh.ch/en/document?edcs-id=EDCS-70700107","persons":[{"nomen":"Titia","gender":"female","raw_name":"[Ti]tiae P(ubli) f(iliae)","status":"filia Publii"}]}},{"type":"Feature","geometry":{"type":"Point","coordinates":[15.89,40.28]},"properties":{"edcs_id":"EDCS-70700109","findspot":"Grumento Nova / Grumentum","raw_text":"Phileros Titiae","date_from":null,"date_to":null,"marker_gender":"mixed","is_individual":false,"edcs_url":"https://edcs.hist.uzh.ch/en/document?edcs-id=EDCS-70700109","persons":[{"nomen":"","gender":"male","raw_name":"Phileros","cognomen":"Phileros"},{"nomen":"Titia","gender":"female","raw_name":"Titiae"}]}},{"type":"Feature","geometry":{"type":"Point","coordinates":[17.05,39.26]},"properties":{"edcs_id":"EDCS-70700112","findspot":"Strongoli / Petelia","raw_text":"D(is) M(anibus) s(acrum) / L(ucius) Numisius / Bassus vix(it) / an(nos) LVII s(it) t(ibi) t(erra) l(evis)","date_from":151,"date_to":200,"marker_gender":"male","is_individual":false,"edcs_url":"https://edcs.hist.uzh.ch/en/document?edcs-id=EDCS-70700112","persons":[{"nomen":"Numisius","gender":"male","raw_name":"L. Numisius Bassus","praenomen":"Lucius","cognomen":"Bassus"}]}},{"type":"Feature","geometry":{"type":"Point","coordinates":[17.05,39.26]},"properties":{"edcs_id":"EDCS-70700113","findspot":"Strongoli / Petelia","raw_text":"C(aio?) Flam[3] / Gamu[3] / vix{s}it [3] / Felicla [3]","date_from":51,"date_to":150,"marker_gender":"mixed","is_individual":false,"edcs_url":"https://edcs.hist.uzh.ch/en/document?edcs-id=EDCS-70700113","persons":[{"nomen":"","gender":"male","raw_name":"C. Flam","praenomen":"Gaius"},{"nomen":"","gender":"female","raw_name":"Felicla","cognomen":"Felicla"}]}},{"type":"Feature","geometry":{"type":"Point","coordinates":[17.05,39.26]},"properties":{"edcs_id":"EDCS-70700114","findspot":"Strongoli / Petelia","raw_text":"{H}Ave / Pomponia / Syntyce","date_from":1,"date_to":100,"marker_gender":"female","is_individual":false,"edcs_url":"https://edcs.hist.uzh.ch/en/document?edcs-id=EDCS-70700114","persons":[{"nomen":"Pomponia","gender":"female","raw_name":"Pomponia Syntyce","cognomen":"Syntyce"}]}},{"type":"Feature","geometry":{"type":"Point","coordinates":[17.05,39.26]},"properties":{"edcs_id":"EDCS-70700115","findspot":"Strongoli / Petelia","raw_text":"Trebia |(mulieris) l(iberta) / Arche sibi / et suis / Auxesis ann(orum) / XIIII obi(it) / Q(uintus) [3]brius Bulla","date_from":1,"date_to":100,"marker_gender":"mixed","is_individual":false,"edcs_url":"https://edcs.hist.uzh.ch/en/document?edcs-id=EDCS-70700115","persons":[{"nomen":"Trebia","gender":"female","raw_name":"Trebia","status":"liberta"},{"nomen":"","gender":"female","raw_name":"Arche","cognomen":"Arche"},{"nomen":"","gender":"female","raw_name":"Auxesis","cognomen":"Auxesis"},{"nomen":"","gender":"male","raw_name":"Q. [3]brius Bulla","praenomen":"Quintus"}]}},{"type":"Feature","geometry":{"type":"Point","coordinates":[15.16,40.16]},"properties":{"edcs_id":"EDCS-70900882","findspot":"Marina di Ascea / Castellammare di Velia / Castellamare della Bruca / Castellammare / Elea / Velia","raw_text":"[Π]ομπαίο(υ)","date_from":null,"date_to":null,"marker_gender":"male","is_individual":false,"edcs_url":"https://edcs.hist.uzh.ch/en/document?edcs-id=EDCS-70900882","persons":[{"nomen":"","gender":"male","raw_name":"[Π]ομπαίο(υ)","cognomen":"Pompeius"}]}},{"type":"Feature","geometry":{"type":"Point","coordinates":[15.86,38.36]},"properties":{"edcs_id":"EDCS-71000697","findspot":"Palmi / Taurianum","raw_text":"[Di]s Manibus et / [memor]iae(?) Urbanae / [3]ius Zosimus / [coni]ugi singulari / [exem]plo vix(it) a(nnos) XXXIII","date_from":101,"date_to":200,"marker_gender":"mixed","is_individual":false,"edcs_url":"https://edcs.hist.uzh.ch/en/document?edcs-id=EDCS-71000697","persons":[{"nomen":"","gender":"female","raw_name":"Urbanae","cognomen":"Urbanus"},{"nomen":"","gender":"male","raw_name":"[3]ius Zosimus","cognomen":"Zosimus"}]}},{"type":"Feature","geometry":{"type":"Point","coordinates":[15.86,38.36]},"properties":{"edcs_id":"EDCS-71000698","findspot":"Palmi / Taurianum","raw_text":"D(is) M(anibus) / Amplia/to q(ui) v(ixit) a/n(n)is XVIII m(ensibus) / III d(iebus) V f(ecit) / mater f(ilio) b(ene) m(erenti)","date_from":171,"date_to":300,"marker_gender":"male","is_individual":false,"edcs_url":"https://edcs.hist.uzh.ch/en/document?edcs-id=EDCS-71000698","persons":[{"nomen":"","gender":"male","raw_name":"Ampliato","cognomen":"Ampliatus","status":"filius"}]}},{"type":"Feature","geometry":{"type":"Point","coordinates":[15.89,40.28]},"properties":{"edcs_id":"EDCS-72300243","findspot":"Grumento Nova / Grumentum","raw_text":"Sabini(a)e / co(n)iugi / V<i=U>ctor / b(ene) m(erenti) f(ecit)","date_from":201,"date_to":400,"marker_gender":"mixed","is_individual":false,"edcs_url":"https://edcs.hist.uzh.ch/en/document?edcs-id=EDCS-72300243","persons":[{"nomen":"Sabinidia","gender":"female","raw_name":"Sabini(a)e","status":"coniunx"},{"nomen":"","gender":"male","raw_name":"Victor","cognomen":"Victor","status":"bene merens"}]}},{"type":"Feature","geometry":{"type":"Point","coordinates":[15.89,40.28]},"properties":{"edcs_id":"EDCS-72300244","findspot":"Grumento Nova / Grumentum","raw_text":"[D(is)] M(anibus) / I[u]lia Salbiae(!) / matri b(ene) m(erenti) f(ecit) / qu(a)e vixit / [a]nnis LXX","date_from":201,"date_to":400,"marker_gender":"female","is_individual":false,"edcs_url":"https://edcs.hist.uzh.ch/en/document?edcs-id=EDCS-72300244","persons":[{"nomen":"Iulia","gender":"female","raw_name":"I[u]lia Salbiae","cognomen":"Salbia","status":"mater, bene merens"}]}},{"type":"Feature","geometry":{"type":"Point","coordinates":[15.56,40.46]},"properties":{"edcs_id":"EDCS-72300269","findspot":"Atena Lucana / Atina","raw_text":"] / [M]arcella posu/[e]runt qui vixit / annis V m(ensibus) XI / d(iebus) XXIII","date_from":171,"date_to":300,"marker_gender":"female","is_individual":false,"edcs_url":"https://edcs.hist.uzh.ch/en/document?edcs-id=EDCS-72300269","persons":[{"nomen":"","gender":"female","raw_name":"[M]arcella","cognomen":"Marcella"}]}},{"type":"Feature","geometry":{"type":"Point","coordinates":[15.56,40.46]},"properties":{"edcs_id":"EDCS-74800046","findspot":"Atena Lucana / Atina","raw_text":"[Ex] testamento / [Lu]xiliae Rusticae / heredes / L(ucius) Obinius L(uci) f(ilius) Pom(ptina) Gratus / nepos L(ucius) Obinius L(uci) f(ilius) / Pom(ptina) Gratus pronepos / balneum f(ecerunt)","date_from":1,"date_to":50,"marker_gender":"mixed","is_individual":false,"edcs_url":"https://edcs.hist.uzh.ch/en/document?edcs-id=EDCS-74800046","persons":[{"nomen":"Luxilia","gender":"female","raw_name":"[Lu]xiliae Rusticae","cognomen":"Rustica"},{"nomen":"Obinius","gender":"male","raw_name":"L. Obinius L. f. Pom. Gratus","praenomen":"Lucius","cognomen":"Gratus","status":"filius Lucii, tribus Pomptina","cluster_id":97,"cluster_size":2},{"nomen":"Obinius","gender":"male","raw_name":"L. Obinius L. f. Pom. Gratus","praenomen":"Lucius","cognomen":"Gratus","status":"pronepos, tribus Pomptina","cluster_id":97,"cluster_size":2}]}},{"type":"Feature","geometry":{"type":"Point","coordinates":[16.68,40.21]},"properties":{"edcs_id":"EDCS-75100003","findspot":"Policoro / Heraclea","raw_text":"Ἔφορος Σώπολις / Φιλοξένα Δάματρι / ἀνέθηκε αὐτὰ αὐ/τάν","date_from":null,"date_to":null,"marker_gender":"mixed","is_individual":true,"edcs_url":"https://edcs.hist.uzh.ch/en/document?edcs-id=EDCS-75100003","persons":[{"nomen":"","gender":"male","raw_name":"Ἔφορος","cognomen":"Ephorus","cluster_id":1409,"cluster_size":3,"cluster_confidence":"low"},{"nomen":"","gender":"male","raw_name":"Σώπολις","cognomen":"Sopolis"},{"nomen":"","gender":"female","raw_name":"Φιλοξένα","cognomen":"Philoxena"}]}},{"type":"Feature","geometry":{"type":"Point","coordinates":[16.68,40.21]},"properties":{"edcs_id":"EDCS-76000109","findspot":"Policoro / Heraclea","raw_text":"Φιλημένα / Νίκωνο/[ς] καὶ hα[γ]ενιά / καὶ hα ἐγ/γονία / Δάμα/τρι / εὐχ/άν","date_from":null,"date_to":null,"marker_gender":"mixed","is_individual":true,"edcs_url":"https://edcs.hist.uzh.ch/en/document?edcs-id=EDCS-76000109","persons":[{"nomen":"","gender":"female","raw_name":"Φιλημένα","cognomen":"Philemena"},{"nomen":"","gender":"male","raw_name":"Νίκωνο[ς]","cognomen":"Nicon","status":"pater"}]}},{"type":"Feature","geometry":{"type":"Point","coordinates":[16.68,40.21]},"properties":{"edcs_id":"EDCS-76000113","findspot":"Policoro / Heraclea","raw_text":"[Ἰσ]τιεῖ[ος] / Ἀριστύλω / Ἀρτάμιτι / Σωτήραι","date_from":null,"date_to":null,"marker_gender":"male","is_individual":true,"edcs_url":"https://edcs.hist.uzh.ch/en/document?edcs-id=EDCS-76000113","persons":[{"nomen":"","gender":"male","raw_name":"[Ἰσ]τιεῖ[ος]","cognomen":"Istieius"},{"nomen":"","gender":"male","raw_name":"Ἀριστύλω","cognomen":"Aristylus"}]}},{"type":"Feature","geometry":{"type":"Point","coordinates":[16.68,40.21]},"properties":{"edcs_id":"EDCS-76000115","findspot":"Policoro / Heraclea","raw_text":"Σώδαμος ἀνέθηκε Δάματρι","date_from":null,"date_to":null,"marker_gender":"male","is_individual":true,"edcs_url":"https://edcs.hist.uzh.ch/en/document?edcs-id=EDCS-76000115","persons":[{"nomen":"","gender":"male","raw_name":"Σώδαμος","cognomen":"Sodamus"}]}},{"type":"Feature","geometry":{"type":"Point","coordinates":[16.68,40.21]},"properties":{"edcs_id":"EDCS-76000116","findspot":"Policoro / Heraclea","raw_text":"Σωπυρίσκος ἀνέθηκε Δάματρι","date_from":null,"date_to":null,"marker_gender":"male","is_individual":true,"edcs_url":"https://edcs.hist.uzh.ch/en/document?edcs-id=EDCS-76000116","persons":[{"nomen":"","gender":"male","raw_name":"Σωπυρίσκος","cognomen":"Sopyriscus"}]}},{"type":"Feature","geometry":{"type":"Point","coordinates":[16.68,40.21]},"properties":{"edcs_id":"EDCS-76000117","findspot":"Policoro / Heraclea","raw_text":"[Ἔφο]ρος Ἅγυλος / [παρ]καττίθεται / [Πε]ταλλὶς τᾶι Δ/[άμ]ατρι αὐτὰ αὐ/[τ]άν","date_from":null,"date_to":null,"marker_gender":"mixed","is_individual":true,"edcs_url":"https://edcs.hist.uzh.ch/en/document?edcs-id=EDCS-76000117","persons":[{"nomen":"","gender":"male","raw_name":"[Ἔφο]ρος","cognomen":"Ephorus","cluster_id":1409,"cluster_size":3,"cluster_confidence":"low"},{"nomen":"","gender":"male","raw_name":"Ἅγυλος","cognomen":"Agylus"},{"nomen":"","gender":"female","raw_name":"[Πε]ταλλὶς","cognomen":"Petallis"}]}},{"type":"Feature","geometry":{"type":"Point","coordinates":[16.68,40.21]},"properties":{"edcs_id":"EDCS-76000118","findspot":"Policoro / Heraclea","raw_text":"Ἔφορος Ἀρχία/ς μηνὸς εσ[3] / [","date_from":null,"date_to":null,"marker_gender":"male","is_individual":true,"edcs_url":"https://edcs.hist.uzh.ch/en/document?edcs-id=EDCS-76000118","persons":[{"nomen":"","gender":"male","raw_name":"Ἔφορος","cognomen":"Ephorus","cluster_id":1409,"cluster_size":3,"cluster_confidence":"low"},{"nomen":"","gender":"male","raw_name":"Ἀρχίας","cognomen":"Archias"}]}},{"type":"Feature","geometry":null,"properties":{"edcs_id":"EDCS-76200205","findspot":"Bernalda / Metapontum","raw_text":"Domino nostro Flavio Claudio Iuliano semper Augusto","date_from":null,"date_to":null,"marker_gender":"male","is_individual":true,"edcs_url":"https://edcs.hist.uzh.ch/en/document?edcs-id=EDCS-76200205","persons":[{"nomen":"Flavius","gender":"male","raw_name":"D(omino) n(ostro) Fl(avio) Cl(audio) Iuliano","cognomen":"Iulianus","status":"Dominus noster, Augustus","is_imperial":true}]}},{"type":"Feature","geometry":{"type":"Point","coordinates":[16.32,39.79]},"properties":{"edcs_id":"EDCS-76300166","findspot":"Cassano all'Ionio / Cassano allo Ionio / Copia","raw_text":"Quintia Prima [3] / rogo inimica m[ea 3] / mado suas ma[nus 3] / delocata iri tam [3] / mon<u=I>menta / et Rusticena m[3] / ut in Lamia / veniat rogo [","date_from":1,"date_to":100,"marker_gender":"female","is_individual":false,"edcs_url":"https://edcs.hist.uzh.ch/en/document?edcs-id=EDCS-76300166","persons":[{"nomen":"Quintia","gender":"female","raw_name":"Quintia Prima","cognomen":"Prima"},{"nomen":"Rusticena","gender":"female","raw_name":"Rusticena"}]}},{"type":"Feature","geometry":{"type":"Point","coordinates":[16.32,39.79]},"properties":{"edcs_id":"EDCS-76400055","findspot":"Cassano all'Ionio / Cassano allo Ionio / Copia","raw_text":"Sext(iae) Ruf(a)e","date_from":1,"date_to":100,"marker_gender":"female","is_individual":false,"edcs_url":"https://edcs.hist.uzh.ch/en/document?edcs-id=EDCS-76400055","persons":[{"nomen":"Sextia","gender":"female","raw_name":"Sext(iae) Ruf(a)e","cognomen":"Rufa"}]}},{"type":"Feature","geometry":{"type":"Point","coordinates":[16.32,39.79]},"properties":{"edcs_id":"EDCS-76400059","findspot":"Cassano all'Ionio / Cassano allo Ionio / Copia","raw_text":"Cattio Feronino IIII[vir(o)] / q(uin)q(uennali) patrono bene [me]/[r]entissimo / libert[i] p[os(uerunt)]","date_from":101,"date_to":200,"marker_gender":"male","is_individual":false,"edcs_url":"https://edcs.hist.uzh.ch/en/document?edcs-id=EDCS-76400059","persons":[{"nomen":"","gender":"male","raw_name":"Cattio Feronino","cognomen":"Cattius Feroninus","status":"quattuorvir, quinquennalis, patronus"}]}},{"type":"Feature","geometry":{"type":"Point","coordinates":[17.05,39.26]},"properties":{"edcs_id":"EDCS-76600085","findspot":"Strongoli / Petelia","raw_text":"Σεκονδίων ἐπ(οίησε)","date_from":-100,"date_to":-1,"marker_gender":"male","is_individual":false,"edcs_url":"https://edcs.hist.uzh.ch/en/document?edcs-id=EDCS-76600085","persons":[{"nomen":"","gender":"male","raw_name":"Σεκονδίων","cognomen":"Secundio"}]}},{"type":"Feature","geometry":{"type":"Point","coordinates":[15.64,38.1]},"properties":{"edcs_id":"EDCS-76600336","findspot":"Reggio di Calabria / Reggio Calabria / Regium Iulium","raw_text":"Corneliae M(arci) f(iliae) Severinae Bassi / huic Regini Iulienses o(rdo) p(opulus)q(ue) publi/ce privatimque dum vixit et / postea de se opt<i=U>me meritae statu/as cl<u=I>peosque pecunia publica poni iussit / T(itus) Flavius T(iti) f(ilius) Pal(atina) Severinus Cornelius / Saturninus heres sumptu rei p(ublicae) remisso / de suo posuit l(ocus) d(atus) d(ecreto) d(ecurionum)","date_from":101,"date_to":200,"marker_gender":"mixed","is_individual":false,"edcs_url":"https://edcs.hist.uzh.ch/en/document?edcs-id=EDCS-76600336","persons":[{"nomen":"Cornelia","gender":"female","raw_name":"Corneliae M(arci) f(iliae) Severinae Bassi","cognomen":"Severina Bassus","status":"filia Marci","cluster_id":578,"cluster_size":2},{"nomen":"Flavius","gender":"male","raw_name":"T(itus) Flavius T(iti) f(ilius) Pal(atina) Severinus Cornelius   Saturninus","praenomen":"Titus","cognomen":"Severinus Cornelius Saturninus","status":"filius Titi, tribus Palatina, heres","cluster_id":579,"cluster_size":2}]}},{"type":"Feature","geometry":{"type":"Point","coordinates":[16.32,39.79]},"properties":{"edcs_id":"EDCS-76800066","findspot":"Cassano all'Ionio / Cassano allo Ionio / Copia","raw_text":"[3]us T(itus) Graius M(arcus) Fabricius M(arcus) Nonius [3]","date_from":null,"date_to":null,"marker_gender":"male","is_individual":false,"edcs_url":"https://edcs.hist.uzh.ch/en/document?edcs-id=EDCS-76800066","persons":[{"nomen":"Graius","gender":"male","raw_name":"[3]us T(itus) Graius","praenomen":"Titus"},{"nomen":"Fabricius","gender":"male","raw_name":"M(arcus) Fabricius","praenomen":"Marcus"},{"nomen":"Nonius","gender":"male","raw_name":"M(arcus) Nonius","praenomen":"Marcus"}]}},{"type":"Feature","geometry":{"type":"Point","coordinates":[16.32,39.79]},"properties":{"edcs_id":"EDCS-76800074","findspot":"Cassano all'Ionio / Cassano allo Ionio / Copia","raw_text":"M(arcus) Caninius Al[exan]/der fecit sibi e[t] / Domitiae P(ubli) l(ibertae) Hyle et / T(ito) Annio Loto et Cossutiae / Amaranthidi et suis / Domitiae P(ubli) l(ibertae) Faustae et / Domitio P(ubli) l(iberto) Felici et / C(aio) Iulio Platoni fida viro vixi(t) / fidissima matri amantissum(a) fratri / h(oc) m(onumentum) s(ive) s(epulcrum) e(xternum) h(eredem) n(on) s(equetur)","date_from":71,"date_to":130,"marker_gender":"mixed","is_individual":false,"edcs_url":"https://edcs.hist.uzh.ch/en/document?edcs-id=EDCS-76800074","persons":[{"nomen":"Caninius","gender":"male","raw_name":"M(arcus) Caninius Al[exan] der","praenomen":"Marcus","cognomen":"Alexander"},{"nomen":"Domitia","gender":"female","raw_name":"Domitiae P(ubli) l(ibertae) Hyle","cognomen":"Hyle","status":"liberta Publii"},{"nomen":"Annius","gender":"male","raw_name":"T(ito) Annio Loto","praenomen":"Titus","cognomen":"Lotus"},{"nomen":"Cossutia","gender":"female","raw_name":"Cossutiae Amaranthidi","cognomen":"Amaranthis"},{"nomen":"Domitia","gender":"female","raw_name":"Domitiae P(ubli) l(ibertae) Faustae","cognomen":"Fausta","status":"liberta Publii"},{"nomen":"Domitius","gender":"male","raw_name":"Domitio P(ubli) l(iberto) Felici","cognomen":"Felix","status":"libertus Publii"},{"nomen":"Iulius","gender":"male","raw_name":"C(aio) Iulio Platoni","praenomen":"Gaius","cognomen":"Plato"}]}},{"type":"Feature","geometry":{"type":"Point","coordinates":[15.56,40.46]},"properties":{"edcs_id":"EDCS-76800108","findspot":"Atena Lucana / Atina","raw_text":"[Imp(eratori)] Caes(ari) P(ublio) Licinio / [G]allieno Aug(usto) / [po]nt(ifici) max(imo) tr(ibunicia) pot(estate) / [c]o(n)s(uli) II p(atri) p(atriae) / d(ecreto) d(ecurionum)","date_from":255,"date_to":256,"marker_gender":"male","is_individual":false,"edcs_url":"https://edcs.hist.uzh.ch/en/document?edcs-id=EDCS-76800108","persons":[{"nomen":"Licinius","gender":"male","raw_name":"[Imp.] Caes. P. Licinio [G]allieno","praenomen":"Publius","cognomen":"Gallienus","status":"Imperator Caesar, pontifex maximus, tribunicia potestate, consul II, pater patriae, Augustus","is_imperial":true}]}},{"type":"Feature","geometry":{"type":"Point","coordinates":[14.95,40.28]},"properties":{"edcs_id":"EDCS-76900095","findspot":"Castellabate / Velia","raw_text":"D(is) M(anibus) / Antoniae Priscae / Antoni Prisci triarchi / f(iliae) vixit annis XVII d(iebus) XIII / L(ucius) Val(erius) Sura triarchus / co(n)iugi bene merenti fecit","date_from":131,"date_to":200,"marker_gender":"mixed","is_individual":true,"edcs_url":"https://edcs.hist.uzh.ch/en/document?edcs-id=EDCS-76900095","persons":[{"nomen":"Antonia","gender":"female","raw_name":"Antoniae Priscae","cognomen":"Prisca","status":"filia Antoni Prisci, triarchi"},{"nomen":"Antonius","gender":"male","raw_name":"Antoni Prisci","cognomen":"Priscus","status":"triarchus, pater"},{"nomen":"Valerius","gender":"male","raw_name":"L(ucius) Val(erius) Sura","praenomen":"Lucius","cognomen":"Sura","status":"triarchus"}]}},{"type":"Feature","geometry":{"type":"Point","coordinates":[16.6,38.82]},"properties":{"edcs_id":"EDCS-78500003","findspot":"Roccelletta / Scolacium","raw_text":"Pinnae","date_from":null,"date_to":null,"marker_gender":"male","is_individual":false,"edcs_url":"https://edcs.hist.uzh.ch/en/document?edcs-id=EDCS-78500003","persons":[{"nomen":"","gender":"male","raw_name":"Pinnae","cognomen":"Pinna"}]}},{"type":"Feature","geometry":{"type":"Point","coordinates":[16.6,38.82]},"properties":{"edcs_id":"EDCS-78500004","findspot":"Roccelletta / Scolacium","raw_text":"Ianu(arius)","date_from":null,"date_to":null,"marker_gender":"male","is_individual":false,"edcs_url":"https://edcs.hist.uzh.ch/en/document?edcs-id=EDCS-78500004","persons":[{"nomen":"","gender":"male","raw_name":"Ianu(arius)","cognomen":"Ianuarius"}]}},{"type":"Feature","geometry":{"type":"Point","coordinates":[16.6,38.82]},"properties":{"edcs_id":"EDCS-78500005","findspot":"Roccelletta / Scolacium","raw_text":"Febr(uarius)","date_from":null,"date_to":null,"marker_gender":"male","is_individual":false,"edcs_url":"https://edcs.hist.uzh.ch/en/document?edcs-id=EDCS-78500005","persons":[{"nomen":"","gender":"male","raw_name":"Febr(uarius)","cognomen":"Februarius"}]}},{"type":"Feature","geometry":{"type":"Point","coordinates":[16.6,38.82]},"properties":{"edcs_id":"EDCS-78500006","findspot":"Roccelletta / Scolacium","raw_text":"Iunius","date_from":null,"date_to":null,"marker_gender":"male","is_individual":false,"edcs_url":"https://edcs.hist.uzh.ch/en/document?edcs-id=EDCS-78500006","persons":[{"nomen":"Iunius","gender":"male","raw_name":"Iunius"}]}},{"type":"Feature","geometry":{"type":"Point","coordinates":[16.6,38.82]},"properties":{"edcs_id":"EDCS-78500007","findspot":"Roccelletta / Scolacium","raw_text":"Augus(tus)","date_from":null,"date_to":null,"marker_gender":"male","is_individual":false,"edcs_url":"https://edcs.hist.uzh.ch/en/document?edcs-id=EDCS-78500007","persons":[{"nomen":"","gender":"male","raw_name":"Augus(tus)","cognomen":"Augustus","is_imperial":true,"cluster_confidence":"excluded"}]}},{"type":"Feature","geometry":{"type":"Point","coordinates":[16.6,38.82]},"properties":{"edcs_id":"EDCS-78500012","findspot":"Roccelletta / Scolacium","raw_text":"Pancarpus Liv(iae)","date_from":null,"date_to":null,"marker_gender":"male","is_individual":false,"edcs_url":"https://edcs.hist.uzh.ch/en/document?edcs-id=EDCS-78500012","persons":[{"nomen":"","gender":"male","raw_name":"Pancarpus","cognomen":"Pancarpus","cluster_id":1590,"cluster_size":2,"cluster_confidence":"low"}]}},{"type":"Feature","geometry":{"type":"Point","coordinates":[15.51,40.6]},"properties":{"edcs_id":"EDCS-78700047","findspot":"Vietri di Potenza / Atina","raw_text":"Porcati/a Priscil/la bene m/{a}erenti c/o(n)iugi vir/o Coraeso / posui(t) an(norum) L","date_from":201,"date_to":300,"marker_gender":"mixed","is_individual":false,"edcs_url":"https://edcs.hist.uzh.ch/en/document?edcs-id=EDCS-78700047","persons":[{"nomen":"Porcatia","gender":"female","raw_name":"Porcatia Priscilla","cognomen":"Priscilla"},{"nomen":"","gender":"male","raw_name":"Coraeso","cognomen":"Coraesus","status":"coniunx, vir"}]}},{"type":"Feature","geometry":{"type":"Point","coordinates":[15.89,40.28]},"properties":{"edcs_id":"EDCS-79600086","findspot":"Grumento Nova / Grumentum","raw_text":"Pactumeiae / P(ubli) f(iliae) Geminae // L(ucio?) [","date_from":null,"date_to":null,"marker_gender":"female","is_individual":false,"edcs_url":"https://edcs.hist.uzh.ch/en/document?edcs-id=EDCS-79600086","persons":[{"nomen":"Pactumeia","gender":"female","raw_name":"Pactumeiae P(ubli) f(iliae) Geminae","cognomen":"Gemina","status":"filia Publii"}]}},{"type":"Feature","geometry":{"type":"Point","coordinates":[15.89,40.28]},"properties":{"edcs_id":"EDCS-79600087","findspot":"Grumento Nova / Grumentum","raw_text":"M(arco) Servilio / |(mulieris) l(iberto) Homer(o) / [","date_from":null,"date_to":null,"marker_gender":"male","is_individual":false,"edcs_url":"https://edcs.hist.uzh.ch/en/document?edcs-id=EDCS-79600087","persons":[{"nomen":"Servilius","gender":"male","raw_name":"M(arco) Servilio Homer(o)","praenomen":"Marcus","cognomen":"Homerus","status":"libertus mulieris"}]}},{"type":"Feature","geometry":{"type":"Point","coordinates":[15.89,40.28]},"properties":{"edcs_id":"EDCS-79600090","findspot":"Grumento Nova / Grumentum","raw_text":"]so pa[3] / Vibiedia [3] / [3]c p[","date_from":null,"date_to":null,"marker_gender":"female","is_individual":false,"edcs_url":"https://edcs.hist.uzh.ch/en/document?edcs-id=EDCS-79600090","persons":[{"nomen":"Vibiedia","gender":"female","raw_name":"Vibiedia"}]}},{"type":"Feature","geometry":{"type":"Point","coordinates":[15.89,40.28]},"properties":{"edcs_id":"EDCS-79600091","findspot":"Grumento Nova / Grumentum","raw_text":"[3]co dato / [3] Eutactus / [","date_from":null,"date_to":null,"marker_gender":"male","is_individual":false,"edcs_url":"https://edcs.hist.uzh.ch/en/document?edcs-id=EDCS-79600091","persons":[{"nomen":"","gender":"male","raw_name":"Eutactus","cognomen":"Eutactus"}]}},{"type":"Feature","geometry":{"type":"Point","coordinates":[15.89,40.28]},"properties":{"edcs_id":"EDCS-79600093","findspot":"Grumento Nova / Grumentum","raw_text":"Potitus","date_from":null,"date_to":null,"marker_gender":"male","is_individual":false,"edcs_url":"https://edcs.hist.uzh.ch/en/document?edcs-id=EDCS-79600093","persons":[{"nomen":"","gender":"male","raw_name":"Potitus","cognomen":"Potitus"}]}},{"type":"Feature","geometry":{"type":"Point","coordinates":[15.56,40.46]},"properties":{"edcs_id":"EDCS-80200112","findspot":"Atena Lucana / Atina","raw_text":"Genio mun[i]/cipi(i) Atinati/um aram / Latinius Lu/canus pater / posuit Lati/nius Lucanus / filius scrip/sit it(em) dedica/vit s(ua) p(ecunia) / l(ocus) d(atus) d(ecreto) d(ecurionum)","date_from":151,"date_to":230,"marker_gender":"male","is_individual":false,"edcs_url":"https://edcs.hist.uzh.ch/en/document?edcs-id=EDCS-80200112","persons":[{"nomen":"Latinius","gender":"male","raw_name":"Latinius Lucanus","cognomen":"Lucanus","status":"pater","cluster_id":34,"cluster_size":4},{"nomen":"Latinius","gender":"male","raw_name":"Latinius Lucanus","cognomen":"Lucanus","status":"filius","cluster_id":34,"cluster_size":4}]}},{"type":"Feature","geometry":{"type":"Point","coordinates":[16.1,38.68]},"properties":{"edcs_id":"EDCS-80700088","findspot":"Vibo Valentia / Monteleone Calabro / Hipponium","raw_text":"] / [vix(it) an]n(os) X dul/cissima Am/anda b(ene) m(erenti) f(ecit)","date_from":171,"date_to":300,"marker_gender":"female","is_individual":false,"edcs_url":"https://edcs.hist.uzh.ch/en/document?edcs-id=EDCS-80700088","persons":[{"nomen":"","gender":"female","raw_name":"Amanda","cognomen":"Amanda","status":"dulcissima"}]}},{"type":"Feature","geometry":{"type":"Point","coordinates":[16.1,38.68]},"properties":{"edcs_id":"EDCS-80700090","findspot":"Vibo Valentia / Monteleone Calabro / Hipponium","raw_text":"]na et Aureola mate[r] / [3] Felix","date_from":171,"date_to":300,"marker_gender":"male","is_individual":false,"edcs_url":"https://edcs.hist.uzh.ch/en/document?edcs-id=EDCS-80700090","persons":[{"nomen":"","gender":"male","raw_name":"Felix","cognomen":"Felix","cluster_id":1871,"cluster_size":2,"cluster_confidence":"low"}]}},{"type":"Feature","geometry":{"type":"Point","coordinates":[16.47,39.7]},"properties":{"edcs_id":"EDCS-81700344","findspot":"Thurio / Thurioi / Copia Thurii","raw_text":"ἔρχομα(ι) ἐκ (κ)α(θα)ρῶν {Σ χ(θ)ον(ί)ων} / καθαρά χ(θ)ονίων βασίλ{ΙΙ}ει(α) / Εὖκλε καὶ Εὐβουλεῦ {Ι} καὶ θεοὶ δαίμο(ν)/ε(ς) ἄλλοι καὶ γ(ὰρ) ἐγὼν ὑμῶ(ν) γένο(ς) εὔχομα/ι ὄλβιο{Ι}ν εἶναι πο(ι)νάν δʼ ἀνταπέτ{π}ε(ι)σ(α) / ἔργων ἕνεκα οὔτι δικα(ί)ων / εἴτε με μο(ῖ)ρα ἐδαμάσατο / εἴτε ἀστεροπῆτι κ(ε)ραυνῷ(?) {Ν} / νῦν δʼ ἱκέτι(ς) ἵκωι παρʼ ἀγνὴ(ν) Φε(ρ)σε/φόνε(ι)αν ὥς με {Ι} πρόφ(ρ)ω(ν) πέμψῃ / ἕδρα{+}ς ἐς εὐαγέ{Ι}ων","date_from":null,"date_to":null,"marker_gender":"male","is_individual":false,"edcs_url":"https://edcs.hist.uzh.ch/en/document?edcs-id=EDCS-81700344","persons":[{"nomen":"","gender":"male","raw_name":"Εὖκλε","cognomen":"Eucles","cluster_id":1863,"cluster_size":3,"cluster_confidence":"low"},{"nomen":"","gender":"male","raw_name":"Εὐβουλεῦ","cognomen":"Eubuleus","cluster_id":1864,"cluster_size":3,"cluster_confidence":"low"}]}},{"type":"Feature","geometry":{"type":"Point","coordinates":[16.47,39.7]},"properties":{"edcs_id":"EDCS-81700345","findspot":"Thurio / Thurioi / Copia Thurii","raw_text":"ἔ{Ι}ρχομαι ἐ(κ) καθαρῶ(ν) καθ(αρά χθ)/ο(νίων) βασίλ(ει)α (Ε)ὖκλε {ΥΑ} κα(ὶ) Εὐ/βουλεῦ καὶ θεοὶ ὅσοι δ(αί)μο/νες ἄλλο(ι) καὶ γὰρ ἐ(γ)ὼ(ν) / ὑ(μῶν) γένος εὔχομαι {εἶνα(ι)} / ὄ(λ)βιο(ν) (εἶναι) ποινὰν (δʼ ἀν)ταπ/έτε(ισα) ἔργω(ν ἕνεκʼ) ο(ὔ)τι δικ//α(ί)ων ε(ἴ)τ(ε) με μοῖρα (ἐδάμασσε) / ε(ἴ)τʼ (ἀστ)εροπῆτι {ΚΗ} κερα/υν(ῷ?) νῦν δὲ (ἱ)κέτ(ης ἥ)κω / {(ἥ)κω} (ἁγνὴν) παρὰ Φ(ερ)σεφ(όνειαν) / ὥς με (π)ρόφ(ρων) πέ(μ)ψ(ῃ) {Μ} / ἕδρας ἐς εὐ(α)γ(έ)ω(ν)","date_from":null,"date_to":null,"marker_gender":"male","is_individual":false,"edcs_url":"https://edcs.hist.uzh.ch/en/document?edcs-id=EDCS-81700345","persons":[{"nomen":"","gender":"male","raw_name":"Εὖκλε","cognomen":"Eucles","cluster_id":1863,"cluster_size":3,"cluster_confidence":"low"},{"nomen":"","gender":"male","raw_name":"Εὐβουλεῦ","cognomen":"Eubuleus","cluster_id":1864,"cluster_size":3,"cluster_confidence":"low"}]}},{"type":"Feature","geometry":{"type":"Point","coordinates":[15.73,40.38]},"properties":{"edcs_id":"EDCS-81800054","findspot":"Paterno / Potentia","raw_text":"M(anibus) d(is) / Marcello pa/t<e=I>r filio fi/c{e}i(t) qui vix{s}i/t annis XIII","date_from":271,"date_to":350,"marker_gender":"male","is_individual":false,"edcs_url":"https://edcs.hist.uzh.ch/en/document?edcs-id=EDCS-81800054","persons":[{"nomen":"","gender":"male","raw_name":"Marcello pater","cognomen":"Marcellus","status":"pater"}]}},{"type":"Feature","geometry":{"type":"Point","coordinates":[15.73,40.38]},"properties":{"edcs_id":"EDCS-81800055","findspot":"Paterno / Potentia","raw_text":"D(is) M(anibus) / L(ucius) Cor(nelius) Helius / hic situs est / v(ixit) annis XXXXI / Cor(nelia) Tyche mater / filio et Caedia / Nerais sodali / pientissimo b(ene) / m(erenti) p(osuerunt) si fata recte po/suissen(t) matris hic / titulus debuit ante legi","date_from":171,"date_to":230,"marker_gender":"mixed","is_individual":false,"edcs_url":"https://edcs.hist.uzh.ch/en/document?edcs-id=EDCS-81800055","persons":[{"nomen":"Cornelius","gender":"male","raw_name":"L. Cor(nelius) Helius","praenomen":"Lucius","cognomen":"Helius"},{"nomen":"Cornelia","gender":"female","raw_name":"Cor(nelia) Tyche","cognomen":"Tyche","status":"mater"},{"nomen":"Caedia","gender":"female","raw_name":"Caedia Nerais","cognomen":"Nerais","status":"sodalis"}]}},{"type":"Feature","geometry":{"type":"Point","coordinates":[15.73,40.38]},"properties":{"edcs_id":"EDCS-81800056","findspot":"Paterno / Potentia","raw_text":"vixit] / [an]nis XXI / Luxilia Poti/ne mater f(ili) / b(ene) m(erenti) f(ecit)","date_from":51,"date_to":200,"marker_gender":"female","is_individual":false,"edcs_url":"https://edcs.hist.uzh.ch/en/document?edcs-id=EDCS-81800056","persons":[{"nomen":"Luxilia","gender":"female","raw_name":"Luxilia Potine","cognomen":"Potina","status":"mater"}]}},{"type":"Feature","geometry":{"type":"Point","coordinates":[15.8,40.64]},"properties":{"edcs_id":"EDCS-82000097","findspot":"Potenza / Potentia","raw_text":"] / Chresimus / con(iugi) b(ene) m(erenti) p(osuit) / vi(xit) a(nnos) LXXX","date_from":171,"date_to":230,"marker_gender":"male","is_individual":false,"edcs_url":"https://edcs.hist.uzh.ch/en/document?edcs-id=EDCS-82000097","persons":[{"nomen":"","gender":"male","raw_name":"Chresimus","cognomen":"Chresimus"}]}},{"type":"Feature","geometry":{"type":"Point","coordinates":[15.8,40.64]},"properties":{"edcs_id":"EDCS-82000098","findspot":"Potenza / Potentia","raw_text":"D(is) M(anibus) / [3]bio Barabiano / [3]dia Elias / [","date_from":101,"date_to":200,"marker_gender":"mixed","is_individual":false,"edcs_url":"https://edcs.hist.uzh.ch/en/document?edcs-id=EDCS-82000098","persons":[{"nomen":"","gender":"male","raw_name":"[3]bio Barabiano","cognomen":"Barabianus"},{"nomen":"","gender":"female","raw_name":"[3]dia Elias","cognomen":"Elias"}]}},{"type":"Feature","geometry":{"type":"Point","coordinates":[15.8,40.64]},"properties":{"edcs_id":"EDCS-82000099","findspot":"Potenza / Potentia","raw_text":"D(is) M(anibus) / C(aius) Clodius / Donatus / f(ili) Clodio / Festo k(arissimo) t(itulum) p(osuit)","date_from":151,"date_to":200,"marker_gender":"male","is_individual":false,"edcs_url":"https://edcs.hist.uzh.ch/en/document?edcs-id=EDCS-82000099","persons":[{"nomen":"Clodius","gender":"male","raw_name":"C. Clodius Donatus","praenomen":"Gaius","cognomen":"Donatus"},{"nomen":"Clodius","gender":"male","raw_name":"Clodio Festo","cognomen":"Festus","status":"filius, karissimus"}]}},{"type":"Feature","geometry":{"type":"Point","coordinates":[15.8,40.64]},"properties":{"edcs_id":"EDCS-82000100","findspot":"Potenza / Potentia","raw_text":"D(is) M(anibus) / Caeciliae / Max{s}im(a)e / v(ixit) a(nnos) LXX / Clodia Pro/va(!) matri / b(ene) m(erenti) f(ecit)","date_from":171,"date_to":230,"marker_gender":"female","is_individual":false,"edcs_url":"https://edcs.hist.uzh.ch/en/document?edcs-id=EDCS-82000100","persons":[{"nomen":"Caecilia","gender":"female","raw_name":"Caeciliae Max{s}im(a)e","cognomen":"Maxima"},{"nomen":"Clodia","gender":"female","raw_name":"Clodia Prova","cognomen":"Prova","status":"mater, bene merens"}]}},{"type":"Feature","geometry":{"type":"Point","coordinates":[15.64,38.1]},"properties":{"edcs_id":"EDCS-82300058","findspot":"Reggio di Calabria / Reggio Calabria / Regium Iulium","raw_text":"Σωσῆνος(?)","date_from":null,"date_to":null,"marker_gender":"male","is_individual":false,"edcs_url":"https://edcs.hist.uzh.ch/en/document?edcs-id=EDCS-82300058","persons":[{"nomen":"","gender":"male","raw_name":"Σωσῆνος","cognomen":"Sosenes","cluster_id":1496,"cluster_size":2,"cluster_confidence":"low"}]}},{"type":"Feature","geometry":{"type":"Point","coordinates":[15.37,40.63]},"properties":{"edcs_id":"EDCS-82900085","findspot":"Buccino / Volcei","raw_text":"C(aius) Dex{s}ius C(ai) f(ilius) P(ublius) Villi(us) P(ubli) f(ilius) M(arcus) Accius M(arci) f(ilius) IIIIviri iur(e) dic(undo) / ex s(enatus) c(onsulto) ex pecunia publica et co<l=N>laticia quam municipes et in/colae sua voluntate contulerunt faci<e=U>ndum cura(ve)runt {e}i/demque proba(ve)runt","date_from":-80,"date_to":-41,"marker_gender":"male","is_individual":false,"edcs_url":"https://edcs.hist.uzh.ch/en/document?edcs-id=EDCS-82900085","persons":[{"nomen":"Dexius","gender":"male","raw_name":"C(aius) Dexius","praenomen":"Caius","status":"IIIIvir iure dicundo"},{"nomen":"Villius","gender":"male","raw_name":"P(ublius) Villi(us)","praenomen":"Publius","status":"IIIIvir iure dicundo"},{"nomen":"Accius","gender":"male","raw_name":"M(arcus) Accius","praenomen":"Marcus","status":"IIIIvir iure dicundo"}]}},{"type":"Feature","geometry":{"type":"Point","coordinates":[15.37,40.63]},"properties":{"edcs_id":"EDCS-82900086","findspot":"Buccino / Volcei","raw_text":"C(aius) Dex{s}ius C(ai) f(ilius) P(ublius) Vill(ius) P(ubli) f(ilius) M(arcus) Accius M(arci) f(ilius) IIIIviri iur(e) dic(undo) ex / s(enatus) c(onsulto) ex pecunia publica et co<l=N>laticia quam municipes / et incolae sua voluntate contulerunt faci<e=U>n/dum cura(ve)runt {e}idemque proba(ve)runt","date_from":-80,"date_to":-41,"marker_gender":"male","is_individual":false,"edcs_url":"https://edcs.hist.uzh.ch/en/document?edcs-id=EDCS-82900086","persons":[{"nomen":"Dexius","gender":"male","raw_name":"C(aius) Dexius","praenomen":"Caius","status":"IIIIvir iure dicundo"},{"nomen":"Villius","gender":"male","raw_name":"P(ublius) Vill(ius)","praenomen":"Publius","status":"IIIIvir iure dicundo"},{"nomen":"Accius","gender":"male","raw_name":"M(arcus) Accius","praenomen":"Marcus","status":"IIIIvir iure dicundo"}]}}]}