{"type":"FeatureCollection","features":[{"type":"Feature","geometry":{"type":"Point","coordinates":[13.52,43.62]},"properties":{"edcs_id":"EDCS-00380205","findspot":"Ancona","raw_text":"P(ublius) Hortorius Scauru[s 3 Ca]esius(?) / Sex(ti) f(ilius) IIviri d(ecreto) d(ecurionum) p(ecunia) p(ublica) [f(aciendum) c(uraverunt?) i(dem)]q(ue) / p(robaverunt)","date_from":0,"date_to":0,"marker_gender":"male","is_individual":false,"edcs_url":"https://edcs.hist.uzh.ch/en/document?edcs-id=EDCS-00380205","persons":[{"nomen":"Caesius","gender":"male","raw_name":"P(ublius) Hortorius Scauru[s 3 Ca]esius(?) Sex(ti) f(ilius)","praenomen":"Sextus","cognomen":"Scauros","status":"IIviri de creto decurionum pecunia publica faciendum curaverunt idemque probaverunt"}]}},{"type":"Feature","geometry":{"type":"Point","coordinates":[13.58,42.85]},"properties":{"edcs_id":"EDCS-02900187","findspot":"Ascoli Piceno / Asculum Picenum","raw_text":"Q(uinto) Greio / Croco VIv[ir(o)] / Greia |(mulieris) l(iberta) Myrt[ale(?)] / viva sibi et suis fecit / Q(uinto) Anneaeo / Decimo / Anneae Q(uinti) l(ibertae) / Primae soro[ri]","date_from":0,"date_to":0,"marker_gender":"mixed","is_individual":true,"edcs_url":"https://edcs.hist.uzh.ch/en/document?edcs-id=EDCS-02900187","persons":[{"nomen":"Greius","gender":"male","raw_name":"Q. Greio Croco VIv[ir(o)]","praenomen":"Quintus","cognomen":"Crocus","status":"Vivir(o)"},{"nomen":"Greia","gender":"female","raw_name":"Greia |(mulieris) l(iberta) Myrt[ale(?)]","cognomen":"Myrtale","status":"mulieris liberta"},{"nomen":"Annaeus","gender":"male","raw_name":"Q. Anneaeo Decimo","praenomen":"Quintus","cognomen":"Decimus"},{"nomen":"Annaea","gender":"female","raw_name":"Anneae Q(uinti) l(ibertae) Primae","cognomen":"Prima","status":"sorori, Quinti libertae"}]}},{"type":"Feature","geometry":{"type":"Point","coordinates":[13.68,43.03]},"properties":{"edcs_id":"EDCS-02900188","findspot":"Carassai","raw_text":"[1]aetiliae L(uci) f(iliae) / ex testamento / [3] Paroni L(uci) f(ilii) Fab(ia) / Cordi fili(i) / de HS VI(milibus)","date_from":0,"date_to":0,"marker_gender":"mixed","is_individual":false,"edcs_url":"https://edcs.hist.uzh.ch/en/document?edcs-id=EDCS-02900188","persons":[{"nomen":"Laetilia","gender":"female","raw_name":"[1]aetiliae L(uci) f(iliae)   ex testamento","status":"Luci filia, ex testamento"},{"nomen":"Paronius","gender":"male","raw_name":"[3] Paroni L(uci) f(ilii) Fab(ia)   Cordi fili(i)   de HS VI(milibus)","cognomen":"Cordus","status":"Luci fili, de HS VI(milibus)"}]}},{"type":"Feature","geometry":{"type":"Point","coordinates":[13.68,43.03]},"properties":{"edcs_id":"EDCS-02900189","findspot":"Carassai","raw_text":"D(is) M(anibus) / Attiae R[u]/finae [3] / Tigidiu[s","date_from":0,"date_to":0,"marker_gender":"mixed","is_individual":false,"edcs_url":"https://edcs.hist.uzh.ch/en/document?edcs-id=EDCS-02900189","persons":[{"nomen":"Attia","gender":"female","raw_name":"Attiae R[u] finae","cognomen":"Rufina"},{"nomen":"Tigidius","gender":"male","raw_name":"Tigidiu[s"}]}},{"type":"Feature","geometry":null,"properties":{"edcs_id":"EDCS-02900191","findspot":"Porto Sant'Elpidio / Firmum Picenum","raw_text":"Publi Oppi Cai liberti argentarii","date_from":0,"date_to":0,"marker_gender":"male","is_individual":true,"edcs_url":"https://edcs.hist.uzh.ch/en/document?edcs-id=EDCS-02900191","persons":[{"nomen":"Oppi","gender":"male","raw_name":"P. Oppi C. l. argent","status":"C(ai) l(iberti), argentarius"}]}},{"type":"Feature","geometry":{"type":"Point","coordinates":[13.18,43.23]},"properties":{"edcs_id":"EDCS-03000250","findspot":"San Severino Marche / Septempeda","raw_text":"us Titi filius Publius Attius Publi filius aediles faciendum curaverunt","date_from":0,"date_to":0,"marker_gender":"male","is_individual":false,"edcs_url":"https://edcs.hist.uzh.ch/en/document?edcs-id=EDCS-03000250","persons":[{"nomen":"Attius","gender":"male","raw_name":"[3]us T(iti) f(ilius) P(ublius) Attius P(ubli) f(ilius) aedi[l(es)] f(aciendum) c(uraverunt)","praenomen":"Publius","status":"Titi filius, Publi filius, aediles faciendum curaverunt"}]}},{"type":"Feature","geometry":{"type":"Point","coordinates":[13.18,43.23]},"properties":{"edcs_id":"EDCS-03000253","findspot":"San Severino Marche / Septempeda","raw_text":"Callistrato","date_from":0,"date_to":0,"marker_gender":"male","is_individual":false,"edcs_url":"https://edcs.hist.uzh.ch/en/document?edcs-id=EDCS-03000253","persons":[{"nomen":"","gender":"male","raw_name":"Callistrato","cognomen":"Callistratus","cluster_id":1614,"cluster_size":2,"cluster_confidence":"low"}]}},{"type":"Feature","geometry":{"type":"Point","coordinates":[13.18,43.23]},"properties":{"edcs_id":"EDCS-03000254","findspot":"San Severino Marche / Septempeda","raw_text":"Diphil","date_from":0,"date_to":0,"marker_gender":"male","is_individual":false,"edcs_url":"https://edcs.hist.uzh.ch/en/document?edcs-id=EDCS-03000254","persons":[{"nomen":"","gender":"male","raw_name":"Diphil[","cognomen":"Diphilus","cluster_id":1621,"cluster_size":2,"cluster_confidence":"low"}]}},{"type":"Feature","geometry":{"type":"Point","coordinates":[13.98,42.58]},"properties":{"edcs_id":"EDCS-03300145","findspot":"Atri / Hadria / Adria","raw_text":"Horte(n)sia Sex(ti) f(ilia) / Secunda sibi e[t] / P(ublio) Aninio Sabin[o] / coniugi","date_from":0,"date_to":0,"marker_gender":"mixed","is_individual":false,"edcs_url":"https://edcs.hist.uzh.ch/en/document?edcs-id=EDCS-03300145","persons":[{"nomen":"Hortensia","gender":"female","raw_name":"Horte(n)sia Sex(ti) f(ilia) Secunda","cognomen":"Secunda","status":"Sexti filia, sibi et Publio Aninio Sabino coniugi","cluster_id":95,"cluster_size":2},{"nomen":"Aninius","gender":"male","raw_name":"P. Aninio Sabin[o]","praenomen":"Publius","cognomen":"Sabinus","cluster_id":96,"cluster_size":2}]}},{"type":"Feature","geometry":{"type":"Point","coordinates":[13.98,42.58]},"properties":{"edcs_id":"EDCS-03300146","findspot":"Atri / Hadria / Adria","raw_text":"[Ho]rte(n)sia Sex(ti) f(ilia) Secunda / sibi et [P(ublio)] Aninio P(ubli) f(ilio) Ma<e=I>(cia) Sabino / coniugi / in f(ronte) p(edes) XII[II(?)]","date_from":0,"date_to":0,"marker_gender":"mixed","is_individual":false,"edcs_url":"https://edcs.hist.uzh.ch/en/document?edcs-id=EDCS-03300146","persons":[{"nomen":"Hortensia","gender":"female","raw_name":"[Ho]rte(n)sia Sex(ti) f(ilia) Secunda","cognomen":"Secunda","status":"Sex(ti) f(ilia)","cluster_id":95,"cluster_size":2},{"nomen":"Aninius","gender":"male","raw_name":"P(ublio) Aninio P(ubli) f(ilio) Ma<e=I>(cia) Sabino","praenomen":"Publius","cognomen":"Sabinus","status":"Publi filius, tribus: Maecia, coniugi","cluster_id":96,"cluster_size":2}]}},{"type":"Feature","geometry":{"type":"Point","coordinates":[13.58,42.85]},"properties":{"edcs_id":"EDCS-03300147","findspot":"Ascoli Piceno / Asculum Picenum","raw_text":"] Ce[3] / Q(uint) Poppa[e 3] / Pomponi[a","date_from":0,"date_to":0,"marker_gender":"female","is_individual":true,"edcs_url":"https://edcs.hist.uzh.ch/en/document?edcs-id=EDCS-03300147","persons":[{"nomen":"Poppaeus","gender":"unknown","raw_name":"Q(uint) Poppa[e 3]"},{"nomen":"Pomponia","gender":"female","raw_name":"Pomponi[a"}]}},{"type":"Feature","geometry":{"type":"Point","coordinates":[13.86,43.03]},"properties":{"edcs_id":"EDCS-03700138","findspot":"Cupra Marittima / Marano / Cupra Maritima","raw_text":"Acutus","date_from":0,"date_to":0,"marker_gender":"male","is_individual":false,"edcs_url":"https://edcs.hist.uzh.ch/en/document?edcs-id=EDCS-03700138","persons":[{"nomen":"","gender":"male","raw_name":"Acu tus","cognomen":"Acutus"}]}},{"type":"Feature","geometry":{"type":"Point","coordinates":[13.86,43.03]},"properties":{"edcs_id":"EDCS-03700139","findspot":"Cupra Marittima / Marano / Cupra Maritima","raw_text":"Sexti Anni","date_from":0,"date_to":0,"marker_gender":"male","is_individual":false,"edcs_url":"https://edcs.hist.uzh.ch/en/document?edcs-id=EDCS-03700139","persons":[{"nomen":"Annius","gender":"male","raw_name":"Sex(ti) Anni","praenomen":"Sextus"}]}},{"type":"Feature","geometry":{"type":"Point","coordinates":[13.86,43.03]},"properties":{"edcs_id":"EDCS-03700141","findspot":"Cupra Marittima / Marano / Cupra Maritima","raw_text":"Quinti Arvi","date_from":0,"date_to":0,"marker_gender":"male","is_individual":false,"edcs_url":"https://edcs.hist.uzh.ch/en/document?edcs-id=EDCS-03700141","persons":[{"nomen":"Arvius","gender":"male","raw_name":"Q. Ar[vi]","praenomen":"Quintus"}]}},{"type":"Feature","geometry":{"type":"Point","coordinates":[13.86,43.03]},"properties":{"edcs_id":"EDCS-03700143","findspot":"Cupra Marittima / Marano / Cupra Maritima","raw_text":"Zoili","date_from":0,"date_to":0,"marker_gender":"male","is_individual":false,"edcs_url":"https://edcs.hist.uzh.ch/en/document?edcs-id=EDCS-03700143","persons":[{"nomen":"","gender":"male","raw_name":"Zoil(i)","cognomen":"Zoilus"}]}},{"type":"Feature","geometry":{"type":"Point","coordinates":[13.86,43.03]},"properties":{"edcs_id":"EDCS-03700145","findspot":"Cupra Marittima / Marano / Cupra Maritima","raw_text":"Publi Atti","date_from":0,"date_to":0,"marker_gender":"male","is_individual":false,"edcs_url":"https://edcs.hist.uzh.ch/en/document?edcs-id=EDCS-03700145","persons":[{"nomen":"Attius","gender":"male","raw_name":"P. Atti","praenomen":"Publius"}]}},{"type":"Feature","geometry":{"type":"Point","coordinates":[13.86,43.03]},"properties":{"edcs_id":"EDCS-03700146","findspot":"Cupra Marittima / Marano / Cupra Maritima","raw_text":"Avilli","date_from":0,"date_to":0,"marker_gender":"unknown","is_individual":false,"edcs_url":"https://edcs.hist.uzh.ch/en/document?edcs-id=EDCS-03700146","persons":[{"nomen":"Avillius","gender":"unknown","raw_name":"Avilli"}]}},{"type":"Feature","geometry":{"type":"Point","coordinates":[13.86,43.03]},"properties":{"edcs_id":"EDCS-03700147","findspot":"Cupra Marittima / Marano / Cupra Maritima","raw_text":"Clarus Avilli","date_from":0,"date_to":0,"marker_gender":"male","is_individual":false,"edcs_url":"https://edcs.hist.uzh.ch/en/document?edcs-id=EDCS-03700147","persons":[{"nomen":"Avillius","gender":"male","raw_name":"Claru(s) Avilli","cognomen":"Clarus"}]}},{"type":"Feature","geometry":{"type":"Point","coordinates":[13.86,43.03]},"properties":{"edcs_id":"EDCS-03700148","findspot":"Cupra Marittima / Marano / Cupra Maritima","raw_text":"Philogenes Avilli","date_from":0,"date_to":0,"marker_gender":"male","is_individual":false,"edcs_url":"https://edcs.hist.uzh.ch/en/document?edcs-id=EDCS-03700148","persons":[{"nomen":"Avillius","gender":"male","raw_name":"Philog(enes) Avill(i)","cognomen":"Philogenes"}]}},{"type":"Feature","geometry":{"type":"Point","coordinates":[13.86,43.03]},"properties":{"edcs_id":"EDCS-03700150","findspot":"Cupra Marittima / Marano / Cupra Maritima","raw_text":"Calami","date_from":0,"date_to":0,"marker_gender":"male","is_individual":false,"edcs_url":"https://edcs.hist.uzh.ch/en/document?edcs-id=EDCS-03700150","persons":[{"nomen":"","gender":"male","raw_name":"Cal(a)mi","cognomen":"Calamus"}]}},{"type":"Feature","geometry":{"type":"Point","coordinates":[13.86,43.03]},"properties":{"edcs_id":"EDCS-03700151","findspot":"Cupra Marittima / Marano / Cupra Maritima","raw_text":"Proti","date_from":0,"date_to":0,"marker_gender":"male","is_individual":false,"edcs_url":"https://edcs.hist.uzh.ch/en/document?edcs-id=EDCS-03700151","persons":[{"nomen":"","gender":"male","raw_name":"Proti","cognomen":"Protus"}]}},{"type":"Feature","geometry":{"type":"Point","coordinates":[13.86,43.03]},"properties":{"edcs_id":"EDCS-03700152","findspot":"Cupra Marittima / Marano / Cupra Maritima","raw_text":"Casti","date_from":0,"date_to":0,"marker_gender":"male","is_individual":false,"edcs_url":"https://edcs.hist.uzh.ch/en/document?edcs-id=EDCS-03700152","persons":[{"nomen":"","gender":"male","raw_name":"Casti","cognomen":"Castus"}]}},{"type":"Feature","geometry":{"type":"Point","coordinates":[13.86,43.03]},"properties":{"edcs_id":"EDCS-03700153","findspot":"Cupra Marittima / Marano / Cupra Maritima","raw_text":"Communes","date_from":0,"date_to":0,"marker_gender":"male","is_individual":false,"edcs_url":"https://edcs.hist.uzh.ch/en/document?edcs-id=EDCS-03700153","persons":[{"nomen":"","gender":"male","raw_name":"Com(m) unes","cognomen":"Communes"}]}},{"type":"Feature","geometry":{"type":"Point","coordinates":[13.86,43.03]},"properties":{"edcs_id":"EDCS-03700156","findspot":"Cupra Marittima / Marano / Cupra Maritima","raw_text":"Eubuli","date_from":0,"date_to":0,"marker_gender":"male","is_individual":false,"edcs_url":"https://edcs.hist.uzh.ch/en/document?edcs-id=EDCS-03700156","persons":[{"nomen":"","gender":"male","raw_name":"Eubuli","cognomen":"Eubulus"}]}},{"type":"Feature","geometry":{"type":"Point","coordinates":[13.86,43.03]},"properties":{"edcs_id":"EDCS-03700157","findspot":"Cupra Marittima / Marano / Cupra Maritima","raw_text":"Eumenes","date_from":0,"date_to":0,"marker_gender":"male","is_individual":false,"edcs_url":"https://edcs.hist.uzh.ch/en/document?edcs-id=EDCS-03700157","persons":[{"nomen":"","gender":"male","raw_name":"Eumen(es)","cognomen":"Eumenes"}]}},{"type":"Feature","geometry":{"type":"Point","coordinates":[13.86,43.03]},"properties":{"edcs_id":"EDCS-03700158","findspot":"Cupra Marittima / Marano / Cupra Maritima","raw_text":"Felix","date_from":0,"date_to":0,"marker_gender":"male","is_individual":false,"edcs_url":"https://edcs.hist.uzh.ch/en/document?edcs-id=EDCS-03700158","persons":[{"nomen":"","gender":"male","raw_name":"Felix","cognomen":"Felix"}]}},{"type":"Feature","geometry":{"type":"Point","coordinates":[13.86,43.03]},"properties":{"edcs_id":"EDCS-03700159","findspot":"Cupra Marittima / Marano / Cupra Maritima","raw_text":"Flavi","date_from":0,"date_to":0,"marker_gender":"unknown","is_individual":false,"edcs_url":"https://edcs.hist.uzh.ch/en/document?edcs-id=EDCS-03700159","persons":[{"nomen":"Flavius","gender":"unknown","raw_name":"Flavi"}]}},{"type":"Feature","geometry":{"type":"Point","coordinates":[13.86,43.03]},"properties":{"edcs_id":"EDCS-03700160","findspot":"Cupra Marittima / Marano / Cupra Maritima","raw_text":"Fuscus","date_from":0,"date_to":0,"marker_gender":"male","is_individual":false,"edcs_url":"https://edcs.hist.uzh.ch/en/document?edcs-id=EDCS-03700160","persons":[{"nomen":"","gender":"male","raw_name":"Fuscus","cognomen":"Fuscus"}]}},{"type":"Feature","geometry":{"type":"Point","coordinates":[13.86,43.03]},"properties":{"edcs_id":"EDCS-03700161","findspot":"Cupra Marittima / Marano / Cupra Maritima","raw_text":"Germani","date_from":0,"date_to":0,"marker_gender":"male","is_individual":false,"edcs_url":"https://edcs.hist.uzh.ch/en/document?edcs-id=EDCS-03700161","persons":[{"nomen":"","gender":"male","raw_name":"Germ ani","cognomen":"Germanus"}]}},{"type":"Feature","geometry":{"type":"Point","coordinates":[13.86,43.03]},"properties":{"edcs_id":"EDCS-03700162","findspot":"Cupra Marittima / Marano / Cupra Maritima","raw_text":"Grati","date_from":0,"date_to":0,"marker_gender":"male","is_individual":false,"edcs_url":"https://edcs.hist.uzh.ch/en/document?edcs-id=EDCS-03700162","persons":[{"nomen":"","gender":"male","raw_name":"Grati","cognomen":"Gratus"}]}},{"type":"Feature","geometry":{"type":"Point","coordinates":[13.86,43.03]},"properties":{"edcs_id":"EDCS-03700164","findspot":"Cupra Marittima / Marano / Cupra Maritima","raw_text":"Caius Ma","date_from":0,"date_to":0,"marker_gender":"male","is_individual":false,"edcs_url":"https://edcs.hist.uzh.ch/en/document?edcs-id=EDCS-03700164","persons":[{"nomen":"","gender":"male","raw_name":"Cai Ma()","praenomen":"Gaius"}]}},{"type":"Feature","geometry":{"type":"Point","coordinates":[13.86,43.03]},"properties":{"edcs_id":"EDCS-03700165","findspot":"Cupra Marittima / Marano / Cupra Maritima","raw_text":"Luci Marci Apollodori","date_from":0,"date_to":0,"marker_gender":"male","is_individual":false,"edcs_url":"https://edcs.hist.uzh.ch/en/document?edcs-id=EDCS-03700165","persons":[{"nomen":"Marcius","gender":"male","raw_name":"L. Mar ci Apol(lodori)","praenomen":"Lucius","cognomen":"Apollodorus"}]}},{"type":"Feature","geometry":{"type":"Point","coordinates":[13.86,43.03]},"properties":{"edcs_id":"EDCS-03700166","findspot":"Cupra Marittima / Marano / Cupra Maritima","raw_text":"Caius M R","date_from":0,"date_to":0,"marker_gender":"male","is_individual":false,"edcs_url":"https://edcs.hist.uzh.ch/en/document?edcs-id=EDCS-03700166","persons":[{"nomen":"","gender":"male","raw_name":"C. M() R()","praenomen":"Gaius"}]}},{"type":"Feature","geometry":{"type":"Point","coordinates":[13.86,43.03]},"properties":{"edcs_id":"EDCS-03700167","findspot":"Cupra Marittima / Marano / Cupra Maritima","raw_text":"Melito","date_from":0,"date_to":0,"marker_gender":"male","is_individual":false,"edcs_url":"https://edcs.hist.uzh.ch/en/document?edcs-id=EDCS-03700167","persons":[{"nomen":"","gender":"male","raw_name":"Melito","cognomen":"Melito"}]}},{"type":"Feature","geometry":{"type":"Point","coordinates":[13.86,43.03]},"properties":{"edcs_id":"EDCS-03700169","findspot":"Cupra Marittima / Marano / Cupra Maritima","raw_text":"Salvi","date_from":0,"date_to":0,"marker_gender":"male","is_individual":false,"edcs_url":"https://edcs.hist.uzh.ch/en/document?edcs-id=EDCS-03700169","persons":[{"nomen":"","gender":"male","raw_name":"Salvi","cognomen":"Salvius"}]}},{"type":"Feature","geometry":{"type":"Point","coordinates":[13.86,43.03]},"properties":{"edcs_id":"EDCS-03700174","findspot":"Cupra Marittima / Marano / Cupra Maritima","raw_text":"Aulus Sestius Dama","date_from":0,"date_to":0,"marker_gender":"male","is_individual":false,"edcs_url":"https://edcs.hist.uzh.ch/en/document?edcs-id=EDCS-03700174","persons":[{"nomen":"Sestius","gender":"male","raw_name":"A. Ses(tius) Dama","praenomen":"Aulus","cognomen":"Dama"}]}},{"type":"Feature","geometry":{"type":"Point","coordinates":[13.86,43.03]},"properties":{"edcs_id":"EDCS-03700177","findspot":"Cupra Marittima / Marano / Cupra Maritima","raw_text":"Lucius Tettius Samia","date_from":0,"date_to":0,"marker_gender":"male","is_individual":false,"edcs_url":"https://edcs.hist.uzh.ch/en/document?edcs-id=EDCS-03700177","persons":[{"nomen":"Tettius","gender":"male","raw_name":"L. Tet(t)i(us) Samia","praenomen":"Lucius","cognomen":"Samia"}]}},{"type":"Feature","geometry":{"type":"Point","coordinates":[13.86,43.03]},"properties":{"edcs_id":"EDCS-03700178","findspot":"Cupra Marittima / Marano / Cupra Maritima","raw_text":"Valerius","date_from":0,"date_to":0,"marker_gender":"unknown","is_individual":false,"edcs_url":"https://edcs.hist.uzh.ch/en/document?edcs-id=EDCS-03700178","persons":[{"nomen":"Valerius","gender":"unknown","raw_name":"Valer(ius)"}]}},{"type":"Feature","geometry":{"type":"Point","coordinates":[13.86,43.03]},"properties":{"edcs_id":"EDCS-03700179","findspot":"Cupra Marittima / Marano / Cupra Maritima","raw_text":"Umbricius","date_from":0,"date_to":0,"marker_gender":"unknown","is_individual":false,"edcs_url":"https://edcs.hist.uzh.ch/en/document?edcs-id=EDCS-03700179","persons":[{"nomen":"Umbricius","gender":"unknown","raw_name":"Umbr(icius)"}]}},{"type":"Feature","geometry":{"type":"Point","coordinates":[13.86,43.03]},"properties":{"edcs_id":"EDCS-03700180","findspot":"Cupra Marittima / Marano / Cupra Maritima","raw_text":"Lucius Umbricius","date_from":0,"date_to":0,"marker_gender":"male","is_individual":false,"edcs_url":"https://edcs.hist.uzh.ch/en/document?edcs-id=EDCS-03700180","persons":[{"nomen":"Umbricius","gender":"male","raw_name":"L. Umbr(icius)","praenomen":"Lucius"}]}},{"type":"Feature","geometry":{"type":"Point","coordinates":[13.86,43.03]},"properties":{"edcs_id":"EDCS-03700182","findspot":"Cupra Marittima / Marano / Cupra Maritima","raw_text":"Luci Picenti","date_from":0,"date_to":0,"marker_gender":"male","is_individual":false,"edcs_url":"https://edcs.hist.uzh.ch/en/document?edcs-id=EDCS-03700182","persons":[{"nomen":"Picentius","gender":"male","raw_name":"L. Picent(i)","praenomen":"Lucius"}]}},{"type":"Feature","geometry":{"type":"Point","coordinates":[13.72,43.08]},"properties":{"edcs_id":"EDCS-03700183","findspot":"Monterubbiano / Firmum Picenum","raw_text":"Nimphinis / C(ai) Insidi Ruf[i] / posuit / C(aius) Soranus Donatus","date_from":0,"date_to":0,"marker_gender":"male","is_individual":false,"edcs_url":"https://edcs.hist.uzh.ch/en/document?edcs-id=EDCS-03700183","persons":[{"nomen":"Insidius","gender":"male","raw_name":"C. Insidi Rufi","praenomen":"Caius","cognomen":"Rufus"},{"nomen":"Soranus","gender":"male","raw_name":"Caius Soranus Donatus","praenomen":"Caius","cognomen":"Donatus"}]}},{"type":"Feature","geometry":{"type":"Point","coordinates":[13.72,43.16]},"properties":{"edcs_id":"EDCS-04900221","findspot":"Fermo / Firmum Picenum","raw_text":"S S IIII Idus Apriles depositio Helviae Tertiae quae vixit cum virginio suo Licinio Honorato annos XXXXII menses III dies XVI horas III uxori bene merenti havete fideles Tertia virgo fidelis in pace requiescit cum sanctis fidelibus S Y S","date_from":0,"date_to":0,"marker_gender":"female","is_individual":false,"edcs_url":"https://edcs.hist.uzh.ch/en/document?edcs-id=EDCS-04900221","persons":[{"nomen":"Helvia","gender":"female","raw_name":"Helviae Tertiae quae vixit cum virginio suo Licinio Honora to annos XXXXII me nses III dies XVI   horas III uxori   bene merenti   havete fideles   Tertia virg(o) fidelis   in pace requiescit cum   sanctis fidelibus","cognomen":"Tertia","status":"quae vixit cum virginio suo Licinio Honorato annos XXXXII menses III dies XVI horas III, uxor bene merenti, virgo fidelis, in pace requiescit cum sanctis fidelibus"}]}},{"type":"Feature","geometry":{"type":"Point","coordinates":[13.72,43.16]},"properties":{"edcs_id":"EDCS-04900222","findspot":"Fermo / Firmum Picenum","raw_text":"Secundus / hic qui(e)sc<i=E>t / vi{c}xit an(nos) L / fecit cum <u=O>x/ore{m} sua{m} / ann<o=U>s XXIII / dep(ositus) <XIIII=IIIIX> Kal(endas) M()","date_from":0,"date_to":0,"marker_gender":"male","is_individual":false,"edcs_url":"https://edcs.hist.uzh.ch/en/document?edcs-id=EDCS-04900222","persons":[{"nomen":"","gender":"male","raw_name":"Secundus hic qui(e)sc<i=E>t vi{c}xit an(nos) L fecit cum <u=O>x ore{m} sua{m} ann<o=U>s XXIII dep(ositus) <XIIII=IIIIX> Kal(endas) M()","cognomen":"Secundus","status":"hic quiescit, vixit annos L, fecit cum uxore sua annos XXIII, depositus XIIII Kalendas M."}]}},{"type":"Feature","geometry":{"type":"Point","coordinates":[13.72,43.16]},"properties":{"edcs_id":"EDCS-04900223","findspot":"Fermo / Firmum Picenum","raw_text":"Hic requiescit in pace Usvaldus presbyter qui vixit in hoc saeculo annos plus XLIIII depositus XII Kalendas Iulias indictione Valentiniano consule","date_from":0,"date_to":0,"marker_gender":"male","is_individual":false,"edcs_url":"https://edcs.hist.uzh.ch/en/document?edcs-id=EDCS-04900223","persons":[{"nomen":"","gender":"male","raw_name":"Usvaldus p. b. r. qui vix. in hoc s. an. pl. XLIIII d. p. XII K. Iul. ind. [3] Valentiniano co. s.","cognomen":"Usvaldus","status":"presbyter, qui vixit in hoc saeculo annos plus XLIIII, depositus XII kalendas Iulias indictione, Valentiniano consule"}]}},{"type":"Feature","geometry":{"type":"Point","coordinates":[13.45,43.3]},"properties":{"edcs_id":"EDCS-04900227","findspot":"Macerata / Ricina","raw_text":"Iucund cedr Pondo VII XXII","date_from":0,"date_to":0,"marker_gender":"male","is_individual":false,"edcs_url":"https://edcs.hist.uzh.ch/en/document?edcs-id=EDCS-04900227","persons":[{"nomen":"","gender":"male","raw_name":"Iucun(d)","cognomen":"Iucundus"}]}},{"type":"Feature","geometry":{"type":"Point","coordinates":[13.45,43.3]},"properties":{"edcs_id":"EDCS-04900228","findspot":"Macerata / Ricina","raw_text":"Pol(l)a / ced() // P(ondo) III s(emis) / LX","date_from":0,"date_to":0,"marker_gender":"female","is_individual":false,"edcs_url":"https://edcs.hist.uzh.ch/en/document?edcs-id=EDCS-04900228","persons":[{"nomen":"","gender":"female","raw_name":"Pol(l)a","cognomen":"Polla"}]}},{"type":"Feature","geometry":{"type":"Point","coordinates":[13.45,43.3]},"properties":{"edcs_id":"EDCS-04900229","findspot":"Macerata / Ricina","raw_text":"Cascellia nigra nard pondo XIII Ve XXX","date_from":0,"date_to":0,"marker_gender":"female","is_individual":false,"edcs_url":"https://edcs.hist.uzh.ch/en/document?edcs-id=EDCS-04900229","persons":[{"nomen":"","gender":"female","raw_name":"Cascelli a","cognomen":"Cascellia","status":"nigra"},{"nomen":"","gender":"unknown","raw_name":"nard()","cognomen":"Nardus"}]}},{"type":"Feature","geometry":{"type":"Point","coordinates":[13.45,43.3]},"properties":{"edcs_id":"EDCS-04900230","findspot":"Macerata / Ricina","raw_text":"C(ai) Muti / [3]ppimia/n[i] // Primae / n(ummi) CXX","date_from":0,"date_to":0,"marker_gender":"male","is_individual":false,"edcs_url":"https://edcs.hist.uzh.ch/en/document?edcs-id=EDCS-04900230","persons":[{"nomen":"Mitius","gender":"male","raw_name":"C. Muti [3]ppimian[i] Primae","praenomen":"Caius","cognomen":"Primiae"}]}},{"type":"Feature","geometry":{"type":"Point","coordinates":[13.45,43.3]},"properties":{"edcs_id":"EDCS-04900232","findspot":"Macerata / Ricina","raw_text":"Amabilis Quinti Bo VIII","date_from":0,"date_to":0,"marker_gender":"male","is_individual":false,"edcs_url":"https://edcs.hist.uzh.ch/en/document?edcs-id=EDCS-04900232","persons":[{"nomen":"","gender":"male","raw_name":"Amab(i)l(is?)","cognomen":"Amabilis"}]}},{"type":"Feature","geometry":{"type":"Point","coordinates":[13.45,43.3]},"properties":{"edcs_id":"EDCS-04900233","findspot":"Macerata / Ricina","raw_text":"Arium rium A Priamum Demetrium Priamum","date_from":0,"date_to":0,"marker_gender":"male","is_individual":false,"edcs_url":"https://edcs.hist.uzh.ch/en/document?edcs-id=EDCS-04900233","persons":[{"nomen":"","gender":"male","raw_name":"A Priamum","cognomen":"Priamus","cluster_id":1479,"cluster_size":2,"cluster_confidence":"low"},{"nomen":"","gender":"male","raw_name":"Demetriu(m)","cognomen":"Demetrius"},{"nomen":"","gender":"male","raw_name":"Priamum","cognomen":"Priamus","cluster_id":1479,"cluster_size":2,"cluster_confidence":"low"}]}},{"type":"Feature","geometry":{"type":"Point","coordinates":[13.45,43.3]},"properties":{"edcs_id":"EDCS-04900235","findspot":"Macerata / Ricina","raw_text":"T(iti) Flavi T<hr=RH>as()","date_from":0,"date_to":0,"marker_gender":"male","is_individual":false,"edcs_url":"https://edcs.hist.uzh.ch/en/document?edcs-id=EDCS-04900235","persons":[{"nomen":"Flavius","gender":"male","raw_name":"T. Fl. Thras()","praenomen":"Titus","cognomen":"Thras"}]}},{"type":"Feature","geometry":{"type":"Point","coordinates":[13.22,43.37]},"properties":{"edcs_id":"EDCS-05000189","findspot":"Cingoli / Cingulum","raw_text":"[3]liei C(ai) f(ilii) IIvir(i) iter(um) basil/[icam 3 c]laudendam poliendam / [3] pingendam subaurandam d(e) s(ua) p(ecunia) f(aciendum) c(uraverunt)","date_from":0,"date_to":0,"marker_gender":"male","is_individual":false,"edcs_url":"https://edcs.hist.uzh.ch/en/document?edcs-id=EDCS-05000189","persons":[{"nomen":"","gender":"male","raw_name":"[3]liei C. filii IIvir. iter. basil [ica...]","praenomen":"Caius","status":"filii, IIvir(i) iterum, basilicam claudendam poliendam pingendam subaurandam de sua pecunia faciendum curaverunt"}]}},{"type":"Feature","geometry":{"type":"Point","coordinates":[13.58,42.85]},"properties":{"edcs_id":"EDCS-05200174","findspot":"Ascoli Piceno / Asculum Picenum","raw_text":"] Allidiae L(uci) l(ibertae) / [3]philo All/[idi(ae) L(uci) l(ibertae)] ser(vo) / viv(unt) / [Pr]inceps Allid(iae) L(uci) l(ibertae) / ver(na) et praetere/a tres in f(ronte) p(edes) XII / in agro p(edes) XII","date_from":0,"date_to":0,"marker_gender":"male","is_individual":true,"edcs_url":"https://edcs.hist.uzh.ch/en/document?edcs-id=EDCS-05200174","persons":[{"nomen":"","gender":"male","raw_name":"L. l. [3]philo","cognomen":"Philus","status":"Allidiae Luci liberta, Allidiae Luci libertae servo, vivunt"},{"nomen":"","gender":"male","raw_name":"Princeps Allid(iae) L. l.","cognomen":"Princeps","status":"Allidiae Luci liberta, verna"}]}},{"type":"Feature","geometry":{"type":"Point","coordinates":[13.58,42.85]},"properties":{"edcs_id":"EDCS-05200175","findspot":"Ascoli Piceno / Asculum Picenum","raw_text":"T(itus) Peturtius T(iti) f(ilius) / [3]aevena |(mulieris) l(iberta) / Salvilla / T(itus) Peturtius T(iti) f(ilius) / Primus / [[I[3]]] / in f(ronte) p(edes) XVI","date_from":0,"date_to":0,"marker_gender":"mixed","is_individual":true,"edcs_url":"https://edcs.hist.uzh.ch/en/document?edcs-id=EDCS-05200175","persons":[{"nomen":"Peturtius","gender":"male","raw_name":"T(iti) f(ilius)","praenomen":"Titus"},{"nomen":"","gender":"female","raw_name":"|(mulieris) l(iberta) Salvilla","cognomen":"Salvilla","status":"mulieris liberta"},{"nomen":"Peturtius","gender":"male","raw_name":"T(iti) f(ilius) Primus","praenomen":"Titus","cognomen":"Primus"}]}},{"type":"Feature","geometry":{"type":"Point","coordinates":[13.54,43.13]},"properties":{"edcs_id":"EDCS-05200177","findspot":"Montegiorgio / Asculum Picenum","raw_text":"] coniugi pi[entis]/[sim]ae pudiciss[imae] / [m]aritus Zeno[3] / [f]ilius Zenofilu[s 3] / [3]tis fecerunt <v=B>ix[it] annos XXXV m(enses) VI d(ies) [3]","date_from":0,"date_to":0,"marker_gender":"male","is_individual":true,"edcs_url":"https://edcs.hist.uzh.ch/en/document?edcs-id=EDCS-05200177","persons":[{"nomen":"","gender":"male","raw_name":"Zeno[3]","cognomen":"Zeno","status":"maritus, coniugi pientissimae pudicissimae"},{"nomen":"","gender":"male","raw_name":"Zenofilu[s 3]","cognomen":"Zenophilus","status":"filius"}]}},{"type":"Feature","geometry":{"type":"Point","coordinates":[13.72,43.17]},"properties":{"edcs_id":"EDCS-05200179","findspot":"Fermo / Firmum Picenum","raw_text":"D(is) M(anibus) / Variae Veritatis / M(arcus) Gavius Firmus / |(centurio) leg(ionis) I Italicae / matri b(ene) m(erenti)","date_from":0,"date_to":0,"marker_gender":"mixed","is_individual":false,"edcs_url":"https://edcs.hist.uzh.ch/en/document?edcs-id=EDCS-05200179","persons":[{"nomen":"Varia","gender":"female","raw_name":"Variae Veritatis","cognomen":"Veritas"},{"nomen":"Gavius","gender":"male","raw_name":"M. Gavius Firmus |(centurio) leg(ionis) I Italicae","praenomen":"Marcus","cognomen":"Firmus","status":"centurio legionis I Italicae, matri bene merenti"}]}},{"type":"Feature","geometry":{"type":"Point","coordinates":[13.73,43.3]},"properties":{"edcs_id":"EDCS-05200180","findspot":"Civitanova Marche / Porto Civitanova / Cluana","raw_text":"Pilonicus Octavi Luci servus Praenestinus hoc opus novum fecit crepidinem circum compitum tectum pertextum Sufrena Pola statuit de suo peculio","date_from":0,"date_to":0,"marker_gender":"male","is_individual":false,"edcs_url":"https://edcs.hist.uzh.ch/en/document?edcs-id=EDCS-05200180","persons":[{"nomen":"Pilonicus","gender":"male","raw_name":"Pilonicus Octavi L. s. Praenestinus","cognomen":"Praenestinus","status":"Octavi L. servus"},{"nomen":"","gender":"unknown","raw_name":"Sufrena","cognomen":"Sufrena","status":"statuit de suo peculio"},{"nomen":"","gender":"unknown","raw_name":"Pola","cognomen":"Pola"}]}},{"type":"Feature","geometry":{"type":"Point","coordinates":[13.73,43.3]},"properties":{"edcs_id":"EDCS-05200181","findspot":"Civitanova Marche / Porto Civitanova / Cluana","raw_text":"] Annius [3] / [3] et Iuli[a(?)","date_from":0,"date_to":0,"marker_gender":"female","is_individual":false,"edcs_url":"https://edcs.hist.uzh.ch/en/document?edcs-id=EDCS-05200181","persons":[{"nomen":"Annius","gender":"unknown","raw_name":"Annius"},{"nomen":"Iulius","gender":"female","raw_name":"Iuli[a(?)]"}]}},{"type":"Feature","geometry":{"type":"Point","coordinates":[13.73,43.3]},"properties":{"edcs_id":"EDCS-05200182","findspot":"Civitanova Marche / Porto Civitanova / Cluana","raw_text":"D(is) M(anibus) / M(arci) Pinni Faltoni / M(arci) f(ilii) Quir(ina) Val[e]ntis / equo p(ublico) dulcissim(a)e / memoriae infan/ti Adiutor pater","date_from":0,"date_to":0,"marker_gender":"male","is_individual":false,"edcs_url":"https://edcs.hist.uzh.ch/en/document?edcs-id=EDCS-05200182","persons":[{"nomen":"Pinnius","gender":"male","raw_name":"M. Pinni Faltoni M. f. Quir. Valen(t)is","praenomen":"Marcus","cognomen":"Faltonius Valentis","status":"Marci filius, Quirina, equo publico"},{"nomen":"","gender":"male","raw_name":"Adiutor","cognomen":"Adiutor","status":"pater, dulcissimae memoriae infanti"}]}},{"type":"Feature","geometry":{"type":"Point","coordinates":[7.9,44.69]},"properties":{"edcs_id":"EDCS-05200189","findspot":"Pollenza / Pollentia","raw_text":"L(ucio) Hostilio L(uci) f(ilio) Aem(ilia) Tullo / fil(io) / decur(ioni) Urbe / Salvia","date_from":0,"date_to":0,"marker_gender":"male","is_individual":true,"edcs_url":"https://edcs.hist.uzh.ch/en/document?edcs-id=EDCS-05200189","persons":[{"nomen":"Hostilius","gender":"male","raw_name":"L. Hostilio L. f. Aem. Tullo","praenomen":"Lucius","cognomen":"Tullus","status":"Luci filius, tribus: Aemilia, filius decurionis Urbis"}]}},{"type":"Feature","geometry":{"type":"Point","coordinates":[13.38,43.2]},"properties":{"edcs_id":"EDCS-07400260","findspot":"Urbisaglia / Urbs Salvia","raw_text":"P(ublius) Antilius / |(mulieris) l(ibertus) / Diaconus / sibi et / Laguriae |(mulieris) l(ibertae) / Trophyme / benefic(io) C(ai) Calvi / in f(ronte) p(edes) XII in a(gro) p(edes) XII","date_from":0,"date_to":0,"marker_gender":"mixed","is_individual":false,"edcs_url":"https://edcs.hist.uzh.ch/en/document?edcs-id=EDCS-07400260","persons":[{"nomen":"","gender":"male","raw_name":"P. Antilius |(mulieris) l. Diaconus","praenomen":"Publius","cognomen":"Diaconus","status":"mulieris libertus"},{"nomen":"","gender":"female","raw_name":"Laguriae |(mulieris) l. Trophyme","cognomen":"Trophyme","status":"mulieris liberta, beneficario Cai Calvi"}]}},{"type":"Feature","geometry":{"type":"Point","coordinates":[13.85,43.03]},"properties":{"edcs_id":"EDCS-08300250","findspot":"Cupra Marittima / Marano / Cupra Maritima","raw_text":"C(aio) Quintio Mon/tan(o) VIvir(o) [Aug(ustali?)] / Rupilia Iulia/na coniugi [suo] / et sibi [3] / et [","date_from":0,"date_to":0,"marker_gender":"mixed","is_individual":false,"edcs_url":"https://edcs.hist.uzh.ch/en/document?edcs-id=EDCS-08300250","persons":[{"nomen":"Quintius","gender":"male","raw_name":"C(aio) Quintio Montan(o)","praenomen":"Caius","cognomen":"Montanus","status":"VIvir"},{"nomen":"Rupilia","gender":"female","raw_name":"Rupilia Iulia","cognomen":"Iuliana","status":"coniugi suo"}]}},{"type":"Feature","geometry":{"type":"Point","coordinates":[13.85,43.03]},"properties":{"edcs_id":"EDCS-08300252","findspot":"Ripatransone / Cupra Maritima","raw_text":"[Ci]ncia |(mulieris) l(iberta) Hilara / fecit / [C(aio)] Corn<i=U>ficio C(ai) l(iberto) / Diogeni","date_from":0,"date_to":0,"marker_gender":"mixed","is_individual":false,"edcs_url":"https://edcs.hist.uzh.ch/en/document?edcs-id=EDCS-08300252","persons":[{"nomen":"Cincia","gender":"female","raw_name":"[Ci]ncia |(mulieris) l(iberta) Hilara","cognomen":"Hilara","status":"mulieris liberta"},{"nomen":"Cornificius","gender":"male","raw_name":"[C. Corniuficio C. l. Diogeni","praenomen":"Caius","cognomen":"Diogenes","status":"C. libertus"}]}},{"type":"Feature","geometry":{"type":"Point","coordinates":[13.85,43.03]},"properties":{"edcs_id":"EDCS-08300253","findspot":"Cupra Marittima / Marano / Cupra Maritima","raw_text":"P(ublius) Iuli(us) |(mulieris) l(ibertus) [3] / VI(vir) et [Aug(ustalis)] / Semproni[3]","date_from":0,"date_to":0,"marker_gender":"male","is_individual":false,"edcs_url":"https://edcs.hist.uzh.ch/en/document?edcs-id=EDCS-08300253","persons":[{"nomen":"Iulius","gender":"male","raw_name":"P. Iuli(us) |(mulieris) l(ibertus)","status":"mulieris libertus, VIvir et Aug(ustalis)"},{"nomen":"Semproni","gender":"unknown","raw_name":"Semproni"}]}},{"type":"Feature","geometry":{"type":"Point","coordinates":[13.72,43.17]},"properties":{"edcs_id":"EDCS-08300255","findspot":"Petritoli / Firmum Picenum","raw_text":"Ossa / T(iti) Saturi / T(iti) f(ilii) Vel(ina) / Celeris","date_from":0,"date_to":0,"marker_gender":"male","is_individual":false,"edcs_url":"https://edcs.hist.uzh.ch/en/document?edcs-id=EDCS-08300255","persons":[{"nomen":"Saturius","gender":"male","raw_name":"T. Saturi T. f. Vel. Celeris","praenomen":"Titus","cognomen":"Celer","status":"Titi filius, tribus: Velina","cluster_id":540,"cluster_size":2}]}},{"type":"Feature","geometry":{"type":"Point","coordinates":[13.38,43.2]},"properties":{"edcs_id":"EDCS-08300259","findspot":"Loro Piceno","raw_text":"]P[1]O[3] / C(ai) f(ilii) Probi / Nonia Phoebe / filio","date_from":0,"date_to":0,"marker_gender":"mixed","is_individual":false,"edcs_url":"https://edcs.hist.uzh.ch/en/document?edcs-id=EDCS-08300259","persons":[{"nomen":"","gender":"male","raw_name":"C. f. Probi","praenomen":"Gaius","cognomen":"Probus","status":"C. filius"},{"nomen":"Nonia","gender":"female","raw_name":"Nonia Phoebe","cognomen":"Phoebe","status":"filio"}]}},{"type":"Feature","geometry":{"type":"Point","coordinates":[13.17,43.22]},"properties":{"edcs_id":"EDCS-08300262","findspot":"San Severino Marche / Septempeda","raw_text":"L(uci) Terenti A(uli) f(ilii) Vel(ina)","date_from":0,"date_to":0,"marker_gender":"male","is_individual":false,"edcs_url":"https://edcs.hist.uzh.ch/en/document?edcs-id=EDCS-08300262","persons":[{"nomen":"Terentius","gender":"male","raw_name":"L. Terenti A. f. Vel.","praenomen":"Lucius","status":"Auli filius, tribus: Velina"}]}},{"type":"Feature","geometry":{"type":"Point","coordinates":[13.42,43.32]},"properties":{"edcs_id":"EDCS-08300264","findspot":"Villa Potenza / Ricina","raw_text":"Dis / Manibus / Q(uinto) Petrusidio / Q(uinti) f(ilio) Vel(ina) Vero / vixit annum(!) I / mens(ibus) XI dieb(us) XXI / Q(uintus) Petrusidius Q(uinti) l(ibertus) / Aristo pater / col(legiatus) VIvir(orum) Aug(ustalium) / patronus collegi(i) / Geni(i) municipi(i) et / Q(uintus) Petrusidius Aristo / frater et sibi et / Petrusidiae Iphidi / posterisque suis et / eorum / h(oc) m(onumentum) h(eredem) n(on) s(equetur)","date_from":0,"date_to":0,"marker_gender":"mixed","is_individual":false,"edcs_url":"https://edcs.hist.uzh.ch/en/document?edcs-id=EDCS-08300264","persons":[{"nomen":"Petrusidius","gender":"male","raw_name":"Q. Petrusidio Q. f. Vel. Vero","praenomen":"Quintus","cognomen":"Verus","status":"Q(uinti) f(ilius), tribus: Velina"},{"nomen":"Petrusidius","gender":"male","raw_name":"Q. Petrusidius Q. l. Aristo","praenomen":"Quintus","cognomen":"Aristo","status":"Q. libertus, pater, collegiatus VIvirorum Aug., patronus collegii Geni(i) municipi(i)","cluster_id":957,"cluster_size":2},{"nomen":"Petrusidius","gender":"male","raw_name":"Q. Petrusidius Aristo","praenomen":"Quintus","cognomen":"Aristo","status":"frater","cluster_id":957,"cluster_size":2},{"nomen":"","gender":"female","raw_name":"Petrusidiae Iphidi","cognomen":"Iphis","status":"posteris suis"}]}},{"type":"Feature","geometry":{"type":"Point","coordinates":[13.42,43.32]},"properties":{"edcs_id":"EDCS-08300265","findspot":"Villa Potenza / Ricina","raw_text":"D(is) M(anibus) / Herennia L(uci) f(ilia) Cervilla / uxor vixi annis(!) XVIII et / diem tricesimum / liberis tribus relictis / vita(m) finivi dolens / co(n)iu(n)x karus ut memoriae / posuit hoc viv<u=O>s mihi / ut prodesset in suppre/mis talem titulum / consequi C(aius) Carrenas / Verecundus coniugi / incomparabili b(ene) m(erenti)","date_from":0,"date_to":0,"marker_gender":"mixed","is_individual":false,"edcs_url":"https://edcs.hist.uzh.ch/en/document?edcs-id=EDCS-08300265","persons":[{"nomen":"Herennia","gender":"female","raw_name":"Herennia L. f. Cervilla","cognomen":"Cervilla","status":"L. filia, uxor, liberis tribus relictis, vita(m) finivi dolens"},{"nomen":"Carrenas","gender":"male","raw_name":"C. Carrenas Verecundus","praenomen":"Gaius","cognomen":"Verecundus","status":"coniugi incomparabili bene merenti"}]}},{"type":"Feature","geometry":{"type":"Point","coordinates":[13.32,43.26]},"properties":{"edcs_id":"EDCS-08600149","findspot":"Rambona Zona Mari","raw_text":"D(is) M(anibus) / L(ucio) Pe[t]ron/io L(uci) [f(ilio)] Vel(ina) / Sul[p]icia/no Pet/ron[i]a Ruf/ina [co]niu(n)x / et [P]e[t]ronius / La[3]anus fi/lius p[at]ri karis(simo)","date_from":0,"date_to":0,"marker_gender":"mixed","is_individual":false,"edcs_url":"https://edcs.hist.uzh.ch/en/document?edcs-id=EDCS-08600149","persons":[{"nomen":"Petronius","gender":"male","raw_name":"Lucio Petronio Luci filio Velina Sulpiniano","praenomen":"Lucius","cognomen":"Sulpinianus","status":"Lucio filio Velina"},{"nomen":"Petronia","gender":"female","raw_name":"Petronia Rufina","cognomen":"Rufina","status":"coniunx"},{"nomen":"Petronius","gender":"male","raw_name":"Petronius La[3]anus","cognomen":"Lanus","status":"filio"}]}},{"type":"Feature","geometry":{"type":"Point","coordinates":[13.7,42.66]},"properties":{"edcs_id":"EDCS-08900279","findspot":"Teramo / Interamnia Praetuttiorum","raw_text":"L(ucius) Arrius L(uci) l(ibertus) Pan[ther(?)] / P[3]nae L(uci) l(ibertae) R[3] / [co]ncubin[ae] / L(ucio) Arrio L(uci) l(iberto) Fel[ici] / L(ucio) Arrio L(uci) l(iberto) Auc[to] / [3]S Aucti l(ibertus) S[","date_from":0,"date_to":0,"marker_gender":"male","is_individual":false,"edcs_url":"https://edcs.hist.uzh.ch/en/document?edcs-id=EDCS-08900279","persons":[{"nomen":"Arrius","gender":"male","raw_name":"L. Arrius L. l. Pan[ther(?)]","praenomen":"Lucius","cognomen":"Panther","status":"libertus Luci"},{"nomen":"Arrius","gender":"male","raw_name":"L. Arrio L. l. Fel[ici]","praenomen":"Lucius","cognomen":"Felix","status":"libertus Luci"},{"nomen":"Arrius","gender":"male","raw_name":"L. Arrio L. l. Auc[to]","praenomen":"Lucius","cognomen":"Auctus","status":"libertus Luci"}]}},{"type":"Feature","geometry":{"type":"Point","coordinates":[13.7,42.66]},"properties":{"edcs_id":"EDCS-08900280","findspot":"Teramo / Interamnia Praetuttiorum","raw_text":"[Q(uinto)] Munatio Q(uinti) l(iberto) Diphi[lo] / patrono / [Q(uinto)] Munatio Q(uinti) l(iberto) Terti[o] / [Ca]eliae |(mulieris) l(ibertae) Helpidi con[iu(gi?)] / [1] Caelio |(mulieris) l(iberto) Potito VIvir[o] / Augustali / [","date_from":0,"date_to":0,"marker_gender":"mixed","is_individual":false,"edcs_url":"https://edcs.hist.uzh.ch/en/document?edcs-id=EDCS-08900280","persons":[{"nomen":"Munatius","gender":"male","raw_name":"[Q. Munatio Q. l. Diphi[lo]","praenomen":"Quintus","cognomen":"Diphilus","status":"patrono, libertus Quinti"},{"nomen":"Munatius","gender":"male","raw_name":"[Q. Munatio Q. l. Terti[o]","praenomen":"Quintus","cognomen":"Tertius","status":"libertus Quinti"},{"nomen":"Caelia","gender":"female","raw_name":"[Ca]eliae |(mulieris) l. Helpidi","cognomen":"Helpis","status":"mulieris liberta"},{"nomen":"Caelius","gender":"male","raw_name":"[1 C]aelio |(mulieris) l. Potito VIvir","cognomen":"Potitus","status":"mulieris libertus, VIvir Augustalis"}]}},{"type":"Feature","geometry":{"type":"Point","coordinates":[13.7,42.66]},"properties":{"edcs_id":"EDCS-08900281","findspot":"Teramo / Interamnia Praetuttiorum","raw_text":"Pomponia / T(iti) l(iberta) / Philematium","date_from":0,"date_to":0,"marker_gender":"female","is_individual":false,"edcs_url":"https://edcs.hist.uzh.ch/en/document?edcs-id=EDCS-08900281","persons":[{"nomen":"Pomponia","gender":"female","raw_name":"Pomponia T. l. Philematium","cognomen":"Philematium","status":"liberta Titi"}]}},{"type":"Feature","geometry":{"type":"Point","coordinates":[13.7,42.66]},"properties":{"edcs_id":"EDCS-08900283","findspot":"Teramo / Interamnia Praetuttiorum","raw_text":"[1 C]aetran(ius) / |(mulieris) l(ibertus) Dama / in front(e) p(edes) XIII / in agr(o) p(edes) XVI","date_from":0,"date_to":0,"marker_gender":"male","is_individual":false,"edcs_url":"https://edcs.hist.uzh.ch/en/document?edcs-id=EDCS-08900283","persons":[{"nomen":"Caetranus","gender":"male","raw_name":"[1 C]aetran(ius) |(mulieris) l. Dama","cognomen":"Dama","status":"mulieris libertus"}]}},{"type":"Feature","geometry":{"type":"Point","coordinates":[13.7,42.66]},"properties":{"edcs_id":"EDCS-08900284","findspot":"Teramo / Interamnia Praetuttiorum","raw_text":"Sex(ti) Histimenni / in fr(onte) p(edes) XVI / in ag(ro) p(edes) XXXVII","date_from":0,"date_to":0,"marker_gender":"male","is_individual":false,"edcs_url":"https://edcs.hist.uzh.ch/en/document?edcs-id=EDCS-08900284","persons":[{"nomen":"Histimennius","gender":"male","raw_name":"Sex. Histimenni","praenomen":"Sextus"}]}},{"type":"Feature","geometry":{"type":"Point","coordinates":[13.7,42.66]},"properties":{"edcs_id":"EDCS-08900285","findspot":"Teramo / Interamnia Praetuttiorum","raw_text":"M(arcus) Aquilliu[s 3] / VIvir / filio et con[iugi] / libert[is]","date_from":0,"date_to":0,"marker_gender":"male","is_individual":false,"edcs_url":"https://edcs.hist.uzh.ch/en/document?edcs-id=EDCS-08900285","persons":[{"nomen":"Aquillius","gender":"male","raw_name":"M. Aquilliu[s 3]","praenomen":"Marcus","status":"VIvir"}]}},{"type":"Feature","geometry":{"type":"Point","coordinates":[13.7,42.66]},"properties":{"edcs_id":"EDCS-08900286","findspot":"Teramo / Interamnia Praetuttiorum","raw_text":"L(ucius) Toranius L(uci) l(ibertus) / Demostenes sibi et / Aprodisiae l(ibertae) / Hilarioni / Demetriae l(ibertae) / Eroni(a)e l(ibertae) Livi(a)e","date_from":0,"date_to":0,"marker_gender":"mixed","is_individual":false,"edcs_url":"https://edcs.hist.uzh.ch/en/document?edcs-id=EDCS-08900286","persons":[{"nomen":"Toranius","gender":"male","raw_name":"L. Toranius L. l. Demostenes","praenomen":"Lucius","cognomen":"Demosthenes","status":"libertus Luci"},{"nomen":"","gender":"female","raw_name":"Aprodisiae l.","cognomen":"Aphrodisia","status":"liberta"},{"nomen":"","gender":"male","raw_name":"Hilarioni","cognomen":"Hilario"},{"nomen":"","gender":"female","raw_name":"Eroni(a)e l. Livi(a)e","cognomen":"Eronia","status":"liberta Liviae"}]}},{"type":"Feature","geometry":{"type":"Point","coordinates":[13.7,42.66]},"properties":{"edcs_id":"EDCS-08900287","findspot":"Teramo / Interamnia Praetuttiorum","raw_text":"C(aius) T[3]S Aristo / [","date_from":0,"date_to":0,"marker_gender":"male","is_individual":false,"edcs_url":"https://edcs.hist.uzh.ch/en/document?edcs-id=EDCS-08900287","persons":[{"nomen":"","gender":"male","raw_name":"C. T[3]S Aristo","praenomen":"Caius","cognomen":"Aristo"}]}},{"type":"Feature","geometry":{"type":"Point","coordinates":[13.7,42.66]},"properties":{"edcs_id":"EDCS-08900288","findspot":"Teramo / Interamnia Praetuttiorum","raw_text":"L(ucius?) Nae[3] / Hera[","date_from":0,"date_to":0,"marker_gender":"male","is_individual":false,"edcs_url":"https://edcs.hist.uzh.ch/en/document?edcs-id=EDCS-08900288","persons":[{"nomen":"","gender":"male","raw_name":"L. Nae[3] Hera[","praenomen":"Lucius","cognomen":"Hera"}]}},{"type":"Feature","geometry":{"type":"Point","coordinates":[13.7,42.66]},"properties":{"edcs_id":"EDCS-08900289","findspot":"Atri / Hadria / Adria","raw_text":"P(ublius) Aculan/us Spinter [sib]i et / [3]utoniae / Egloge / [c]oniugi m(erenti)","date_from":0,"date_to":0,"marker_gender":"mixed","is_individual":false,"edcs_url":"https://edcs.hist.uzh.ch/en/document?edcs-id=EDCS-08900289","persons":[{"nomen":"Aculanus","gender":"male","raw_name":"P. Aculan us Spinter","praenomen":"Publius","cognomen":"Spinter","status":"sib(i) et ..."},{"nomen":"","gender":"female","raw_name":"Egloge","cognomen":"Egloge","status":"coniugi merenti"}]}},{"type":"Feature","geometry":{"type":"Point","coordinates":[13.38,42.35]},"properties":{"edcs_id":"EDCS-08900896","findspot":"Atri / Hadria / Adria","raw_text":"]ius Q(uinti) f(ilius) / [3] Urvinius C(ai) f(ilius) / [3] Caecius P(ubli) f(ilius) / mag(istri) {a}aram / faciundam / coeravere","date_from":0,"date_to":0,"marker_gender":"male","is_individual":true,"edcs_url":"https://edcs.hist.uzh.ch/en/document?edcs-id=EDCS-08900896","persons":[{"nomen":"Urvinius","gender":"male","raw_name":"[3] Urvinius C. f.","status":"Cai filius, magister"},{"nomen":"Caecius","gender":"male","raw_name":"[3] Caecius P. f.","status":"Publi filius, magister"}]}},{"type":"Feature","geometry":{"type":"Point","coordinates":[13.47,43.11]},"properties":{"edcs_id":"EDCS-09001271","findspot":"Falerone / Falerio Picenus","raw_text":"T(itus) Sillius Karus / viv<u=O>s posuit sibi et / Venitiae Priscae con/tubernali cariss(imae) / et Ianuariae fil(iae) / in fr(onte) p(edes) XX in agr(o) p(edes) XX / qui hoc violarit / dabit aerario Fa/leriens(i) HS II(milia)","date_from":0,"date_to":0,"marker_gender":"mixed","is_individual":false,"edcs_url":"https://edcs.hist.uzh.ch/en/document?edcs-id=EDCS-09001271","persons":[{"nomen":"Sillius","gender":"male","raw_name":"T. Sillius Karus","praenomen":"Titus","cognomen":"Karus","status":"vivos posuit sibi et Venitiae Priscae contubernali carissimae et Ianuariae filiae","cluster_id":388,"cluster_size":2},{"nomen":"","gender":"female","raw_name":"Venitiae Priscae","cognomen":"Venitia Prisca","status":"contubernali carissimae"},{"nomen":"","gender":"female","raw_name":"Ianuariae","cognomen":"Ianuaria","status":"filiae"}]}},{"type":"Feature","geometry":null,"properties":{"edcs_id":"EDCS-09001274","findspot":"Castilenti","raw_text":"DDDominis nnnostris Flaviis Valentiniano Valenti et Gratiano Piis Felicibus ac triumphatoribus semper Augggustis bono rei publicae natis","date_from":0,"date_to":0,"marker_gender":"male","is_individual":true,"edcs_url":"https://edcs.hist.uzh.ch/en/document?edcs-id=EDCS-09001274","persons":[{"nomen":"Flavius","gender":"male","raw_name":"Flaviis Valentin[ia]no   Auggg(ustis) bono r(ei) p(ublicae) natis","cognomen":"Valentinianus","status":"Dominis nostris, Auggg(ustis), bono rei publicae natis"},{"nomen":"Flavius","gender":"male","raw_name":"Valenti","cognomen":"Valens","status":"Dominis nostris, Auggg(ustis), bono rei publicae natis"},{"nomen":"Flavius","gender":"male","raw_name":"Gratiano","cognomen":"Gratianus","status":"Dominis nostris, Auggg(ustis), bono rei publicae natis"}]}},{"type":"Feature","geometry":{"type":"Point","coordinates":[13.45,43.3]},"properties":{"edcs_id":"EDCS-09001276","findspot":"Macerata / Ricina","raw_text":"D(is) M(anibus) / Verecundo / Euticia co(n)i/ugi dulcissi/mo et fili(i) q(ui) vix(it) / ann(os) IXX m(enses) V d(ies) IIII / b(ene) m(erenti)","date_from":0,"date_to":0,"marker_gender":"male","is_individual":false,"edcs_url":"https://edcs.hist.uzh.ch/en/document?edcs-id=EDCS-09001276","persons":[{"nomen":"","gender":"male","raw_name":"Verecundo","cognomen":"Verecundus","status":"coniugi dulcissimo et fili(i)"}]}},{"type":"Feature","geometry":{"type":"Point","coordinates":[13.5,43.28]},"properties":{"edcs_id":"EDCS-09001278","findspot":"Chienti","raw_text":"D(is) M(anibus) / Terentiae Va/lentillae con(iugi) / sancti(ssimae) et inco<m=N>/parabi(li) cum qua / vixi ann(os) XV a vir/ginitate sua sine / ulla <b=V>ile Pulfen/nius Corint(hus) mar(itus) / et fili(i) matri pien/tissim(ae) posuer(unt)","date_from":0,"date_to":0,"marker_gender":"mixed","is_individual":true,"edcs_url":"https://edcs.hist.uzh.ch/en/document?edcs-id=EDCS-09001278","persons":[{"nomen":"","gender":"female","raw_name":"Terentiae Valentillae","cognomen":"Terentia","status":"coniugi sanctissimae et incomparabili"},{"nomen":"","gender":"male","raw_name":"Pulfenrnius Corint(hus)","cognomen":"Pulfernius","status":"maritus, pater"}]}},{"type":"Feature","geometry":{"type":"Point","coordinates":[13.69,42.98]},"properties":{"edcs_id":"EDCS-09300199","findspot":"Cossignano","raw_text":"P(ublio) Flavio P(ubli) l(iberto) Rufioni / ex testamento et / P(ublio) Flavio P(ubli) f(ilio) Rufo fi(lio) / arbi(tratu) / P(ubli) Flavi P(ubli) l(iberti) Sodalis","date_from":0,"date_to":0,"marker_gender":"male","is_individual":false,"edcs_url":"https://edcs.hist.uzh.ch/en/document?edcs-id=EDCS-09300199","persons":[{"nomen":"Flavius","gender":"male","raw_name":"P. Flavio P. l. Rufioni","praenomen":"Publius","cognomen":"Rufio","status":"ex testamento"},{"nomen":"Flavius","gender":"male","raw_name":"P. Flavio P. f. Rufo filio arbi(tratu) P. Flavi P. l. Sodalis","praenomen":"Publius","cognomen":"Rufo","status":"P. f. filio arbitratu P. Flavi P. l. Sodalis"}]}},{"type":"Feature","geometry":{"type":"Point","coordinates":[13.85,43.03]},"properties":{"edcs_id":"EDCS-09300887","findspot":"Cupra Marittima / Marano / Cupra Maritima","raw_text":"P(ubli) Marci T(iti) f(ilii) Fab(ia) / XXX / T(iti) Oesieci L(uci) f(ilii) Vel(ina)","date_from":0,"date_to":0,"marker_gender":"male","is_individual":false,"edcs_url":"https://edcs.hist.uzh.ch/en/document?edcs-id=EDCS-09300887","persons":[{"nomen":"Marcius","gender":"male","raw_name":"P. Marci T. f. Fab.","praenomen":"Publius","status":"Titi filius, Fabia"},{"nomen":"Oesiecius","gender":"male","raw_name":"T. Oesieci L. f. Vel.","praenomen":"Titus","status":"Luci filius, tribus: Velina"}]}},{"type":"Feature","geometry":{"type":"Point","coordinates":[13.58,42.85]},"properties":{"edcs_id":"EDCS-09400302","findspot":"Ascoli Piceno / Asculum Picenum","raw_text":"Coniugis Firminae / bono reddito dea(e) / Salutis / Frontinius / A(uli) l(ibertus) Acer h(a)ec / tibi dona dedit","date_from":0,"date_to":0,"marker_gender":"mixed","is_individual":true,"edcs_url":"https://edcs.hist.uzh.ch/en/document?edcs-id=EDCS-09400302","persons":[{"nomen":"","gender":"female","raw_name":"Coniugis Firminae","cognomen":"Firmina","status":"coniugis bono reddito deae Salutis"},{"nomen":"Frontinius","gender":"male","raw_name":"Frontinius A(uli) l(ibertus) Acer","cognomen":"Acer","status":"Auli libertus"}]}},{"type":"Feature","geometry":{"type":"Point","coordinates":[13.58,42.85]},"properties":{"edcs_id":"EDCS-09400303","findspot":"Ascoli Piceno / Asculum Picenum","raw_text":"[3]ni sacerdotis dei Solis patronus colleg(ii) / [3] fecerunt nam hic filius noster Felix / [3]os decessit praedicimus ergo ut si ali(i?) / [3]stris hanc domum nostram aperire","date_from":0,"date_to":0,"marker_gender":"male","is_individual":true,"edcs_url":"https://edcs.hist.uzh.ch/en/document?edcs-id=EDCS-09400303","persons":[{"nomen":"","gender":"male","raw_name":"[3]os decessit","cognomen":"Felix","status":"filius noster","cluster_id":1147,"cluster_size":2,"cluster_confidence":"low"}]}},{"type":"Feature","geometry":{"type":"Point","coordinates":[13.72,43.08]},"properties":{"edcs_id":"EDCS-09400304","findspot":"Monterubbiano / Firmum Picenum","raw_text":"Ossa / C(ai) Isidi C(ai) l(iberti) Philer/otis et Cossutiae Q(uinti) l(ibertae) / Lepidae","date_from":0,"date_to":0,"marker_gender":"mixed","is_individual":false,"edcs_url":"https://edcs.hist.uzh.ch/en/document?edcs-id=EDCS-09400304","persons":[{"nomen":"Isidius","gender":"male","raw_name":"C. Isidi C. l. Philerotis","praenomen":"Caius","cognomen":"Phileros","status":"Cai liberti"},{"nomen":"Cossutia","gender":"female","raw_name":"Cossutiae Q. l. Lepidae","cognomen":"Lepida","status":"Quinti liberta"}]}},{"type":"Feature","geometry":{"type":"Point","coordinates":[13.72,43.17]},"properties":{"edcs_id":"EDCS-09400305","findspot":"Fermo / Firmum Picenum","raw_text":"C(aio) Nonio C(ai) f(ilio) Vel(ina) Flacco / flamini divi Aug(usti) et divi / Iuli et divi Claudi trib(uno) mil(itum) bis / leg(ionis) V Macedonicae et leg(ionis) VII / Claudiae Piae Fidelis praef(ecto) equit(um) alae / I Pannonior(um) IIvir(o) quinq(uennali) III praef(ecto) / Imp(eratoris) Aug(usti) Vespasiani patrono coloniae / testamento fieri iussit / arbitratu Noniae He[3] / l(ocus) d(atus) [d(ecreto) d(ecurionum)]","date_from":0,"date_to":0,"marker_gender":"male","is_individual":false,"edcs_url":"https://edcs.hist.uzh.ch/en/document?edcs-id=EDCS-09400305","persons":[{"nomen":"Nonius","gender":"male","raw_name":"C. Nonio C. f. Vel. Flacco flamini divi Aug. et divi Iuli et divi Claudi trib. mil. bis leg. V Macedonicae et leg. VII Claudiae Piae Fidelis praef. equit. alae I Pannonior. IIvir. quinq. III praef. Imp. Aug. Vespasiani patrono coloniae","praenomen":"Caius","cognomen":"Flaccus","status":"Cai filius, tribus: Velina, flamen divi Augusti et divi Iuli et divi Claudi, tribuno militum bis legionis V Macedonicae et legionis VII Claudiae Piae Fidelis, praefecto equitum alae I Pannoniorum, IIvir quinq(uennalis), III praefecto, patrono coloniae, testamento fieri iussit, arbitratu Noniae He[3]"}]}},{"type":"Feature","geometry":{"type":"Point","coordinates":[13.72,43.17]},"properties":{"edcs_id":"EDCS-09400306","findspot":"Fermo / Firmum Picenum","raw_text":"Q(uinto) Terentio C(ai) f(ilio) Vel(ina) / Senecioni Fanniano / IIvir(o) quinq(uennali) pontifici / Augusteo dedicato et / epulo dato coloni / et incolae","date_from":0,"date_to":0,"marker_gender":"male","is_individual":false,"edcs_url":"https://edcs.hist.uzh.ch/en/document?edcs-id=EDCS-09400306","persons":[{"nomen":"Terentius","gender":"male","raw_name":"Q. Terentio C. f. Vel. Senecioni Fanniano","praenomen":"Quintus","cognomen":"Senecio Fannianus","status":"Cai filius, tribus: Velina, IIvir quinq(uennalis), pontifex, Augusteo dedicato et epulo dato coloni et incolae"}]}},{"type":"Feature","geometry":{"type":"Point","coordinates":[13.72,43.17]},"properties":{"edcs_id":"EDCS-09400307","findspot":"Fermo / Firmum Picenum","raw_text":"D(is) M(anibus) / Fl(aviae) Philumene / quae vixit ann(os) / XVIIII men(ses) II / die(s) XXIII T(itus) Calestrius / Ampliatus et / Ulpia Ploti[na] / pi[issimae","date_from":0,"date_to":0,"marker_gender":"mixed","is_individual":false,"edcs_url":"https://edcs.hist.uzh.ch/en/document?edcs-id=EDCS-09400307","persons":[{"nomen":"Flavia","gender":"female","raw_name":"Fl. Philumene","cognomen":"Philumene"},{"nomen":"Calestrius","gender":"male","raw_name":"T. Calestrius Ampliatus","praenomen":"Titus","cognomen":"Ampliatus"},{"nomen":"Ulpia","gender":"female","raw_name":"Ulpia Ploti[na]","cognomen":"Plotina","status":"piissimae"}]}},{"type":"Feature","geometry":{"type":"Point","coordinates":[13.47,43.11]},"properties":{"edcs_id":"EDCS-09400308","findspot":"Falerone / Falerio Picenus","raw_text":"[3] Augg(ustis) II dd(ominis) nn(ostris) / Flavio Valerio / Severo et / Galerio Valerio / Maximi/no Piis Fe/[licibus","date_from":0,"date_to":0,"marker_gender":"male","is_individual":false,"edcs_url":"https://edcs.hist.uzh.ch/en/document?edcs-id=EDCS-09400308","persons":[{"nomen":"Flavius","gender":"male","raw_name":"Flavio Valerio Severo","cognomen":"Severus","status":"Augg. II dd. nn., Galerio Valerio Maximino Piis Felicibus","cluster_id":281,"cluster_size":2},{"nomen":"Galerius","gender":"male","raw_name":"Galerio Valerio Maximi no","cognomen":"Maximinus","status":"Piis Felicibus","cluster_id":282,"cluster_size":3}]}},{"type":"Feature","geometry":{"type":"Point","coordinates":[13.47,43.11]},"properties":{"edcs_id":"EDCS-09400309","findspot":"Falerone / Falerio Picenus","raw_text":"OX hic quiesciUEt quae vixit annum fecit Domitio Molesto et Flavio Aronteo consulibus","date_from":0,"date_to":0,"marker_gender":"male","is_individual":false,"edcs_url":"https://edcs.hist.uzh.ch/en/document?edcs-id=EDCS-09400309","persons":[{"nomen":"Domitius","gender":"male","raw_name":"Do(mitio) Molesto","cognomen":"Molestus"},{"nomen":"Flavius","gender":"male","raw_name":"Fl. Aronteo","praenomen":"Gaius","cognomen":"Arontius","status":"consulibus"}]}},{"type":"Feature","geometry":{"type":"Point","coordinates":[13.32,43.11]},"properties":{"edcs_id":"EDCS-09400310","findspot":"San Ginesio","raw_text":"Defensori pacis conservatori imperii Romani domino nostro Constantio Maximo victori ac triumphatori semper Augusto Pio Felici Romulus vir clarissimus consularis Flaminiae et Piceni devotus numini maiestati que eius bono rei publicae natus","date_from":0,"date_to":0,"marker_gender":"male","is_individual":false,"edcs_url":"https://edcs.hist.uzh.ch/en/document?edcs-id=EDCS-09400310","persons":[{"nomen":"","gender":"male","raw_name":"Romulus","cognomen":"Romulus","status":"vir clarissimus consularis, honori Constantio Maximo victori ac triumphatori semper Augusto Pio Felici, Flaminiae et Piceni devotus numini maiestatique eius, bono rei publicae natus"}]}},{"type":"Feature","geometry":{"type":"Point","coordinates":[13.47,43.11]},"properties":{"edcs_id":"EDCS-09400315","findspot":"Falerone / Falerio Picenus","raw_text":"DDominis nnostris Magno Maximo et Flavio Victori Piis Felicibus ac triumfatoribus semper Auggustis bono rei publicae natis","date_from":0,"date_to":0,"marker_gender":"male","is_individual":false,"edcs_url":"https://edcs.hist.uzh.ch/en/document?edcs-id=EDCS-09400315","persons":[{"nomen":"","gender":"male","raw_name":"Magno Maximo","cognomen":"Magnus Maximus","status":"Dominis nostris"},{"nomen":"Flavius","gender":"male","raw_name":"Fl. Victor","cognomen":"Victor","status":"et Felici(bu)s ac triumphatoribus semper Augg(ustis) bono rei publicae natis"}]}},{"type":"Feature","geometry":{"type":"Point","coordinates":[13.98,42.58]},"properties":{"edcs_id":"EDCS-09700124","findspot":"Atri / Hadria / Adria","raw_text":"M(arco) [Ga]vio M(arci) fil(io) Ser(gia) / [M]aximo / [p]raef(ecto) pr(aetorio) / c(onscripti?) / publice","date_from":0,"date_to":0,"marker_gender":"male","is_individual":false,"edcs_url":"https://edcs.hist.uzh.ch/en/document?edcs-id=EDCS-09700124","persons":[{"nomen":"Gavius","gender":"male","raw_name":"M. [Ga]vio M. fil. Ser. Maximo","praenomen":"Marcus","cognomen":"Maximus","status":"M. filius, Sergia, praefectus praetorio","cluster_id":84,"cluster_size":2}]}},{"type":"Feature","geometry":{"type":"Point","coordinates":[13.47,43.11]},"properties":{"edcs_id":"EDCS-09701354","findspot":"Falerone / Falerio Picenus","raw_text":"D(is) M(anibus) / Silliae Tertiae / Sillia Fortuna/ta filia matri / pientissimae","date_from":0,"date_to":0,"marker_gender":"female","is_individual":false,"edcs_url":"https://edcs.hist.uzh.ch/en/document?edcs-id=EDCS-09701354","persons":[{"nomen":"Sillia","gender":"female","raw_name":"Silliae Tertiae","cognomen":"Tertia","cluster_id":413,"cluster_size":2},{"nomen":"Sillia","gender":"female","raw_name":"Sillia Fortuna ta","cognomen":"Fortunata","status":"filia matri pientissimae","cluster_id":414,"cluster_size":2}]}},{"type":"Feature","geometry":{"type":"Point","coordinates":[13.28,43.2]},"properties":{"edcs_id":"EDCS-10800050","findspot":"Tolentino / Tolentinum","raw_text":"D(is) M(anibus) / T(iti) Furi T(iti) f(ilii) Vel(ina) / Vitalis mag(istri) / municipi(i) Furia / Paezusa filia / patri piissimo / et Aemilia Tigris / coniugi bene / merenti","date_from":0,"date_to":0,"marker_gender":"mixed","is_individual":false,"edcs_url":"https://edcs.hist.uzh.ch/en/document?edcs-id=EDCS-10800050","persons":[{"nomen":"Furius","gender":"male","raw_name":"T. Furi T. f. Vel. Vitalis mag.","praenomen":"Titus","cognomen":"Vitalis","status":"Titi filius, tribus: Velina, magister municipi"},{"nomen":"Furia","gender":"female","raw_name":"Furia Paezusa","cognomen":"Paezusa","status":"filia, patri piissimo"},{"nomen":"Aemilia","gender":"female","raw_name":"Aemilia Tigris","cognomen":"Tigris","status":"coniugi bene merenti"}]}},{"type":"Feature","geometry":{"type":"Point","coordinates":[13.28,43.2]},"properties":{"edcs_id":"EDCS-10800053","findspot":"Tolentino / Tolentinum","raw_text":"Sex(to) Calavio / Sex(ti) f(ilio) Vel(ina) / Basso / Obulciae L(uci) f(iliae) / Quintae / Sex(tus) Calavius / Sex(ti) f(ilius) Vel(ina) / Maximus f(ilius) po(suit) / in f(ronte) p(edes) XII / in ag(ro) p(edes) XII","date_from":0,"date_to":0,"marker_gender":"mixed","is_individual":false,"edcs_url":"https://edcs.hist.uzh.ch/en/document?edcs-id=EDCS-10800053","persons":[{"nomen":"Calavius","gender":"male","raw_name":"Sex(to) Calavio Sex(ti) f(ilio) Vel(ina) Basso","praenomen":"Sextus","cognomen":"Basso","status":"Sex(ti) filius, tribus: Velina"},{"nomen":"Obulcia","gender":"female","raw_name":"Obulciae L. f(iliae) Quintae","cognomen":"Quinta","status":"Luci filia"},{"nomen":"Calavius","gender":"male","raw_name":"Sex(tus) Calavius Sex(ti) f(ilius) Vel(ina) Maximus filius","praenomen":"Sextus","cognomen":"Maximus","status":"Sex(ti) filius, tribus: Velina, filius (dominus) posuit"}]}},{"type":"Feature","geometry":{"type":"Point","coordinates":[13.28,43.2]},"properties":{"edcs_id":"EDCS-10800054","findspot":"Tolentino / Tolentinum","raw_text":"]ennius / Clemens / fratri opt<i=U>m(o)","date_from":0,"date_to":0,"marker_gender":"male","is_individual":false,"edcs_url":"https://edcs.hist.uzh.ch/en/document?edcs-id=EDCS-10800054","persons":[{"nomen":"","gender":"male","raw_name":"]ennius Clemens","cognomen":"Clemens","status":"fratri optimo"}]}},{"type":"Feature","geometry":{"type":"Point","coordinates":[13.28,43.2]},"properties":{"edcs_id":"EDCS-10800055","findspot":"Tolentino / Tolentinum","raw_text":"Flaviae L(uci) f(iliae) Silvin[ae] / P(ublius) Veitius Polytim[us] / uxori [","date_from":0,"date_to":0,"marker_gender":"mixed","is_individual":false,"edcs_url":"https://edcs.hist.uzh.ch/en/document?edcs-id=EDCS-10800055","persons":[{"nomen":"Flavia","gender":"female","raw_name":"Flaviae L. f(iliae) Silvin[ae]","cognomen":"Silvina"},{"nomen":"Veitius","gender":"male","raw_name":"P. Veitius Polytim[us]","praenomen":"Publius","cognomen":"Polytimus","status":"uxor"}]}},{"type":"Feature","geometry":{"type":"Point","coordinates":[13.28,43.2]},"properties":{"edcs_id":"EDCS-10800056","findspot":"Tolentino / Tolentinum","raw_text":"<G=C>allus / E","date_from":0,"date_to":0,"marker_gender":"male","is_individual":false,"edcs_url":"https://edcs.hist.uzh.ch/en/document?edcs-id=EDCS-10800056","persons":[{"nomen":"","gender":"male","raw_name":"<G=C>allus","cognomen":"Callus"}]}},{"type":"Feature","geometry":{"type":"Point","coordinates":[13.28,43.2]},"properties":{"edcs_id":"EDCS-10800058","findspot":"Tolentino / Tolentinum","raw_text":"Q(uintus) Mulius [3] / Chaerea co[3] / et tu","date_from":0,"date_to":0,"marker_gender":"male","is_individual":false,"edcs_url":"https://edcs.hist.uzh.ch/en/document?edcs-id=EDCS-10800058","persons":[{"nomen":"Melius","gender":"male","raw_name":"Q. Mulius [3] Chaerea co[3]","praenomen":"Quintus","cognomen":"Chaerea"}]}},{"type":"Feature","geometry":{"type":"Point","coordinates":[13.28,43.2]},"properties":{"edcs_id":"EDCS-10800059","findspot":"Tolentino / Tolentinum","raw_text":"Ti(berio) Petronio / Ti(beri) f(ilio) Vel(ina) / [3]IINO filio / [3]ONES / [","date_from":0,"date_to":0,"marker_gender":"male","is_individual":false,"edcs_url":"https://edcs.hist.uzh.ch/en/document?edcs-id=EDCS-10800059","persons":[{"nomen":"Petronius","gender":"male","raw_name":"Ti. Petronio Ti. f. Vel. [3]IINO","praenomen":"Tiberius","status":"Tiberi filius, tribus: Velina, filio"}]}},{"type":"Feature","geometry":{"type":"Point","coordinates":[13.28,43.2]},"properties":{"edcs_id":"EDCS-10800060","findspot":"Tolentino / Tolentinum","raw_text":"[P]ublicia / Faventina / et Festus pat(er) / filiae piissim(ae)","date_from":0,"date_to":0,"marker_gender":"mixed","is_individual":false,"edcs_url":"https://edcs.hist.uzh.ch/en/document?edcs-id=EDCS-10800060","persons":[{"nomen":"Publicia","gender":"female","raw_name":"[P]ublicia Faventina","cognomen":"Faventina","status":"filiae piissimae"},{"nomen":"","gender":"male","raw_name":"Festus","cognomen":"Festus","status":"pater"}]}},{"type":"Feature","geometry":{"type":"Point","coordinates":[13.18,43.23]},"properties":{"edcs_id":"EDCS-10800259","findspot":"San Severino Marche / Septempeda","raw_text":"Marco Titio Luci filio C pontifici patrono coloniae decurionum decreto publice","date_from":0,"date_to":0,"marker_gender":"male","is_individual":false,"edcs_url":"https://edcs.hist.uzh.ch/en/document?edcs-id=EDCS-10800259","persons":[{"nomen":"Titius","gender":"male","raw_name":"M(arco) Titio L(uci) f(ilio) C[3]","praenomen":"Lucius","status":"Luci filius, pontifici, patrono coloniae, decurionum decreto, publice"}]}},{"type":"Feature","geometry":{"type":"Point","coordinates":[13.18,43.23]},"properties":{"edcs_id":"EDCS-10800261","findspot":"San Severino Marche / Septempeda","raw_text":"[3]us T(iti) f(ilius) P(ublius) Attius P(ubli) f(ilius) aed(iles) II f(aciundum) c(uraverunt)","date_from":0,"date_to":0,"marker_gender":"male","is_individual":false,"edcs_url":"https://edcs.hist.uzh.ch/en/document?edcs-id=EDCS-10800261","persons":[{"nomen":"Attius","gender":"male","raw_name":"[3]us T(iti) f(ilius) P(ublius) Attius P(ubli) f(ilius) aed(iles) II f(aciundum) c(uraverunt)","praenomen":"Publius","status":"Titi filius, Publi filius, aediles II faciendum curaverunt"}]}},{"type":"Feature","geometry":{"type":"Point","coordinates":[13.17,43.22]},"properties":{"edcs_id":"EDCS-10800262","findspot":"San Severino Marche / Septempeda","raw_text":"Q(uintus) Annius |(mulieris) l(ibertus) Acastus / VIvir / Annia |(mulieris) l(iberta) Cha[3] / Q(uintus) Annius Q(uinti) [3] / et [3] / [St]ephano","date_from":0,"date_to":0,"marker_gender":"mixed","is_individual":false,"edcs_url":"https://edcs.hist.uzh.ch/en/document?edcs-id=EDCS-10800262","persons":[{"nomen":"Annia","gender":"male","raw_name":"Q(uintus) Annius |(mulieris) l(ibertus) Acastus","cognomen":"Acastus","status":"Titi (mulieris) libertus, VIvir"},{"nomen":"Annia","gender":"female","raw_name":"Annia |(mulieris) l(iberta) Cha[3]","cognomen":"Cha","status":"Titi (mulieris) liberta"},{"nomen":"Annius","gender":"male","raw_name":"Q(uintus) Annius Q(uinti) [3]","praenomen":"Quintus","status":"Q(uinti) [3]"},{"nomen":"","gender":"male","raw_name":"Stephano","cognomen":"Stephano","status":"[3]"}]}},{"type":"Feature","geometry":{"type":"Point","coordinates":[13.18,43.23]},"properties":{"edcs_id":"EDCS-10800263","findspot":"San Severino Marche / Septempeda","raw_text":"C(aius) Ruficanius / C(ai) f(ilius) Severus / L(ucius) Vettenus / L(uci) l(ibertus) Atticus / [d(e?)] s(ua) p(ecunia)","date_from":0,"date_to":0,"marker_gender":"male","is_individual":false,"edcs_url":"https://edcs.hist.uzh.ch/en/document?edcs-id=EDCS-10800263","persons":[{"nomen":"Ruficanius","gender":"male","raw_name":"C. Ruficanius   C. f(ilius) Severus","praenomen":"Caius","cognomen":"Severus","status":"Cai filius"},{"nomen":"Vettenus","gender":"male","raw_name":"L. Vettenus   L. l. Atticus","praenomen":"Lucius","cognomen":"Atticus","status":"Luci libertus"}]}},{"type":"Feature","geometry":{"type":"Point","coordinates":[13.18,43.23]},"properties":{"edcs_id":"EDCS-10800264","findspot":"San Severino Marche / Septempeda","raw_text":"] / C(ai) f(ilio) Cor(nelia) / Balbo","date_from":0,"date_to":0,"marker_gender":"male","is_individual":false,"edcs_url":"https://edcs.hist.uzh.ch/en/document?edcs-id=EDCS-10800264","persons":[{"nomen":"Cornelius","gender":"male","raw_name":"C. filio Cor(nelia)   Balbo","cognomen":"Balbus","status":"Cai filio"}]}},{"type":"Feature","geometry":{"type":"Point","coordinates":[13.18,43.23]},"properties":{"edcs_id":"EDCS-10800265","findspot":"San Severino Marche / Septempeda","raw_text":"Callistrato","date_from":0,"date_to":0,"marker_gender":"male","is_individual":false,"edcs_url":"https://edcs.hist.uzh.ch/en/document?edcs-id=EDCS-10800265","persons":[{"nomen":"","gender":"male","raw_name":"Callistrato","cognomen":"Callistratus","cluster_id":1614,"cluster_size":2,"cluster_confidence":"low"}]}},{"type":"Feature","geometry":{"type":"Point","coordinates":[13.17,43.22]},"properties":{"edcs_id":"EDCS-10800266","findspot":"San Severino Marche / Septempeda","raw_text":"] / M(arco) Card[ano 3] / Cardana |(mulieris) l(iberta) P[3] / merentibus po[suit et sibi] / et posterisq[ue suis]","date_from":0,"date_to":0,"marker_gender":"mixed","is_individual":false,"edcs_url":"https://edcs.hist.uzh.ch/en/document?edcs-id=EDCS-10800266","persons":[{"nomen":"Cardanus","gender":"male","raw_name":"M. Card[ano 3]","praenomen":"Marcus"},{"nomen":"","gender":"female","raw_name":"Cardana |(mulieris) l(iberta) P[3]","cognomen":"Cardana","status":"mulieris liberta"}]}},{"type":"Feature","geometry":{"type":"Point","coordinates":[13.18,43.23]},"properties":{"edcs_id":"EDCS-10800267","findspot":"San Severino Marche / Septempeda","raw_text":"Diphil","date_from":0,"date_to":0,"marker_gender":"unknown","is_individual":false,"edcs_url":"https://edcs.hist.uzh.ch/en/document?edcs-id=EDCS-10800267","persons":[{"nomen":"","gender":"unknown","raw_name":"Diphil[3]","cognomen":"Diphilus","cluster_id":1621,"cluster_size":2,"cluster_confidence":"low"}]}},{"type":"Feature","geometry":{"type":"Point","coordinates":[13.17,43.22]},"properties":{"edcs_id":"EDCS-10800268","findspot":"San Severino Marche / Septempeda","raw_text":"Fulvia Dox[a] / hic sitas[t]","date_from":0,"date_to":0,"marker_gender":"female","is_individual":false,"edcs_url":"https://edcs.hist.uzh.ch/en/document?edcs-id=EDCS-10800268","persons":[{"nomen":"Fulvia","gender":"female","raw_name":"Fulvia Dox[a]","cognomen":"Doxa","status":"hic sitast"}]}},{"type":"Feature","geometry":{"type":"Point","coordinates":[13.18,43.23]},"properties":{"edcs_id":"EDCS-10800269","findspot":"San Severino Marche / Septempeda","raw_text":"C(aius) Fulvi[us 3] / Fro[3] / Fulvia [3] / Epic[3]","date_from":0,"date_to":0,"marker_gender":"mixed","is_individual":false,"edcs_url":"https://edcs.hist.uzh.ch/en/document?edcs-id=EDCS-10800269","persons":[{"nomen":"Fulvius","gender":"male","raw_name":"C. Fulvi[us 3]","praenomen":"Gaius"},{"nomen":"Fulvia","gender":"female","raw_name":"Fulvia [3]"},{"nomen":"","gender":"unknown","raw_name":"Epic[3]","cognomen":"Epic"}]}},{"type":"Feature","geometry":{"type":"Point","coordinates":[13.17,43.22]},"properties":{"edcs_id":"EDCS-10800270","findspot":"San Severino Marche / Septempeda","raw_text":"]T / [ // ] / Vel(ina) Natri[3] / testam[ento] / M(arci) Vibi M(arci) f(ilii) V[el(ina)]","date_from":0,"date_to":0,"marker_gender":"mixed","is_individual":false,"edcs_url":"https://edcs.hist.uzh.ch/en/document?edcs-id=EDCS-10800270","persons":[{"nomen":"Velina","gender":"female","raw_name":"Vel. Natri[3]","cognomen":"Natrix","status":"testamento"},{"nomen":"Vibius","gender":"male","raw_name":"M. Vibi M. f. V[el.(ina)]","praenomen":"Marcus"}]}},{"type":"Feature","geometry":{"type":"Point","coordinates":[13.17,43.22]},"properties":{"edcs_id":"EDCS-10800271","findspot":"San Severino Marche / Septempeda","raw_text":"] / Nobilis","date_from":0,"date_to":0,"marker_gender":"male","is_individual":false,"edcs_url":"https://edcs.hist.uzh.ch/en/document?edcs-id=EDCS-10800271","persons":[{"nomen":"","gender":"male","raw_name":"Nobilis","cognomen":"Nobilis"}]}},{"type":"Feature","geometry":{"type":"Point","coordinates":[13.17,43.22]},"properties":{"edcs_id":"EDCS-10800272","findspot":"San Severino Marche / Septempeda","raw_text":"L(ucius) Oplelius |(mulieris) l(ibertus) / Carito sibi et / Opleliae |(mulieris) l(ibertae) Attice / in f(ronte) p(edes) XII in a(gro) p(edes) XX / sibi et suis","date_from":0,"date_to":0,"marker_gender":"mixed","is_individual":false,"edcs_url":"https://edcs.hist.uzh.ch/en/document?edcs-id=EDCS-10800272","persons":[{"nomen":"","gender":"male","raw_name":"L. Oplelius |(mulieris) l(ibertus) Carito","cognomen":"Carito","status":"mulieris libertus"},{"nomen":"Oplelia","gender":"female","raw_name":"Oplelia |(mulieris) l(ibertae) Attice","cognomen":"Attice","status":"mulieris liberta"}]}},{"type":"Feature","geometry":{"type":"Point","coordinates":[13.22,43.37]},"properties":{"edcs_id":"EDCS-10800335","findspot":"Cingoli / Cingulum","raw_text":"Q(uintus) Camidienus / Q(uinti) l(ibertus) Crates","date_from":0,"date_to":0,"marker_gender":"male","is_individual":false,"edcs_url":"https://edcs.hist.uzh.ch/en/document?edcs-id=EDCS-10800335","persons":[{"nomen":"Camidienus","gender":"male","raw_name":"Q. Camidienus Q. l. Crates","cognomen":"Crates","status":"Q. libertus"}]}},{"type":"Feature","geometry":{"type":"Point","coordinates":[13.22,43.37]},"properties":{"edcs_id":"EDCS-10800337","findspot":"Cingoli / Cingulum","raw_text":"[3]ia |(mulieris) l(iberta) Menophila / [3]orcha / [3]oni[u]s |(mulieris) l(ibertus) Clario / [v(ivi)] f(ecerunt)","date_from":0,"date_to":0,"marker_gender":"mixed","is_individual":false,"edcs_url":"https://edcs.hist.uzh.ch/en/document?edcs-id=EDCS-10800337","persons":[{"nomen":"","gender":"female","raw_name":"(mulieris) l(iberta) Menophila","cognomen":"Menophila","status":"mulieris liberta"},{"nomen":"","gender":"unknown","raw_name":"[3]orcha","cognomen":"Orcha"},{"nomen":"","gender":"male","raw_name":"(mulieris) l(ibertus) Clario","cognomen":"Clario","status":"mulieris libertus"}]}},{"type":"Feature","geometry":{"type":"Point","coordinates":[12.49,41.89]},"properties":{"edcs_id":"EDCS-10900143","findspot":"Cingoli / Cingulum","raw_text":"D(is) M(anibus) / Quintiliae M(arci) lib(ertae) / Ampelidis / M(arcus) Quintilius M(arci) f(ilius) Pol(lia) / Vibianus coniugi / bene merenti fecit / loc(o) dato ex decreto / tribullium trib(us) Polliae","date_from":0,"date_to":0,"marker_gender":"mixed","is_individual":false,"edcs_url":"https://edcs.hist.uzh.ch/en/document?edcs-id=EDCS-10900143","persons":[{"nomen":"Quintilia","gender":"female","raw_name":"Quintiliae M. lib(ertae) Ampelidis","cognomen":"Ampelis","status":"M(arci) liberta, bene merenti"},{"nomen":"Quintilius","gender":"male","raw_name":"M. Quintilius M. f. Pol. Vibianus","praenomen":"Marcus","cognomen":"Vibianus","status":"M. f., tribus: Pollia, scriba aedilium curulium, coniugi bene merenti fecit, qui intra stercus fuderit multae a(sses) IIII d(abit)"}]}},{"type":"Feature","geometry":{"type":"Point","coordinates":[13.22,43.37]},"properties":{"edcs_id":"EDCS-10900145","findspot":"Cingoli / Cingulum","raw_text":"P(ublius) Statius Q(uinti) f(ilius) Ani(ensi) Optatus / scriba aed(ilium) cur(ulium) / sex{s}primus","date_from":0,"date_to":0,"marker_gender":"male","is_individual":false,"edcs_url":"https://edcs.hist.uzh.ch/en/document?edcs-id=EDCS-10900145","persons":[{"nomen":"Statius","gender":"male","raw_name":"P. Statius Q. f. Ani. Optatus","praenomen":"Publius","cognomen":"Optatus","status":"Q. f., tribus: Aniensis, scriba aedilium curulium, sexprimus"}]}},{"type":"Feature","geometry":{"type":"Point","coordinates":[13.69,42.73]},"properties":{"edcs_id":"EDCS-10900611","findspot":"Campli / Interamnia Praetuttiorum","raw_text":"Αὐρ(ήλιος) Ἀνδρόνεικος / Νεικομηδε(ὺ)ς λιθέν/πορος ἔθηκα ἐμαυτῷ / τὸ μνημόσυνον καὶ / τῇ γυναικί μου Αἰ/βουτίαι Φορτούνᾳ","date_from":0,"date_to":0,"marker_gender":"mixed","is_individual":false,"edcs_url":"https://edcs.hist.uzh.ch/en/document?edcs-id=EDCS-10900611","persons":[{"nomen":"Aurelius","gender":"male","raw_name":"Αὐρ(ήλιος) Ἀνδρόνεικος Νεικομηδε(ὺ)ς λιθέν πορος","cognomen":"Andronicus","status":"Nicomedensis, lithoporos"},{"nomen":"","gender":"female","raw_name":"Αἰ βουτίαι Φορτούνᾳ","cognomen":"Aebutia Fortunata","status":"γυναικί"}]}},{"type":"Feature","geometry":{"type":"Point","coordinates":[13.47,43.11]},"properties":{"edcs_id":"EDCS-10900614","findspot":"Falerone / Falerio Picenus","raw_text":"innoxia hic quiesciUEt quae vixit annum et menses et dies Domitio Modesto et Flavio Arintheo consulibus","date_from":0,"date_to":0,"marker_gender":"mixed","is_individual":false,"edcs_url":"https://edcs.hist.uzh.ch/en/document?edcs-id=EDCS-10900614","persons":[{"nomen":"","gender":"female","raw_name":"innox(ia)","cognomen":"innoxia"},{"nomen":"","gender":"male","raw_name":"Do(mitio) Mo(desto)","cognomen":"Domitio Modesto"},{"nomen":"Flavius","gender":"male","raw_name":"Fl. Ariontheo","cognomen":"Ariontheo","status":"consulibus"}]}},{"type":"Feature","geometry":{"type":"Point","coordinates":[13.47,43.11]},"properties":{"edcs_id":"EDCS-10900615","findspot":"Falerone / Falerio Picenus","raw_text":"Secundus hic quiescit vixit annos L fecit cum uxore sua annos XXIII depositus XIIIIIIIX Kalendas Martias","date_from":0,"date_to":0,"marker_gender":"male","is_individual":false,"edcs_url":"https://edcs.hist.uzh.ch/en/document?edcs-id=EDCS-10900615","persons":[{"nomen":"","gender":"male","raw_name":"Secundus","cognomen":"Secundus","status":"hic quiescit vixit annos L","cluster_id":1355,"cluster_size":3,"cluster_confidence":"low"}]}},{"type":"Feature","geometry":{"type":"Point","coordinates":[13.47,43.11]},"properties":{"edcs_id":"EDCS-10900616","findspot":"Falerone / Falerio Picenus","raw_text":"Beato spirito Flavi Lampadi qui vixit annos XI menses VIIII depositus XVII Kalendas Augustas","date_from":0,"date_to":0,"marker_gender":"male","is_individual":false,"edcs_url":"https://edcs.hist.uzh.ch/en/document?edcs-id=EDCS-10900616","persons":[{"nomen":"","gender":"male","raw_name":"Beato spir.","cognomen":"Beato","status":"spirito"},{"nomen":"Flavius","gender":"male","raw_name":"Fl. Lampadi","cognomen":"Lampadi","status":"qui vixit annos XI menses VIIII"}]}},{"type":"Feature","geometry":{"type":"Point","coordinates":[13.47,43.11]},"properties":{"edcs_id":"EDCS-10900617","findspot":"Falerone / Falerio Picenus","raw_text":"S(ibi?) s(uisque?) / IIII Idus April(es) depos(i)tio / Helviae Tertiae quae / vixit cum virginio / suo Licinio Hono/rato annos XXXXII / me(n)ses III dies XVI / horas III uxori / bene merenti / havete fideles / Tertia vere fidelis / in pace requiescit cum / sanctis fidelibus / S(alus) Ὑ(γίεια?) S(alus)","date_from":0,"date_to":0,"marker_gender":"mixed","is_individual":false,"edcs_url":"https://edcs.hist.uzh.ch/en/document?edcs-id=EDCS-10900617","persons":[{"nomen":"Helvia","gender":"female","raw_name":"Helviae Tertiae","cognomen":"Tertia","status":"Sibi suisque, quae vixit cum virginio suo Licinio Honrato annos XXXXII menses III dies XVI horas III uxori bene merenti, havetefideles, Tertia vere fidelis in pace requiescit cum sanctis fidelibus"},{"nomen":"Licinius","gender":"male","raw_name":"Licinio Honorato","cognomen":"Honaratus","status":"virgini suo"}]}},{"type":"Feature","geometry":{"type":"Point","coordinates":[13.72,43.31]},"properties":{"edcs_id":"EDCS-10900619","findspot":"Civitanova Marche / Porto Civitanova / Cluana","raw_text":"Principio","date_from":0,"date_to":0,"marker_gender":"unknown","is_individual":true,"edcs_url":"https://edcs.hist.uzh.ch/en/document?edcs-id=EDCS-10900619","persons":[{"nomen":"","gender":"unknown","raw_name":"Principio","cognomen":"Principius"}]}},{"type":"Feature","geometry":{"type":"Point","coordinates":[13.48,43.49]},"properties":{"edcs_id":"EDCS-10900620","findspot":"Osimo / Auximum","raw_text":"Dis Manibus hic requiescit in pace eri Talia Thima","date_from":0,"date_to":0,"marker_gender":"female","is_individual":false,"edcs_url":"https://edcs.hist.uzh.ch/en/document?edcs-id=EDCS-10900620","persons":[{"nomen":"","gender":"female","raw_name":"[3] Talia Thima","cognomen":"Talia Thima"}]}},{"type":"Feature","geometry":{"type":"Point","coordinates":[13.52,43.62]},"properties":{"edcs_id":"EDCS-10900622","findspot":"Ancona","raw_text":"B(onae) m(emoriae) / Vulcasiae Uraniae / coniugi castissim(a)e / omnibus notissim(a)e / fama comperta ab / origine nativitatis / [","date_from":0,"date_to":0,"marker_gender":"female","is_individual":false,"edcs_url":"https://edcs.hist.uzh.ch/en/document?edcs-id=EDCS-10900622","persons":[{"nomen":"Vulcasia","gender":"female","raw_name":"Vulcasiae Uraniae","cognomen":"Urania","status":"coniugi castissimae omnibus notissimae fama comperta ab origine nativitatis"}]}},{"type":"Feature","geometry":{"type":"Point","coordinates":[13.52,43.62]},"properties":{"edcs_id":"EDCS-10900623","findspot":"Ancona","raw_text":"Hic requiescit Estefanus in Christo depositus XIIII Kalendas embres","date_from":0,"date_to":0,"marker_gender":"male","is_individual":false,"edcs_url":"https://edcs.hist.uzh.ch/en/document?edcs-id=EDCS-10900623","persons":[{"nomen":"","gender":"male","raw_name":"Estefanus in C(h)ris [to dep(ositus) X]IIII(?) <K=C>alendas [3]e(m)bres","cognomen":"Estefanus","status":"in Christo depositus XIIII(?) Kalendas [3]embres"}]}},{"type":"Feature","geometry":{"type":"Point","coordinates":[13.52,43.62]},"properties":{"edcs_id":"EDCS-10900624","findspot":"Ancona","raw_text":"D(o)m(in)o f(ilio) Stefano [","date_from":0,"date_to":0,"marker_gender":"male","is_individual":false,"edcs_url":"https://edcs.hist.uzh.ch/en/document?edcs-id=EDCS-10900624","persons":[{"nomen":"","gender":"male","raw_name":"Domino f(ilio) Stefano","cognomen":"Stefano","status":"Domino filio"}]}},{"type":"Feature","geometry":{"type":"Point","coordinates":[13.52,43.62]},"properties":{"edcs_id":"EDCS-10900626","findspot":"Ancona","raw_text":"lius Marcellus","date_from":0,"date_to":0,"marker_gender":"male","is_individual":false,"edcs_url":"https://edcs.hist.uzh.ch/en/document?edcs-id=EDCS-10900626","persons":[{"nomen":"","gender":"male","raw_name":"[Ma]rcell[us(?)","cognomen":"Marcellus"}]}},{"type":"Feature","geometry":{"type":"Point","coordinates":[13.52,43.62]},"properties":{"edcs_id":"EDCS-10900630","findspot":"Ancona","raw_text":"Hic requieescit Stefanus filius Sarm vixit annos menses dies tres filii SE","date_from":0,"date_to":0,"marker_gender":"male","is_individual":false,"edcs_url":"https://edcs.hist.uzh.ch/en/document?edcs-id=EDCS-10900630","persons":[{"nomen":"","gender":"male","raw_name":"Stefa nus filiu s Sarm()","cognomen":"Stefanos","status":"filius Sarmatis"}]}},{"type":"Feature","geometry":{"type":"Point","coordinates":[13.52,43.62]},"properties":{"edcs_id":"EDCS-10900632","findspot":"Ancona","raw_text":"Si quis forte quaeris cuius sint hoc ossa sepulcro Stephanus hic situs est claro qui stemmate fulgens Iusti qui filius Hadriani de semine nepos","date_from":0,"date_to":0,"marker_gender":"male","is_individual":false,"edcs_url":"https://edcs.hist.uzh.ch/en/document?edcs-id=EDCS-10900632","persons":[{"nomen":"","gender":"male","raw_name":"Stephanus hic situs est claro qui stemmate fulgens Iusti q(ui) filius Hadriani de semine nepos","cognomen":"Stephanus","status":"clarus qui stemmate fulgens Iusti qui filius Hadriani de semine nepos"}]}},{"type":"Feature","geometry":{"type":"Point","coordinates":[13.31,43.31]},"properties":{"edcs_id":"EDCS-11100460","findspot":"Treia / Trea","raw_text":"C(aius) Decumius C(ai) f(ilius) / C(ai) n(epos) duovir / honoris decurion(um) / municipumque / signum Victoriae / sacrum et basim / de pe<c=Q>(unia) sua fac(iunda) / curavit","date_from":0,"date_to":0,"marker_gender":"mixed","is_individual":false,"edcs_url":"https://edcs.hist.uzh.ch/en/document?edcs-id=EDCS-11100460","persons":[{"nomen":"Decumius","gender":"male","raw_name":"C. Decumius C. f. C. n.","praenomen":"Caius","status":"Cai filius, Cai nepos, duovir, honoris decurionum municipumque"},{"nomen":"","gender":"female","raw_name":"Victoria","cognomen":"Victoria","status":"sacrum","is_deity":true,"cluster_confidence":"excluded"}]}},{"type":"Feature","geometry":{"type":"Point","coordinates":[13.31,43.31]},"properties":{"edcs_id":"EDCS-11100465","findspot":"Treia / Trea","raw_text":"Dis / Manib(us) / Ampudiae / P(ubli) l(ibertae) Politice / Ampudia / Prisca l[i]b(erta) / patronae / b(ene) m(erenti)","date_from":0,"date_to":0,"marker_gender":"female","is_individual":false,"edcs_url":"https://edcs.hist.uzh.ch/en/document?edcs-id=EDCS-11100465","persons":[{"nomen":"","gender":"female","raw_name":"Ampudiae P. l. Politice","cognomen":"Politice","status":"Publi liberta"},{"nomen":"Ampudia","gender":"female","raw_name":"Ampudia Prisca l. patronae","cognomen":"Prisca","status":"liberta patronae, bene merenti"}]}},{"type":"Feature","geometry":{"type":"Point","coordinates":[13.31,43.31]},"properties":{"edcs_id":"EDCS-11100466","findspot":"Treia / Trea","raw_text":"] C(aius) Gaviu[s","date_from":0,"date_to":0,"marker_gender":"male","is_individual":false,"edcs_url":"https://edcs.hist.uzh.ch/en/document?edcs-id=EDCS-11100466","persons":[{"nomen":"Gavius","gender":"male","raw_name":"C. Gaviu","praenomen":"Gaius"}]}},{"type":"Feature","geometry":{"type":"Point","coordinates":[13.31,43.31]},"properties":{"edcs_id":"EDCS-11100467","findspot":"Treia / Trea","raw_text":"C(aio) O[3]nnaeo C(ai) l(iberto) [1]ol[3] / dissignat[ori]","date_from":0,"date_to":0,"marker_gender":"male","is_individual":false,"edcs_url":"https://edcs.hist.uzh.ch/en/document?edcs-id=EDCS-11100467","persons":[{"nomen":"","gender":"male","raw_name":"C. O[3]nnaeo C. l.","praenomen":"Caius","cognomen":"Onnaeus","status":"Cai liberto, dissignatori"}]}},{"type":"Feature","geometry":{"type":"Point","coordinates":[13.31,43.31]},"properties":{"edcs_id":"EDCS-11100468","findspot":"Treia / Trea","raw_text":"Sicinia |(mulieris) [l(iberta) P]iste / sibi et D(ecimo) Iunio |(mulieris) l(iberto) / Histro viro suo et / Agne f(iliae) et Agne Sic(iniae)","date_from":0,"date_to":0,"marker_gender":"mixed","is_individual":false,"edcs_url":"https://edcs.hist.uzh.ch/en/document?edcs-id=EDCS-11100468","persons":[{"nomen":"Sicania","gender":"female","raw_name":"Sicania |(mulieris) l. Piste","cognomen":"Piste","status":"mulieris liberta"},{"nomen":"Iunius","gender":"male","raw_name":"D. Iunio |(mulieris) l. Histro","praenomen":"Decimus","cognomen":"Hister","status":"mulieris liberto, sibi et Agne fillae et Agne Siciniae"},{"nomen":"","gender":"female","raw_name":"Agne","cognomen":"Agne","status":"filiae"},{"nomen":"Sicinia","gender":"female","raw_name":"Agne Sic(iniae)","cognomen":"Agne"}]}},{"type":"Feature","geometry":{"type":"Point","coordinates":[13.7,42.66]},"properties":{"edcs_id":"EDCS-11600058","findspot":"Teramo / Interamnia Praetuttiorum","raw_text":"Numis[iae] / Secunda[e] / Sabina[e] / Claudi Liber[alis] / sacerdoti Aug(ustae) m[atri] / municipii et colon[iae] / Interamnitiu[m] / Praetuttianor[um] / ob munificentia[m] / huic primae omni[um] / ple<b=P>s Praetuttian[a] / mulierum aere coll[ato] / statu[am] posuit o[b cuius] / dedica[tionem] sin[gul]is / HS IIII n[ummos d]edit / l(ocus) [d(atus) d(ecreto)] d(ecurionum)","date_from":0,"date_to":0,"marker_gender":"mixed","is_individual":false,"edcs_url":"https://edcs.hist.uzh.ch/en/document?edcs-id=EDCS-11600058","persons":[{"nomen":"Numisia","gender":"female","raw_name":"Numis[iae] Secundae Sabinae","cognomen":"Sabina"},{"nomen":"Claudius","gender":"male","raw_name":"Claudi Liber[alis] sacerdoti Aug. matri municipii et colon[iae] Interamnitiu[m] Praetuttianor[um] ob munificentia[m] huic primae omni[um] plebs Praetuttian[a] mulierum aere coll[ato] statu[am] posuit o[b cuius] dedica[tionem] sin[gul]is HS IIII n[ummos d]edit l. [d. d.] d.","cognomen":"Liberalis","status":"sacerdoti Augustae matri municipii et coloniae Interamnituim Praetuttianorum ob munificentiam huic primae omnium plebs Praetuttiana mulierum aere collato statuam posuit ob cuius dedicationem singulis HS IIII nummos dedit locus datus decurionum"}]}},{"type":"Feature","geometry":{"type":"Point","coordinates":[13.58,42.85]},"properties":{"edcs_id":"EDCS-11600060","findspot":"Ascoli Piceno / Asculum Picenum","raw_text":"Telonia Atala[nte] / L(ucio) Telonio Dicae[o] / Aug(ustali) VIvir(o) et Tibe[r(iali)] viro / Teloniae L(uci) f(iliae) Sabina[e] / filiae / L(ucio) Telonio Meleagro / Aug(ustali) VIvir(o) et Tibe[r(iali)] / fratri","date_from":0,"date_to":0,"marker_gender":"mixed","is_individual":true,"edcs_url":"https://edcs.hist.uzh.ch/en/document?edcs-id=EDCS-11600060","persons":[{"nomen":"Telonia","gender":"female","raw_name":"Telonia Atala[nte]","cognomen":"Atalante"},{"nomen":"Telonius","gender":"male","raw_name":"L. Telonio Dicae[o] Aug(ustali) VIvir(o) et Tibe[r(iali)]","praenomen":"Lucius","cognomen":"Dicaeos","status":"Aug(ustali) VIvir(o) et Tiberiali"},{"nomen":"Telonia","gender":"female","raw_name":"Teloniae L. f. Sabina[e]","cognomen":"Sabina","status":"filiae, Luci filiae"},{"nomen":"Telonius","gender":"male","raw_name":"L. Telonio Meleagro Aug(ustali) VIvir(o) et Tibe[r(iali)]","praenomen":"Lucius","cognomen":"Meleager","status":"Aug(ustali) VIvir(o) et Tiberiali"}]}},{"type":"Feature","geometry":{"type":"Point","coordinates":[13.47,43.11]},"properties":{"edcs_id":"EDCS-13302499","findspot":"Falerone / Falerio Picenus","raw_text":"Q(uinto) Papio Q(uinti) f(ilio) Ostleno / Celeri tr(ibuno) pl(ebis) patrono / coloniae d(ecreto) d(ecurionum) publice / [3] Petronius T(iti) f(ilius) Rufus","date_from":0,"date_to":0,"marker_gender":"male","is_individual":false,"edcs_url":"https://edcs.hist.uzh.ch/en/document?edcs-id=EDCS-13302499","persons":[{"nomen":"Papius","gender":"male","raw_name":"Q. Papio Q. f. Ostleno Celeri","praenomen":"Quintus","cognomen":"Celer","status":"Quinti filius, tribuno plebis patrono coloniae decreto decurionum publice"},{"nomen":"Petronius","gender":"male","raw_name":"Petronius T. f. Rufus","praenomen":"Titus","cognomen":"Rufus"}]}},{"type":"Feature","geometry":{"type":"Point","coordinates":[13.47,43.11]},"properties":{"edcs_id":"EDCS-13302500","findspot":"Falerone / Falerio Picenus","raw_text":"M(arco) Cassio Cornasidio / Sabino e(gregio) v(iro) advoc(ato) fisci / auditori(i) sacri ad HS CC(milia) n(ummum) / advocato fisci stationis / heredit[atium","date_from":0,"date_to":0,"marker_gender":"male","is_individual":false,"edcs_url":"https://edcs.hist.uzh.ch/en/document?edcs-id=EDCS-13302500","persons":[{"nomen":"Cassius","gender":"male","raw_name":"M. Cassio Cornasidio Sabino","praenomen":"Marcus","cognomen":"Cornasidius Sabinus","status":"egregio viro advocato fisci auditorii sacri ad HS CC milia nummum advocato fisci stationis hereditatium"}]}},{"type":"Feature","geometry":{"type":"Point","coordinates":[13.47,43.11]},"properties":{"edcs_id":"EDCS-13302501","findspot":"Falerone / Falerio Picenus","raw_text":"M(arco) Minicio T(iti) f(ilio) [3] / quinq(uennali) iteru[m 3 trib(uno) mil(itum)] / a popul(o) praef(ecto) [3] / equo publico","date_from":0,"date_to":0,"marker_gender":"male","is_individual":false,"edcs_url":"https://edcs.hist.uzh.ch/en/document?edcs-id=EDCS-13302501","persons":[{"nomen":"Minicius","gender":"male","raw_name":"M. Minicio T. f. [3] quinq. iteru[m trib. mil.] a popul. praef. [3] equo publico","praenomen":"Marcus","status":"Titi filius, quinqueennali iterum tribuno militum, a populo praefecto equo publico"}]}},{"type":"Feature","geometry":null,"properties":{"edcs_id":"EDCS-14000159","findspot":"Montedinove / Novana","raw_text":"Publio Salio Publi filio Quirina Asien patri fecit","date_from":0,"date_to":0,"marker_gender":"male","is_individual":true,"edcs_url":"https://edcs.hist.uzh.ch/en/document?edcs-id=EDCS-14000159","persons":[{"nomen":"Salius","gender":"male","raw_name":"P. Salio P. f. Qu(ir)ina Asien[3]","praenomen":"Publius","cognomen":"Asienus","status":"Publi filio, tribus: Quirina, patri"}]}},{"type":"Feature","geometry":null,"properties":{"edcs_id":"EDCS-14000161","findspot":"Caldarola","raw_text":"Stenius Rutilios Somios","date_from":0,"date_to":0,"marker_gender":"male","is_individual":true,"edcs_url":"https://edcs.hist.uzh.ch/en/document?edcs-id=EDCS-14000161","persons":[{"nomen":"Stenius","gender":"male","raw_name":"St(e)n(ius?) Rutilio(s)","cognomen":"Rutilius"},{"nomen":"","gender":"male","raw_name":"So[mios]","cognomen":"Somios"}]}},{"type":"Feature","geometry":{"type":"Point","coordinates":[13.72,43.16]},"properties":{"edcs_id":"EDCS-14805304","findspot":"Fermo / Firmum Picenum","raw_text":"D(is) M(anibus) / Manliae C(ai) f(iliae) / Maximae / Crispinae / uxori / sanctissimae / Sex(tus) Alinnius / Festus p(rimi)p(ilaris?) / b(ene) m(erenti)","date_from":0,"date_to":0,"marker_gender":"mixed","is_individual":false,"edcs_url":"https://edcs.hist.uzh.ch/en/document?edcs-id=EDCS-14805304","persons":[{"nomen":"Manlia","gender":"female","raw_name":"Manliae C. f. Maximae Crispinae","cognomen":"Maxima","status":"C. filia, Crispinae uxori sanctissimae"},{"nomen":"Alinnius","gender":"male","raw_name":"Sex. Alinnius Festus","praenomen":"Sextus","cognomen":"Festus","status":"primi(pilaris?), bene merenti"}]}},{"type":"Feature","geometry":{"type":"Point","coordinates":[13.58,42.85]},"properties":{"edcs_id":"EDCS-15300618","findspot":"Ascoli Piceno / Asculum Picenum","raw_text":"Dis Manibus Titi Rufreni Spuri filii Sereni VI viri aedilis II viri curatoris pecuniae Ennianae Titus Rufrenus Titi filius Serenus sibi et Brussa ae Tertullae matri posteris que suis","date_from":0,"date_to":0,"marker_gender":"male","is_individual":true,"edcs_url":"https://edcs.hist.uzh.ch/en/document?edcs-id=EDCS-15300618","persons":[{"nomen":"Rufrenus","gender":"male","raw_name":"T(iti) Rufreni Sp(uri) f(ilii) Sereni","praenomen":"Titus","cognomen":"Serenus","status":"VIvir aedilis IIvir curator pecuniae Ennianae","cluster_id":9,"cluster_size":2},{"nomen":"Rufrenus","gender":"male","raw_name":"T(itus) Rufrenus T(iti) f(ilius) Serenus","praenomen":"Titus","cognomen":"Serenus","status":"sibi et Brussalae Tertullae matri posterisque suis","cluster_id":9,"cluster_size":2}]}},{"type":"Feature","geometry":{"type":"Point","coordinates":[13.98,42.58]},"properties":{"edcs_id":"EDCS-15400508","findspot":"Atri / Hadria / Adria","raw_text":"Aufidena Secu/nda C(aio) Tullio / C(ai) f(ilio) Ma<e=I>(cia) Frontoni / q(uaestori)","date_from":0,"date_to":0,"marker_gender":"mixed","is_individual":false,"edcs_url":"https://edcs.hist.uzh.ch/en/document?edcs-id=EDCS-15400508","persons":[{"nomen":"Aufidena","gender":"female","raw_name":"Aufidena Secu nda","cognomen":"Secunda"},{"nomen":"Tullius","gender":"male","raw_name":"C. Tullio C. f. Ma<e=I>(cia) Frontoni","praenomen":"Gaius","cognomen":"Frontonis","status":"Cai filius, tribus: Maecia, quaestor"}]}},{"type":"Feature","geometry":{"type":"Point","coordinates":[13.98,42.58]},"properties":{"edcs_id":"EDCS-15400509","findspot":"Atri / Hadria / Adria","raw_text":"C(aio) Capiv(a)e Vitali dec(urioni) col(oniae) / Had(riae) (a)ed(ili) III pr(a)ef(ecto) Cast(ri) Nov(i) IIviro / curatori kal(endarii) Aveia(tium) p(r)aef(ecto) tert(ium) q(uin)q(uennali) / curat(ori) muner(is) public(i) bis qui vixit / annis LII me(n)s(ibus) VII die(bus) XII Iulia Rufina / marito et Capiv(a)e Ucia Vitalis et / Vitalis Anpliatus Rufinus fili(i) / et (h)ered(es) patri pientissimo b(ene) m(erenti) / fecerunt","date_from":0,"date_to":0,"marker_gender":"mixed","is_individual":false,"edcs_url":"https://edcs.hist.uzh.ch/en/document?edcs-id=EDCS-15400509","persons":[{"nomen":"Capivius","gender":"male","raw_name":"C. Capiv(a)e Vitali","praenomen":"Gaius","cognomen":"Vitalis","status":"decurioni coloniae Hadriae, aedili III, praefecto Castri Novi, IIviro, curatori kalendarii Aveatium, praefecto tertium quinquennali, curatori muneris publici bis"},{"nomen":"Iulia","gender":"female","raw_name":"Iulia Rufina","cognomen":"Rufina","status":"marito et filii et heredes pientissimo bene merenti"},{"nomen":"Capiva","gender":"female","raw_name":"Capiv(a)e Ucia Vitalis","cognomen":"Ucia Vitalis","status":"filius et heredes patri pientissimo bene merenti"},{"nomen":"","gender":"male","raw_name":"Vitalis Anpliatus Rufinus","cognomen":"Anplius Rufinus","status":"filius et heredes patri pientissimo bene merenti"}]}},{"type":"Feature","geometry":{"type":"Point","coordinates":[13.98,42.58]},"properties":{"edcs_id":"EDCS-15400510","findspot":"Atri / Hadria / Adria","raw_text":"C(aio) Mamilio / |(mulieris) l(iberto) Antho Aug(ustali) / d(ecreto) d(ecurionum) gratis / Mamiliae |(mulieris) l(ibertae) / Gratae","date_from":0,"date_to":0,"marker_gender":"mixed","is_individual":false,"edcs_url":"https://edcs.hist.uzh.ch/en/document?edcs-id=EDCS-15400510","persons":[{"nomen":"","gender":"male","raw_name":"C. Mamilio |(mulieris) l. Antho","cognomen":"Antho","status":"mulieris l(ibertus), Aug(ustalis), decreto decurionum gratis"},{"nomen":"Mamilia","gender":"female","raw_name":"Mamiliae |(mulieris) l. Gratae","cognomen":"Grata","status":"mulieris liberta"}]}},{"type":"Feature","geometry":{"type":"Point","coordinates":[13.98,42.58]},"properties":{"edcs_id":"EDCS-15400511","findspot":"Atri / Hadria / Adria","raw_text":"Sextus / Publici/us / Sex(ti) f(ilius) Mae(cia) / scriba / Publicia / Sex(ti) l(iberta) Callipo/lis","date_from":0,"date_to":0,"marker_gender":"mixed","is_individual":false,"edcs_url":"https://edcs.hist.uzh.ch/en/document?edcs-id=EDCS-15400511","persons":[{"nomen":"Publicius","gender":"male","raw_name":"Sextus Publici us Sex. f. Mae.","praenomen":"Sextus","status":"Sex(ti) filius, tribus: Maecia, scriba"},{"nomen":"Publicia","gender":"female","raw_name":"Publicia Sex. l. Callipo lis","cognomen":"Callipolis","status":"Sex(ti) liberta"}]}},{"type":"Feature","geometry":{"type":"Point","coordinates":[13.98,42.58]},"properties":{"edcs_id":"EDCS-15400512","findspot":"Atri / Hadria / Adria","raw_text":"Sangurius Cai filius Lucius Gargonius Luci filius quaestores sacellum de senatus sententia saepiundum couraverunt","date_from":0,"date_to":0,"marker_gender":"male","is_individual":false,"edcs_url":"https://edcs.hist.uzh.ch/en/document?edcs-id=EDCS-15400512","persons":[{"nomen":"","gender":"male","raw_name":"[3] Sanguri(us) C. f.","cognomen":"Sangurius","status":"Cai filius, quaestor"},{"nomen":"Gargonius","gender":"male","raw_name":"L. Gargoni(us) L. f.","praenomen":"Lucius","status":"Luci filius, quaestor"}]}},{"type":"Feature","geometry":{"type":"Point","coordinates":[13.98,42.58]},"properties":{"edcs_id":"EDCS-15400513","findspot":"Atri / Hadria / Adria","raw_text":"[3] Venerius / col(oniae) l(ibertus) Felix / mag(ister) Aug(ustalis) sibi / et Platoriae Aprullae / coniugi et suis / v(ivus) f(ecit) / in f(ronte) p(edes) XXX / in agr(o) p(edes) LXXXV","date_from":0,"date_to":0,"marker_gender":"mixed","is_individual":false,"edcs_url":"https://edcs.hist.uzh.ch/en/document?edcs-id=EDCS-15400513","persons":[{"nomen":"","gender":"male","raw_name":"Venerius col. l. Felix","cognomen":"Felix","status":"coloniae libertus, magister Augustalis, sibi et coniugi et suis vivus fecit"},{"nomen":"Platoria","gender":"female","raw_name":"Platoriae Aprullae","cognomen":"Aprulla","status":"coniugi et suis vivus fecit"}]}},{"type":"Feature","geometry":{"type":"Point","coordinates":[13.98,42.58]},"properties":{"edcs_id":"EDCS-15400514","findspot":"Atri / Hadria / Adria","raw_text":"enus Luci filius olanus Sexti filius vir ei hoc opus faciundum dedere","date_from":0,"date_to":0,"marker_gender":"male","is_individual":false,"edcs_url":"https://edcs.hist.uzh.ch/en/document?edcs-id=EDCS-15400514","persons":[{"nomen":"","gender":"male","raw_name":"[3]olanus Se. f.","cognomen":"Olanus","status":"Se(xti) f(ilius), vir"}]}},{"type":"Feature","geometry":{"type":"Point","coordinates":[13.98,42.58]},"properties":{"edcs_id":"EDCS-15400515","findspot":"Atri / Hadria / Adria","raw_text":"D(is) M(anibus) s(acrum) / L(ucio) Atavo Syntropho / filio dulcissimo / qui vix(it) ann(os) III m(enses) IIII d(ies) VIII / L(ucius) Atavus Syntrophus et / Pomponia Liberalis / fec(erunt)","date_from":0,"date_to":0,"marker_gender":"mixed","is_individual":false,"edcs_url":"https://edcs.hist.uzh.ch/en/document?edcs-id=EDCS-15400515","persons":[{"nomen":"Atavus","gender":"male","raw_name":"L. Atavo Syntropho","praenomen":"Lucius","cognomen":"Syntrophus","status":"filio dulcissimo","cluster_id":291,"cluster_size":2},{"nomen":"Atavus","gender":"male","raw_name":"L. Atavus Syntrophus","praenomen":"Lucius","cognomen":"Syntrophus","cluster_id":291,"cluster_size":2},{"nomen":"Pomponia","gender":"female","raw_name":"Pomponia Liberalis","cognomen":"Liberalis"}]}},{"type":"Feature","geometry":{"type":"Point","coordinates":[13.98,42.58]},"properties":{"edcs_id":"EDCS-15400516","findspot":"Atri / Hadria / Adria","raw_text":"Vivit / M(arci) Diselli A(uli) quon/dam l(iberti) Lucrinae / Disellii [","date_from":0,"date_to":0,"marker_gender":"male","is_individual":false,"edcs_url":"https://edcs.hist.uzh.ch/en/document?edcs-id=EDCS-15400516","persons":[{"nomen":"Disellius","gender":"male","raw_name":"Disellii"}]}},{"type":"Feature","geometry":{"type":"Point","coordinates":[13.98,42.58]},"properties":{"edcs_id":"EDCS-15400517","findspot":"Atri / Hadria / Adria","raw_text":"Quintus Egnatius","date_from":0,"date_to":0,"marker_gender":"male","is_individual":false,"edcs_url":"https://edcs.hist.uzh.ch/en/document?edcs-id=EDCS-15400517","persons":[{"nomen":"Egnatius","gender":"male","raw_name":"Q. Egnatius","praenomen":"Quintus"}]}},{"type":"Feature","geometry":{"type":"Point","coordinates":[13.98,42.58]},"properties":{"edcs_id":"EDCS-15400518","findspot":"Atri / Hadria / Adria","raw_text":"Flaviae L(uci) f(iliae) / Tertiae / L(ucius) Flavius L(uci) f(ilius) / Maec(ia) Valens / sorori p(osuit) / in fr(onte) p(edes) XV in ag(ro) p(edes) XV","date_from":0,"date_to":0,"marker_gender":"mixed","is_individual":false,"edcs_url":"https://edcs.hist.uzh.ch/en/document?edcs-id=EDCS-15400518","persons":[{"nomen":"Flavia","gender":"female","raw_name":"Flaviae L. f. Tertiae","cognomen":"Tertia","status":"Luci filia"},{"nomen":"Flavius","gender":"male","raw_name":"L. Flavius L. f. Maec. Valens","praenomen":"Lucius","cognomen":"Valens","status":"Luci filius, tribus: Maecia, sorori posuit"}]}},{"type":"Feature","geometry":{"type":"Point","coordinates":[13.98,42.58]},"properties":{"edcs_id":"EDCS-15400519","findspot":"Atri / Hadria / Adria","raw_text":"D(is) M(anibus) s(acrum) / P(ublio) Naevio Primiti/vo patri et / P(ublio) Naevio Severo / fratri / Q(uintus) Cardenus Pris/cus et Cardena / Saturnina / parentibus b(ene) m(erenti)","date_from":0,"date_to":0,"marker_gender":"mixed","is_individual":false,"edcs_url":"https://edcs.hist.uzh.ch/en/document?edcs-id=EDCS-15400519","persons":[{"nomen":"Naevius","gender":"male","raw_name":"P. Naevio Primiti vo","praenomen":"Publius","cognomen":"Primitivo","status":"patri"},{"nomen":"Naevius","gender":"male","raw_name":"P. Naevio Severo","praenomen":"Publius","cognomen":"Severo","status":"fratri"},{"nomen":"Cardenus","gender":"male","raw_name":"Q. Cardenus Pris cus","cognomen":"Priscus","status":"parentibus bene merenti"},{"nomen":"Cardena","gender":"female","raw_name":"Cardena Saturnina","cognomen":"Saturnina","status":"parentibus bene merenti"}]}},{"type":"Feature","geometry":{"type":"Point","coordinates":[13.98,42.58]},"properties":{"edcs_id":"EDCS-15400521","findspot":"Atri / Hadria / Adria","raw_text":"] / M(arci) Octa[vi] / Gallicani / Malchioni / [","date_from":0,"date_to":0,"marker_gender":"male","is_individual":false,"edcs_url":"https://edcs.hist.uzh.ch/en/document?edcs-id=EDCS-15400521","persons":[{"nomen":"Octavius","gender":"male","raw_name":"M. Octavi Gallicani","cognomen":"Gallicanus"},{"nomen":"","gender":"male","raw_name":"Malchioni","cognomen":"Malchion"}]}},{"type":"Feature","geometry":{"type":"Point","coordinates":[13.98,42.58]},"properties":{"edcs_id":"EDCS-15400522","findspot":"Atri / Hadria / Adria","raw_text":"M(arcus) Octavius / [M(arci)] l(ibertus) Philemo / Octavia |(mulieris) l(iberta) Dio / [3]V[","date_from":0,"date_to":0,"marker_gender":"mixed","is_individual":false,"edcs_url":"https://edcs.hist.uzh.ch/en/document?edcs-id=EDCS-15400522","persons":[{"nomen":"Octavius","gender":"male","raw_name":"M. Octavius M. l. Philemo","praenomen":"Marcus","cognomen":"Philemo","status":"libertus Marci"},{"nomen":"Octavia","gender":"female","raw_name":"Octavia mulieris l. Dio","cognomen":"Dio","status":"mulieris liberta"}]}},{"type":"Feature","geometry":{"type":"Point","coordinates":[13.98,42.58]},"properties":{"edcs_id":"EDCS-15400524","findspot":"Atri / Hadria / Adria","raw_text":"Dis Manibus sacrum Parthenope filiae dulcissimae fecerunt Parthenophaeus et Eunois parentes vixit annos VI menses IIII dies VIIII","date_from":0,"date_to":0,"marker_gender":"mixed","is_individual":false,"edcs_url":"https://edcs.hist.uzh.ch/en/document?edcs-id=EDCS-15400524","persons":[{"nomen":"","gender":"female","raw_name":"Parthenope filiae dulcissimae","cognomen":"Parthenope","status":"filiae dulcissimae, parentes Parthenophaeus et Eunois, vixit annos VI menses IIII dies VIIII"},{"nomen":"","gender":"male","raw_name":"Parthenophaeus","cognomen":"Parthenophaeus","status":"parens"},{"nomen":"","gender":"female","raw_name":"Eunois","cognomen":"Eunois","status":"parens"}]}},{"type":"Feature","geometry":{"type":"Point","coordinates":[13.98,42.58]},"properties":{"edcs_id":"EDCS-15400525","findspot":"Atri / Hadria / Adria","raw_text":"D(is) M(anibus) s(acrum) / P(ublius) Petillius Pri/migenius sibi / et Petilliae P(ubli) f(iliae) Sabi/nae f(iliae) v(ivus) p(osuit) et / Calpurniae Coene / coniugi b(ene) m(erenti)","date_from":0,"date_to":0,"marker_gender":"mixed","is_individual":false,"edcs_url":"https://edcs.hist.uzh.ch/en/document?edcs-id=EDCS-15400525","persons":[{"nomen":"Petillius","gender":"male","raw_name":"P. Petillius Primigenius","praenomen":"Publius","cognomen":"Primigenius","status":"sibi et Petilliae Publi filiae Sabinae filiae vivus posuit"},{"nomen":"Petillia","gender":"female","raw_name":"Petilliae P. f. Sabinae filiae","cognomen":"Sabina","status":"filia Publi, filia"},{"nomen":"Calpurnia","gender":"female","raw_name":"Calpurniae Coene","cognomen":"Coene","status":"coniugi bene merenti"}]}},{"type":"Feature","geometry":{"type":"Point","coordinates":[13.98,42.58]},"properties":{"edcs_id":"EDCS-15400526","findspot":"Atri / Hadria / Adria","raw_text":"Ex testamento C(ai) Petroni / C(ai) l(iberti) Antiochi / C(aio) Petronio / Quartioni / et Gratae","date_from":0,"date_to":0,"marker_gender":"mixed","is_individual":false,"edcs_url":"https://edcs.hist.uzh.ch/en/document?edcs-id=EDCS-15400526","persons":[{"nomen":"Petronius","gender":"male","raw_name":"C. Petroni C. l. Antiochi","praenomen":"Caius","cognomen":"Antiochus","status":"libertus Cai, ex testamento"},{"nomen":"Petronius","gender":"male","raw_name":"C. Petronio Quartioni","praenomen":"Caius","cognomen":"Quartio","status":"ex testamento"},{"nomen":"","gender":"female","raw_name":"Gratae","cognomen":"Grata","status":"ex testamento"}]}},{"type":"Feature","geometry":{"type":"Point","coordinates":[13.98,42.58]},"properties":{"edcs_id":"EDCS-15400527","findspot":"Atri / Hadria / Adria","raw_text":"T(itus) Pompo/nius T(iti) [f(ilius)] / Mae(cia) Ru/fus sibi / et suis","date_from":0,"date_to":0,"marker_gender":"male","is_individual":false,"edcs_url":"https://edcs.hist.uzh.ch/en/document?edcs-id=EDCS-15400527","persons":[{"nomen":"Pomponius","gender":"male","raw_name":"T. Pomponius T. f. Mae. Rufus","praenomen":"Titus","cognomen":"Rufo","status":"Titi filius, tribus: Maecia, sibi et suis"}]}},{"type":"Feature","geometry":{"type":"Point","coordinates":[13.98,42.58]},"properties":{"edcs_id":"EDCS-15400528","findspot":"Atri / Hadria / Adria","raw_text":"Pomponiai <P=I>(ubli?) <f=I>(iliae) / Priscae / et sibi / Sex(to) Votieno / Etnicae","date_from":0,"date_to":0,"marker_gender":"mixed","is_individual":false,"edcs_url":"https://edcs.hist.uzh.ch/en/document?edcs-id=EDCS-15400528","persons":[{"nomen":"Pomponia","gender":"female","raw_name":"Pomponiai Publi? filiae Priscae","cognomen":"Prisca","status":"Publi filia, sibi et Sex. Votieno Etnicae"},{"nomen":"Votienus","gender":"male","raw_name":"Sex. Votieno Etnicae","praenomen":"Sextus","cognomen":"Etnica"}]}},{"type":"Feature","geometry":{"type":"Point","coordinates":[13.98,42.58]},"properties":{"edcs_id":"EDCS-15400530","findspot":"Atri / Hadria / Adria","raw_text":"Dis Manibus sacrum Successianeni pientissimae merenti posuit coniugi pientissimae sua pecunia posuit et sibi","date_from":0,"date_to":0,"marker_gender":"male","is_individual":false,"edcs_url":"https://edcs.hist.uzh.ch/en/document?edcs-id=EDCS-15400530","persons":[{"nomen":"","gender":"male","raw_name":"Successianeni","cognomen":"Successianenus","status":"pientissimae merenti posuit coniugi pientissimae? sua pecunia posuit et sibi"}]}},{"type":"Feature","geometry":{"type":"Point","coordinates":[13.98,42.58]},"properties":{"edcs_id":"EDCS-15400531","findspot":"Atri / Hadria / Adria","raw_text":"Terminiae / Q(uinti) f(iliae) Sabinae / Br<u=I>ttia Sabina / mater p(osuit) vix(it) a(nnos) XXVI / quod par parenti facere / fuerat filiam mors immatu/ra fecit ut faceret mater filiae / in f(ronte) p(edes) XV in a(gro) p(edes) XV","date_from":0,"date_to":0,"marker_gender":"female","is_individual":false,"edcs_url":"https://edcs.hist.uzh.ch/en/document?edcs-id=EDCS-15400531","persons":[{"nomen":"Terminia","gender":"female","raw_name":"Terminiae Q. f. Sabinae","cognomen":"Sabina","status":"Quinti filia"},{"nomen":"Bruttia","gender":"female","raw_name":"Bruttia Sabina","cognomen":"Sabina","status":"mater, posuit vixit annos XXVI quod par parenti facere fuerat filiam mors immatura fecit ut faceret mater filiae"}]}},{"type":"Feature","geometry":{"type":"Point","coordinates":[13.98,42.58]},"properties":{"edcs_id":"EDCS-15400533","findspot":"Atri / Hadria / Adria","raw_text":"L(ucius) Tettius Primus / et Gelatia Saturnina","date_from":0,"date_to":0,"marker_gender":"mixed","is_individual":false,"edcs_url":"https://edcs.hist.uzh.ch/en/document?edcs-id=EDCS-15400533","persons":[{"nomen":"Tettius","gender":"male","raw_name":"L. Tettius Primus","praenomen":"Lucius","cognomen":"Primus"},{"nomen":"Gelatia","gender":"female","raw_name":"Gelatia Saturnina","cognomen":"Saturnina"}]}},{"type":"Feature","geometry":{"type":"Point","coordinates":[13.98,42.58]},"properties":{"edcs_id":"EDCS-15400534","findspot":"Atri / Hadria / Adria","raw_text":"Anteroti suo et Caio Vicirio Epafrodito filio et Celeri nepoti viva fecit quid tua commemorem nimium crudelis iniqua fletus et casus quid facis inmeriteis hic puer infirmeis etiam nunc viribus ut quoi octavom ingrediens sidera conficerent hoc vidius munus mors invida fallere cogis neimis ut faceret aequius hoc fuerat","date_from":0,"date_to":0,"marker_gender":"male","is_individual":false,"edcs_url":"https://edcs.hist.uzh.ch/en/document?edcs-id=EDCS-15400534","persons":[{"nomen":"","gender":"male","raw_name":"Anteroti suo","cognomen":"Anterotus","status":"suo"},{"nomen":"Vicirius","gender":"male","raw_name":"C. Vicirio Epafrodito","praenomen":"Caius","cognomen":"Epaphroditus","status":"filio"},{"nomen":"","gender":"male","raw_name":"Celeri","cognomen":"Celer","status":"nepoti"}]}},{"type":"Feature","geometry":{"type":"Point","coordinates":[13.74,42.59]},"properties":{"edcs_id":"EDCS-15400540","findspot":"Basciano / Interamnia Praetuttiorum","raw_text":"Marcus Avidius Publi filius Caius Flavonius Cai filius magistri murum gradus crepidinem faciendam curavere","date_from":0,"date_to":0,"marker_gender":"male","is_individual":false,"edcs_url":"https://edcs.hist.uzh.ch/en/document?edcs-id=EDCS-15400540","persons":[{"nomen":"Avidius","gender":"male","raw_name":"M. Avidius P. f.","praenomen":"Marcus","status":"Publi filius, magistri"},{"nomen":"Flavonius","gender":"male","raw_name":"C. Flavonius C. f.","praenomen":"Caius","status":"Cai filius, magistri"}]}},{"type":"Feature","geometry":{"type":"Point","coordinates":[13.65,42.54]},"properties":{"edcs_id":"EDCS-15400542","findspot":"Tossicia","raw_text":"C(aius) Norbanus C(ai) l(ibertus) / Mena sibi et / Decimiae P(ubli) l(ibertae) Dorini / coniugi suae et / Fuscae l(ibertae) et / Tertio l(iberto) / viv<u=O>s fecit","date_from":0,"date_to":0,"marker_gender":"mixed","is_individual":false,"edcs_url":"https://edcs.hist.uzh.ch/en/document?edcs-id=EDCS-15400542","persons":[{"nomen":"Norbanus","gender":"male","raw_name":"C. Norbanus C. l. Mena","praenomen":"Caius","cognomen":"Mena","status":"libertus Cai"},{"nomen":"Decimia","gender":"female","raw_name":"Decimiae P. l. Dorini","praenomen":"Publius","cognomen":"Dorina","status":"liberta, coniugi suae"},{"nomen":"","gender":"female","raw_name":"Fuscae l. et","cognomen":"Fusca","status":"liberta"},{"nomen":"","gender":"male","raw_name":"Tertio l.","cognomen":"Tertius","status":"libertus"}]}},{"type":"Feature","geometry":{"type":"Point","coordinates":[13.74,42.59]},"properties":{"edcs_id":"EDCS-15400543","findspot":"Basciano / Interamnia Praetuttiorum","raw_text":"C(aio) Pontedio / C(ai) l(iberto) Tiberio / C(aio) Pontedio / C(ai) l(iberto) Suavi / Stacte L(uci) f(ilia)","date_from":0,"date_to":0,"marker_gender":"mixed","is_individual":false,"edcs_url":"https://edcs.hist.uzh.ch/en/document?edcs-id=EDCS-15400543","persons":[{"nomen":"Pontedius","gender":"male","raw_name":"C. Pontedio C. l. Tiberio","praenomen":"Caius","cognomen":"Tiberius","status":"Cai libertus"},{"nomen":"Pontedius","gender":"male","raw_name":"C. Pontedio C. l. Suavi","praenomen":"Caius","cognomen":"Suavius","status":"Cai libertus"},{"nomen":"","gender":"female","raw_name":"Stacte L. f.","cognomen":"Stacte","status":"Luci filia"}]}},{"type":"Feature","geometry":{"type":"Point","coordinates":[13.74,42.59]},"properties":{"edcs_id":"EDCS-15600695","findspot":"Basciano / Interamnia Praetuttiorum","raw_text":"C(ai) Septimi C(ai) f(ilii) / Ma<e=I>(cia) Lupi / Lattiae M(arci) f(iliae) / uxoris","date_from":0,"date_to":0,"marker_gender":"male","is_individual":false,"edcs_url":"https://edcs.hist.uzh.ch/en/document?edcs-id=EDCS-15600695","persons":[{"nomen":"Septimius","gender":"male","raw_name":"C. Septimi C. f. Ma<e=I>(cia) Lupi","praenomen":"Caius","cognomen":"Lupus","status":"Cai filius"},{"nomen":"Lattius","gender":"male","raw_name":"Lattiae M. f. uxoris","praenomen":"Marcus","status":"filius, uxoris"}]}},{"type":"Feature","geometry":{"type":"Point","coordinates":[13.64,42.58]},"properties":{"edcs_id":"EDCS-15600696","findspot":"Montorio al Vomano / Interamnia Praetuttiorum","raw_text":"Quintus Ofillius Cai filius Rufus Sextus Calidenus Kaesonis filius Quinti nepos Titus Temonius Titi libertus Flaccus magistri aedem Herculis de vici sententia faciendam pingendam coeraverunt eisdem que probaverunt Cnaeo Pompeio Marco Licinio consulibus iterum","date_from":0,"date_to":0,"marker_gender":"male","is_individual":false,"edcs_url":"https://edcs.hist.uzh.ch/en/document?edcs-id=EDCS-15600696","persons":[{"nomen":"Ofillius","gender":"male","raw_name":"Q. Ofillius C. f. Ruf(us)","praenomen":"Quintus","cognomen":"Rufus","status":"Cai filius"},{"nomen":"","gender":"male","raw_name":"Sex. Calidenus K. f. Q. n.","cognomen":"Sextus Calidenus","status":"Kaesonis filius, Quinti nepos"},{"nomen":"Temonius","gender":"male","raw_name":"T. Temonius T. l. Flac(cus)","praenomen":"Titus","cognomen":"Flaccus","status":"Titi libertus"}]}},{"type":"Feature","geometry":{"type":"Point","coordinates":[13.64,42.58]},"properties":{"edcs_id":"EDCS-15600698","findspot":"Montorio al Vomano / Interamnia Praetuttiorum","raw_text":"D(ecimus) Fundili(us) / N(umeri) l(ibertus) H(erculi) d(onum) d(edit)","date_from":0,"date_to":0,"marker_gender":"male","is_individual":false,"edcs_url":"https://edcs.hist.uzh.ch/en/document?edcs-id=EDCS-15600698","persons":[{"nomen":"Fundilius","gender":"male","raw_name":"D. Fundili(us) N. l. H(erculi)","praenomen":"Decimus","cognomen":"Hercules","status":"Numeri libertus"}]}},{"type":"Feature","geometry":{"type":"Point","coordinates":[13.64,42.58]},"properties":{"edcs_id":"EDCS-15600699","findspot":"Montorio al Vomano / Interamnia Praetuttiorum","raw_text":"Lychinis magistra Veneris libens merito","date_from":0,"date_to":0,"marker_gender":"female","is_individual":false,"edcs_url":"https://edcs.hist.uzh.ch/en/document?edcs-id=EDCS-15600699","persons":[{"nomen":"","gender":"female","raw_name":"Lychinis","cognomen":"Lychinis","status":"magistra Veneris libens merito"}]}},{"type":"Feature","geometry":{"type":"Point","coordinates":[13.64,42.58]},"properties":{"edcs_id":"EDCS-15600701","findspot":"Montorio al Vomano / Interamnia Praetuttiorum","raw_text":"Publio Caudio Publi filio","date_from":0,"date_to":0,"marker_gender":"male","is_individual":false,"edcs_url":"https://edcs.hist.uzh.ch/en/document?edcs-id=EDCS-15600701","persons":[{"nomen":"Caudius","gender":"male","raw_name":"P. Caudio P. f.","praenomen":"Publius","status":"Publi filius"}]}},{"type":"Feature","geometry":{"type":"Point","coordinates":[13.58,43.55]},"properties":{"edcs_id":"EDCS-15600702","findspot":"Poggio","raw_text":"Sex(tus) Egnatius T(iti) f(ilius) / testamento fieri / ius(s)it arbitratu / Maxumae(!) / Carsediae T(iti) f(iliae)","date_from":0,"date_to":0,"marker_gender":"mixed","is_individual":false,"edcs_url":"https://edcs.hist.uzh.ch/en/document?edcs-id=EDCS-15600702","persons":[{"nomen":"Egnatius","gender":"male","raw_name":"Sex. Egnatius T. f.","praenomen":"Sextus","status":"Titi filius, testamento fieri iussit arbitratu Maxumae Carsediae Titi filiae"},{"nomen":"Carsedia","gender":"female","raw_name":"Maxumae Carsediae T. f.","status":"Titi filia, Maxumae (mater)"}]}},{"type":"Feature","geometry":{"type":"Point","coordinates":[13.7,42.66]},"properties":{"edcs_id":"EDCS-15600705","findspot":"Teramo / Interamnia Praetuttiorum","raw_text":"T(itus) Attius T(iti) l(ibertus) Atianus / sac(erdos) Matr(is) Mag(nae) Vestinar(um) / ex Victoriae","date_from":0,"date_to":0,"marker_gender":"male","is_individual":false,"edcs_url":"https://edcs.hist.uzh.ch/en/document?edcs-id=EDCS-15600705","persons":[{"nomen":"Attius","gender":"male","raw_name":"T. Attius T. l. Atianus","praenomen":"Titus","cognomen":"Atianus","status":"Titi libertus, sacerdos Matris Magnae Vestinarum ex Victoriae"}]}},{"type":"Feature","geometry":{"type":"Point","coordinates":[13.7,42.66]},"properties":{"edcs_id":"EDCS-15600707","findspot":"Teramo / Interamnia Praetuttiorum","raw_text":"A(ulus) Numisius / Montanus ex / viso Silvano p() d(edit)","date_from":0,"date_to":0,"marker_gender":"male","is_individual":false,"edcs_url":"https://edcs.hist.uzh.ch/en/document?edcs-id=EDCS-15600707","persons":[{"nomen":"Numisius","gender":"male","raw_name":"A. Numisius Montanus","praenomen":"Aulus","cognomen":"Montanus","status":"ex viso Silvano"}]}},{"type":"Feature","geometry":{"type":"Point","coordinates":[13.7,42.66]},"properties":{"edcs_id":"EDCS-15600708","findspot":"Teramo / Interamnia Praetuttiorum","raw_text":"Polybius / August(i) / tabularius / ORBI[3]RILI / [","date_from":0,"date_to":0,"marker_gender":"male","is_individual":false,"edcs_url":"https://edcs.hist.uzh.ch/en/document?edcs-id=EDCS-15600708","persons":[{"nomen":"","gender":"male","raw_name":"Polybius August(i) tabularius","cognomen":"Polybius","status":"Augusti tabularius"}]}},{"type":"Feature","geometry":{"type":"Point","coordinates":[13.7,42.66]},"properties":{"edcs_id":"EDCS-15600709","findspot":"Teramo / Interamnia Praetuttiorum","raw_text":"[C(aius)] Caesius [3 f(ilius)] / Vel(ina) tubice[n] / [e]x testame[n]to / fieri ius(s)it ar[bitr(atu)] / C(ai) Caesi C(ai) l(iberti) Ho[3] / v(ivus) C(aius) Caesius C(ai) l(ibertus) Phil[3] / C(aius) [C(ai) l(ibertus?)] Ho[","date_from":0,"date_to":0,"marker_gender":"male","is_individual":false,"edcs_url":"https://edcs.hist.uzh.ch/en/document?edcs-id=EDCS-15600709","persons":[{"nomen":"Caesius","gender":"male","raw_name":"[C. ] Caesius [3 f(ilius)] Vel(ina) tubicen","praenomen":"Gaius","status":"Velina tubicen ex testamento fieri iussit arbitratu"},{"nomen":"Caesius","gender":"male","raw_name":"C. Caesi C. l. Ho[3]","praenomen":"Gaius","status":"Cai liberti"},{"nomen":"Caesius","gender":"male","raw_name":"C. Caesius C. l. Phil[3]","praenomen":"Gaius","status":"Cai libertus"},{"nomen":"Caesius","gender":"male","raw_name":"C. [C. l.?] Ho[","praenomen":"Gaius","status":"Cai libertus"}]}},{"type":"Feature","geometry":{"type":"Point","coordinates":[13.7,42.66]},"properties":{"edcs_id":"EDCS-15600710","findspot":"Teramo / Interamnia Praetuttiorum","raw_text":"T(ito) Statio T(iti) f(ilio) Vel(ina) / Praetuttiano / praefecto coh(ortis) II / Breucorum tribu(no) / coh(ortis) II Hispanorum / eq(uitatae) c(ivium) R(omanorum) / C(aius) Statius Praetuttian(us) / frater / l(ocus) d(atus) d(ecreto) d(ecurionum)","date_from":0,"date_to":0,"marker_gender":"male","is_individual":false,"edcs_url":"https://edcs.hist.uzh.ch/en/document?edcs-id=EDCS-15600710","persons":[{"nomen":"Statins","gender":"male","raw_name":"T. Statio T. f. Vel. Praetuttiano","praenomen":"Titus","cognomen":"Praetuttianus","status":"Titi filius, Velina, praefecto cohortis II Breucorum, tribuno coh(ortis) II Hispanorum eq(uitatae) civ(ium) Romanorum"},{"nomen":"Statius","gender":"male","raw_name":"C. Statius Praetuttian(us)","praenomen":"Gaius","cognomen":"Praetuttianus","status":"frater, locus datus dectreto decurionum"}]}},{"type":"Feature","geometry":{"type":"Point","coordinates":[13.7,42.66]},"properties":{"edcs_id":"EDCS-15600711","findspot":"Teramo / Interamnia Praetuttiorum","raw_text":"L(ucius) Agusius Cn(aei) f(ilius) L(uci) n(epos) Mussus / C(aius) Arrenus T(iti) f(ilius) Rufus / octoviri iterum / balneas refic(iendas) d(e) c(onscriptorum) s(ententia) c(uraverunt)","date_from":0,"date_to":0,"marker_gender":"male","is_individual":false,"edcs_url":"https://edcs.hist.uzh.ch/en/document?edcs-id=EDCS-15600711","persons":[{"nomen":"Agusius","gender":"male","raw_name":"L. Agusius Cn. f. L. n. Mussus","praenomen":"Lucius","cognomen":"Mussus","status":"Cn(aei) f(ilius), L(uci) n(epos), octoviri iterum balneas reficiendas de conscriptorum sententia curaverunt"},{"nomen":"Arrenus","gender":"male","raw_name":"C. Arrenus T. f. Rufus","praenomen":"Caius","cognomen":"Rufus","status":"T. f., octoviri iterum balneas reficiendas de conscriptorum sententia curaverunt"}]}},{"type":"Feature","geometry":{"type":"Point","coordinates":[13.7,42.66]},"properties":{"edcs_id":"EDCS-15600712","findspot":"Teramo / Interamnia Praetuttiorum","raw_text":"] / Attiae P(ubli) fil(iae) / Maximae / sacerdoti / Augustar(um) / Ti(berius) Claud(ius) Vitalis / uxori optimae / l(ocus) d(atus) d(ecreto) d(ecurionum)","date_from":0,"date_to":0,"marker_gender":"mixed","is_individual":false,"edcs_url":"https://edcs.hist.uzh.ch/en/document?edcs-id=EDCS-15600712","persons":[{"nomen":"Attia","gender":"female","raw_name":"Attiae P. fil. Maximae","cognomen":"Maxima","status":"P. filiae, sacerdoti Augustarum"},{"nomen":"Claudius","gender":"male","raw_name":"Ti. Claud. Vitalis","praenomen":"Tiberius","cognomen":"Vitalis","status":"coniugi optimae, locus datus dectreto decurionum"}]}},{"type":"Feature","geometry":{"type":"Point","coordinates":[13.7,42.66]},"properties":{"edcs_id":"EDCS-15600713","findspot":"Teramo / Interamnia Praetuttiorum","raw_text":"Diphilus sedilia aediculas","date_from":0,"date_to":0,"marker_gender":"male","is_individual":false,"edcs_url":"https://edcs.hist.uzh.ch/en/document?edcs-id=EDCS-15600713","persons":[{"nomen":"","gender":"male","raw_name":"Diphilus","cognomen":"Diphilus","cluster_id":1665,"cluster_size":2,"cluster_confidence":"low"}]}},{"type":"Feature","geometry":{"type":"Point","coordinates":[13.7,42.66]},"properties":{"edcs_id":"EDCS-15600714","findspot":"Teramo / Interamnia Praetuttiorum","raw_text":"] T(iti) l(ibertus?) Eleuthe[3] / [3] T(iti) l(ibertus) Pamphilus Ruc[3] / Vvir / Licinia T(iti) l(iberta) Eleutheris","date_from":0,"date_to":0,"marker_gender":"mixed","is_individual":false,"edcs_url":"https://edcs.hist.uzh.ch/en/document?edcs-id=EDCS-15600714","persons":[{"nomen":"","gender":"male","raw_name":"T. l. Eleuthe[3]","cognomen":"Eleutherus","status":"T. libertus"},{"nomen":"","gender":"male","raw_name":"T. l. Pamphilus Ruc[3]","cognomen":"Pamphilus","status":"T. libertus"},{"nomen":"Licinia","gender":"female","raw_name":"Licinia T. l. Eleutheris","cognomen":"Eleutheris","status":"T. liberta, IIvir"}]}},{"type":"Feature","geometry":{"type":"Point","coordinates":[13.7,42.66]},"properties":{"edcs_id":"EDCS-15600716","findspot":"Teramo / Interamnia Praetuttiorum","raw_text":"T(itus) Licinius T(iti) l(ibertus) Dem() / Vvir","date_from":0,"date_to":0,"marker_gender":"male","is_individual":false,"edcs_url":"https://edcs.hist.uzh.ch/en/document?edcs-id=EDCS-15600716","persons":[{"nomen":"Licinius","gender":"male","raw_name":"T. Licinius T. l. Dem()","praenomen":"Titus","status":"T. libertus, IIvir"}]}},{"type":"Feature","geometry":{"type":"Point","coordinates":[13.7,42.66]},"properties":{"edcs_id":"EDCS-15600717","findspot":"Teramo / Interamnia Praetuttiorum","raw_text":"] / [M]anlius / Maltinus / pr(aetor)","date_from":0,"date_to":0,"marker_gender":"male","is_individual":false,"edcs_url":"https://edcs.hist.uzh.ch/en/document?edcs-id=EDCS-15600717","persons":[{"nomen":"Manlius","gender":"male","raw_name":"Manlius Maltinus","cognomen":"Maltinus","status":"praetor"}]}},{"type":"Feature","geometry":{"type":"Point","coordinates":[13.7,42.66]},"properties":{"edcs_id":"EDCS-15600718","findspot":"Teramo / Interamnia Praetuttiorum","raw_text":"Q(uintus) C(aius) Poppaeei Q(uinti) f(ilii) patron(i) / municipi(i) et coloniai / municipibus coloneis incoleis / hospitibus adventoribus / lavationem in perpetuom de / sua pecunia dant","date_from":0,"date_to":0,"marker_gender":"male","is_individual":false,"edcs_url":"https://edcs.hist.uzh.ch/en/document?edcs-id=EDCS-15600718","persons":[{"nomen":"Poppaeus","gender":"male","raw_name":"Q. Q. Poppaei Q. f. patron(i)","praenomen":"Quintus","status":"Quinti filius, patronus municipi(i) et coloniae, municipibus coloneis incoleis hospitibus adventoribus lavationem in perpetuom de sua pecunia dant"}]}},{"type":"Feature","geometry":{"type":"Point","coordinates":[13.7,42.66]},"properties":{"edcs_id":"EDCS-15600720","findspot":"Teramo / Interamnia Praetuttiorum","raw_text":"L(ucius) Tettaienus L(uci) f(ilius) / Barcha / L(ucius) Fistanus L(uci) f(ilius) / iter in campum ex c(onscriptorum) d(ecreto) / pecunia sociorum / campi faciundum / coeravere eidemq(ue) / probavere // Extra / maceria(m) / in agrum / praecario","date_from":0,"date_to":0,"marker_gender":"male","is_individual":false,"edcs_url":"https://edcs.hist.uzh.ch/en/document?edcs-id=EDCS-15600720","persons":[{"nomen":"Tettaienus","gender":"male","raw_name":"L. Tettaienus L. f. Barcha","praenomen":"Lucius","cognomen":"Barcha","status":"L. filius","cluster_id":910,"cluster_size":2},{"nomen":"Fistanus","gender":"male","raw_name":"L. Fistanus L. f.","praenomen":"Lucius","status":"L. filius"}]}},{"type":"Feature","geometry":{"type":"Point","coordinates":[13.7,42.66]},"properties":{"edcs_id":"EDCS-15600724","findspot":"Teramo / Interamnia Praetuttiorum","raw_text":"P(ublio) Salv[i]o [P(ubli) l(iberto)] / Secundo Aug(ustali) / Caesia Coene mer(enti?) / et sibi posteris/que eius / in f(ronte) p(edes) XXV in a(gro) p(edes) X","date_from":0,"date_to":0,"marker_gender":"mixed","is_individual":false,"edcs_url":"https://edcs.hist.uzh.ch/en/document?edcs-id=EDCS-15600724","persons":[{"nomen":"Salvius","gender":"male","raw_name":"P. Salv[i]o [P. l.] Secundo Aug.","praenomen":"Publius","cognomen":"Secundus","status":"Publi liberto, Augustali"},{"nomen":"Caesia","gender":"female","raw_name":"Caesia Coene","cognomen":"Coene","status":"merenti? et sibi posteris que eius"}]}},{"type":"Feature","geometry":{"type":"Point","coordinates":[13.7,42.66]},"properties":{"edcs_id":"EDCS-15600726","findspot":"Teramo / Interamnia Praetuttiorum","raw_text":"sexvir Atitria","date_from":0,"date_to":0,"marker_gender":"unknown","is_individual":false,"edcs_url":"https://edcs.hist.uzh.ch/en/document?edcs-id=EDCS-15600726","persons":[{"nomen":"Atitria","gender":"unknown","raw_name":"Atitria"}]}},{"type":"Feature","geometry":{"type":"Point","coordinates":[13.7,42.66]},"properties":{"edcs_id":"EDCS-15600727","findspot":"Teramo / Interamnia Praetuttiorum","raw_text":"]/lenus C(ai) l(ibertus) E[3] / quinq(uennalis) vir[","date_from":0,"date_to":0,"marker_gender":"male","is_individual":false,"edcs_url":"https://edcs.hist.uzh.ch/en/document?edcs-id=EDCS-15600727","persons":[{"nomen":"","gender":"male","raw_name":"lenus C. l. E[3]","cognomen":"Lenus","status":"C. libertus, quinq(uennalis) vir","is_deity":true,"cluster_confidence":"excluded"}]}},{"type":"Feature","geometry":{"type":"Point","coordinates":[13.7,42.66]},"properties":{"edcs_id":"EDCS-15600731","findspot":"Teramo / Interamnia Praetuttiorum","raw_text":"D(is) M(anibus) s(acrum) / P(ublio) Fructoso / natus in pro/vincia Afri/ca col(oniae) Tapsi / vixit ann(os) III","date_from":0,"date_to":0,"marker_gender":"male","is_individual":false,"edcs_url":"https://edcs.hist.uzh.ch/en/document?edcs-id=EDCS-15600731","persons":[{"nomen":"Fructosus","gender":"male","raw_name":"P. Fructoso","praenomen":"Publius","status":"natus in provincia Africa coloniae Tapsi, vixit annos III"}]}},{"type":"Feature","geometry":{"type":"Point","coordinates":[13.7,42.66]},"properties":{"edcs_id":"EDCS-15600732","findspot":"Teramo / Interamnia Praetuttiorum","raw_text":"L(ucius) Ampius L(uci) f(ilius) Severus sibi et / L(ucio) Ampio L(uci) f(ilio) patri / Publiciae Sex(ti) f(iliae) Paullae matri / testamento fieri iussit / arbitratu Erotis l(iberti)","date_from":0,"date_to":0,"marker_gender":"mixed","is_individual":false,"edcs_url":"https://edcs.hist.uzh.ch/en/document?edcs-id=EDCS-15600732","persons":[{"nomen":"Ampius","gender":"male","raw_name":"L. Ampius L. f. Severus","praenomen":"Lucius","cognomen":"Severus","status":"L. filius"},{"nomen":"Ampius","gender":"male","raw_name":"L. Lucio Ampio L. f. patri","praenomen":"Lucius","status":"L. filius, pater"},{"nomen":"Publicia","gender":"female","raw_name":"Publiciae Sex. filiae Paullae","cognomen":"Paulla","status":"Sex. filiae, matri"},{"nomen":"Fulvius","gender":"male","raw_name":"Q. Fulvio Q. l. Ascanio","praenomen":"Quintus","cognomen":"Ascanio","status":"Q. libertus","cluster_id":915,"cluster_size":2},{"nomen":"Arruntia","gender":"female","raw_name":"Arruntiae Pyrallidi","cognomen":"Pyrallidi","cluster_id":916,"cluster_size":2},{"nomen":"Attius","gender":"male","raw_name":"C. Attio Sabino","praenomen":"Caius","cognomen":"Sabino","cluster_id":917,"cluster_size":2},{"nomen":"Pomponenus","gender":"male","raw_name":"C. Pomponeno Thespio","praenomen":"Caius","cognomen":"Thespio","cluster_id":918,"cluster_size":2}]}},{"type":"Feature","geometry":{"type":"Point","coordinates":[13.7,42.66]},"properties":{"edcs_id":"EDCS-15600734","findspot":"Teramo / Interamnia Praetuttiorum","raw_text":"P(ublius) Arruntius / P(ubli) l(ibertus) Nymphaeus / sibi et P(ublio) Arruntio / Nymphio patri et / Albiae Thespiadi / matri et Q(uinto) Fulvio / Q(uinti) l(iberto) Ascanio et / Arruntiae Pyrallidi / et C(aio) Attio Sabino et / C(aio) Pomponeno Thespio / et suis posterisq(ue) eor(um) / [i]n fr(onte) p(edes) XIIX / [in agr(o) p(edes) X]IIX","date_from":0,"date_to":0,"marker_gender":"mixed","is_individual":false,"edcs_url":"https://edcs.hist.uzh.ch/en/document?edcs-id=EDCS-15600734","persons":[{"nomen":"Arruntius","gender":"male","raw_name":"P. Arruntius P. l. Nymphaeus","praenomen":"Publius","cognomen":"Nymphaeus","status":"P. libertus"},{"nomen":"Arruntius","gender":"male","raw_name":"P. Arruntio Nymphio patri","praenomen":"Publius","status":"P. libertus, pater"},{"nomen":"Albia","gender":"female","raw_name":"Albiae Thespiadi","cognomen":"Thespiadi","status":"matri"},{"nomen":"Fulvius","gender":"male","raw_name":"Q. Fulvio Q. l. Ascanio","praenomen":"Quintus","cognomen":"Ascanio","status":"Q. libertus","cluster_id":915,"cluster_size":2},{"nomen":"Arruntia","gender":"female","raw_name":"Arruntiae Pyrallidi","cognomen":"Pyrallidi","cluster_id":916,"cluster_size":2},{"nomen":"Attius","gender":"male","raw_name":"C. Attio Sabino","praenomen":"Caius","cognomen":"Sabino","cluster_id":917,"cluster_size":2},{"nomen":"Pomponenus","gender":"male","raw_name":"C. Pomponeno Thespio","praenomen":"Caius","cognomen":"Thespio","cluster_id":918,"cluster_size":2}]}},{"type":"Feature","geometry":{"type":"Point","coordinates":[13.7,42.66]},"properties":{"edcs_id":"EDCS-15600735","findspot":"Teramo / Interamnia Praetuttiorum","raw_text":"Quintus Artorius Quinti filius V","date_from":0,"date_to":0,"marker_gender":"male","is_individual":false,"edcs_url":"https://edcs.hist.uzh.ch/en/document?edcs-id=EDCS-15600735","persons":[{"nomen":"Artorius","gender":"male","raw_name":"Q. Artorius Q. f. V[","praenomen":"Quintus","status":"Q. filius"}]}},{"type":"Feature","geometry":{"type":"Point","coordinates":[13.7,42.66]},"properties":{"edcs_id":"EDCS-15600736","findspot":"Teramo / Interamnia Praetuttiorum","raw_text":"C(aius) Aufidenus / C(ai) l(ibertus) Philar<gy=CU>ru[s] / Aufidena |(mulieris) [l(iberta)] / Erotis","date_from":0,"date_to":0,"marker_gender":"mixed","is_individual":false,"edcs_url":"https://edcs.hist.uzh.ch/en/document?edcs-id=EDCS-15600736","persons":[{"nomen":"Aufidenus","gender":"male","raw_name":"C. Aufidenus C. l. Philar<gy=CU>ru[s]","praenomen":"Caius","cognomen":"Philarurus","status":"C. libertus"},{"nomen":"Aufidena","gender":"female","raw_name":"Aufidena |(mulieris) [l.] Erotis","cognomen":"Erotis","status":"mulieris liberta"}]}},{"type":"Feature","geometry":{"type":"Point","coordinates":[13.7,42.66]},"properties":{"edcs_id":"EDCS-15600737","findspot":"Teramo / Interamnia Praetuttiorum","raw_text":"Velina Bassus","date_from":0,"date_to":0,"marker_gender":"male","is_individual":false,"edcs_url":"https://edcs.hist.uzh.ch/en/document?edcs-id=EDCS-15600737","persons":[{"nomen":"","gender":"male","raw_name":"Vel. Bassus","cognomen":"Bassus","status":"tribus: Velina"}]}},{"type":"Feature","geometry":{"type":"Point","coordinates":[13.7,42.66]},"properties":{"edcs_id":"EDCS-15600738","findspot":"Teramo / Interamnia Praetuttiorum","raw_text":"Nic() Bassi/a[no 3] / annis L M(arcus) / Servilius / patri bene","date_from":0,"date_to":0,"marker_gender":"male","is_individual":false,"edcs_url":"https://edcs.hist.uzh.ch/en/document?edcs-id=EDCS-15600738","persons":[{"nomen":"Servilius","gender":"male","raw_name":"Nic() Bassi ano 3 annis L M. Servilius patri bene","praenomen":"Marcus","status":"patri bene"}]}},{"type":"Feature","geometry":{"type":"Point","coordinates":[13.7,42.66]},"properties":{"edcs_id":"EDCS-15600740","findspot":"Teramo / Interamnia Praetuttiorum","raw_text":"A(ulus) Caesellius N(umeri) / Vel(ina)","date_from":0,"date_to":0,"marker_gender":"male","is_individual":false,"edcs_url":"https://edcs.hist.uzh.ch/en/document?edcs-id=EDCS-15600740","persons":[{"nomen":"Caesellius","gender":"male","raw_name":"A. Caesellius Vel(ina)","praenomen":"Aulus","status":"tribus: Velina"}]}},{"type":"Feature","geometry":{"type":"Point","coordinates":[13.7,42.66]},"properties":{"edcs_id":"EDCS-15600742","findspot":"Teramo / Interamnia Praetuttiorum","raw_text":"C(aius) Carfinius C(ai) f(ilius) / Q(uinti) n(epos) Vel(ina) Capit(o)","date_from":0,"date_to":0,"marker_gender":"male","is_individual":false,"edcs_url":"https://edcs.hist.uzh.ch/en/document?edcs-id=EDCS-15600742","persons":[{"nomen":"Carfinius","gender":"male","raw_name":"C. Carfinius C. f. Q. n. Vel. Capito","praenomen":"Caius","cognomen":"Capito","status":"Cai filius, Quinti nepos, tribus: Velina"}]}},{"type":"Feature","geometry":{"type":"Point","coordinates":[13.7,42.66]},"properties":{"edcs_id":"EDCS-15600743","findspot":"Teramo / Interamnia Praetuttiorum","raw_text":"Ossa / Coeliae Pyralidis","date_from":0,"date_to":0,"marker_gender":"female","is_individual":false,"edcs_url":"https://edcs.hist.uzh.ch/en/document?edcs-id=EDCS-15600743","persons":[{"nomen":"","gender":"unknown","raw_name":"Ossa","cognomen":"Ossa","cluster_id":1654,"cluster_size":2,"cluster_confidence":"low"},{"nomen":"Coelia","gender":"female","raw_name":"Coeliae Pyralidis","cognomen":"Pyralis"}]}},{"type":"Feature","geometry":{"type":"Point","coordinates":[13.7,42.66]},"properties":{"edcs_id":"EDCS-15600744","findspot":"Teramo / Interamnia Praetuttiorum","raw_text":"D(is) M(anibus) s(acrum) / Corneliae / Sulpicianae / matri pien/tissimae / Flavia Pri[s]/cilla fil[ia","date_from":0,"date_to":0,"marker_gender":"female","is_individual":false,"edcs_url":"https://edcs.hist.uzh.ch/en/document?edcs-id=EDCS-15600744","persons":[{"nomen":"Cornelia","gender":"female","raw_name":"Corneliae Sulpicianae","cognomen":"Sulpiciana","status":"matri pientissimae"},{"nomen":"Flavia","gender":"female","raw_name":"Flavia Pri[s] cilla","cognomen":"Priscilla","status":"filia"}]}},{"type":"Feature","geometry":{"type":"Point","coordinates":[13.7,42.66]},"properties":{"edcs_id":"EDCS-15600745","findspot":"Teramo / Interamnia Praetuttiorum","raw_text":"L(ucius) Cuspedius Se[x(ti?) 3] / Granea","date_from":0,"date_to":0,"marker_gender":"male","is_individual":false,"edcs_url":"https://edcs.hist.uzh.ch/en/document?edcs-id=EDCS-15600745","persons":[{"nomen":"Cuspedius","gender":"male","raw_name":"L. Cuspedius Se[x(ti?) 3] Granea","praenomen":"Lucius","cognomen":"Graneus"}]}},{"type":"Feature","geometry":{"type":"Point","coordinates":[13.7,42.66]},"properties":{"edcs_id":"EDCS-15600746","findspot":"Teramo / Interamnia Praetuttiorum","raw_text":"] in ag(ro) p(edes) XVI / [3] Egnatius L(uci) l(ibertus) / Gemellus / vivit / [3] Salviae l(ibertae)","date_from":0,"date_to":0,"marker_gender":"mixed","is_individual":false,"edcs_url":"https://edcs.hist.uzh.ch/en/document?edcs-id=EDCS-15600746","persons":[{"nomen":"Egnatius","gender":"male","raw_name":"Egnatius L. l. Gemellus","cognomen":"Gemellus","status":"Luci libertus"},{"nomen":"Salvia","gender":"female","raw_name":"Salviae l. (libertae)","status":"liberta"}]}},{"type":"Feature","geometry":{"type":"Point","coordinates":[13.7,42.66]},"properties":{"edcs_id":"EDCS-15600747","findspot":"Teramo / Interamnia Praetuttiorum","raw_text":"Fabiae Auli filiae Fortunatae Septiminae","date_from":0,"date_to":0,"marker_gender":"female","is_individual":false,"edcs_url":"https://edcs.hist.uzh.ch/en/document?edcs-id=EDCS-15600747","persons":[{"nomen":"Fabia","gender":"female","raw_name":"Fabiae A. f. Fortunatae Septiminae","cognomen":"Fortunata Septimina","status":"Auli filia"}]}},{"type":"Feature","geometry":{"type":"Point","coordinates":[13.7,42.66]},"properties":{"edcs_id":"EDCS-15600748","findspot":"Teramo / Interamnia Praetuttiorum","raw_text":"P(ublius) Fade[3]rus sibi et / Fad[3]e patron(ae) / Fa[3]ae matri / Fero[niae 3]ae uxor(i) / Sp(urio) [F]ad[3]erote l(iberto)","date_from":0,"date_to":0,"marker_gender":"mixed","is_individual":false,"edcs_url":"https://edcs.hist.uzh.ch/en/document?edcs-id=EDCS-15600748","persons":[{"nomen":"","gender":"unknown","raw_name":"Ossa","cognomen":"Ossa","cluster_id":1654,"cluster_size":2,"cluster_confidence":"low"},{"nomen":"Fadia","gender":"female","raw_name":"Fad[3]e matri","status":"patronae matri"},{"nomen":"","gender":"male","raw_name":"Fero[niae 3]ae","cognomen":"Feronius","status":"uxori"},{"nomen":"Fadius","gender":"male","raw_name":"Sp. Fad[3]erote l.","praenomen":"Spurius","status":"liberto"}]}},{"type":"Feature","geometry":{"type":"Point","coordinates":[13.7,42.66]},"properties":{"edcs_id":"EDCS-15600749","findspot":"Teramo / Interamnia Praetuttiorum","raw_text":"Dis M(anibus) / P(ublius) Fadius / P(ubli) f(ilius) Vel(ina) Gra/tus Inter(amnia) / sibi et Vettiae / Severae con/iugi pientissi/mae posterisq(ue) / suis l(ibertis) l(ibertabus) qui de no/mine erunt / in agro p(edes) XXXX / in fron(te) p(edes) XXXX","date_from":0,"date_to":0,"marker_gender":"mixed","is_individual":false,"edcs_url":"https://edcs.hist.uzh.ch/en/document?edcs-id=EDCS-15600749","persons":[{"nomen":"Fadius","gender":"male","raw_name":"P. Fadius P. f. Vel. Gra tus Inter","praenomen":"Publius","cognomen":"Gratus","status":"Publi filius, tribus: Velina, Interamnia"},{"nomen":"Vettia","gender":"female","raw_name":"Vettiae Severae","cognomen":"Severa","status":"coniugi pientissimae posterisque suis libertis libertabus qui de nomine erunt"}]}},{"type":"Feature","geometry":{"type":"Point","coordinates":[13.7,42.66]},"properties":{"edcs_id":"EDCS-15600750","findspot":"Teramo / Interamnia Praetuttiorum","raw_text":"D(is) M(anibus) / L(uci) Genti / Mansue/ti v(ixit) a(nnos) / XVIII / m(enses) V d(ies) XV / [","date_from":0,"date_to":0,"marker_gender":"male","is_individual":false,"edcs_url":"https://edcs.hist.uzh.ch/en/document?edcs-id=EDCS-15600750","persons":[{"nomen":"Gentius","gender":"male","raw_name":"L. Genti Mansu eti","praenomen":"Lucius","cognomen":"Mansuetus"}]}},{"type":"Feature","geometry":{"type":"Point","coordinates":[13.7,42.66]},"properties":{"edcs_id":"EDCS-15600751","findspot":"Teramo / Interamnia Praetuttiorum","raw_text":"C(aius) Licinius C(ai) f(ilius) / Vel(ina) Mancia / [","date_from":0,"date_to":0,"marker_gender":"male","is_individual":false,"edcs_url":"https://edcs.hist.uzh.ch/en/document?edcs-id=EDCS-15600751","persons":[{"nomen":"Licinius","gender":"male","raw_name":"C. Licinius C. f. Vel. Mancia","praenomen":"Caius","cognomen":"Mancia","status":"Cai filius, tribus: Velina"}]}},{"type":"Feature","geometry":{"type":"Point","coordinates":[13.7,42.66]},"properties":{"edcs_id":"EDCS-15600752","findspot":"Teramo / Interamnia Praetuttiorum","raw_text":"[L(ucius)] Lusius L(uci) l(ibertus) Ero[s] / Vitoria P(ubli) l(iberta) / Systasium / Hilara","date_from":0,"date_to":0,"marker_gender":"mixed","is_individual":false,"edcs_url":"https://edcs.hist.uzh.ch/en/document?edcs-id=EDCS-15600752","persons":[{"nomen":"Lusius","gender":"male","raw_name":"[L. Lusius L. l.] Ero[s]","praenomen":"Lucius","cognomen":"Eros","status":"Luci libertus"},{"nomen":"Vitoria","gender":"female","raw_name":"Vitoria P. l. Systasium","cognomen":"Systasium","status":"Publi liberta"},{"nomen":"","gender":"female","raw_name":"Hilara","cognomen":"Hilara"}]}},{"type":"Feature","geometry":{"type":"Point","coordinates":[13.7,42.66]},"properties":{"edcs_id":"EDCS-15600753","findspot":"Teramo / Interamnia Praetuttiorum","raw_text":"Marcius Velina","date_from":0,"date_to":0,"marker_gender":"male","is_individual":false,"edcs_url":"https://edcs.hist.uzh.ch/en/document?edcs-id=EDCS-15600753","persons":[{"nomen":"Marcius","gender":"male","raw_name":"Marciu[s] [3] Vel(ina?)","status":"tribus: Velina?"}]}},{"type":"Feature","geometry":{"type":"Point","coordinates":[13.7,42.66]},"properties":{"edcs_id":"EDCS-15600754","findspot":"Teramo / Interamnia Praetuttiorum","raw_text":"Marciae Ter arbitratu","date_from":0,"date_to":0,"marker_gender":"female","is_individual":false,"edcs_url":"https://edcs.hist.uzh.ch/en/document?edcs-id=EDCS-15600754","persons":[{"nomen":"Marcia","gender":"female","raw_name":"Marciae Ter[3]","status":"arbitratu"}]}},{"type":"Feature","geometry":{"type":"Point","coordinates":[13.7,42.66]},"properties":{"edcs_id":"EDCS-15600755","findspot":"Teramo / Interamnia Praetuttiorum","raw_text":"Cl(audio) Amelaeuntio / Numisia / ben(e) m(erenti) patron(o)","date_from":0,"date_to":0,"marker_gender":"mixed","is_individual":false,"edcs_url":"https://edcs.hist.uzh.ch/en/document?edcs-id=EDCS-15600755","persons":[{"nomen":"Claudius","gender":"male","raw_name":"Cl. Amelaeuntio","cognomen":"Amelaeuntius","status":"benemerenti patrono"},{"nomen":"Numisia","gender":"female","raw_name":"Numisia"}]}},{"type":"Feature","geometry":{"type":"Point","coordinates":[13.7,42.66]},"properties":{"edcs_id":"EDCS-15600756","findspot":"Teramo / Interamnia Praetuttiorum","raw_text":"D(is) M(anibus) s(acrum) / P(ublio) Petisedio / Successo A/pisia Caprio/la marito / c(um) q(uo) an(nis) XXXV m(ensibus) V / b(ene) m(erenti) et Petisedi / Capriolus et / Successus fili(i) / f(ecerunt)","date_from":0,"date_to":0,"marker_gender":"mixed","is_individual":false,"edcs_url":"https://edcs.hist.uzh.ch/en/document?edcs-id=EDCS-15600756","persons":[{"nomen":"Petisedius","gender":"male","raw_name":"P. Petisedio Successo","praenomen":"Publius","cognomen":"Successus","status":"marito cum quo annis XXXV mensibus V benemerenti"},{"nomen":"Apisia","gender":"female","raw_name":"Apisia Caprio","cognomen":"Caprio"},{"nomen":"Petisedius","gender":"male","raw_name":"Petisedi Capriolus","cognomen":"Capriolus","status":"filius"},{"nomen":"","gender":"male","raw_name":"Successus","cognomen":"Successus","status":"filius"}]}},{"type":"Feature","geometry":{"type":"Point","coordinates":[13.7,42.66]},"properties":{"edcs_id":"EDCS-15600757","findspot":"Teramo / Interamnia Praetuttiorum","raw_text":"Petronia Publi liberta Prima Petronia Spectata et et","date_from":0,"date_to":0,"marker_gender":"female","is_individual":false,"edcs_url":"https://edcs.hist.uzh.ch/en/document?edcs-id=EDCS-15600757","persons":[{"nomen":"Petronia","gender":"female","raw_name":"Petronia P. l. Prima","cognomen":"Prima","status":"Publi libera"},{"nomen":"Petronia","gender":"female","raw_name":"Petronia Spectata","cognomen":"Spectata"}]}},{"type":"Feature","geometry":{"type":"Point","coordinates":[13.7,42.66]},"properties":{"edcs_id":"EDCS-15600758","findspot":"Teramo / Interamnia Praetuttiorum","raw_text":"Marci libertus Philotimus IIA pias icus O","date_from":0,"date_to":0,"marker_gender":"male","is_individual":false,"edcs_url":"https://edcs.hist.uzh.ch/en/document?edcs-id=EDCS-15600758","persons":[{"nomen":"","gender":"male","raw_name":"M. l. Philotimus","cognomen":"Philotimus","status":"Marci libertus"}]}},{"type":"Feature","geometry":{"type":"Point","coordinates":[13.7,42.66]},"properties":{"edcs_id":"EDCS-15600759","findspot":"Teramo / Interamnia Praetuttiorum","raw_text":"Philtal vixit annos XX","date_from":0,"date_to":0,"marker_gender":"male","is_individual":false,"edcs_url":"https://edcs.hist.uzh.ch/en/document?edcs-id=EDCS-15600759","persons":[{"nomen":"","gender":"male","raw_name":"Philtal[3]","cognomen":"Philtalus","status":"vixit annos XX"}]}},{"type":"Feature","geometry":{"type":"Point","coordinates":[13.7,42.66]},"properties":{"edcs_id":"EDCS-15600760","findspot":"Teramo / Interamnia Praetuttiorum","raw_text":"Pomponiae Luci libertae","date_from":0,"date_to":0,"marker_gender":"female","is_individual":false,"edcs_url":"https://edcs.hist.uzh.ch/en/document?edcs-id=EDCS-15600760","persons":[{"nomen":"Pomponia","gender":"female","raw_name":"Pomponiae L. l.","status":"Luci libera"}]}},{"type":"Feature","geometry":{"type":"Point","coordinates":[13.7,42.66]},"properties":{"edcs_id":"EDCS-15600761","findspot":"Teramo / Interamnia Praetuttiorum","raw_text":"Pomponiae Luci libertae Hilarae","date_from":0,"date_to":0,"marker_gender":"female","is_individual":false,"edcs_url":"https://edcs.hist.uzh.ch/en/document?edcs-id=EDCS-15600761","persons":[{"nomen":"Pomponia","gender":"female","raw_name":"Pomponiae L. l. Hilarae","cognomen":"Hilara","status":"Luci libera"}]}},{"type":"Feature","geometry":{"type":"Point","coordinates":[13.7,42.66]},"properties":{"edcs_id":"EDCS-15600762","findspot":"Teramo / Interamnia Praetuttiorum","raw_text":"M(arco) Publicio Ph[3] / et Corru[3] / Philoxenus l(ibertus) [3] / testame[nto] / legata [","date_from":0,"date_to":0,"marker_gender":"male","is_individual":false,"edcs_url":"https://edcs.hist.uzh.ch/en/document?edcs-id=EDCS-15600762","persons":[{"nomen":"Publicius","gender":"male","raw_name":"M. Publicio Ph[3]","praenomen":"Marcus"},{"nomen":"","gender":"male","raw_name":"Philoxenus l. [3]","cognomen":"Philoxenus","status":"libertus"}]}},{"type":"Feature","geometry":{"type":"Point","coordinates":[13.7,42.66]},"properties":{"edcs_id":"EDCS-15600763","findspot":"Teramo / Interamnia Praetuttiorum","raw_text":"C(aius) Rufrius T(iti) f(ilius) / Cla(udia) / Utiaca P(ubli) f(ilia) / ux{s}or","date_from":0,"date_to":0,"marker_gender":"mixed","is_individual":false,"edcs_url":"https://edcs.hist.uzh.ch/en/document?edcs-id=EDCS-15600763","persons":[{"nomen":"Rufrius","gender":"male","raw_name":"C. Rufrius T. f.","praenomen":"Gaius","status":"Titi filius"},{"nomen":"Utiaca","gender":"female","raw_name":"Utiaca P. f. ux{s}or","status":"Publi filia, uxor"}]}},{"type":"Feature","geometry":{"type":"Point","coordinates":[13.7,42.66]},"properties":{"edcs_id":"EDCS-15600764","findspot":"Teramo / Interamnia Praetuttiorum","raw_text":"L(ucius) Sentius L(uci) l(ibertus) / Mico pater / L(ucio) Sentio L(uci) l(iberto) / Fausto filio / Acusia T(iti) l(iberta) / Tyrannis mater / L(ucius) Acusius L(uci) l(ibertus) Philologus","date_from":0,"date_to":0,"marker_gender":"mixed","is_individual":false,"edcs_url":"https://edcs.hist.uzh.ch/en/document?edcs-id=EDCS-15600764","persons":[{"nomen":"Sentius","gender":"male","raw_name":"L. Sentius L. l. Mico pater","praenomen":"Lucius","cognomen":"Mico","status":"Luci libertus pater"},{"nomen":"Sentius","gender":"male","raw_name":"L. Sentio L. l. Fausto filio","praenomen":"Lucius","cognomen":"Faustus","status":"Luci liberto filio"},{"nomen":"Acusia","gender":"female","raw_name":"Acusia T. l. Tyrannis mater","cognomen":"Tyrannis","status":"Titi liberta mater"},{"nomen":"Acusius","gender":"male","raw_name":"L. Acusius L. l. Philologus","praenomen":"Lucius","cognomen":"Philologus","status":"Luci libertus"}]}},{"type":"Feature","geometry":{"type":"Point","coordinates":[13.7,42.66]},"properties":{"edcs_id":"EDCS-15600766","findspot":"Teramo / Interamnia Praetuttiorum","raw_text":"Dis Manibus Torquatae filiae quae vixit annum I menses X dies VII bene merenti fecit Crescens pater","date_from":0,"date_to":0,"marker_gender":"mixed","is_individual":false,"edcs_url":"https://edcs.hist.uzh.ch/en/document?edcs-id=EDCS-15600766","persons":[{"nomen":"","gender":"female","raw_name":"Torquatae fil.","cognomen":"Torquata","status":"filiae quae vixit annum I mensibus X dies VII benemerenti"},{"nomen":"","gender":"male","raw_name":"Crescens pater","cognomen":"Crescens","status":"pater","cluster_id":1658,"cluster_size":2,"cluster_confidence":"low"}]}},{"type":"Feature","geometry":{"type":"Point","coordinates":[13.7,42.66]},"properties":{"edcs_id":"EDCS-15600767","findspot":"Teramo / Interamnia Praetuttiorum","raw_text":"Caius Tullius Cai libertus Licinia Caius Tullius Cai libertus Caius Tullius Cai libertus","date_from":0,"date_to":0,"marker_gender":"mixed","is_individual":false,"edcs_url":"https://edcs.hist.uzh.ch/en/document?edcs-id=EDCS-15600767","persons":[{"nomen":"Tullius","gender":"male","raw_name":"C. Tullius C. l. [3]","praenomen":"Gaius","status":"Cai libertus"},{"nomen":"Licinia","gender":"female","raw_name":"Licinia"},{"nomen":"Tullius","gender":"male","raw_name":"C. Tullius C. l. [3]","praenomen":"Gaius","status":"Cai libertus"},{"nomen":"Tullius","gender":"male","raw_name":"C. Tullius C. l. [","praenomen":"Gaius","status":"Cai libertus"}]}},{"type":"Feature","geometry":{"type":"Point","coordinates":[13.7,42.66]},"properties":{"edcs_id":"EDCS-15600768","findspot":"Teramo / Interamnia Praetuttiorum","raw_text":"Cn(aeus) Varenus L(uci) f(ilius) / Vel(ina) / Rutila Brutsena / uxor C(ai) f(ilia)","date_from":0,"date_to":0,"marker_gender":"mixed","is_individual":false,"edcs_url":"https://edcs.hist.uzh.ch/en/document?edcs-id=EDCS-15600768","persons":[{"nomen":"Varenus","gender":"male","raw_name":"Cn. Varenus L. f.","praenomen":"Gnaeus","status":"Luci filius"},{"nomen":"","gender":"female","raw_name":"Rutila Brutsena","cognomen":"Rutila Brutsena","status":"uxor Cai filia"}]}},{"type":"Feature","geometry":{"type":"Point","coordinates":[13.7,42.66]},"properties":{"edcs_id":"EDCS-15600769","findspot":"Teramo / Interamnia Praetuttiorum","raw_text":"] / Secundus / Vergiliae / Auctae ser(vus) / v(ixit) a(nnos) XXII","date_from":0,"date_to":0,"marker_gender":"male","is_individual":false,"edcs_url":"https://edcs.hist.uzh.ch/en/document?edcs-id=EDCS-15600769","persons":[{"nomen":"","gender":"male","raw_name":"Secundus Vergiliae Auctae ser. vixit a. XX","cognomen":"Secundus","status":"Vergiliae Auctae servus vixit annos XXII","cluster_id":1640,"cluster_size":2,"cluster_confidence":"low"}]}},{"type":"Feature","geometry":{"type":"Point","coordinates":[13.7,42.66]},"properties":{"edcs_id":"EDCS-15600770","findspot":"Teramo / Interamnia Praetuttiorum","raw_text":"C(aio) Vettio C(ai) f(ilio) Vel(ina) L[a]eto f(ilio?) Vitelliae / C(ai) f(iliae) Tertiae matri testamento / Vitelliae C(ai) f(iliae) Tertiae Rogata / Vallia P(ubli) f(ilia) Proc(u)la f(aciendum) c(uravit)","date_from":0,"date_to":0,"marker_gender":"mixed","is_individual":false,"edcs_url":"https://edcs.hist.uzh.ch/en/document?edcs-id=EDCS-15600770","persons":[{"nomen":"Vettius","gender":"male","raw_name":"C. Vettio C. f. Vel. L[a]eto","praenomen":"Caius","cognomen":"Laetus","status":"Cai f., tribus: Velina, filio(?) Vitelliae Cai f. Tertiae matri testamento"},{"nomen":"Vitellius","gender":"female","raw_name":"Vitelliae C. f. Tertiae Rogata","praenomen":"Caius","cognomen":"Tertia","status":"f. (filia) Rogata"},{"nomen":"Vallius","gender":"female","raw_name":"Vallia P. f. Proc(u)la","praenomen":"Publius","cognomen":"Procula","status":"faciendum curavit"}]}},{"type":"Feature","geometry":{"type":"Point","coordinates":[13.7,42.66]},"properties":{"edcs_id":"EDCS-15600771","findspot":"Teramo / Interamnia Praetuttiorum","raw_text":"P(ublius) Vibius T(iti) l(ibertus) / Philotimus / Coxso","date_from":0,"date_to":0,"marker_gender":"male","is_individual":false,"edcs_url":"https://edcs.hist.uzh.ch/en/document?edcs-id=EDCS-15600771","persons":[{"nomen":"Vibius","gender":"male","raw_name":"P. Vibius T. l. Philotimus","cognomen":"Philotimus","status":"Titi libertus"},{"nomen":"","gender":"male","raw_name":"Coxso","cognomen":"Coxso"}]}},{"type":"Feature","geometry":{"type":"Point","coordinates":[13.7,42.66]},"properties":{"edcs_id":"EDCS-15600772","findspot":"Teramo / Interamnia Praetuttiorum","raw_text":"L(ucius) Vifius C(ai) f(ilius) / Ocella","date_from":0,"date_to":0,"marker_gender":"male","is_individual":false,"edcs_url":"https://edcs.hist.uzh.ch/en/document?edcs-id=EDCS-15600772","persons":[{"nomen":"Vifius","gender":"male","raw_name":"L. Vifius C. f. Ocella","praenomen":"Lucius","cognomen":"Ocella","status":"Cai filius"}]}},{"type":"Feature","geometry":{"type":"Point","coordinates":[13.7,42.66]},"properties":{"edcs_id":"EDCS-15600773","findspot":"Teramo / Interamnia Praetuttiorum","raw_text":"Ulpio Sep(timio) / Iulio Felician/o puero inno/centissimo / qui vixit an(nos) / [3] m(enses) V[","date_from":0,"date_to":0,"marker_gender":"male","is_individual":false,"edcs_url":"https://edcs.hist.uzh.ch/en/document?edcs-id=EDCS-15600773","persons":[{"nomen":"Ulpius","gender":"male","raw_name":"Ulpio Sep(timio) Iulio Felician o","cognomen":"Iulius Felicianus","status":"puero innocentissimo qui vixit annos"}]}},{"type":"Feature","geometry":{"type":"Point","coordinates":[13.7,42.66]},"properties":{"edcs_id":"EDCS-15600774","findspot":"Teramo / Interamnia Praetuttiorum","raw_text":"Volia L(uci) f(ilia) / Maxuma(!)","date_from":0,"date_to":0,"marker_gender":"female","is_individual":false,"edcs_url":"https://edcs.hist.uzh.ch/en/document?edcs-id=EDCS-15600774","persons":[{"nomen":"Volia","gender":"female","raw_name":"Volia L. f. Maxuma(!)","cognomen":"Maxuma"}]}},{"type":"Feature","geometry":{"type":"Point","coordinates":[13.7,42.66]},"properties":{"edcs_id":"EDCS-15600777","findspot":"Teramo / Interamnia Praetuttiorum","raw_text":"Lucius Pasus","date_from":0,"date_to":0,"marker_gender":"male","is_individual":false,"edcs_url":"https://edcs.hist.uzh.ch/en/document?edcs-id=EDCS-15600777","persons":[{"nomen":"Pasius","gender":"male","raw_name":"L. Pasus [","praenomen":"Lucius"}]}},{"type":"Feature","geometry":{"type":"Point","coordinates":[13.69,42.73]},"properties":{"edcs_id":"EDCS-15600781","findspot":"Campli / Interamnia Praetuttiorum","raw_text":"Sex(to) Pompeio Sex(ti) f(ilio) / Laenati trib(u) Sab(atina) et / Pompeiae Sex(ti) lib(ertae) Anthusae / et Sex(to) Pompeio Sex(ti) lib(erto) / Pergamo / Vetiedia Q(uinti) lib(erta) Donata concub(ina) / sibi et suis / in f(ronte) p(edes) XVIII in agr(o) p(edes) XX","date_from":0,"date_to":0,"marker_gender":"mixed","is_individual":false,"edcs_url":"https://edcs.hist.uzh.ch/en/document?edcs-id=EDCS-15600781","persons":[{"nomen":"Pompeius","gender":"male","raw_name":"Sex. Pompeio Sex. f. Laenati trib. Sab.","praenomen":"Sextus","cognomen":"Laenas","status":"Sex(ti) f(ilius), tribus Sabatina"},{"nomen":"Pompeia","gender":"female","raw_name":"Pompeiae Sex. lib. Anthusae","cognomen":"Anthusae","status":"Sex(ti) liberta"},{"nomen":"Pompeius","gender":"male","raw_name":"Sex. Pompeio Sex. lib. Pergamo","praenomen":"Sextus","cognomen":"Pergamus","status":"Sex(ti) liberto"},{"nomen":"Vetiedia","gender":"female","raw_name":"Vetiedia Q. lib. Donata","cognomen":"Donata","status":"Q. liberta, concubina"}]}},{"type":"Feature","geometry":{"type":"Point","coordinates":[13.69,42.73]},"properties":{"edcs_id":"EDCS-15600782","findspot":"Campli / Interamnia Praetuttiorum","raw_text":"Aiedia L(uci) f(ilia) Tertia / sibi et / L(ucio) Aiedio M(arci) f(ilio) patri / Noverniae T(iti) f(iliae) matri","date_from":0,"date_to":0,"marker_gender":"mixed","is_individual":false,"edcs_url":"https://edcs.hist.uzh.ch/en/document?edcs-id=EDCS-15600782","persons":[{"nomen":"Aiedia","gender":"female","raw_name":"Aiedia L. f. Tertia","cognomen":"Tertia","status":"Luci filia, sibi"},{"nomen":"Aiedius","gender":"male","raw_name":"L. Aiedio M. f. patri","status":"Marci filio patri"},{"nomen":"Novernia","gender":"female","raw_name":"Noverniae T. f. matri","status":"Titi filiae matri"}]}},{"type":"Feature","geometry":{"type":"Point","coordinates":[13.69,42.73]},"properties":{"edcs_id":"EDCS-15600783","findspot":"Campli / Interamnia Praetuttiorum","raw_text":"Sextus Albanius Cai filius Maxumus","date_from":0,"date_to":0,"marker_gender":"male","is_individual":false,"edcs_url":"https://edcs.hist.uzh.ch/en/document?edcs-id=EDCS-15600783","persons":[{"nomen":"Alba","gender":"male","raw_name":"Sex(tus) Alba nius C(ai) f(ilius)   Maxum(us!)","praenomen":"Sextus","cognomen":"Maxumus","status":"Cai filius"}]}},{"type":"Feature","geometry":{"type":"Point","coordinates":[13.69,42.73]},"properties":{"edcs_id":"EDCS-15600784","findspot":"Campli / Interamnia Praetuttiorum","raw_text":"D(is) M(anibus) / Dentriae meae matri A(ulo) Livio / Decembrio lib(erto) / Dentriae Nactae uxori suae / A(ulo) Livio Dentrio / Romano fratri civi Amandae / lib(ertae) / vixit ann(os) XX / hi duo conventi / una fata secuti / uno lectui compositi / una favilla iacent / A(ulus) Livius Bassus merentibus","date_from":0,"date_to":0,"marker_gender":"mixed","is_individual":false,"edcs_url":"https://edcs.hist.uzh.ch/en/document?edcs-id=EDCS-15600784","persons":[{"nomen":"Dentria","gender":"female","raw_name":"Dentriae meae matri","status":"matri meae"},{"nomen":"Livius","gender":"male","raw_name":"A(ulo) Livio   Decembrio lib(erto)","praenomen":"Aulus","cognomen":"Decembrio","status":"liberto"},{"nomen":"Dentria","gender":"female","raw_name":"Dentriae Nactae uxori suae","cognomen":"Nacta","status":"uxori suae"},{"nomen":"Livius","gender":"male","raw_name":"A(ulo) Livio Dentrio   Romano fratri civi Amandae   lib(ertae)","praenomen":"Aulus","cognomen":"Romano","status":"fratri civis Amandae lib(ertae)"},{"nomen":"Livius","gender":"male","raw_name":"A(ulus) Livius Bassus","praenomen":"Aulus","cognomen":"Bassus"}]}},{"type":"Feature","geometry":{"type":"Point","coordinates":[13.69,42.73]},"properties":{"edcs_id":"EDCS-15600785","findspot":"Campli / Interamnia Praetuttiorum","raw_text":"L(ucius) Feronio(s) L(uci) l(ibertus) Salvio(s) / Q(uintus) Veidio(s) Q(uinti) l(ibertus) Philosito(s)","date_from":0,"date_to":0,"marker_gender":"male","is_individual":false,"edcs_url":"https://edcs.hist.uzh.ch/en/document?edcs-id=EDCS-15600785","persons":[{"nomen":"Ferionius","gender":"male","raw_name":"L(ucius) Feronio(s) L(uci) l(ibertus) Salvio(s)","praenomen":"Lucius","cognomen":"Salvius","status":"Luci libertus"},{"nomen":"Veidius","gender":"male","raw_name":"Q(uintus) Veidio(s) Q(uinti) l(ibertus) Philosito(s)","praenomen":"Quintus","cognomen":"Philositus","status":"Quinti libertus"}]}},{"type":"Feature","geometry":{"type":"Point","coordinates":[13.97,42.75]},"properties":{"edcs_id":"EDCS-15600788","findspot":"Giulianova / Castrum Novum","raw_text":"Publicum Interamnitum vectigal balnearum","date_from":0,"date_to":0,"marker_gender":"male","is_individual":false,"edcs_url":"https://edcs.hist.uzh.ch/en/document?edcs-id=EDCS-15600788","persons":[{"nomen":"","gender":"male","raw_name":"Publicum Interamnitum","cognomen":"Publicum","status":"Interamnitum"}]}},{"type":"Feature","geometry":{"type":"Point","coordinates":[13.97,42.75]},"properties":{"edcs_id":"EDCS-15600789","findspot":"Giulianova / Castrum Novum","raw_text":"M(arcus) Petulcius M(arci) f(ilius) / L(ucius) Satrius L(uci) f(ilius) / pr(aetores) / d(e) s(enatus) s(ententia) f(aciendum) c(uraverunt)","date_from":0,"date_to":0,"marker_gender":"male","is_individual":false,"edcs_url":"https://edcs.hist.uzh.ch/en/document?edcs-id=EDCS-15600789","persons":[{"nomen":"Petulcius","gender":"male","raw_name":"M. Petulcius M. f.","praenomen":"Marcus","status":"praetor"},{"nomen":"Satrius","gender":"male","raw_name":"L. Satrius L. f.","praenomen":"Lucius","status":"praetor"}]}},{"type":"Feature","geometry":{"type":"Point","coordinates":[13.97,42.75]},"properties":{"edcs_id":"EDCS-15600790","findspot":"Giulianova / Castrum Novum","raw_text":"Caio Vettio praefecto pagi Albensium Fucentium qui vixit annos XXXII menses V dies X Babiena Bardalis coniugi incomparabili fecit","date_from":0,"date_to":0,"marker_gender":"mixed","is_individual":false,"edcs_url":"https://edcs.hist.uzh.ch/en/document?edcs-id=EDCS-15600790","persons":[{"nomen":"Vettius","gender":"male","raw_name":"C. Vettio [3] praef(ecto) pag(i) Albensium Fu[lcentium]","praenomen":"Caius","status":"praefectus pagi Albensium Fulcentium"},{"nomen":"Babiena","gender":"female","raw_name":"Babiena Bardalis","cognomen":"Bardalis","status":"coniugi incomparabili"}]}},{"type":"Feature","geometry":{"type":"Point","coordinates":[13.97,42.75]},"properties":{"edcs_id":"EDCS-15600792","findspot":"Giulianova / Castrum Novum","raw_text":"a Arrediana Chrestilla pietatis causa isdem consulibus OD Pulcher OP rans TRIS tonio","date_from":0,"date_to":0,"marker_gender":"female","is_individual":false,"edcs_url":"https://edcs.hist.uzh.ch/en/document?edcs-id=EDCS-15600792","persons":[{"nomen":"Arrediana","gender":"female","raw_name":"Arrediana Chr[estil] la(?)","cognomen":"Chrestilla","status":"pietatis causa"}]}},{"type":"Feature","geometry":{"type":"Point","coordinates":[13.97,42.75]},"properties":{"edcs_id":"EDCS-15600793","findspot":"Giulianova / Castrum Novum","raw_text":"Eufrat filio carissimo","date_from":0,"date_to":0,"marker_gender":"male","is_individual":false,"edcs_url":"https://edcs.hist.uzh.ch/en/document?edcs-id=EDCS-15600793","persons":[{"nomen":"","gender":"male","raw_name":"Eufrat[e]","cognomen":"Eufrates","status":"filio carissimo"}]}},{"type":"Feature","geometry":{"type":"Point","coordinates":[13.97,42.75]},"properties":{"edcs_id":"EDCS-15600794","findspot":"Giulianova / Castrum Novum","raw_text":"[L(ucius?) L]artius L(uci) f(ilius) / [P]ap(iria) Rufus","date_from":0,"date_to":0,"marker_gender":"male","is_individual":false,"edcs_url":"https://edcs.hist.uzh.ch/en/document?edcs-id=EDCS-15600794","persons":[{"nomen":"Lartius","gender":"male","raw_name":"[L(ucius?) L]artius L(uci) f(ilius) [P]ap(iria) Rufus","praenomen":"Lucius","cognomen":"Rufus","status":"Luci filius, tribus: Papiria"}]}},{"type":"Feature","geometry":{"type":"Point","coordinates":[13.97,42.75]},"properties":{"edcs_id":"EDCS-15600795","findspot":"Giulianova / Castrum Novum","raw_text":"Lucius Septimius Praeco","date_from":0,"date_to":0,"marker_gender":"male","is_individual":false,"edcs_url":"https://edcs.hist.uzh.ch/en/document?edcs-id=EDCS-15600795","persons":[{"nomen":"Septimius","gender":"male","raw_name":"L(ucius) Septimius Praeco","praenomen":"Lucius","cognomen":"Praeco"}]}},{"type":"Feature","geometry":{"type":"Point","coordinates":[13.97,42.75]},"properties":{"edcs_id":"EDCS-15600797","findspot":"Giulianova / Castrum Novum","raw_text":"L(ucius) Vettius L(uci) l(ibertus) / Menophilus / L(ucius) Vettius L(uci) l(ibertus) Crinus / Vettia L(uci) l(iberta) Ge / Vettia L(uci) l(iberta) Hilara / in agr(o) p(edes) XVI / in fr(onte) p(des) XVIII","date_from":0,"date_to":0,"marker_gender":"mixed","is_individual":false,"edcs_url":"https://edcs.hist.uzh.ch/en/document?edcs-id=EDCS-15600797","persons":[{"nomen":"Vettius","gender":"male","raw_name":"L(ucius) Vettius L(uci) l(ibertus) Menophilus","praenomen":"Lucius","cognomen":"Menophilus","status":"libertus Luci"},{"nomen":"Vettius","gender":"male","raw_name":"L(ucius) Vettius L(uci) l(ibertus) Crinus","praenomen":"Lucius","cognomen":"Crinus","status":"libertus Luci"},{"nomen":"Vettia","gender":"female","raw_name":"Vettia L(uci) l(iberta) Ge","cognomen":"G...","status":"liberta Luci"},{"nomen":"Vettia","gender":"female","raw_name":"Vettia L(uci) l(iberta) Hilara","cognomen":"Hilara","status":"liberta Luci"}]}},{"type":"Feature","geometry":{"type":"Point","coordinates":[13.97,42.75]},"properties":{"edcs_id":"EDCS-15600798","findspot":"Giulianova / Castrum Novum","raw_text":"P(ublius) Vibius P(ubli) l(ibertus) / vi(vus) Donatus / v(ivus) f(ecit) sibi et / P(ublio) Vibio P(ubli) l(iberto) Gemello / et Gemellae sor(ori) eius / et Aniniae C(ai) l(ibertae) Protog(e)nia(e) / et Herenniae Protoge/nia(e) / sorori gemell(ae)","date_from":0,"date_to":0,"marker_gender":"mixed","is_individual":false,"edcs_url":"https://edcs.hist.uzh.ch/en/document?edcs-id=EDCS-15600798","persons":[{"nomen":"Vibius","gender":"male","raw_name":"P(ublius) Vibius P(ubli) l(ibertus) vi(vus) Donatus","praenomen":"Publius","cognomen":"Donatus","status":"vivus, Publi libertus, vivus fecit sibi"},{"nomen":"Vibius","gender":"male","raw_name":"P(ublio) Vibio P(ubli) l(iberto) Gemello","praenomen":"Publius","cognomen":"Gemellus","status":"Publi libertus"},{"nomen":"","gender":"female","raw_name":"Gemellae","cognomen":"Gemella","status":"soror eius"},{"nomen":"Aninia","gender":"female","raw_name":"Aniniae C(ai) l(ibertae) Protog(e)nia(e)","cognomen":"Protogenia","status":"Cai libertae"},{"nomen":"","gender":"female","raw_name":"Herenniae Protoge(niae)","cognomen":"Protogenia","status":"sorori gemellae"}]}},{"type":"Feature","geometry":{"type":"Point","coordinates":[13.92,42.89]},"properties":{"edcs_id":"EDCS-15600800","findspot":"Martinsicuro / Truentum / Castrum Truentinum","raw_text":"Quintus Eppius Publi filius Maecia sexvir","date_from":0,"date_to":0,"marker_gender":"male","is_individual":false,"edcs_url":"https://edcs.hist.uzh.ch/en/document?edcs-id=EDCS-15600800","persons":[{"nomen":"Eppius","gender":"male","raw_name":"Q. Eppius P. f.","praenomen":"Quintus","status":"Publi filius, tribus: Maecia, sexvir"}]}},{"type":"Feature","geometry":{"type":"Point","coordinates":[13.92,42.89]},"properties":{"edcs_id":"EDCS-15600801","findspot":"Martinsicuro / Truentum / Castrum Truentinum","raw_text":"[3] Mestrius C(ai) f(ilius) Maec(ia) / VIvir Hadriae / [C(aio)] Mestrio C(ai) f(ilio) Mae(cia) patri / [3]timiae matri et Maxim(o) f(ilio) / Hilarae l(ibertae) / Principi l(iberto)","date_from":0,"date_to":0,"marker_gender":"mixed","is_individual":false,"edcs_url":"https://edcs.hist.uzh.ch/en/document?edcs-id=EDCS-15600801","persons":[{"nomen":"Mestrius","gender":"male","raw_name":"Mestrius C. f. Maec(ia)","status":"Cai filius, tribus: Maecia, VIvir Hadriae"},{"nomen":"Mestrius","gender":"male","raw_name":"C. Mestrio C. f. Mae(cia)","praenomen":"Gaius","status":"Cai filio, patri"},{"nomen":"","gender":"male","raw_name":"Maximo","cognomen":"Maximus","status":"filio"},{"nomen":"","gender":"female","raw_name":"Hilarae","cognomen":"Hilara","status":"libertae"},{"nomen":"","gender":"male","raw_name":"Principi","cognomen":"Princeps","status":"liberto"}]}},{"type":"Feature","geometry":{"type":"Point","coordinates":[13.92,42.89]},"properties":{"edcs_id":"EDCS-15600805","findspot":"Martinsicuro / Truentum / Castrum Truentinum","raw_text":"Avillia Quinti liberta Hilara Avillia Quinti liberta Appia patri Callista mater in fronte pedes XII agro XII","date_from":0,"date_to":0,"marker_gender":"female","is_individual":false,"edcs_url":"https://edcs.hist.uzh.ch/en/document?edcs-id=EDCS-15600805","persons":[{"nomen":"Avillia","gender":"female","raw_name":"Avillia Q. l.","cognomen":"Hilara","status":"Quinti liberta"},{"nomen":"Avillia","gender":"female","raw_name":"Avillia Q. l. Appia","cognomen":"Appia","status":"Quinti liberta, patri"},{"nomen":"","gender":"female","raw_name":"Callista mater","cognomen":"Callista","status":"mater"}]}},{"type":"Feature","geometry":{"type":"Point","coordinates":[13.92,42.89]},"properties":{"edcs_id":"EDCS-15600806","findspot":"Martinsicuro / Truentum / Castrum Truentinum","raw_text":"Publi Egnati Publi filii Velina","date_from":0,"date_to":0,"marker_gender":"male","is_individual":false,"edcs_url":"https://edcs.hist.uzh.ch/en/document?edcs-id=EDCS-15600806","persons":[{"nomen":"Egnatius","gender":"male","raw_name":"P. Egnati P. f.","praenomen":"Publius","status":"Publi fili, tribus: Velina"}]}},{"type":"Feature","geometry":{"type":"Point","coordinates":[13.92,42.89]},"properties":{"edcs_id":"EDCS-15600807","findspot":"Martinsicuro / Truentum / Castrum Truentinum","raw_text":"Flavius Atticus","date_from":0,"date_to":0,"marker_gender":"male","is_individual":false,"edcs_url":"https://edcs.hist.uzh.ch/en/document?edcs-id=EDCS-15600807","persons":[{"nomen":"Flavius","gender":"male","raw_name":"Flavius Atticus","cognomen":"Atticus"}]}},{"type":"Feature","geometry":{"type":"Point","coordinates":[13.92,42.89]},"properties":{"edcs_id":"EDCS-15600808","findspot":"Martinsicuro / Truentum / Castrum Truentinum","raw_text":"Lucius Frus locus pedum quoquoversus vivo sibi fecit is viv","date_from":0,"date_to":0,"marker_gender":"male","is_individual":false,"edcs_url":"https://edcs.hist.uzh.ch/en/document?edcs-id=EDCS-15600808","persons":[{"nomen":"Frusius","gender":"male","raw_name":"L. Frus[3]","praenomen":"Lucius"}]}},{"type":"Feature","geometry":{"type":"Point","coordinates":[13.92,42.89]},"properties":{"edcs_id":"EDCS-15600809","findspot":"Martinsicuro / Truentum / Castrum Truentinum","raw_text":"Luccia ia mater fec et Lucciae Spuri filiae oiae filiae suae","date_from":0,"date_to":0,"marker_gender":"female","is_individual":false,"edcs_url":"https://edcs.hist.uzh.ch/en/document?edcs-id=EDCS-15600809","persons":[{"nomen":"Luccia","gender":"female","raw_name":"L]uccia"}]}},{"type":"Feature","geometry":{"type":"Point","coordinates":[13.92,42.89]},"properties":{"edcs_id":"EDCS-15600810","findspot":"Martinsicuro / Truentum / Castrum Truentinum","raw_text":"Lucius Modiarius Luci libertus Hera Nevia Publi liberta Crysarium","date_from":0,"date_to":0,"marker_gender":"mixed","is_individual":false,"edcs_url":"https://edcs.hist.uzh.ch/en/document?edcs-id=EDCS-15600810","persons":[{"nomen":"Modiarius","gender":"male","raw_name":"L. Modiarius L. l.","praenomen":"Lucius","cognomen":"Hera","status":"Luci libertus"},{"nomen":"Nevia","gender":"female","raw_name":"Nevia P. l.","cognomen":"Crysarium","status":"Publi liberta"}]}},{"type":"Feature","geometry":{"type":"Point","coordinates":[13.92,42.89]},"properties":{"edcs_id":"EDCS-15600811","findspot":"Martinsicuro / Truentum / Castrum Truentinum","raw_text":"Dis Manibus Publici Augustalis filii cuius pietatem et dulcitudinem memores parentes quamdiu vivent ad supraem tempus Iulii","date_from":0,"date_to":0,"marker_gender":"male","is_individual":false,"edcs_url":"https://edcs.hist.uzh.ch/en/document?edcs-id=EDCS-15600811","persons":[{"nomen":"","gender":"male","raw_name":"Publ[i]ci Augustalis fili(i)","cognomen":"Publicius Augustalis","status":"filii cuius pietatem et dulcitudinem memores parentes quamdiu vivent ad supraem tempus"},{"nomen":"Iulius","gender":"unknown","raw_name":"Iulii"}]}},{"type":"Feature","geometry":{"type":"Point","coordinates":[13.92,42.89]},"properties":{"edcs_id":"EDCS-15600812","findspot":"Martinsicuro / Truentum / Castrum Truentinum","raw_text":"Cn(aeo) Sept<i=U>mio Cn(aei) l(iberto) / Olyconi / Cn(aeus) Sept<i=U>mius C(naei) l(ibertus) / Agatho libert(us) patrono et sibi fecit","date_from":0,"date_to":0,"marker_gender":"male","is_individual":false,"edcs_url":"https://edcs.hist.uzh.ch/en/document?edcs-id=EDCS-15600812","persons":[{"nomen":"Septimius","gender":"male","raw_name":"Cn. Sept<i=U>mio Cn(aei) l(iberto) Olyconi","praenomen":"Gnaeus","cognomen":"Olyco","status":"liberto patrono et sibi fecit"},{"nomen":"Septimius","gender":"male","raw_name":"Cn. Sept<i=U>mius C(naei) l(ibertus) Agatho","praenomen":"Gnaeus","cognomen":"Agatho","status":"libertus patrono et sibi fecit"}]}},{"type":"Feature","geometry":{"type":"Point","coordinates":[13.92,42.89]},"properties":{"edcs_id":"EDCS-15600813","findspot":"Martinsicuro / Truentum / Castrum Truentinum","raw_text":"Tertia Turpedia / ex testamento / L(uci) Betui C(ai) f(ilii) Fab(ia) / fili(i)","date_from":0,"date_to":0,"marker_gender":"female","is_individual":false,"edcs_url":"https://edcs.hist.uzh.ch/en/document?edcs-id=EDCS-15600813","persons":[{"nomen":"","gender":"female","raw_name":"Tertia Turpedia","cognomen":"Tertia Turpedia","status":"ex testamento Luci Betui Cai filii Fabia fili(i)"}]}},{"type":"Feature","geometry":{"type":"Point","coordinates":[13.92,42.89]},"properties":{"edcs_id":"EDCS-15600814","findspot":"Martinsicuro / Truentum / Castrum Truentinum","raw_text":"Quintus Umbricius Quinti","date_from":0,"date_to":0,"marker_gender":"male","is_individual":false,"edcs_url":"https://edcs.hist.uzh.ch/en/document?edcs-id=EDCS-15600814","persons":[{"nomen":"Umbricius","gender":"male","raw_name":"Q. Umbricius Q.","praenomen":"Quintus"}]}},{"type":"Feature","geometry":{"type":"Point","coordinates":[13.58,42.85]},"properties":{"edcs_id":"EDCS-15600821","findspot":"Ascoli Piceno / Asculum Picenum","raw_text":"Fortunae Reduci / Rufus col(oniae) disp(ensator) arc(a)e summar(um) / omni cultu exornat(am) de suo posu/it idemque decret(o) ordin(is) templum / a solo sumptu suo maximo conlato / perficiendum curavit cuius dedicati/one singulis in collegio HS XX n(ummum) ded(it) / dedicatum XII Kal(endas) Aug(ustas) Orfito et Maximo co(n)s(ulibus) / si qui cl<u=I>peum ponere volet dabit arc(a)e HS II(milia) n(ummum)","date_from":0,"date_to":0,"marker_gender":"male","is_individual":true,"edcs_url":"https://edcs.hist.uzh.ch/en/document?edcs-id=EDCS-15600821","persons":[{"nomen":"","gender":"male","raw_name":"Rufus col(oniae) disp(ensator) arc(a)e summar(um)","cognomen":"Rufus","status":"coloniae dispensator arc(a)e summarum, idemque decret(o) ordin(is) templum a solo sumptu suo maximo conlato perficiendum curavit cuius dedicatione singulis in collegio HS XX n(ummum) ded(it) dedicatum XII Kal(endas) Aug(ustas) Orfito et Maximo co(n)s(ulibus)"}]}},{"type":"Feature","geometry":{"type":"Point","coordinates":[13.58,42.85]},"properties":{"edcs_id":"EDCS-15600823","findspot":"Ascoli Piceno / Asculum Picenum","raw_text":"Valeria M(arci) l(iberta) Citheris / Isidi Victrici{s} / Iunoni / ex visu circuitum / d(e) s(ua) p(ecunia) f(aciendum) c(uravit)","date_from":0,"date_to":0,"marker_gender":"female","is_individual":true,"edcs_url":"https://edcs.hist.uzh.ch/en/document?edcs-id=EDCS-15600823","persons":[{"nomen":"Valeria","gender":"female","raw_name":"Valeria M. l. Citheris","cognomen":"Citheris","status":"M(arci) l(iberta), Isidi Victrici, Iunoni, ex visu circuitum, de sua pecunia faciendum curavit"}]}},{"type":"Feature","geometry":{"type":"Point","coordinates":[13.58,42.85]},"properties":{"edcs_id":"EDCS-15600829","findspot":"Ascoli Piceno / Asculum Picenum","raw_text":"[3 Alleni]dius M(arci) f(ilius) / [Vel(ina)] tr(ibunus) mil(itum) // M(arcus) Allen[idius] / Vel(ina) cen[turio] // [domo] Castro Truen(tino) / [3] T(iti) f(ilia) fil<i=E>is viva fe[cit 3]","date_from":0,"date_to":0,"marker_gender":"male","is_individual":true,"edcs_url":"https://edcs.hist.uzh.ch/en/document?edcs-id=EDCS-15600829","persons":[{"nomen":"Allenidius","gender":"male","raw_name":"[3 Alleni]dius M. f.   [Vel(ina)] tr(ibunus) mil(itum)","praenomen":"Marcus","status":"M(arci) f(ilius), tribus: Velina, tribunus militum"},{"nomen":"Allenidius","gender":"male","raw_name":"M. Allen[idius]   Vel(ina) cen[turio]","praenomen":"Marcus","status":"tribus: Velina, centurio"}]}},{"type":"Feature","geometry":{"type":"Point","coordinates":[13.58,42.85]},"properties":{"edcs_id":"EDCS-15600831","findspot":"Ascoli Piceno / Asculum Picenum","raw_text":"T(itus) Didius [3] / Valeria [3] / ex c[","date_from":0,"date_to":0,"marker_gender":"mixed","is_individual":true,"edcs_url":"https://edcs.hist.uzh.ch/en/document?edcs-id=EDCS-15600831","persons":[{"nomen":"Didius","gender":"male","raw_name":"T. Didius [3]","praenomen":"Titus"},{"nomen":"Valeria","gender":"female","raw_name":"Valeria [3]"}]}},{"type":"Feature","geometry":{"type":"Point","coordinates":[13.58,42.85]},"properties":{"edcs_id":"EDCS-15600832","findspot":"Ascoli Piceno / Asculum Picenum","raw_text":"[3]","date_from":0,"date_to":0,"marker_gender":"male","is_individual":true,"edcs_url":"https://edcs.hist.uzh.ch/en/document?edcs-id=EDCS-15600832","persons":[{"nomen":"Durvius","gender":"male","raw_name":"T. Durvius |(mulieris) l(ibertus)","praenomen":"Titus","status":"mulieris libertus"},{"nomen":"","gender":"male","raw_name":"Statius","cognomen":"Statius"},{"nomen":"","gender":"unknown","raw_name":"T. Durvi T. l.","praenomen":"Titus","status":"T(iti) libertus"}]}},{"type":"Feature","geometry":{"type":"Point","coordinates":[13.58,42.85]},"properties":{"edcs_id":"EDCS-15600833","findspot":"Ascoli Piceno / Asculum Picenum","raw_text":"Quinto Iunio Quinti filio Oufentina Severiano veterano Augusti nostri accepta honesta missione quaestori rei publicae Asculanorum patrono collegii centonariorum et dendrophororum Tiburtinorum Mansueta liberta patrono optimo cuius dedicatione statuae cenam dedit decurionibus singulis denarios VIII nummum et populis singulis denarios IImilia II nummum divisit locus datus decreto decurionum","date_from":0,"date_to":0,"marker_gender":"mixed","is_individual":true,"edcs_url":"https://edcs.hist.uzh.ch/en/document?edcs-id=EDCS-15600833","persons":[{"nomen":"Iunius","gender":"male","raw_name":"Q(uinto) Iunio Q(uinti) f(ilio) Ouf(entina) Severiano   veterano Aug(usti) n(ostri) accep(ta) (h)onesta   missione quaestori rei p(ublicae) Ascul(anorum)   patrono colleg(ii) centonarior(um)   et dendrophor(or)um Tiburt(inorum)","praenomen":"Quintus","cognomen":"Severianus","status":"veteranus Augusti nostri acce[pta] honesta missione, quaestor rei publicae Asculanorum, patronus collegii centonariorum et dendrophororum Tiburtinorum"},{"nomen":"","gender":"female","raw_name":"Mansueta liber(ta)","cognomen":"Mansueta","status":"liberta patrono optimo"}]}},{"type":"Feature","geometry":{"type":"Point","coordinates":[13.58,42.85]},"properties":{"edcs_id":"EDCS-15600834","findspot":"Ascoli Piceno / Asculum Picenum","raw_text":"Mu[3] Repentina / Q(uintus) Petronius Q(uinti) f(ilius) Ru<f=I>us / sexvir scr(iba) quin(quennalicius) / Cominia Quarta / C(aius) Tampius Cliens","date_from":0,"date_to":0,"marker_gender":"mixed","is_individual":true,"edcs_url":"https://edcs.hist.uzh.ch/en/document?edcs-id=EDCS-15600834","persons":[{"nomen":"","gender":"female","raw_name":"Mu[3] Repentina","cognomen":"Repentina"},{"nomen":"Petronius","gender":"male","raw_name":"Q(uintus) Petronius Q(uinti) f(ilius) Ru<f=I>us   sexvir scr(iba) quin(quennalicius)","praenomen":"Quintus","cognomen":"Ru<f=I>us","status":"sexvir scriba quinquennalicius"},{"nomen":"Cominia","gender":"female","raw_name":"Cominia Quarta","cognomen":"Quarta","cluster_id":87,"cluster_size":2},{"nomen":"Tampius","gender":"male","raw_name":"C. Tampius Cliens","praenomen":"Caius","cognomen":"Cliens"}]}},{"type":"Feature","geometry":{"type":"Point","coordinates":[13.58,42.85]},"properties":{"edcs_id":"EDCS-15600835","findspot":"Ascoli Piceno / Asculum Picenum","raw_text":"T(itus) Satanus T(iti) f(ilius) / Sabinus / duovir quinto / et duovir / C(aius) A() P() praef(ectus) fab(rum)","date_from":0,"date_to":0,"marker_gender":"male","is_individual":true,"edcs_url":"https://edcs.hist.uzh.ch/en/document?edcs-id=EDCS-15600835","persons":[{"nomen":"Satanus","gender":"male","raw_name":"T. Satanus T. f.   Sabinus   duovir quinto   et duovir","praenomen":"Titus","cognomen":"Sabinus","status":"duovir quinto et duovir"},{"nomen":"A P","gender":"male","raw_name":"C. A() P() praef(ectus) fab(rum)","praenomen":"Caius","status":"praefectus fabrum"}]}},{"type":"Feature","geometry":{"type":"Point","coordinates":[13.58,42.85]},"properties":{"edcs_id":"EDCS-15600836","findspot":"Ascoli Piceno / Asculum Picenum","raw_text":"Publius Tebeianus mulieris libertus Felix VI vir Augustalis Num Sal","date_from":0,"date_to":0,"marker_gender":"male","is_individual":true,"edcs_url":"https://edcs.hist.uzh.ch/en/document?edcs-id=EDCS-15600836","persons":[{"nomen":"Tebeianus","gender":"male","raw_name":"P. Tebeianus |(mulieris) l(ibertus)   Felix VIvir Aug(ustalis)","praenomen":"Publius","cognomen":"Felix","status":"mulieris libertus, VIvir Augustalis"},{"nomen":"Numus","gender":"unknown","raw_name":"Num() Sal[","cognomen":"Sal"}]}},{"type":"Feature","geometry":{"type":"Point","coordinates":[13.58,42.85]},"properties":{"edcs_id":"EDCS-15600837","findspot":"Ascoli Piceno / Asculum Picenum","raw_text":"Viv(it) C(aius) Tettaeus / C(ai) l(ibertus) Antipho sexvir / Lusiae ux{s}ori / C(aius) Tettaeus C(ai) l(ibertus) Amans","date_from":0,"date_to":0,"marker_gender":"mixed","is_individual":true,"edcs_url":"https://edcs.hist.uzh.ch/en/document?edcs-id=EDCS-15600837","persons":[{"nomen":"Tettaeus","gender":"male","raw_name":"C. Tettaeus C. l. Antipho sexvir","praenomen":"Caius","cognomen":"Antipho","status":"C. libertus sexvir"},{"nomen":"Lusia","gender":"female","raw_name":"Lusiae ux{s}ori","cognomen":"Antipho","status":"uxori"},{"nomen":"Tettaeus","gender":"male","raw_name":"C. Tettaeus C. l. Amans","praenomen":"Caius","cognomen":"Amans","status":"C. libertus"}]}},{"type":"Feature","geometry":{"type":"Point","coordinates":[13.58,42.85]},"properties":{"edcs_id":"EDCS-15600838","findspot":"Ascoli Piceno / Asculum Picenum","raw_text":"T(ito) Vettio L(uci) f(ilio) / Sallen[t]ino / duovir(o) / [3 Ve]tt[io] T(iti) f(ilio) / [3]V[3]no / [3]VII / [3]da / [3]ND / [","date_from":0,"date_to":0,"marker_gender":"male","is_individual":true,"edcs_url":"https://edcs.hist.uzh.ch/en/document?edcs-id=EDCS-15600838","persons":[{"nomen":"Vettius","gender":"male","raw_name":"T. Vettio L. f.   Sallen[t]ino   duovir(o)","praenomen":"Titus","cognomen":"Sallentinus","status":"duoviro"},{"nomen":"Vettius","gender":"male","raw_name":"[3 Ve]tt[io] T. f.","status":"T. f."}]}},{"type":"Feature","geometry":{"type":"Point","coordinates":[13.58,42.85]},"properties":{"edcs_id":"EDCS-15600841","findspot":"Ascoli Piceno / Asculum Picenum","raw_text":"io Vestae Cai filiae Celerinae s que atrubas templum porticum custodiarium de suo","date_from":0,"date_to":0,"marker_gender":"female","is_individual":true,"edcs_url":"https://edcs.hist.uzh.ch/en/document?edcs-id=EDCS-15600841","persons":[{"nomen":"","gender":"female","raw_name":"]io Vestae C. f. Celerin[ae 3]","cognomen":"Celerina","status":"Vestae, C. f.","is_deity":true,"cluster_confidence":"excluded"}]}},{"type":"Feature","geometry":{"type":"Point","coordinates":[13.58,42.85]},"properties":{"edcs_id":"EDCS-15600843","findspot":"Ascoli Piceno / Asculum Picenum","raw_text":"lenus sexvir","date_from":0,"date_to":0,"marker_gender":"male","is_individual":true,"edcs_url":"https://edcs.hist.uzh.ch/en/document?edcs-id=EDCS-15600843","persons":[{"nomen":"","gender":"male","raw_name":"[3]lenus sexvir","cognomen":"Lenus","status":"sexvir","is_deity":true,"cluster_confidence":"excluded"}]}},{"type":"Feature","geometry":{"type":"Point","coordinates":[13.58,42.85]},"properties":{"edcs_id":"EDCS-15600844","findspot":"Ascoli Piceno / Asculum Picenum","raw_text":"Caius V F","date_from":0,"date_to":0,"marker_gender":"unknown","is_individual":true,"edcs_url":"https://edcs.hist.uzh.ch/en/document?edcs-id=EDCS-15600844","persons":[{"nomen":"","gender":"unknown","raw_name":"C. V() F()","praenomen":"Gaius"}]}},{"type":"Feature","geometry":{"type":"Point","coordinates":[13.58,42.85]},"properties":{"edcs_id":"EDCS-15600845","findspot":"Ascoli Piceno / Asculum Picenum","raw_text":"Aelia L(uci) f(ilia) Tertulla / sibi et suis / Considia L(uci) f(ilia) Rufa / M(arco) Valerio M(arci) l(iberto) / Melantho / i(n) f(ronte) p(edes) XV i(n) a(gro) p(edes) XV","date_from":0,"date_to":0,"marker_gender":"mixed","is_individual":true,"edcs_url":"https://edcs.hist.uzh.ch/en/document?edcs-id=EDCS-15600845","persons":[{"nomen":"Aelia","gender":"female","raw_name":"Aelia L. f. Tertulla","cognomen":"Tertulla","status":"L. filia, sibi et suis"},{"nomen":"Considia","gender":"female","raw_name":"Considia L. f. Rufa","cognomen":"Rufa","status":"L. filia"},{"nomen":"Valerius","gender":"male","raw_name":"M. Valerio M. l. Melantho","praenomen":"Marcus","cognomen":"Melantho","status":"M. libertus"}]}},{"type":"Feature","geometry":{"type":"Point","coordinates":[13.58,42.85]},"properties":{"edcs_id":"EDCS-15700203","findspot":"Ascoli Piceno / Asculum Picenum","raw_text":"T(itus) Alfius T(iti) [l(ibertus)] / C(h)resimu[s] / Valeria [3] / [1]luch[","date_from":0,"date_to":0,"marker_gender":"mixed","is_individual":true,"edcs_url":"https://edcs.hist.uzh.ch/en/document?edcs-id=EDCS-15700203","persons":[{"nomen":"Alfius","gender":"male","raw_name":"T. Alfius T. [l.] C(h)resimu[s]","praenomen":"Titus","cognomen":"Chresimus","status":"T. libertus"},{"nomen":"Valeria","gender":"female","raw_name":"Valeria [3]"}]}},{"type":"Feature","geometry":{"type":"Point","coordinates":[13.58,42.85]},"properties":{"edcs_id":"EDCS-15700204","findspot":"Ascoli Piceno / Asculum Picenum","raw_text":"D(is) M(anibus) / Aliniae Sex(ti) lib(ertae) Proculae / C(aius) Nonius Festus coniugi caris/simae et pientissimae","date_from":0,"date_to":0,"marker_gender":"mixed","is_individual":true,"edcs_url":"https://edcs.hist.uzh.ch/en/document?edcs-id=EDCS-15700204","persons":[{"nomen":"Alinia","gender":"female","raw_name":"Aliniae Sex. lib. Proculae","cognomen":"Procula","status":"Sex. liberta, coniugi carissimae et pientissimae"},{"nomen":"Nonius","gender":"male","raw_name":"C. Nonius Festus","praenomen":"Gaius","cognomen":"Festus","status":"coniugi carissimae et pientissimae"}]}},{"type":"Feature","geometry":{"type":"Point","coordinates":[13.58,42.85]},"properties":{"edcs_id":"EDCS-15700206","findspot":"Ascoli Piceno / Asculum Picenum","raw_text":"[A(ulus)] Allidius C(ai) f(ilius) Ste(llatina) / [A(ulus)] Allidius A(uli) l(ibertus) Lucrio / [A]llidia A(uli) l(iberta) Hilara / [A(ulus)] Allidius A(uli) l(ibertus) Philotimus / [A(ulus) Allidius] A(uli) l(ibertus) Lucrio vi[v]<u=O>s de suo sibi et / [","date_from":0,"date_to":0,"marker_gender":"mixed","is_individual":true,"edcs_url":"https://edcs.hist.uzh.ch/en/document?edcs-id=EDCS-15700206","persons":[{"nomen":"Allidius","gender":"male","raw_name":"[A.] Allidius C. f. Ste. [A.] Allidius A. l. Lucrio","praenomen":"Aulus","cognomen":"Lucrio","status":"C. filius, tribus: Stellatina, A. libertus","cluster_id":261,"cluster_size":2},{"nomen":"Allidia","gender":"female","raw_name":"[A]llidia A. l. Hilara","cognomen":"Hilara","status":"A. liberta"},{"nomen":"Allidius","gender":"male","raw_name":"[A.] Allidius A. l. Philotimus","praenomen":"Aulus","cognomen":"Philotimus","status":"A. libertus"},{"nomen":"Allidius","gender":"male","raw_name":"[A. Allidius] A. l. Lucrio vi[v]<u=O>s de suo sibi et","praenomen":"Aulus","cognomen":"Lucrio","status":"A. libertus, vivus de suo sibi et","cluster_id":261,"cluster_size":2}]}},{"type":"Feature","geometry":{"type":"Point","coordinates":[13.58,42.85]},"properties":{"edcs_id":"EDCS-15700207","findspot":"Ascoli Piceno / Asculum Picenum","raw_text":"T(itus) Aufidius Hi<l=I>arus / T(itus) Aufidius Dida / T(itus) Aufidius Pothus / Anteia Samera / Anteia Cilissa / Aufidia Citheris fec(erunt) / in a(gro) p(edes) XVI","date_from":0,"date_to":0,"marker_gender":"mixed","is_individual":true,"edcs_url":"https://edcs.hist.uzh.ch/en/document?edcs-id=EDCS-15700207","persons":[{"nomen":"Aufidius","gender":"male","raw_name":"T. Aufidius Hi<l=I>arus","praenomen":"Titus","cognomen":"Hilarus"},{"nomen":"Aufidius","gender":"male","raw_name":"T. Aufidius Dida","praenomen":"Titus","cognomen":"Dida"},{"nomen":"Aufidius","gender":"male","raw_name":"T. Aufidius Pothus","praenomen":"Titus","cognomen":"Pothus"},{"nomen":"Anteia","gender":"female","raw_name":"Anteia Samera","cognomen":"Samera"},{"nomen":"Anteia","gender":"female","raw_name":"Anteia Cilissa","cognomen":"Cilissa"},{"nomen":"Aufidia","gender":"female","raw_name":"Aufidia Citheris","cognomen":"Citheris","status":"fecerunt"}]}},{"type":"Feature","geometry":{"type":"Point","coordinates":[13.58,42.85]},"properties":{"edcs_id":"EDCS-15700208","findspot":"Ascoli Piceno / Asculum Picenum","raw_text":"M(arci) Caepioni T(iti) f(ilii) [N]ovelli SPFOFAT","date_from":0,"date_to":0,"marker_gender":"male","is_individual":true,"edcs_url":"https://edcs.hist.uzh.ch/en/document?edcs-id=EDCS-15700208","persons":[{"nomen":"Caepioni","gender":"male","raw_name":"M. Caepioni T. f. [N]ovelli","cognomen":"Novelli","status":"T. fili"}]}},{"type":"Feature","geometry":{"type":"Point","coordinates":[13.58,42.85]},"properties":{"edcs_id":"EDCS-15700209","findspot":"Ascoli Piceno / Asculum Picenum","raw_text":"P(ublius) Caleida[nus] / P(ubli) l(ibertus) Antioc[hus] / P(ublius) P(ubli) l(ibertus) Apo[3] / v{e}ivit / in fro(nte) p(edes) X[","date_from":0,"date_to":0,"marker_gender":"male","is_individual":true,"edcs_url":"https://edcs.hist.uzh.ch/en/document?edcs-id=EDCS-15700209","persons":[{"nomen":"Caleidanus","gender":"male","raw_name":"P. Caleida[nus] P. l. Antioc[hus]","praenomen":"Publius","cognomen":"Antiochus","status":"P. libertus"},{"nomen":"Publius","gender":"male","raw_name":"P. P. l. Apo[3]","praenomen":"Publius","status":"P. libertus"}]}},{"type":"Feature","geometry":{"type":"Point","coordinates":[13.58,42.85]},"properties":{"edcs_id":"EDCS-15700210","findspot":"Ascoli Piceno / Asculum Picenum","raw_text":"samus Titi filius vixit annos XVI fecit V ESSCI IP HAEC Campania EFKODVP","date_from":0,"date_to":0,"marker_gender":"male","is_individual":true,"edcs_url":"https://edcs.hist.uzh.ch/en/document?edcs-id=EDCS-15700210","persons":[{"nomen":"","gender":"male","raw_name":"]samus T. f. [3] vixit a. XVI f. V[3]","cognomen":"Samus","status":"T. filius, vixit annos XVI fecit"}]}},{"type":"Feature","geometry":{"type":"Point","coordinates":[13.58,42.85]},"properties":{"edcs_id":"EDCS-15700211","findspot":"Ascoli Piceno / Asculum Picenum","raw_text":"L(ucius) Cennius L(uci) l(ibertus) Acu<t=I>us / Cennia |(mulieris) l(iberta) Amonia / Cennia T(iti) l(iberta) Horania / sibi et suis fecit","date_from":0,"date_to":0,"marker_gender":"mixed","is_individual":true,"edcs_url":"https://edcs.hist.uzh.ch/en/document?edcs-id=EDCS-15700211","persons":[{"nomen":"Cennius","gender":"male","raw_name":"L. Cennius L. l. Acu<t=I>us","praenomen":"Lucius","cognomen":"Acutius","status":"L. libertus"},{"nomen":"Cennia","gender":"female","raw_name":"Cennia |(mulieris) l. Amonia","cognomen":"Amonia","status":"mulieris liberta"},{"nomen":"Cennia","gender":"female","raw_name":"Cennia T. l. Horania","cognomen":"Horania","status":"T. liberta, sibi et suis fecit"}]}},{"type":"Feature","geometry":{"type":"Point","coordinates":[13.58,42.85]},"properties":{"edcs_id":"EDCS-15700212","findspot":"Ascoli Piceno / Asculum Picenum","raw_text":"]LV / [3] Cluvi T(iti) f(ilii) Mag[","date_from":0,"date_to":0,"marker_gender":"male","is_individual":true,"edcs_url":"https://edcs.hist.uzh.ch/en/document?edcs-id=EDCS-15700212","persons":[{"nomen":"Cluvius","gender":"male","raw_name":"[3] Cluvi T. f. Mag[","cognomen":"Magnus","status":"T. filius"}]}},{"type":"Feature","geometry":{"type":"Point","coordinates":[13.58,42.85]},"properties":{"edcs_id":"EDCS-15700213","findspot":"Ascoli Piceno / Asculum Picenum","raw_text":"[3 C]ornelius / [3] Primus / [3]dia Q(uinti) l(iberta) / [3]cunda v(ixit) a(nnos) XXV / [i(n) f(ronte)] p(edes) XX i(n) a(gro) p(edes) XX","date_from":0,"date_to":0,"marker_gender":"mixed","is_individual":true,"edcs_url":"https://edcs.hist.uzh.ch/en/document?edcs-id=EDCS-15700213","persons":[{"nomen":"Cornelius","gender":"male","raw_name":"[3 C]ornelius [3] Primus","cognomen":"Primus"},{"nomen":"","gender":"female","raw_name":"[3]dia Q. l. [3]cunda v. a. XXV","cognomen":"Secunda","status":"Q. liberta, vixit annos XXV"}]}},{"type":"Feature","geometry":{"type":"Point","coordinates":[13.58,42.85]},"properties":{"edcs_id":"EDCS-15700214","findspot":"Ascoli Piceno / Asculum Picenum","raw_text":"P(ubli) Diani P(ubli) f(ilii) / Fab(ia) Nigri / ossa","date_from":0,"date_to":0,"marker_gender":"male","is_individual":true,"edcs_url":"https://edcs.hist.uzh.ch/en/document?edcs-id=EDCS-15700214","persons":[{"nomen":"Dianus","gender":"male","raw_name":"P. Diani P. f. Fab. Nigri","cognomen":"Nigri","status":"P. filius, Fabia"}]}},{"type":"Feature","geometry":{"type":"Point","coordinates":[13.58,42.85]},"properties":{"edcs_id":"EDCS-15700215","findspot":"Ascoli Piceno / Asculum Picenum","raw_text":"A Didi Titi filii urnia","date_from":0,"date_to":0,"marker_gender":"female","is_individual":true,"edcs_url":"https://edcs.hist.uzh.ch/en/document?edcs-id=EDCS-15700215","persons":[{"nomen":"Didia","gender":"female","raw_name":"[3] Didi T. f. [3]","status":"T. filius"},{"nomen":"","gender":"female","raw_name":"[3]urnia[","cognomen":"Iurnia"}]}},{"type":"Feature","geometry":{"type":"Point","coordinates":[13.58,42.85]},"properties":{"edcs_id":"EDCS-15700217","findspot":"Ascoli Piceno / Asculum Picenum","raw_text":"T(itus) (H)elvius T(iti) l(ibertus) Te/ucer in fr(onte) p(edes) / XV in agro p(edes) / XV","date_from":0,"date_to":0,"marker_gender":"male","is_individual":true,"edcs_url":"https://edcs.hist.uzh.ch/en/document?edcs-id=EDCS-15700217","persons":[{"nomen":"Helvius","gender":"male","raw_name":"T. (H)elvius T. l. Te ucer","praenomen":"Titus","cognomen":"Teucer","status":"T. libertus","cluster_id":209,"cluster_size":2}]}},{"type":"Feature","geometry":{"type":"Point","coordinates":[13.58,42.85]},"properties":{"edcs_id":"EDCS-15700218","findspot":"Ascoli Piceno / Asculum Picenum","raw_text":"T(itus) (H)e(l)vius T(iti) l(ibertus) Te/ucer in fr(onte) p(edes) / XV in agro p(edes) / XV","date_from":0,"date_to":0,"marker_gender":"male","is_individual":true,"edcs_url":"https://edcs.hist.uzh.ch/en/document?edcs-id=EDCS-15700218","persons":[{"nomen":"Helvius","gender":"male","raw_name":"T. (H)e(l)vius T(iti) l(ibertus) Te ucer","praenomen":"Titus","cognomen":"Teucer","status":"libertus Titi","cluster_id":209,"cluster_size":2}]}},{"type":"Feature","geometry":{"type":"Point","coordinates":[13.58,42.85]},"properties":{"edcs_id":"EDCS-15700219","findspot":"Ascoli Piceno / Asculum Picenum","raw_text":"Viv(unt) / P(ublius) Fadius P(ubli) l(ibertus) / Philomusu[s] / Orcia Niu[","date_from":0,"date_to":0,"marker_gender":"mixed","is_individual":true,"edcs_url":"https://edcs.hist.uzh.ch/en/document?edcs-id=EDCS-15700219","persons":[{"nomen":"Fadius","gender":"male","raw_name":"P. Fadius P(ubli) l(ibertus)   Philomusu[s]","praenomen":"Publius","cognomen":"Philomusus","status":"libertus Publi"},{"nomen":"Orchia","gender":"female","raw_name":"Orcia Niu[","cognomen":"Nius"}]}},{"type":"Feature","geometry":{"type":"Point","coordinates":[13.58,42.85]},"properties":{"edcs_id":"EDCS-15700220","findspot":"Ascoli Piceno / Asculum Picenum","raw_text":"] / C(ai) fil(iae) / Proculae / L(ucius) Gavius Cre/scens iun(ior) / coniugi bene me/renti et sibi / posterisq(ue) / suis / in f(ronte) p(edes) XXV","date_from":0,"date_to":0,"marker_gender":"mixed","is_individual":true,"edcs_url":"https://edcs.hist.uzh.ch/en/document?edcs-id=EDCS-15700220","persons":[{"nomen":"Procula","gender":"female","raw_name":"C. fil(iae)   Proculae","status":"Cai filiae"},{"nomen":"Gavius","gender":"male","raw_name":"L. Gavius Cre scens iun(ior)","praenomen":"Lucius","cognomen":"Crescens iunior","status":"coniugi bene merenti et sibi posterisque suis"}]}},{"type":"Feature","geometry":{"type":"Point","coordinates":[13.58,42.85]},"properties":{"edcs_id":"EDCS-15700221","findspot":"Ascoli Piceno / Asculum Picenum","raw_text":"D(is) M(anibus) / C(aio) Iulio Pam[phi]/lo coniug[i et] / C(aio) Iul(io) Elpid[","date_from":0,"date_to":0,"marker_gender":"male","is_individual":true,"edcs_url":"https://edcs.hist.uzh.ch/en/document?edcs-id=EDCS-15700221","persons":[{"nomen":"Iulius","gender":"male","raw_name":"C. Iulio Pam[phi] lo","praenomen":"Gaius","cognomen":"Pamphilus","status":"coniugi"},{"nomen":"Iulius","gender":"male","raw_name":"C. Iul(io) Elpid[","praenomen":"Gaius","cognomen":"Elpidius"}]}},{"type":"Feature","geometry":{"type":"Point","coordinates":[13.58,42.85]},"properties":{"edcs_id":"EDCS-15700222","findspot":"Ascoli Piceno / Asculum Picenum","raw_text":"Lusia Publi filia filia","date_from":0,"date_to":0,"marker_gender":"female","is_individual":true,"edcs_url":"https://edcs.hist.uzh.ch/en/document?edcs-id=EDCS-15700222","persons":[{"nomen":"Lusia","gender":"female","raw_name":"Lusia P. f.   filia","status":"Publi filia, filia"}]}},{"type":"Feature","geometry":{"type":"Point","coordinates":[13.58,42.85]},"properties":{"edcs_id":"EDCS-15700223","findspot":"Ascoli Piceno / Asculum Picenum","raw_text":"A(ulus) Marcius / Lucrio / Marcia / [","date_from":0,"date_to":0,"marker_gender":"mixed","is_individual":true,"edcs_url":"https://edcs.hist.uzh.ch/en/document?edcs-id=EDCS-15700223","persons":[{"nomen":"Marcius","gender":"male","raw_name":"A. Marcius   Lucrio","praenomen":"Aulus","cognomen":"Lucrio"},{"nomen":"Marcia","gender":"female","raw_name":"Marcia   ["}]}},{"type":"Feature","geometry":{"type":"Point","coordinates":[13.58,42.85]},"properties":{"edcs_id":"EDCS-15700224","findspot":"Ascoli Piceno / Asculum Picenum","raw_text":"P(ublius) Mellius [3] / C(aius) Pedilla[3] / Myr[3]","date_from":0,"date_to":0,"marker_gender":"male","is_individual":true,"edcs_url":"https://edcs.hist.uzh.ch/en/document?edcs-id=EDCS-15700224","persons":[{"nomen":"Mellius","gender":"male","raw_name":"P. Mellius [3]","praenomen":"Publius"},{"nomen":"Pedillius","gender":"male","raw_name":"C. Pedilla[3]","praenomen":"Gaius"},{"nomen":"","gender":"unknown","raw_name":"Myr[3]","cognomen":"Myr"}]}},{"type":"Feature","geometry":{"type":"Point","coordinates":[13.58,42.85]},"properties":{"edcs_id":"EDCS-15700225","findspot":"Ascoli Piceno / Asculum Picenum","raw_text":"Publius Mun Publi libertus Phil Mun Cre","date_from":0,"date_to":0,"marker_gender":"male","is_individual":true,"edcs_url":"https://edcs.hist.uzh.ch/en/document?edcs-id=EDCS-15700225","persons":[{"nomen":"Munitius","gender":"male","raw_name":"P. Mun[3]   P. l. Phil[3]","praenomen":"Publius","status":"libertus Publi"},{"nomen":"Mun","gender":"unknown","raw_name":"Mun[3]   Cre[","cognomen":"Cres"}]}},{"type":"Feature","geometry":{"type":"Point","coordinates":[13.58,42.85]},"properties":{"edcs_id":"EDCS-15700226","findspot":"Ascoli Piceno / Asculum Picenum","raw_text":"[3] Ocbrotsini T(iti) f(ilii) Fab(ia) Mam[3] / [C]alpurniae L(uci) f(iliae) Flaccae ux{s}(oris)","date_from":0,"date_to":0,"marker_gender":"female","is_individual":true,"edcs_url":"https://edcs.hist.uzh.ch/en/document?edcs-id=EDCS-15700226","persons":[{"nomen":"Ocbrotsina","gender":"female","raw_name":"Ocbrotsini T. f. Fab(ia)","status":"Titi filii, Fabia"},{"nomen":"Calpurnia","gender":"female","raw_name":"Calpurniae L. f. Flaccae ux{s}(oris)","cognomen":"Flacca","status":"Luci filiae, uxor"}]}},{"type":"Feature","geometry":{"type":"Point","coordinates":[13.58,42.85]},"properties":{"edcs_id":"EDCS-15700227","findspot":"Ascoli Piceno / Asculum Picenum","raw_text":"Titus Paetinius Titi libertus Surus Titus Titi libertus Laumedo Titus Titi libertus Speratus Titus Titi libertus Princeps Titi liberta Rufa","date_from":0,"date_to":0,"marker_gender":"mixed","is_individual":true,"edcs_url":"https://edcs.hist.uzh.ch/en/document?edcs-id=EDCS-15700227","persons":[{"nomen":"Paetinius","gender":"male","raw_name":"T. Paetinius   T. l. Surus","praenomen":"Titus","cognomen":"Surus","status":"Titi libertus"},{"nomen":"Titus","gender":"male","raw_name":"T. T. l.   Laumedo","praenomen":"Titus","cognomen":"Laumedo","status":"Titi libertus"},{"nomen":"Titus","gender":"male","raw_name":"T. T. l.   Speratus","praenomen":"Titus","cognomen":"Speratus","status":"Titi libertus"},{"nomen":"Titus","gender":"male","raw_name":"T. T. l. Pri nceps","praenomen":"Titus","cognomen":"Princeps","status":"liberta"},{"nomen":"Rufa","gender":"female","raw_name":"T. l. Rufa","status":"Titi libertus"}]}},{"type":"Feature","geometry":{"type":"Point","coordinates":[13.58,42.85]},"properties":{"edcs_id":"EDCS-15700228","findspot":"Ascoli Piceno / Asculum Picenum","raw_text":"Viv(it) / L(uci) Pedieni / L(uci) f(ilii) Quir(ina) / in ag(ro) p(edes) XX / in fr(onte) p(edes) XX // Viv(it) / L(uci) Pedieni / L(uci) f(ilii) Quir(ina) / in ag(ro) p(edes) XX / in fr(onte) p(edes) XX","date_from":0,"date_to":0,"marker_gender":"male","is_individual":true,"edcs_url":"https://edcs.hist.uzh.ch/en/document?edcs-id=EDCS-15700228","persons":[{"nomen":"Pedienius","gender":"male","raw_name":"L. Pedieni   L. f. Quir(ina)","praenomen":"Lucius","status":"Luci fili, tribus: Quirina"},{"nomen":"Pedienius","gender":"male","raw_name":"L. Pedieni   L. f. Quir(ina)","praenomen":"Lucius","status":"Luci fili, tribus: Quirina"}]}},{"type":"Feature","geometry":{"type":"Point","coordinates":[13.58,42.85]},"properties":{"edcs_id":"EDCS-15700229","findspot":"Ascoli Piceno / Asculum Picenum","raw_text":"C(aius) Petron[i]us / Etruscus","date_from":0,"date_to":0,"marker_gender":"male","is_individual":true,"edcs_url":"https://edcs.hist.uzh.ch/en/document?edcs-id=EDCS-15700229","persons":[{"nomen":"Petronius","gender":"male","raw_name":"C. Petron[i]us   Etruscus","praenomen":"Gaius","cognomen":"Etruscus"}]}},{"type":"Feature","geometry":{"type":"Point","coordinates":[13.58,42.85]},"properties":{"edcs_id":"EDCS-15700230","findspot":"Ascoli Piceno / Asculum Picenum","raw_text":"Phaedro mater vixit annos X de suo","date_from":0,"date_to":0,"marker_gender":"male","is_individual":true,"edcs_url":"https://edcs.hist.uzh.ch/en/document?edcs-id=EDCS-15700230","persons":[{"nomen":"","gender":"male","raw_name":"Phaedro   mater   vixit an(nos) X   d(e) s(uo)","cognomen":"Phaedrus","status":"mater, vixit annos X de suo"}]}},{"type":"Feature","geometry":{"type":"Point","coordinates":[13.58,42.85]},"properties":{"edcs_id":"EDCS-15700231","findspot":"Ascoli Piceno / Asculum Picenum","raw_text":"D(is) M(anibus) / Phi[l]oster/gus et Suc(c)es(s)a / Crescenti(ae) et / Primigenio / mam(a)e et tat(a)e / bene meren/tibus et suis / posu{u}it et sibi / permis(s)u Eni(a)e / Ephin(a)e itum / ambitu(m) / l(atum) p(edes) XXX / quoquo(versus)","date_from":0,"date_to":0,"marker_gender":"mixed","is_individual":true,"edcs_url":"https://edcs.hist.uzh.ch/en/document?edcs-id=EDCS-15700231","persons":[{"nomen":"","gender":"male","raw_name":"Phi[l]oster gus","cognomen":"Philostergus"},{"nomen":"","gender":"female","raw_name":"Suc(c)es(s)a","cognomen":"Succesa"},{"nomen":"","gender":"male","raw_name":"Crescenti","cognomen":"Crescens","status":"mamæ et tatæ bene merentibus et suis","cluster_id":1178,"cluster_size":2,"cluster_confidence":"low"},{"nomen":"","gender":"male","raw_name":"Primigenio","cognomen":"Primigenius","cluster_id":1175,"cluster_size":2,"cluster_confidence":"low"},{"nomen":"","gender":"female","raw_name":"Eni(a)e","cognomen":"Enia","status":"permis(s)u"},{"nomen":"","gender":"female","raw_name":"Ephin(a)e","cognomen":"Ephina"}]}},{"type":"Feature","geometry":{"type":"Point","coordinates":[13.58,42.85]},"properties":{"edcs_id":"EDCS-15700232","findspot":"Ascoli Piceno / Asculum Picenum","raw_text":"] / P(ublius) Aeritius / Philostratus / e(t) Ti(berius) Eleuther / TVI[3] / Cleopatra / in f(ronte) p(edes) XVII in ag(ro) / p(edes) XX","date_from":0,"date_to":0,"marker_gender":"mixed","is_individual":true,"edcs_url":"https://edcs.hist.uzh.ch/en/document?edcs-id=EDCS-15700232","persons":[{"nomen":"Aeritius","gender":"male","raw_name":"P. Aeritius   Philostratus","praenomen":"Publius","cognomen":"Philostratus"},{"nomen":"","gender":"male","raw_name":"Ti. Eleuther","praenomen":"Tiberius","cognomen":"Eleuther"},{"nomen":"","gender":"female","raw_name":"Cleopatra","cognomen":"Cleopatra","cluster_id":1246,"cluster_size":2,"cluster_confidence":"low"}]}},{"type":"Feature","geometry":{"type":"Point","coordinates":[13.58,42.85]},"properties":{"edcs_id":"EDCS-15700233","findspot":"Ascoli Piceno / Asculum Picenum","raw_text":"Pituaniae L(uci) f(iliae) Glaph[y]rae / L(ucius) Pituanius [E]pi[g]onus / pater","date_from":0,"date_to":0,"marker_gender":"mixed","is_individual":true,"edcs_url":"https://edcs.hist.uzh.ch/en/document?edcs-id=EDCS-15700233","persons":[{"nomen":"Pituana","gender":"female","raw_name":"Pituaniae L. f. Glaph[y]rae","cognomen":"Glaphira","status":"Luci filia"},{"nomen":"Pituanius","gender":"male","raw_name":"L. Pituanius [E]pigonus","praenomen":"Lucius","cognomen":"Epigonus","status":"pater"}]}},{"type":"Feature","geometry":{"type":"Point","coordinates":[13.58,42.85]},"properties":{"edcs_id":"EDCS-15700234","findspot":"Ascoli Piceno / Asculum Picenum","raw_text":"Pomponia / Euposia","date_from":0,"date_to":0,"marker_gender":"female","is_individual":true,"edcs_url":"https://edcs.hist.uzh.ch/en/document?edcs-id=EDCS-15700234","persons":[{"nomen":"Pomponia","gender":"female","raw_name":"Pomponia Euposia","cognomen":"Euposia"}]}},{"type":"Feature","geometry":{"type":"Point","coordinates":[13.58,42.85]},"properties":{"edcs_id":"EDCS-15700235","findspot":"Ascoli Piceno / Asculum Picenum","raw_text":"Pontia |(mulieris) l(iberta) / Callista / concubina // T(itus?) Avi[3] / T(iti) l(ibertus) Phal[3] / sex[vir 3]","date_from":0,"date_to":0,"marker_gender":"mixed","is_individual":true,"edcs_url":"https://edcs.hist.uzh.ch/en/document?edcs-id=EDCS-15700235","persons":[{"nomen":"Pontia","gender":"female","raw_name":"Pontia |(mulieris) l. Callista","cognomen":"Callista","status":"mulieris liberta, concubina"},{"nomen":"Avia","gender":"male","raw_name":"T(itus?) Avi[3] T(iti) l. Phal[3] sex[vir 3]","cognomen":"Phala","status":"Titi libertus, sexvir"}]}},{"type":"Feature","geometry":{"type":"Point","coordinates":[13.58,42.85]},"properties":{"edcs_id":"EDCS-15700236","findspot":"Ascoli Piceno / Asculum Picenum","raw_text":"Pontuleno filio Rufo","date_from":0,"date_to":0,"marker_gender":"male","is_individual":true,"edcs_url":"https://edcs.hist.uzh.ch/en/document?edcs-id=EDCS-15700236","persons":[{"nomen":"","gender":"male","raw_name":"[3] Pontuleno [3] f. Rufo","cognomen":"Pontulenus Rufus"}]}},{"type":"Feature","geometry":{"type":"Point","coordinates":[13.58,42.85]},"properties":{"edcs_id":"EDCS-15700237","findspot":"Ascoli Piceno / Asculum Picenum","raw_text":"L(ucius?) Post[3] / L(uci) l(ibertus?) Phi[3] / Prot[","date_from":0,"date_to":0,"marker_gender":"male","is_individual":true,"edcs_url":"https://edcs.hist.uzh.ch/en/document?edcs-id=EDCS-15700237","persons":[{"nomen":"Postumius","gender":"male","raw_name":"L. Post[3] L. l. Phi[3]","cognomen":"Philon","status":"Luci libertus"}]}},{"type":"Feature","geometry":{"type":"Point","coordinates":[13.58,42.85]},"properties":{"edcs_id":"EDCS-15700238","findspot":"Ascoli Piceno / Asculum Picenum","raw_text":"Spintheri Sabidiae Atheneidi Sabidiae Feliculae Vibiae Primigeniae Decimus Sabidius Primigenius","date_from":0,"date_to":0,"marker_gender":"mixed","is_individual":true,"edcs_url":"https://edcs.hist.uzh.ch/en/document?edcs-id=EDCS-15700238","persons":[{"nomen":"","gender":"male","raw_name":"Spintheri","cognomen":"Spinther"},{"nomen":"Sabidia","gender":"female","raw_name":"Sabidiae Atheneidi","cognomen":"Atheneis"},{"nomen":"Sabidia","gender":"female","raw_name":"Sabidiae Feliculae","cognomen":"Felicula"},{"nomen":"Vibia","gender":"female","raw_name":"Vibiae Primigeniae","cognomen":"Primigenia"},{"nomen":"Sabidius","gender":"male","raw_name":"D. Sabidius Primigenius","praenomen":"Decimus","cognomen":"Primigenius"}]}},{"type":"Feature","geometry":{"type":"Point","coordinates":[13.58,42.85]},"properties":{"edcs_id":"EDCS-15700239","findspot":"Ascoli Piceno / Asculum Picenum","raw_text":"Q(uintus) Salius Q(uinti) P(ubli) l(ibertus) / Blesamus / Saliae Q(uinti) P(ubli) l(ibertae) / Storge","date_from":0,"date_to":0,"marker_gender":"mixed","is_individual":true,"edcs_url":"https://edcs.hist.uzh.ch/en/document?edcs-id=EDCS-15700239","persons":[{"nomen":"Salius","gender":"male","raw_name":"Q. Salius Q. P. l. Blesamus","praenomen":"Quintus","cognomen":"Blesamus","status":"Quinti Publi libertus"},{"nomen":"Salia","gender":"female","raw_name":"Saliae Q. P. l. Storge","cognomen":"Storge","status":"Quinti Publi liberta"}]}},{"type":"Feature","geometry":{"type":"Point","coordinates":[13.58,42.85]},"properties":{"edcs_id":"EDCS-15700240","findspot":"Ascoli Piceno / Asculum Picenum","raw_text":"T(iti) Satani T(iti) l(iberti) / Amelinti v(ixit) a(nnos) XXXV / VITAPROCT[3]SVITMST","date_from":0,"date_to":0,"marker_gender":"male","is_individual":true,"edcs_url":"https://edcs.hist.uzh.ch/en/document?edcs-id=EDCS-15700240","persons":[{"nomen":"Satanius","gender":"male","raw_name":"T. Satani T. l. Amelinti","cognomen":"Amelintus","status":"Titi libertus"}]}},{"type":"Feature","geometry":{"type":"Point","coordinates":[13.58,42.85]},"properties":{"edcs_id":"EDCS-15700241","findspot":"Ascoli Piceno / Asculum Picenum","raw_text":"Vi(vit) / C(aius) Satanus / C(ai) l(ibertus) Matogen/es in fr(onte) p(edes) X / in agr(o) p(edes) X","date_from":0,"date_to":0,"marker_gender":"male","is_individual":true,"edcs_url":"https://edcs.hist.uzh.ch/en/document?edcs-id=EDCS-15700241","persons":[{"nomen":"Satanus","gender":"male","raw_name":"C. Satanus C. l. Matogen es","praenomen":"Gaius","cognomen":"Matogenes","status":"Cai libertus"}]}},{"type":"Feature","geometry":{"type":"Point","coordinates":[13.58,42.85]},"properties":{"edcs_id":"EDCS-15700242","findspot":"Ascoli Piceno / Asculum Picenum","raw_text":"I CLEMATIV Satria Titi liberta Rat Titus Satrius mulieris libertus Modestus in fronte pedes","date_from":0,"date_to":0,"marker_gender":"mixed","is_individual":true,"edcs_url":"https://edcs.hist.uzh.ch/en/document?edcs-id=EDCS-15700242","persons":[{"nomen":"Satria","gender":"female","raw_name":"Satria T. l. Rat[3]","cognomen":"Rata","status":"Titi liberta"},{"nomen":"Satrius","gender":"male","raw_name":"T. Satrius |(mulieris) [l. Modestus","cognomen":"Modestus","status":"mulieris libertus"}]}},{"type":"Feature","geometry":{"type":"Point","coordinates":[13.58,42.85]},"properties":{"edcs_id":"EDCS-15700243","findspot":"Ascoli Piceno / Asculum Picenum","raw_text":"Lucius Saturius Clemens Saturiae Luci libertae Chiae Staphini filiae vixit annos XXVI","date_from":0,"date_to":0,"marker_gender":"mixed","is_individual":true,"edcs_url":"https://edcs.hist.uzh.ch/en/document?edcs-id=EDCS-15700243","persons":[{"nomen":"Saturius","gender":"male","raw_name":"L. Saturius Cleme(n)s","praenomen":"Lucius","cognomen":"Clemens"},{"nomen":"Saturia","gender":"female","raw_name":"Saturiae L. l. Chiae Staphini f.","cognomen":"Chia","status":"Luci liberta, Staphini filia"}]}},{"type":"Feature","geometry":{"type":"Point","coordinates":[13.58,42.85]},"properties":{"edcs_id":"EDCS-15700244","findspot":"Ascoli Piceno / Asculum Picenum","raw_text":"L(uci) Saturi / Admeti lib(erti) / Ianuari / i(n) f(ronte) p(edes) XX","date_from":0,"date_to":0,"marker_gender":"male","is_individual":true,"edcs_url":"https://edcs.hist.uzh.ch/en/document?edcs-id=EDCS-15700244","persons":[{"nomen":"Saturius","gender":"male","raw_name":"L. Saturi Admeti lib. Ianuari","cognomen":"Ianuarius","status":"Admeti libertus"}]}},{"type":"Feature","geometry":{"type":"Point","coordinates":[13.58,42.85]},"properties":{"edcs_id":"EDCS-15700245","findspot":"Ascoli Piceno / Asculum Picenum","raw_text":"D(is) M(anibus) / C(ai) Saturi Sic[3]i / Att[3] Saturiae / Erhenniae / C(aius) Saturius Picens","date_from":0,"date_to":0,"marker_gender":"mixed","is_individual":true,"edcs_url":"https://edcs.hist.uzh.ch/en/document?edcs-id=EDCS-15700245","persons":[{"nomen":"Saturius","gender":"male","raw_name":"C. Saturi Sic[3]i","praenomen":"Caius","cognomen":"Sicus"},{"nomen":"Attia","gender":"female","raw_name":"Att[3] Saturiae Erhenniae","cognomen":"Erhennia"},{"nomen":"Saturius","gender":"male","raw_name":"C. Saturius Picens","praenomen":"Caius","cognomen":"Picens"}]}},{"type":"Feature","geometry":{"type":"Point","coordinates":[13.58,42.85]},"properties":{"edcs_id":"EDCS-15700246","findspot":"Ascoli Piceno / Asculum Picenum","raw_text":"L(ucius) Sau[3] / Rufu[s","date_from":0,"date_to":0,"marker_gender":"male","is_individual":true,"edcs_url":"https://edcs.hist.uzh.ch/en/document?edcs-id=EDCS-15700246","persons":[{"nomen":"Saurus","gender":"male","raw_name":"L. Sau[3] Rufu[s","praenomen":"Lucius","cognomen":"Rufus"}]}},{"type":"Feature","geometry":{"type":"Point","coordinates":[13.58,42.85]},"properties":{"edcs_id":"EDCS-15700247","findspot":"Ascoli Piceno / Asculum Picenum","raw_text":"Spetinia L(uci) l(iberta) / Hilara / [","date_from":0,"date_to":0,"marker_gender":"female","is_individual":true,"edcs_url":"https://edcs.hist.uzh.ch/en/document?edcs-id=EDCS-15700247","persons":[{"nomen":"Spetinia","gender":"female","raw_name":"Spetinia L. l. Hilara","cognomen":"Hilara","status":"Luci liberta"}]}},{"type":"Feature","geometry":{"type":"Point","coordinates":[13.58,42.85]},"properties":{"edcs_id":"EDCS-15700248","findspot":"Ascoli Piceno / Asculum Picenum","raw_text":"]VI[3] / [3]videnus [3] / [3] Statius [3] / [3]ntia |(mulieris) l(iberta) Ca[3] / [3]ntia |(mulieris) l(iberta) Phil[3] / [3]L T[3]tia |(mulieris) l(iberta) [3] / [3] Cleopatra [3] / [3]tia |(mulieris) [l(iberta) 3] / [3] Artia [","date_from":0,"date_to":0,"marker_gender":"female","is_individual":true,"edcs_url":"https://edcs.hist.uzh.ch/en/document?edcs-id=EDCS-15700248","persons":[{"nomen":"","gender":"female","raw_name":"Restuta","cognomen":"Restuta","status":"mulieris liberta"},{"nomen":"","gender":"female","raw_name":"Phil[3]","cognomen":"Philo","status":"mulieris liberta"},{"nomen":"","gender":"female","raw_name":"[3]tia |(mulieris) l(iberta) [3]","cognomen":"Titia","status":"mulieris liberta"},{"nomen":"","gender":"female","raw_name":"Cleopatra","cognomen":"Cleopatra","cluster_id":1246,"cluster_size":2,"cluster_confidence":"low"},{"nomen":"","gender":"female","raw_name":"Artia","cognomen":"Artia"}]}},{"type":"Feature","geometry":{"type":"Point","coordinates":[13.58,42.85]},"properties":{"edcs_id":"EDCS-15700249","findspot":"Ascoli Piceno / Asculum Picenum","raw_text":"Stritia T(iti) f(ilia) / Primilla / Cn(aeo) Cornelio Iusto / viro et / Cn(aeo) Cornelio / Legitimo et / Cn(aeo) Cornelio Iusto / fili(i)s / posterisque suis","date_from":0,"date_to":0,"marker_gender":"mixed","is_individual":true,"edcs_url":"https://edcs.hist.uzh.ch/en/document?edcs-id=EDCS-15700249","persons":[{"nomen":"Stritia","gender":"female","raw_name":"Stritia T. f. Primilla","cognomen":"Primilla","status":"Titi filia"},{"nomen":"Cornelius","gender":"male","raw_name":"Cn. Cornelio Iusto","praenomen":"Gnaeus","cognomen":"Iustus","status":"viro","cluster_id":195,"cluster_size":2},{"nomen":"Cornelius","gender":"male","raw_name":"Cn. Cornelio Legitimo","praenomen":"Gnaeus","cognomen":"Legitimus","status":"filiis"},{"nomen":"Cornelius","gender":"male","raw_name":"Cn. Cornelio Iusto","praenomen":"Gnaeus","cognomen":"Iustus","status":"filiis, posterisque suis","cluster_id":195,"cluster_size":2}]}},{"type":"Feature","geometry":{"type":"Point","coordinates":[13.58,42.85]},"properties":{"edcs_id":"EDCS-15700250","findspot":"Ascoli Piceno / Asculum Picenum","raw_text":"] C(ai) l(ibertus?) Surisc() / [3]ius |(mulieris) l(ibertus) / [3]ius","date_from":0,"date_to":0,"marker_gender":"male","is_individual":true,"edcs_url":"https://edcs.hist.uzh.ch/en/document?edcs-id=EDCS-15700250","persons":[{"nomen":"","gender":"male","raw_name":"C. Surisc()","cognomen":"Suriscus","status":"C. libertus?"}]}},{"type":"Feature","geometry":{"type":"Point","coordinates":[13.58,42.85]},"properties":{"edcs_id":"EDCS-15700251","findspot":"Ascoli Piceno / Asculum Picenum","raw_text":"Martiali Teloniae Primae Teloniae Ampliatae Lucio Telonio Clementi","date_from":0,"date_to":0,"marker_gender":"mixed","is_individual":true,"edcs_url":"https://edcs.hist.uzh.ch/en/document?edcs-id=EDCS-15700251","persons":[{"nomen":"","gender":"male","raw_name":"Martiali","cognomen":"Martialis"},{"nomen":"Telonia","gender":"female","raw_name":"Teloniae Primae","cognomen":"Prima"},{"nomen":"Telonia","gender":"female","raw_name":"Teloniae Ampliatae","cognomen":"Ampliata"},{"nomen":"Telonius","gender":"male","raw_name":"L. Telonio Clementi","praenomen":"Lucius","cognomen":"Clemens"}]}},{"type":"Feature","geometry":{"type":"Point","coordinates":[13.58,42.85]},"properties":{"edcs_id":"EDCS-15700253","findspot":"Ascoli Piceno / Asculum Picenum","raw_text":"rius Cai libertus Thales Luper ex testamento de HS arbitratu Hilari liberti MARTIN Longob","date_from":0,"date_to":0,"marker_gender":"male","is_individual":true,"edcs_url":"https://edcs.hist.uzh.ch/en/document?edcs-id=EDCS-15700253","persons":[{"nomen":"","gender":"male","raw_name":"[3]rius C. l. Thales","cognomen":"Thales","status":"C. libertus"},{"nomen":"","gender":"male","raw_name":"Luper[3]","cognomen":"Lupercus","status":"ex testamento"},{"nomen":"","gender":"male","raw_name":"Hilari","cognomen":"Hilarius","status":"libertus, arbitratus"},{"nomen":"","gender":"male","raw_name":"MARTIN Longob","cognomen":"Martinus Longobardus"}]}},{"type":"Feature","geometry":{"type":"Point","coordinates":[13.58,42.85]},"properties":{"edcs_id":"EDCS-15700254","findspot":"Ascoli Piceno / Asculum Picenum","raw_text":"Titiae Luci libertae Hilarae","date_from":0,"date_to":0,"marker_gender":"female","is_individual":true,"edcs_url":"https://edcs.hist.uzh.ch/en/document?edcs-id=EDCS-15700254","persons":[{"nomen":"Titia","gender":"female","raw_name":"Titiae L. liberta Hilarae","cognomen":"Hilara","status":"Luci liberta"}]}},{"type":"Feature","geometry":{"type":"Point","coordinates":[13.58,42.85]},"properties":{"edcs_id":"EDCS-15800508","findspot":"Ascoli Piceno / Asculum Picenum","raw_text":"Marcus Valerius Marci libertus Pietas sibi","date_from":0,"date_to":0,"marker_gender":"male","is_individual":true,"edcs_url":"https://edcs.hist.uzh.ch/en/document?edcs-id=EDCS-15800508","persons":[{"nomen":"Valerius","gender":"male","raw_name":"M. Valerius M. l. Pietas","praenomen":"Marcus","cognomen":"Pietas","status":"Marci libertus"}]}},{"type":"Feature","geometry":{"type":"Point","coordinates":[13.58,42.85]},"properties":{"edcs_id":"EDCS-15800509","findspot":"Ascoli Piceno / Asculum Picenum","raw_text":"Cai Vavili","date_from":0,"date_to":0,"marker_gender":"unknown","is_individual":true,"edcs_url":"https://edcs.hist.uzh.ch/en/document?edcs-id=EDCS-15800509","persons":[{"nomen":"Vavilius","gender":"unknown","raw_name":"C. Vavili"}]}},{"type":"Feature","geometry":{"type":"Point","coordinates":[13.58,42.85]},"properties":{"edcs_id":"EDCS-15800510","findspot":"Ascoli Piceno / Asculum Picenum","raw_text":"Loc(us) / T(iti) Vente(di) / C(ai) f(ilii) Afri / p(edes) q(uoquoversus) XX","date_from":0,"date_to":0,"marker_gender":"male","is_individual":true,"edcs_url":"https://edcs.hist.uzh.ch/en/document?edcs-id=EDCS-15800510","persons":[{"nomen":"Ventidius","gender":"male","raw_name":"T. Venteddi fili Afri","praenomen":"Titus","cognomen":"Afer","status":"C. filius"}]}},{"type":"Feature","geometry":{"type":"Point","coordinates":[13.58,42.85]},"properties":{"edcs_id":"EDCS-15800511","findspot":"Ascoli Piceno / Asculum Picenum","raw_text":"Ventidia Publi liberta Arescusa in fronte pedes XX in agro pedes","date_from":0,"date_to":0,"marker_gender":"female","is_individual":true,"edcs_url":"https://edcs.hist.uzh.ch/en/document?edcs-id=EDCS-15800511","persons":[{"nomen":"Ventidia","gender":"female","raw_name":"Ventidia P. liberta Arescusa","cognomen":"Aresca","status":"Publi liberta"}]}},{"type":"Feature","geometry":{"type":"Point","coordinates":[13.58,42.85]},"properties":{"edcs_id":"EDCS-15800513","findspot":"Ascoli Piceno / Asculum Picenum","raw_text":"Viv(unt) / C(ai) Vibi Pet(ronis?) f(ilii) / Fab(ia) Balbi / sibi et concub(inae) / sive ux{s}or(i) ei(us) et / T(iti) Loreni T(iti) l(iberti) / Amphionis l(iberto) / praeterea uni / in fr(onte) p(edes) XX / [","date_from":0,"date_to":0,"marker_gender":"male","is_individual":true,"edcs_url":"https://edcs.hist.uzh.ch/en/document?edcs-id=EDCS-15800513","persons":[{"nomen":"Vibius","gender":"male","raw_name":"C. Vib(i) Pet(ronis?) f. Fab. Balbi","praenomen":"Gaius","cognomen":"Balbus","status":"Petronis filius, Fabia"},{"nomen":"","gender":"male","raw_name":"T. Loreni T. l. Amphionis","cognomen":"Titus Lorenus Amphion","status":"tibi et concubinae sive uxori eius, Titi liberti"}]}},{"type":"Feature","geometry":{"type":"Point","coordinates":[13.58,42.85]},"properties":{"edcs_id":"EDCS-15800514","findspot":"Ascoli Piceno / Asculum Picenum","raw_text":"|(Obiit) Vicrena C(ai) l(iberta) / Antigona / posterisq(ue) / i(n) f(ronte) p(edes) XX i(n) a(gro) p(edes) XX","date_from":0,"date_to":0,"marker_gender":"female","is_individual":true,"edcs_url":"https://edcs.hist.uzh.ch/en/document?edcs-id=EDCS-15800514","persons":[{"nomen":"","gender":"female","raw_name":"Vicrena C. liberta Antigona","cognomen":"Antigona","status":"C. liberta, mulieris"}]}},{"type":"Feature","geometry":{"type":"Point","coordinates":[13.58,42.85]},"properties":{"edcs_id":"EDCS-15800517","findspot":"Ascoli Piceno / Asculum Picenum","raw_text":"venae mulieris libertae Ei sorori","date_from":0,"date_to":0,"marker_gender":"female","is_individual":true,"edcs_url":"https://edcs.hist.uzh.ch/en/document?edcs-id=EDCS-15800517","persons":[{"nomen":"","gender":"female","raw_name":"Eius","cognomen":"Eius","status":"mulieris liberta"}]}},{"type":"Feature","geometry":{"type":"Point","coordinates":[13.58,42.85]},"properties":{"edcs_id":"EDCS-15800525","findspot":"Ascoli Piceno / Asculum Picenum","raw_text":"e et Apetorebo","date_from":0,"date_to":0,"marker_gender":"male","is_individual":true,"edcs_url":"https://edcs.hist.uzh.ch/en/document?edcs-id=EDCS-15800525","persons":[{"nomen":"","gender":"male","raw_name":"Apetorebo","cognomen":"Apetorebo"}]}},{"type":"Feature","geometry":{"type":"Point","coordinates":[13.58,42.85]},"properties":{"edcs_id":"EDCS-15800526","findspot":"Ascoli Piceno / Asculum Picenum","raw_text":"] / viv<u=O>s f(ecit) / [1] Laria T(iti) <f=I>(ilia?) / Egelana P(ubli) f(ilia)","date_from":0,"date_to":0,"marker_gender":"female","is_individual":true,"edcs_url":"https://edcs.hist.uzh.ch/en/document?edcs-id=EDCS-15800526","persons":[{"nomen":"Laria","gender":"female","raw_name":"Laria T(iti) <f=I>(ilia?) Egelana P(ubli) f(ilia)","cognomen":"Egelana","status":"Titi filia"}]}},{"type":"Feature","geometry":{"type":"Point","coordinates":[13.58,42.85]},"properties":{"edcs_id":"EDCS-15800527","findspot":"Ascoli Piceno / Asculum Picenum","raw_text":"Quinti filius Fabia vir offa P","date_from":0,"date_to":0,"marker_gender":"male","is_individual":true,"edcs_url":"https://edcs.hist.uzh.ch/en/document?edcs-id=EDCS-15800527","persons":[{"nomen":"","gender":"male","raw_name":"[3]offa P[","cognomen":"Ioffa","status":"Q(uinti) f(ilius?), tribus: Fabia"}]}},{"type":"Feature","geometry":{"type":"Point","coordinates":[13.69,42.98]},"properties":{"edcs_id":"EDCS-15800532","findspot":"Cossignano","raw_text":"Lucio Afranio Auli filio consuli conscripti et coloni coloniae Vallis","date_from":0,"date_to":0,"marker_gender":"male","is_individual":false,"edcs_url":"https://edcs.hist.uzh.ch/en/document?edcs-id=EDCS-15800532","persons":[{"nomen":"Afranius","gender":"male","raw_name":"L. Afr[a]nio A. f. co(n)s(uli)","praenomen":"Lucius","status":"Auli filio consuli"}]}},{"type":"Feature","geometry":{"type":"Point","coordinates":[13.83,42.92]},"properties":{"edcs_id":"EDCS-15800533","findspot":"Monteprandone / Truentum / Castrum Truentinum","raw_text":"C(aius) Marcilius / Eros purpura(rius) / Vvir Truenti","date_from":0,"date_to":0,"marker_gender":"male","is_individual":true,"edcs_url":"https://edcs.hist.uzh.ch/en/document?edcs-id=EDCS-15800533","persons":[{"nomen":"Marcilius","gender":"male","raw_name":"Caius Marcilius Eros purpura(rius) Vvir Truenti","praenomen":"Caius","cognomen":"Eros","status":"purpurarius, vir Truenti"}]}},{"type":"Feature","geometry":{"type":"Point","coordinates":[13.88,42.95]},"properties":{"edcs_id":"EDCS-15800534","findspot":"San Benedetto del Tronto / Truentum / Castrum Truentinum","raw_text":"P(ublius) Pantilius / P(ubli) l(ibertus) Auctus / VIvir Aug(ustalis) / sibi et suis","date_from":0,"date_to":0,"marker_gender":"male","is_individual":true,"edcs_url":"https://edcs.hist.uzh.ch/en/document?edcs-id=EDCS-15800534","persons":[{"nomen":"Pantilius","gender":"male","raw_name":"P. Pantilius P. l. Auctus","praenomen":"Publius","cognomen":"Auctus","status":"libertus Publi, VIvir Aug(ustalis)"}]}},{"type":"Feature","geometry":{"type":"Point","coordinates":[13.73,42.9]},"properties":{"edcs_id":"EDCS-15800535","findspot":"Castorano","raw_text":"T(itus) Sentius Men() / scrib(a) VIvir / Gargonia Alete / uxor / T(itus) Sentius Chresimus","date_from":0,"date_to":0,"marker_gender":"mixed","is_individual":false,"edcs_url":"https://edcs.hist.uzh.ch/en/document?edcs-id=EDCS-15800535","persons":[{"nomen":"Sentius","gender":"male","raw_name":"T(itus) Sentius Men()   scrib(a) VIvir","praenomen":"Titus","cognomen":"Menophilos","status":"scriba VIvir"},{"nomen":"Gargonia","gender":"female","raw_name":"Gargonia Alete   uxor","cognomen":"Alete","status":"uxor"},{"nomen":"Sentius","gender":"male","raw_name":"T(itus) Sentius Chresimus","praenomen":"Titus","cognomen":"Chresimus"}]}},{"type":"Feature","geometry":{"type":"Point","coordinates":[13.83,42.92]},"properties":{"edcs_id":"EDCS-15800536","findspot":"Monteprandone / Truentum / Castrum Truentinum","raw_text":"Publius Buxurius Publi filius Truentinensis quiescit cui nomen Tracalo arte tecta salve","date_from":0,"date_to":0,"marker_gender":"male","is_individual":true,"edcs_url":"https://edcs.hist.uzh.ch/en/document?edcs-id=EDCS-15800536","persons":[{"nomen":"Buxurius","gender":"male","raw_name":"P. Buxurius P. f. Truentine(n)s(is)","praenomen":"Publius","cognomen":"Tracalo","status":"Publi filius"}]}},{"type":"Feature","geometry":{"type":"Point","coordinates":[13.83,42.92]},"properties":{"edcs_id":"EDCS-15800537","findspot":"Monteprandone / Truentum / Castrum Truentinum","raw_text":"Dis Manibus sacrum Anchariae Cai libertae Successae Argenus Cai Anchari Persei servus conlibertae bene merenti","date_from":0,"date_to":0,"marker_gender":"mixed","is_individual":true,"edcs_url":"https://edcs.hist.uzh.ch/en/document?edcs-id=EDCS-15800537","persons":[{"nomen":"Ancharia","gender":"female","raw_name":"Anchariae C. [l.](ibertae) Successae","cognomen":"Successa","status":"Cai liberta, bene merenti"},{"nomen":"Ancharius","gender":"male","raw_name":"Argenus C. Anchari Persei","praenomen":"Caius","cognomen":"Perseus","status":"conlibertae"}]}},{"type":"Feature","geometry":{"type":"Point","coordinates":[13.73,42.9]},"properties":{"edcs_id":"EDCS-15800538","findspot":"Castorano","raw_text":"Isutiae mulieris libertae Optatae Isutia Theumas filia matri posuit","date_from":0,"date_to":0,"marker_gender":"female","is_individual":false,"edcs_url":"https://edcs.hist.uzh.ch/en/document?edcs-id=EDCS-15800538","persons":[{"nomen":"Isutia","gender":"female","raw_name":"Isutiae |(mulieris) l(ibertae)   Optatae","cognomen":"Optata","status":"mulieris liberta"},{"nomen":"Isutia","gender":"female","raw_name":"Isutia Theumas   filia   matri posuit","cognomen":"Theumas","status":"filia matri posuit"}]}},{"type":"Feature","geometry":{"type":"Point","coordinates":[13.73,42.9]},"properties":{"edcs_id":"EDCS-15800539","findspot":"Castorano","raw_text":"Iuliae Ampliatae Publius Statius Se filius matri posuit","date_from":0,"date_to":0,"marker_gender":"mixed","is_individual":false,"edcs_url":"https://edcs.hist.uzh.ch/en/document?edcs-id=EDCS-15800539","persons":[{"nomen":"Iulia","gender":"female","raw_name":"Iuliae   [Amp]liatae","cognomen":"Ampliata"},{"nomen":"Statius","gender":"male","raw_name":"P(ublius) Statius Se [3 f]ilius   matri posuit","praenomen":"Publius","status":"filius matri posuit"}]}},{"type":"Feature","geometry":{"type":"Point","coordinates":[13.73,42.9]},"properties":{"edcs_id":"EDCS-15800540","findspot":"Castorano","raw_text":"Sentia C(ai) f(ilia) Suetia / sibi et / P(ublio) Audieno Q(uinti) f(ilio) / Fab(ia) Capitoni viro / suo / in f(ronte) p(edes) XIII in (!) p(edes) XIII","date_from":0,"date_to":0,"marker_gender":"mixed","is_individual":false,"edcs_url":"https://edcs.hist.uzh.ch/en/document?edcs-id=EDCS-15800540","persons":[{"nomen":"Sentia","gender":"female","raw_name":"Sentia C(ai) f(ilia) Suetia","cognomen":"Suetia","status":"Cai filia"},{"nomen":"Audienus","gender":"male","raw_name":"P(ublio) Audieno Q(uinti) f(ilio)   Fab(ia) Capitoni viro   suo","praenomen":"Publius","cognomen":"Capito","status":"Quinti filio, Fabia, suo"}]}},{"type":"Feature","geometry":{"type":"Point","coordinates":[13.85,43.03]},"properties":{"edcs_id":"EDCS-15800549","findspot":"Cupra Marittima / Marano / Cupra Maritima","raw_text":"Imp(erator) Caesar divi Traiani / Parthici f(ilius) divi Nervae nep(os) / Traianus Hadrianus Aug(ustus) / pontif(ex) max{s}(imus) trib(unicia) potesta(te) XI / co(n)s(ul) III munificentia sua / templum deae Cuprae / restituit","date_from":0,"date_to":0,"marker_gender":"male","is_individual":false,"edcs_url":"https://edcs.hist.uzh.ch/en/document?edcs-id=EDCS-15800549","persons":[{"nomen":"Traianus","gender":"male","raw_name":"Imp. Caesar divi Traiani   Parthici f. divi Nervae nep.   Traianus Hadrianus Aug.","cognomen":"Hadrianus","status":"Imperator Caesar divi Traiani Parthici filius divi Nervae nepos, pontifex maximus, tribunici potestatem XI, consul III","is_imperial":true}]}},{"type":"Feature","geometry":{"type":"Point","coordinates":[13.86,43.03]},"properties":{"edcs_id":"EDCS-15800550","findspot":"Cupra Marittima / Marano / Cupra Maritima","raw_text":"Veidia T(iti) l(iberta) Auge et / Iulia C(ai) l(iberta) Urbana / mag(istrae) Veneri(s) d(ederunt?)","date_from":0,"date_to":0,"marker_gender":"female","is_individual":false,"edcs_url":"https://edcs.hist.uzh.ch/en/document?edcs-id=EDCS-15800550","persons":[{"nomen":"Veidia","gender":"female","raw_name":"Veidia T. l. Auge","cognomen":"Auge","status":"Titi liberta, magistra Veneris"},{"nomen":"Iulia","gender":"female","raw_name":"Iulia C. l. Urbana","cognomen":"Urbana","status":"Cai liberta, magistra Veneris"}]}},{"type":"Feature","geometry":{"type":"Point","coordinates":[13.86,43.03]},"properties":{"edcs_id":"EDCS-15800555","findspot":"Cupra Marittima / Marano / Cupra Maritima","raw_text":"Mirae pietatis sapientia huius et innocentiae totius consularis Siciliae vicarius Africae coniugi dulcissimo Castorio qui vixit annos XXXV menses VIII dies XV recessit III Idus Decembres depositus Idibus Decembribus ddominis nnostris Arcadio et Bautoni conssulibus","date_from":0,"date_to":0,"marker_gender":"male","is_individual":false,"edcs_url":"https://edcs.hist.uzh.ch/en/document?edcs-id=EDCS-15800555","persons":[{"nomen":"","gender":"male","raw_name":"Castorio qui vixit ann(os) XXXV m(enses) VIII d(ies) XV   recessit III Idus Dec(embres) depositus Idibus   Dec(embribus)","cognomen":"Castorius","status":"coniugi dulcissimo, qui vixit annos XXXV menses VIII dies XV, recessit III Idus Decembres depositus Idibus Decembribus"}]}},{"type":"Feature","geometry":{"type":"Point","coordinates":[13.86,43.03]},"properties":{"edcs_id":"EDCS-15900590","findspot":"Cupra Marittima / Marano / Cupra Maritima","raw_text":"L(ucius) Caecilius Proculus / L(ucius) Caecilius Cinnamus / pater pe<c=Q>(unia) sua / ob hoc August(alitas) et VIvir(atus) / d(ecreto) d(ecurionum) gratis dat(us) est / memor[3] [[TIGIAE]]","date_from":0,"date_to":0,"marker_gender":"male","is_individual":false,"edcs_url":"https://edcs.hist.uzh.ch/en/document?edcs-id=EDCS-15900590","persons":[{"nomen":"Caecilius","gender":"male","raw_name":"L. Caecilius Proculus","praenomen":"Lucius","cognomen":"Proculus"},{"nomen":"Caecilius","gender":"male","raw_name":"L. Caecilius Cinnamus","praenomen":"Lucius","cognomen":"Cinnamus"}]}},{"type":"Feature","geometry":{"type":"Point","coordinates":[13.86,43.03]},"properties":{"edcs_id":"EDCS-15900591","findspot":"Cupra Marittima / Marano / Cupra Maritima","raw_text":"L(ucius?) Ofa[3] / Auct[3] / Aug[3] / feci[t(?)","date_from":0,"date_to":0,"marker_gender":"unknown","is_individual":false,"edcs_url":"https://edcs.hist.uzh.ch/en/document?edcs-id=EDCS-15900591","persons":[{"nomen":"Ofa","gender":"unknown","raw_name":"L. Ofa[3] Auct[3] Aug[3]","cognomen":"Auct","status":"Aug[3]"}]}},{"type":"Feature","geometry":{"type":"Point","coordinates":[13.86,43.03]},"properties":{"edcs_id":"EDCS-15900592","findspot":"Cupra Marittima / Marano / Cupra Maritima","raw_text":"[L(ucio)] Publicio L(uci) f(ilio) Ve[l(ina)] / Consultino / equo publico iudi/ci selecto decursi / quinque Procilla / mater","date_from":0,"date_to":0,"marker_gender":"mixed","is_individual":false,"edcs_url":"https://edcs.hist.uzh.ch/en/document?edcs-id=EDCS-15900592","persons":[{"nomen":"Publicius","gender":"male","raw_name":"[L. Publicio L. f. Vel. Consultino","praenomen":"Lucius","cognomen":"Consultinus","status":"L. f(ilius), equo publico iudici selecto decursi quinque, tribus: Velina"},{"nomen":"","gender":"female","raw_name":"Procilla","cognomen":"Procilla","status":"mater","cluster_id":1323,"cluster_size":2,"cluster_confidence":"low"}]}},{"type":"Feature","geometry":{"type":"Point","coordinates":[13.86,43.03]},"properties":{"edcs_id":"EDCS-15900593","findspot":"Cupra Marittima / Marano / Cupra Maritima","raw_text":"Publiciae L(uci) f(iliae) / Bassillae filiae / Procilla mater","date_from":0,"date_to":0,"marker_gender":"female","is_individual":false,"edcs_url":"https://edcs.hist.uzh.ch/en/document?edcs-id=EDCS-15900593","persons":[{"nomen":"Publicia","gender":"female","raw_name":"Publiciae L. f. Bassillae","cognomen":"Bassilla","status":"L. filia, filiae"},{"nomen":"","gender":"female","raw_name":"Procilla","cognomen":"Procilla","status":"mater","cluster_id":1323,"cluster_size":2,"cluster_confidence":"low"}]}},{"type":"Feature","geometry":{"type":"Point","coordinates":[13.86,43.03]},"properties":{"edcs_id":"EDCS-15900594","findspot":"Cupra Marittima / Marano / Cupra Maritima","raw_text":"P(ublius) Rupilius A(uli) f(ilius) / L(ucius) Minicius L(uci) f(ilius) / duovir(i) / campum et macer(iam) / ex d(ecurionum) d(ecreto) faciund(um) / coer(averunt) idem(que) prob(averunt)","date_from":0,"date_to":0,"marker_gender":"male","is_individual":false,"edcs_url":"https://edcs.hist.uzh.ch/en/document?edcs-id=EDCS-15900594","persons":[{"nomen":"Rupilius","gender":"male","raw_name":"P. Rupilius A. f.","praenomen":"Publius","status":"A. filius, duovir"},{"nomen":"Minicius","gender":"male","raw_name":"L. Minicius L. f.","praenomen":"Lucius","status":"L. filius, duovir"}]}},{"type":"Feature","geometry":{"type":"Point","coordinates":[13.86,43.03]},"properties":{"edcs_id":"EDCS-15900596","findspot":"Cupra Marittima / Marano / Cupra Maritima","raw_text":"D(is) M(anibus) / P(ublio) Sentio Fe/lici Aug(ustali) Ra/vennae neg/otiatori / oliario / Sextilia Ad/iecta mari/to optimo","date_from":0,"date_to":0,"marker_gender":"mixed","is_individual":false,"edcs_url":"https://edcs.hist.uzh.ch/en/document?edcs-id=EDCS-15900596","persons":[{"nomen":"Sentius","gender":"male","raw_name":"P. Sentio Felici","praenomen":"Publius","cognomen":"Felix","status":"Augustalis, negotiator, negotianti, oliario"},{"nomen":"","gender":"female","raw_name":"Adiecta","cognomen":"Adiecta","status":"marito optimo"}]}},{"type":"Feature","geometry":{"type":"Point","coordinates":[13.86,43.03]},"properties":{"edcs_id":"EDCS-15900599","findspot":"Cupra Marittima / Marano / Cupra Maritima","raw_text":"[3]antius L(uci) [3] / [3]t P(ubli) Ulvi nomi[3] / [3] d(e) s(uo) d(edit)","date_from":0,"date_to":0,"marker_gender":"unknown","is_individual":false,"edcs_url":"https://edcs.hist.uzh.ch/en/document?edcs-id=EDCS-15900599","persons":[{"nomen":"antius","gender":"unknown","raw_name":"[3]antius L. [3] [3]t P. Ulvi nomi[3]","cognomen":"t","status":"P. Ulvi nomi[3]"}]}},{"type":"Feature","geometry":{"type":"Point","coordinates":[13.86,43.03]},"properties":{"edcs_id":"EDCS-15900600","findspot":"Cupra Marittima / Marano / Cupra Maritima","raw_text":"] L(ucius) Ae[3] C(aius) Rufren[us 3] / ae[3 a]edificandam [3]","date_from":0,"date_to":0,"marker_gender":"male","is_individual":false,"edcs_url":"https://edcs.hist.uzh.ch/en/document?edcs-id=EDCS-15900600","persons":[{"nomen":"Ae","gender":"male","raw_name":"L. Ae[3]","praenomen":"Lucius"},{"nomen":"Rufrenus","gender":"male","raw_name":"C. Rufren[us 3]","praenomen":"Caius"}]}},{"type":"Feature","geometry":{"type":"Point","coordinates":[13.86,43.03]},"properties":{"edcs_id":"EDCS-15900603","findspot":"Cupra Marittima / Marano / Cupra Maritima","raw_text":"T(ito) Baebio |(mulieris) l(iberto) / Potito et sibi / Arsinia C(ai) l(iberta) / Thalassa / viva fecit","date_from":0,"date_to":0,"marker_gender":"mixed","is_individual":false,"edcs_url":"https://edcs.hist.uzh.ch/en/document?edcs-id=EDCS-15900603","persons":[{"nomen":"","gender":"male","raw_name":"T. Baebio |(mulieris) l. Potito","cognomen":"Potitus","status":"T. Baebio mulieris liberto"},{"nomen":"Arsinia","gender":"female","raw_name":"Arsinia C. l. Thalassa","cognomen":"Thalassa","status":"C. liberta, viva fecit"}]}},{"type":"Feature","geometry":{"type":"Point","coordinates":[13.86,43.03]},"properties":{"edcs_id":"EDCS-15900604","findspot":"Cupra Marittima / Marano / Cupra Maritima","raw_text":"Ossa M(arci) Caesi","date_from":0,"date_to":0,"marker_gender":"male","is_individual":false,"edcs_url":"https://edcs.hist.uzh.ch/en/document?edcs-id=EDCS-15900604","persons":[{"nomen":"Caesius","gender":"male","raw_name":"Ossa M. Caesi","cognomen":"Ossa"}]}},{"type":"Feature","geometry":{"type":"Point","coordinates":[13.86,43.03]},"properties":{"edcs_id":"EDCS-15900605","findspot":"Cupra Marittima / Marano / Cupra Maritima","raw_text":"Ossa / T(iti) Calvii / U[3]lanci / CT[3]S / TL[","date_from":0,"date_to":0,"marker_gender":"male","is_individual":false,"edcs_url":"https://edcs.hist.uzh.ch/en/document?edcs-id=EDCS-15900605","persons":[{"nomen":"Calvius","gender":"male","raw_name":"T. Calvii U[3]lanci","cognomen":"Ulanus"}]}},{"type":"Feature","geometry":{"type":"Point","coordinates":[13.86,43.03]},"properties":{"edcs_id":"EDCS-15900606","findspot":"Cupra Marittima / Marano / Cupra Maritima","raw_text":"] / D[3]cun/da Celadus / quem iust(a) / cineribus / tuis <v=I>(ixit?) a(nnos) XXX","date_from":0,"date_to":0,"marker_gender":"male","is_individual":false,"edcs_url":"https://edcs.hist.uzh.ch/en/document?edcs-id=EDCS-15900606","persons":[{"nomen":"","gender":"male","raw_name":"Celadus","cognomen":"Celadus"},{"nomen":"","gender":"unknown","raw_name":"D[3]cun","cognomen":"Cun"}]}},{"type":"Feature","geometry":{"type":"Point","coordinates":[13.86,43.03]},"properties":{"edcs_id":"EDCS-15900607","findspot":"Cupra Marittima / Marano / Cupra Maritima","raw_text":"D(is) M(anibus) / Cossiniae / Fortuna/tae con(iugi) / b(ene) m(erenti) / P(ublius) Petroni/us Procu/lus fec(it)","date_from":0,"date_to":0,"marker_gender":"mixed","is_individual":false,"edcs_url":"https://edcs.hist.uzh.ch/en/document?edcs-id=EDCS-15900607","persons":[{"nomen":"Cossinia","gender":"female","raw_name":"Cossiniae Fortuna tae","cognomen":"Fortunata","status":"coniugi bene merenti"},{"nomen":"Petronius","gender":"male","raw_name":"P. Petronius Proculu","praenomen":"Publius","cognomen":"Proculus"}]}},{"type":"Feature","geometry":{"type":"Point","coordinates":[13.86,43.03]},"properties":{"edcs_id":"EDCS-15900608","findspot":"Cupra Marittima / Marano / Cupra Maritima","raw_text":"C(aius) Fufius Lathris / Cassia T(iti) l(iberta?) [","date_from":0,"date_to":0,"marker_gender":"mixed","is_individual":false,"edcs_url":"https://edcs.hist.uzh.ch/en/document?edcs-id=EDCS-15900608","persons":[{"nomen":"Fufius","gender":"male","raw_name":"C. Fufius Lathris","praenomen":"Gaius","cognomen":"Lathris"},{"nomen":"Cassia","gender":"female","raw_name":"Cassia T. l. [","status":"Titi liberta"}]}},{"type":"Feature","geometry":{"type":"Point","coordinates":[13.86,43.03]},"properties":{"edcs_id":"EDCS-15900609","findspot":"Cupra Marittima / Marano / Cupra Maritima","raw_text":"Ossa / Herenniae / Helice","date_from":0,"date_to":0,"marker_gender":"female","is_individual":false,"edcs_url":"https://edcs.hist.uzh.ch/en/document?edcs-id=EDCS-15900609","persons":[{"nomen":"Herennia","gender":"female","raw_name":"Herenniae Helice","cognomen":"Helice"}]}},{"type":"Feature","geometry":{"type":"Point","coordinates":[13.86,43.03]},"properties":{"edcs_id":"EDCS-15900610","findspot":"Cupra Marittima / Marano / Cupra Maritima","raw_text":"Laetus collibertus frater posuit","date_from":0,"date_to":0,"marker_gender":"male","is_individual":false,"edcs_url":"https://edcs.hist.uzh.ch/en/document?edcs-id=EDCS-15900610","persons":[{"nomen":"","gender":"male","raw_name":"Laetus collib. frater","cognomen":"Laetus","status":"collibertus, frater"}]}},{"type":"Feature","geometry":{"type":"Point","coordinates":[13.86,43.03]},"properties":{"edcs_id":"EDCS-15900611","findspot":"Cupra Marittima / Marano / Cupra Maritima","raw_text":"VIBIIIEVFIL Liccaeus vixit annos XXX","date_from":0,"date_to":0,"marker_gender":"male","is_individual":false,"edcs_url":"https://edcs.hist.uzh.ch/en/document?edcs-id=EDCS-15900611","persons":[{"nomen":"","gender":"male","raw_name":"Liccaeus","cognomen":"Liccaeus"}]}},{"type":"Feature","geometry":{"type":"Point","coordinates":[13.86,43.03]},"properties":{"edcs_id":"EDCS-15900612","findspot":"Cupra Marittima / Marano / Cupra Maritima","raw_text":"D(is) M(anibus) / M(arcus) Livius M(arci) l(ibertus) / Gallus / sibi et suis viv<u=O>s / fecit","date_from":0,"date_to":0,"marker_gender":"male","is_individual":false,"edcs_url":"https://edcs.hist.uzh.ch/en/document?edcs-id=EDCS-15900612","persons":[{"nomen":"Livius","gender":"male","raw_name":"M. Livius M. l. Gallus","praenomen":"Marcus","cognomen":"Gallus","status":"libertus Marci, sibi et suis vivus fecit"}]}},{"type":"Feature","geometry":{"type":"Point","coordinates":[13.86,43.03]},"properties":{"edcs_id":"EDCS-15900613","findspot":"Cupra Marittima / Marano / Cupra Maritima","raw_text":"]VII / [3]rcia / Q(uinti) l(iberta) Musa / mater v(iva) f(ecit) / sibi et filiae","date_from":0,"date_to":0,"marker_gender":"female","is_individual":false,"edcs_url":"https://edcs.hist.uzh.ch/en/document?edcs-id=EDCS-15900613","persons":[{"nomen":"","gender":"female","raw_name":"Q. l. Musa","cognomen":"Musa","status":"Quinti liberta, mater viva fecit sibi et filiae"},{"nomen":"","gender":"female","raw_name":"[3]rcia","cognomen":"Arcia"}]}},{"type":"Feature","geometry":{"type":"Point","coordinates":[13.86,43.03]},"properties":{"edcs_id":"EDCS-15900614","findspot":"Cupra Marittima / Marano / Cupra Maritima","raw_text":"L(uci) Nummi L(uci) l(iberti) Herm() / L(uci) Obulci L(uci) l(iberti) Pyrri / Nummiae Acume / ex test(amento) / L(uci) Obulci L(uci) l(iberti) Pyrri / arbitr(atu) / Nummiae Acumin()","date_from":0,"date_to":0,"marker_gender":"mixed","is_individual":false,"edcs_url":"https://edcs.hist.uzh.ch/en/document?edcs-id=EDCS-15900614","persons":[{"nomen":"Nummius","gender":"male","raw_name":"L. Nummi L. l. Herm()","praenomen":"Lucius","cognomen":"Hermes","status":"Luci libertus"},{"nomen":"Obulcius","gender":"male","raw_name":"L. Obulci L. l. Pyrri","praenomen":"Lucius","cognomen":"Pyrrus","status":"Luci libertus"},{"nomen":"Nummia","gender":"female","raw_name":"Nummiae Acume","cognomen":"Acume","status":"ex testamento Luci Obulci Luci liberti Pyrri arbitr(atu)"}]}},{"type":"Feature","geometry":{"type":"Point","coordinates":[13.86,43.03]},"properties":{"edcs_id":"EDCS-15900615","findspot":"Cupra Marittima / Marano / Cupra Maritima","raw_text":"T(itus) Olius T(iti) f(ilius) et / T(itus) Olius T(iti) l(ibertus) Ingenu<u=O>s et / Olia T(iti) l(iberta) Erotis et / Olia T(iti) l(iberta) Nice","date_from":0,"date_to":0,"marker_gender":"mixed","is_individual":false,"edcs_url":"https://edcs.hist.uzh.ch/en/document?edcs-id=EDCS-15900615","persons":[{"nomen":"Olius","gender":"male","raw_name":"T. Olius T. f. Ingenu<u=O>s","praenomen":"Titus","cognomen":"Ingenuus","status":"Titi filius"},{"nomen":"Olia","gender":"female","raw_name":"Olia T. l. Erotis","cognomen":"Erotis","status":"Titi liberta"},{"nomen":"Olia","gender":"female","raw_name":"Olia T. l. Nice","cognomen":"Nice","status":"Titi liberta"}]}},{"type":"Feature","geometry":{"type":"Point","coordinates":[13.86,43.03]},"properties":{"edcs_id":"EDCS-15900616","findspot":"Cupra Marittima / Marano / Cupra Maritima","raw_text":"Lucius P Traso","date_from":0,"date_to":0,"marker_gender":"male","is_individual":false,"edcs_url":"https://edcs.hist.uzh.ch/en/document?edcs-id=EDCS-15900616","persons":[{"nomen":"","gender":"male","raw_name":"L. P() Traso [","praenomen":"Lucius","cognomen":"Traso","status":"P. (?)"}]}},{"type":"Feature","geometry":{"type":"Point","coordinates":[13.86,43.03]},"properties":{"edcs_id":"EDCS-15900617","findspot":"Cupra Marittima / Marano / Cupra Maritima","raw_text":"mors immatura fecit] / ut faceret p[ater(?) 3] / L(ucius) Pituaniu[s 3] / Quintilla f(ilia?) [","date_from":0,"date_to":0,"marker_gender":"female","is_individual":false,"edcs_url":"https://edcs.hist.uzh.ch/en/document?edcs-id=EDCS-15900617","persons":[{"nomen":"Pituanius","gender":"female","raw_name":"L. Pituaniu[s 3] Quintilla f(ilia?) [","praenomen":"Lucius","cognomen":"Quintilla","status":"filius (?), pater (?)"}]}},{"type":"Feature","geometry":{"type":"Point","coordinates":[13.86,43.03]},"properties":{"edcs_id":"EDCS-15900618","findspot":"Cupra Marittima / Marano / Cupra Maritima","raw_text":"L(ucio) Pomponio C(ai) f(ilio) / [C]orbuloni / [3 d]uovi[ro","date_from":0,"date_to":0,"marker_gender":"male","is_individual":false,"edcs_url":"https://edcs.hist.uzh.ch/en/document?edcs-id=EDCS-15900618","persons":[{"nomen":"Pomponius","gender":"male","raw_name":"L. Pomponio C. f. [C]orbuloni","praenomen":"Lucius","cognomen":"Corbulonis","status":"Cai filio, duovi(ro)"}]}},{"type":"Feature","geometry":{"type":"Point","coordinates":[13.86,43.03]},"properties":{"edcs_id":"EDCS-15900619","findspot":"Cupra Marittima / Marano / Cupra Maritima","raw_text":"[D(is)] M(anibus) s(acrum) / [3]tio / [3]hino / [3] Primitia / [bene] merenti fec(it)","date_from":0,"date_to":0,"marker_gender":"mixed","is_individual":false,"edcs_url":"https://edcs.hist.uzh.ch/en/document?edcs-id=EDCS-15900619","persons":[{"nomen":"","gender":"female","raw_name":"[3] Primitia","cognomen":"Primitia","status":"bene merenti fecit"},{"nomen":"","gender":"male","raw_name":"[3]hino","cognomen":"Thinus"},{"nomen":"","gender":"unknown","raw_name":"[3]tio","cognomen":"Tius"}]}},{"type":"Feature","geometry":{"type":"Point","coordinates":[13.86,43.03]},"properties":{"edcs_id":"EDCS-15900620","findspot":"Cupra Marittima / Marano / Cupra Maritima","raw_text":"C(aius) Tarquinius C(ai) f(ilius) / Vel(ina) Pollio / hic adquiescit / in a(gro) p(edes) XX / in f(ronte) p(edes) XX","date_from":0,"date_to":0,"marker_gender":"male","is_individual":false,"edcs_url":"https://edcs.hist.uzh.ch/en/document?edcs-id=EDCS-15900620","persons":[{"nomen":"Tarquinius","gender":"male","raw_name":"C. Tarquinius C. f. Vel. Pollio","praenomen":"Gaius","cognomen":"Pollio","status":"Cai filius, tribus: Velina, hic adquiescit in agro pedes XX in fronte pedes XX"}]}},{"type":"Feature","geometry":{"type":"Point","coordinates":[13.86,43.03]},"properties":{"edcs_id":"EDCS-15900621","findspot":"Cupra Marittima / Marano / Cupra Maritima","raw_text":"Tulliena / Herais / hic cubat / filius po/suit pius","date_from":0,"date_to":0,"marker_gender":"female","is_individual":false,"edcs_url":"https://edcs.hist.uzh.ch/en/document?edcs-id=EDCS-15900621","persons":[{"nomen":"","gender":"female","raw_name":"Herais","cognomen":"Herais"}]}},{"type":"Feature","geometry":{"type":"Point","coordinates":[13.86,43.03]},"properties":{"edcs_id":"EDCS-15900622","findspot":"Cupra Marittima / Marano / Cupra Maritima","raw_text":"Ossa / T(iti) Veidi Optati / vix(it) an(nos) XXXI","date_from":0,"date_to":0,"marker_gender":"male","is_individual":false,"edcs_url":"https://edcs.hist.uzh.ch/en/document?edcs-id=EDCS-15900622","persons":[{"nomen":"Veidius","gender":"male","raw_name":"T. Veidi Optati","praenomen":"Titus","cognomen":"Optatus"}]}},{"type":"Feature","geometry":{"type":"Point","coordinates":[13.86,43.03]},"properties":{"edcs_id":"EDCS-15900624","findspot":"Cupra Marittima / Marano / Cupra Maritima","raw_text":"] Vibio L(uci) f(ilio) Maec(ia) / [3]a Caninia [3] / [3] et |(mulieris) lib(erta) Aucta / [c]oniugis quam / ut vix{s}erunt / concordes fuerunt / [p]osuit Philonicius / et Grata libert(i)","date_from":0,"date_to":0,"marker_gender":"mixed","is_individual":false,"edcs_url":"https://edcs.hist.uzh.ch/en/document?edcs-id=EDCS-15900624","persons":[{"nomen":"Vibius","gender":"male","raw_name":"] Vibio L. filio Maec(ia)","praenomen":"Lucius","status":"filius, tribus: Maecia"},{"nomen":"Caninia","gender":"female","raw_name":"[3]a Caninia [3]"},{"nomen":"","gender":"female","raw_name":"|(mulieris) lib(erta) Aucta","cognomen":"Aucta","status":"mulieris liberta"}]}},{"type":"Feature","geometry":{"type":"Point","coordinates":[13.86,43.03]},"properties":{"edcs_id":"EDCS-15900625","findspot":"Cupra Marittima / Marano / Cupra Maritima","raw_text":"Ossa / A(uli) Volumni A(uli) l(iberti) / Platani","date_from":0,"date_to":0,"marker_gender":"male","is_individual":false,"edcs_url":"https://edcs.hist.uzh.ch/en/document?edcs-id=EDCS-15900625","persons":[{"nomen":"Volumnius","gender":"male","raw_name":"A. Volumni A. l. Platani","praenomen":"Aulus","cognomen":"Platanus","status":"Auli libertus"}]}},{"type":"Feature","geometry":{"type":"Point","coordinates":[13.86,43.03]},"properties":{"edcs_id":"EDCS-15900628","findspot":"Cupra Marittima / Marano / Cupra Maritima","raw_text":"Dis Manibus Gaius F A Primum coniugi Thicchie Cupre","date_from":0,"date_to":0,"marker_gender":"mixed","is_individual":false,"edcs_url":"https://edcs.hist.uzh.ch/en/document?edcs-id=EDCS-15900628","persons":[{"nomen":"","gender":"male","raw_name":"G. F. A. Primum","praenomen":"Gaius","cognomen":"Primum"},{"nomen":"","gender":"female","raw_name":"Thicchie Cupre","cognomen":"Thicchia Cupra","status":"coniugi"}]}},{"type":"Feature","geometry":{"type":"Point","coordinates":[13.86,43.03]},"properties":{"edcs_id":"EDCS-15900629","findspot":"Cupra Marittima / Marano / Cupra Maritima","raw_text":"Certe Cupra vixit annos manente hic dedit","date_from":0,"date_to":0,"marker_gender":"female","is_individual":false,"edcs_url":"https://edcs.hist.uzh.ch/en/document?edcs-id=EDCS-15900629","persons":[{"nomen":"","gender":"female","raw_name":"Certe Cupra","cognomen":"Cupra"}]}},{"type":"Feature","geometry":{"type":"Point","coordinates":[13.86,43.03]},"properties":{"edcs_id":"EDCS-15900630","findspot":"Cupra Marittima / Marano / Cupra Maritima","raw_text":"]e / mammae / suae","date_from":0,"date_to":0,"marker_gender":"female","is_individual":false,"edcs_url":"https://edcs.hist.uzh.ch/en/document?edcs-id=EDCS-15900630","persons":[{"nomen":"","gender":"female","raw_name":"mammae","cognomen":"Mamma"}]}},{"type":"Feature","geometry":{"type":"Point","coordinates":[13.86,43.03]},"properties":{"edcs_id":"EDCS-15900636","findspot":"Cupra Marittima / Marano / Cupra Maritima","raw_text":"Artas heres fecit depositio Pauli et Eufimiae sponsorum die sabbato V Idus Februarias consulatu Basili","date_from":0,"date_to":0,"marker_gender":"male","is_individual":false,"edcs_url":"https://edcs.hist.uzh.ch/en/document?edcs-id=EDCS-15900636","persons":[{"nomen":"","gender":"male","raw_name":"Arta(s)","cognomen":"Arta"}]}},{"type":"Feature","geometry":{"type":"Point","coordinates":[13.86,43.03]},"properties":{"edcs_id":"EDCS-15900637","findspot":"Cupra Marittima / Marano / Cupra Maritima","raw_text":"Pax Emimo","date_from":0,"date_to":0,"marker_gender":"mixed","is_individual":false,"edcs_url":"https://edcs.hist.uzh.ch/en/document?edcs-id=EDCS-15900637","persons":[{"nomen":"","gender":"female","raw_name":"Pax","cognomen":"Pax","is_deity":true,"cluster_confidence":"excluded"},{"nomen":"","gender":"male","raw_name":"Emimo(?)","cognomen":"Emo"}]}},{"type":"Feature","geometry":{"type":"Point","coordinates":[13.72,43.16]},"properties":{"edcs_id":"EDCS-15900639","findspot":"Fermo / Firmum Picenum","raw_text":"L(ucius) Pescenius T(iti) f(ilius) / M<e=I>rcurio dono dedit mereto // Sacra Iovi Stigio","date_from":0,"date_to":0,"marker_gender":"male","is_individual":false,"edcs_url":"https://edcs.hist.uzh.ch/en/document?edcs-id=EDCS-15900639","persons":[{"nomen":"Pescennius","gender":"male","raw_name":"L. Pescenius T. f. Mercurio","praenomen":"Lucius","cognomen":"Mercurius","status":"Titi filius"}]}},{"type":"Feature","geometry":{"type":"Point","coordinates":[13.72,43.16]},"properties":{"edcs_id":"EDCS-16000364","findspot":"Fermo / Firmum Picenum","raw_text":"Lucius Terentios Luci filius Caius Aprufenios Cai filius Lucius Turpilios Cai filius Marcus Albanios Luci filius Titus Munatios Titi filius quaestores aire moltaticod dederont","date_from":0,"date_to":0,"marker_gender":"male","is_individual":false,"edcs_url":"https://edcs.hist.uzh.ch/en/document?edcs-id=EDCS-16000364","persons":[{"nomen":"Terentius","gender":"male","raw_name":"L. Terentios L. f.","praenomen":"Lucius","status":"Luci filius"},{"nomen":"Aprufenius","gender":"male","raw_name":"C. Aprufenios C. f.","praenomen":"Caius","status":"Cai filius"},{"nomen":"Turpilius","gender":"male","raw_name":"L. Turpilios C. f.","praenomen":"Lucius","status":"Cai filius"},{"nomen":"Albanius","gender":"male","raw_name":"M. Albanios L. f.","praenomen":"Marcus","status":"Luci filius"},{"nomen":"Munatius","gender":"male","raw_name":"T. Munatios T. f.","praenomen":"Titus","status":"Titi filius"}]}},{"type":"Feature","geometry":{"type":"Point","coordinates":[13.72,43.16]},"properties":{"edcs_id":"EDCS-16000365","findspot":"Fermo / Firmum Picenum","raw_text":"S(ilvano) S(ancto) C(onservatori) s(acrum) / pro salute / L(uci) Hermoni / Forensiani / fili(i) sui / L(ucius) Hermoniu[s] / Pierus / fecit","date_from":0,"date_to":0,"marker_gender":"male","is_individual":false,"edcs_url":"https://edcs.hist.uzh.ch/en/document?edcs-id=EDCS-16000365","persons":[{"nomen":"Hermonius","gender":"male","raw_name":"L. Hermoni Forensiani fili sui L. Hermonius Pierus","praenomen":"Lucius","cognomen":"Pierus","status":"filius sui, Silvano Sancto Conservatori sacrum"}]}},{"type":"Feature","geometry":{"type":"Point","coordinates":[13.72,43.16]},"properties":{"edcs_id":"EDCS-16000367","findspot":"Fermo / Firmum Picenum","raw_text":"M(arco) Aelio Aurelio / Caes(ari) co(n)s(uli) II fil(io) / Imp(eratoris) Antonini Aug(usti) Pii / p(atri) p(atriae) d(ecreto) d(ecurionum) p(ublice)","date_from":0,"date_to":0,"marker_gender":"male","is_individual":false,"edcs_url":"https://edcs.hist.uzh.ch/en/document?edcs-id=EDCS-16000367","persons":[{"nomen":"Aelius","gender":"male","raw_name":"M. Aelio Aurelio Caes. co(n)s(uli) II fil(io) Imp. Antonini Aug. Pii","praenomen":"Marcus","cognomen":"Aurelius Caesar","status":"consuli II filio Imp. Antonini Aug. Pii patri patriae","is_imperial":true}]}},{"type":"Feature","geometry":{"type":"Point","coordinates":[13.72,43.16]},"properties":{"edcs_id":"EDCS-16000370","findspot":"Fermo / Firmum Picenum","raw_text":"T(ito) Appalio T(iti) f(ilio) Vel(ina) / Alfino Secundo / proc(uratori) August(i) XX(vicesimae) hered(itatium) / proc(uratori) Alpi(um) Atrectianarum / praef(ecto) vehicul(orum) subpraef(ecto) / class(is) praet(oriae) Ravenn(atis) pr(aefecto) / alae I Aug(ustae) Thrac(um) trib(uno) coh(ortis) / I Aeliae Britton(um) praef(ecto) / coh(ortis) IIII Gallor(um) patron(o) / colon(iae) flamini divor(um) / omnium augur(i) / IIvir(o) quinq(uennali) bis / ob merita eius / d(ecreto) d(ecurionum)","date_from":0,"date_to":0,"marker_gender":"male","is_individual":false,"edcs_url":"https://edcs.hist.uzh.ch/en/document?edcs-id=EDCS-16000370","persons":[{"nomen":"Appalius","gender":"male","raw_name":"T. Appalio T. f. Vel. Alfino Secundo","praenomen":"Titus","cognomen":"Alfinus Secundus","status":"Titi filius, tribus: Velina, procuratori Augusti XX(vicesimae) hereditatium, procuratori Alpium Atrectianarum, praefecto vehiculorum, subpraefecto classis praetoriae Raven(atis), praefecto alae I Augustae Thracum, tribuno cohortis I Aeliae Brittonum, praefecto cohortis IIII Gallorum, patrono coloniae, flamini divorum omnium, auguri, IIviro quinq(uennali) bis"}]}},{"type":"Feature","geometry":{"type":"Point","coordinates":[13.72,43.16]},"properties":{"edcs_id":"EDCS-16000371","findspot":"Fermo / Firmum Picenum","raw_text":"M(arco) Gavio M(arci) f(ilio) / Palat(ina) Maximo / praef(ecto) praet(orio) / consularibus orna/mentis ornato / Ti(berius) Claudius Firmus p(rimus) p(ilus) / ex cornicular(io) / ipsius / l(ocus) d(atus) d(ecreto) d(ecurionum)","date_from":0,"date_to":0,"marker_gender":"male","is_individual":false,"edcs_url":"https://edcs.hist.uzh.ch/en/document?edcs-id=EDCS-16000371","persons":[{"nomen":"Gavius","gender":"male","raw_name":"M. Gavio M. f. Palat. Maximo","praenomen":"Marcus","cognomen":"Maximus","status":"Marci filius, tribus: Palatina, praefecto praetorio, consularibus ornamentis ornato","cluster_id":84,"cluster_size":2},{"nomen":"Claudius","gender":"male","raw_name":"Ti. Claudius Firmus p. p.","praenomen":"Tiberius","cognomen":"Firmus","status":"primus pilus, ex corniculario ipsius"}]}},{"type":"Feature","geometry":{"type":"Point","coordinates":[13.72,43.16]},"properties":{"edcs_id":"EDCS-16000376","findspot":"Fermo / Firmum Picenum","raw_text":"L(ucio) Volcacio Q(uinti) f(ilio) / Vel(ina) Primo / praef(ecto) coh(ortis) I Noricor(um) / in Pann(onia) praef(ecto) ripae / Danuvi(i) et civitatium / duar(um) Boior(um) et Azalior(um) / trib(uno) milit(um) leg(ionis) V / Macedonicae in / Moesia praef(ecto) alae I / Pannonior(um) in Africa / IIviro quinq(uennali) / flamini divorum / omnium p(atrono) c(oloniae) / ex testamento eius / posita / M(arco) Accio Seneca / [3] Manlio Planta / IIvir(is) quinq(uennalibus) / l(ocus) dat(us) dec(reto) dec(urionum)","date_from":0,"date_to":0,"marker_gender":"male","is_individual":false,"edcs_url":"https://edcs.hist.uzh.ch/en/document?edcs-id=EDCS-16000376","persons":[{"nomen":"Volcacius","gender":"male","raw_name":"L. Volcacio Q. f. Vel. Primo","praenomen":"Lucius","cognomen":"Primus","status":"Quinti filius, tribus: Velina, praefecto cohortis I Noricorum in Pannonia, praefecto ripae Danuvii et civitatium duarum Boiorum et Azaliorum, tribuno militum legionis V Macedonicae in Moesia, praefecto alae I Pannoniorum in Africa, IIviro quinq(uennali), flamini divorum omnium, patrono coloniae","cluster_id":558,"cluster_size":2},{"nomen":"Accius","gender":"male","raw_name":"M. Accio Seneca","praenomen":"Marcus","cognomen":"Seneca","status":"IIviro quinq(uennali)"},{"nomen":"Manlius","gender":"male","raw_name":"Manlio Planta","cognomen":"Planta","status":"IIviro quinq(uennali)"}]}},{"type":"Feature","geometry":{"type":"Point","coordinates":[13.72,43.16]},"properties":{"edcs_id":"EDCS-16000378","findspot":"Fermo / Firmum Picenum","raw_text":"L(ucio) Volcacio Q(uinti) f(ilio) / Vel(ina) Primo / IIvir(o) II quinq(uennali) / flam(ini) divor(um) omn(ium) / p(atrono) c(oloniae) ex testamento / eius posita / Q(uinto) Licinio Crispino / C(aio) Herennio Maximo / IIvir(is)","date_from":0,"date_to":0,"marker_gender":"male","is_individual":false,"edcs_url":"https://edcs.hist.uzh.ch/en/document?edcs-id=EDCS-16000378","persons":[{"nomen":"Volcacius","gender":"male","raw_name":"L. Volcacio Q. f. Vel. Primo","praenomen":"Lucius","cognomen":"Primus","status":"Quinti filius, tribus: Velina, IIviro II quinq(uennali), flamini divorum omnium, patrono coloniae","cluster_id":558,"cluster_size":2},{"nomen":"Licinius","gender":"male","raw_name":"Q. Licinio Crispino","cognomen":"Crispinus","status":"IIviro"},{"nomen":"Herennius","gender":"male","raw_name":"C. Herennio Maximo","praenomen":"Caius","cognomen":"Maximus","status":"IIviro"}]}},{"type":"Feature","geometry":{"type":"Point","coordinates":[13.72,43.16]},"properties":{"edcs_id":"EDCS-16000380","findspot":"Fermo / Firmum Picenum","raw_text":"Os[sa] / T(iti) Accaei / T(iti) l(iberti) Philadelp(hi) / VIIIvir(i)","date_from":0,"date_to":0,"marker_gender":"male","is_individual":false,"edcs_url":"https://edcs.hist.uzh.ch/en/document?edcs-id=EDCS-16000380","persons":[{"nomen":"Accaeus","gender":"male","raw_name":"T. Accaei T. l. Philadelp(hi)","cognomen":"Philadelphus","status":"Titi libertus, VIIIviro"}]}},{"type":"Feature","geometry":{"type":"Point","coordinates":[13.72,43.16]},"properties":{"edcs_id":"EDCS-16000381","findspot":"Fermo / Firmum Picenum","raw_text":"Allienae T(iti) f(iliae) / Berenice / C(aius) Vettius Polus / uxori / sanctissim(ae) et / C(aius) Vettius Polus / matri / pi(i)ssimae patr(onae) / col(legiorum) fabr(um) et cent(oniariorum) / l(ocus) d(atus) d(ecreto) d(ecurionum)","date_from":0,"date_to":0,"marker_gender":"mixed","is_individual":false,"edcs_url":"https://edcs.hist.uzh.ch/en/document?edcs-id=EDCS-16000381","persons":[{"nomen":"Alliena","gender":"female","raw_name":"Allienae T(iti) f(iliae) Berenice","cognomen":"Berenice","status":"Titi filia"},{"nomen":"Vettius","gender":"male","raw_name":"C. Vettius Polus","praenomen":"Caius","cognomen":"Polus","status":"matri"},{"nomen":"","gender":"male","raw_name":"C. Vettius Polus","cognomen":"Polus","status":"piissimae patronae collegiorum fabrum et centoniariorum"}]}},{"type":"Feature","geometry":{"type":"Point","coordinates":[13.72,43.16]},"properties":{"edcs_id":"EDCS-16000382","findspot":"Fermo / Firmum Picenum","raw_text":"Q(uintus?) Attius C(ai) f(ilius) / [3 Se]pt<i=U>mius C(ai) f(ilius) / a<e=I>d(iles) / [3 Ca]esonius P(ubli) f(ilius) / q(uaestor) aquam / d(ecreto) d(ecurionum) / curaverunt","date_from":0,"date_to":0,"marker_gender":"male","is_individual":false,"edcs_url":"https://edcs.hist.uzh.ch/en/document?edcs-id=EDCS-16000382","persons":[{"nomen":"Attius","gender":"male","raw_name":"Q(?) Attius C. f. [3 Se]ptimius C. f. aediles","status":"Cai filius, aedilis"},{"nomen":"Caesonius","gender":"male","raw_name":"[3 Ca]esonius P. f. quaestor aquam","status":"Publi filius, quaestor aquam"}]}},{"type":"Feature","geometry":{"type":"Point","coordinates":[13.72,43.16]},"properties":{"edcs_id":"EDCS-16000383","findspot":"Fermo / Firmum Picenum","raw_text":"Aureliae / Picentinae / matri / T(itus) Grassius / Sabinus / filius / l(ocus) d(atus) d(ecreto) d(ecurionum)","date_from":0,"date_to":0,"marker_gender":"mixed","is_individual":false,"edcs_url":"https://edcs.hist.uzh.ch/en/document?edcs-id=EDCS-16000383","persons":[{"nomen":"Aurelia","gender":"female","raw_name":"Aureliae Picentinae","cognomen":"Picentina","status":"matri"},{"nomen":"Grassius","gender":"male","raw_name":"T. Grassius Sabinus filius","praenomen":"Titus","cognomen":"Sabinus","status":"filius"}]}},{"type":"Feature","geometry":{"type":"Point","coordinates":[13.72,43.16]},"properties":{"edcs_id":"EDCS-16000384","findspot":"Fermo / Firmum Picenum","raw_text":"C(aius) Calpurniu[s] / Cel{l}adus / VIIIvir bis et / [A]ccavae Salvil(l)ae / coniugi / [","date_from":0,"date_to":0,"marker_gender":"mixed","is_individual":false,"edcs_url":"https://edcs.hist.uzh.ch/en/document?edcs-id=EDCS-16000384","persons":[{"nomen":"Calpurnius","gender":"male","raw_name":"C. Calpurniu[s] Cel{l}adus VIIIvir bis","praenomen":"Caius","cognomen":"Celadus","status":"VIIIvir bis"},{"nomen":"Accava","gender":"female","raw_name":"[A]ccavae Salvil(l)ae coniugi","cognomen":"Salvilla","status":"coniugi"}]}},{"type":"Feature","geometry":{"type":"Point","coordinates":[13.72,43.16]},"properties":{"edcs_id":"EDCS-16000385","findspot":"Fermo / Firmum Picenum","raw_text":"Ossa / Q(uinti) Laetori / Lucrionis / VIIIvir(i) / d(ecreto) d(ecurionum)","date_from":0,"date_to":0,"marker_gender":"unknown","is_individual":false,"edcs_url":"https://edcs.hist.uzh.ch/en/document?edcs-id=EDCS-16000385","persons":[{"nomen":"","gender":"unknown","raw_name":"Ossa Q(uinti) Laetori Lucrionis VIIIvir(i)","cognomen":"Ossa","status":"Q(uinti) Laetori Lucrionis VIIIviri","cluster_id":1432,"cluster_size":3,"cluster_confidence":"low"}]}},{"type":"Feature","geometry":{"type":"Point","coordinates":[13.72,43.16]},"properties":{"edcs_id":"EDCS-16000386","findspot":"Fermo / Firmum Picenum","raw_text":"Publicio / Optato VIIIv[i]r(o) / Quintilia Procilla / uxor / bene merenti / viro / l(ibens) m(erito) p(osuit) / ossa","date_from":0,"date_to":0,"marker_gender":"mixed","is_individual":false,"edcs_url":"https://edcs.hist.uzh.ch/en/document?edcs-id=EDCS-16000386","persons":[{"nomen":"Publicius","gender":"male","raw_name":"Publicio Optato VIIIvir[i]","cognomen":"Optatus","status":"VIIIvir"},{"nomen":"Quintilia","gender":"female","raw_name":"Quintilia Procilla uxor bene merenti viro","cognomen":"Procilla","status":"uxor bene merenti viro"}]}},{"type":"Feature","geometry":{"type":"Point","coordinates":[13.72,43.16]},"properties":{"edcs_id":"EDCS-16000387","findspot":"Fermo / Firmum Picenum","raw_text":"M(arci) Septimi Anterotis / VIIIvir(i) Firmi / Septimia M(arci) l(iberta) Attice","date_from":0,"date_to":0,"marker_gender":"mixed","is_individual":false,"edcs_url":"https://edcs.hist.uzh.ch/en/document?edcs-id=EDCS-16000387","persons":[{"nomen":"Septimius","gender":"male","raw_name":"M. Septimi Anterotis VIIIvir(i) Firmi","cognomen":"Anterotis","status":"VIIIvir Firmi"},{"nomen":"Septimia","gender":"female","raw_name":"Septimia M. l. Attice","cognomen":"Attice","status":"Marci liberta"}]}},{"type":"Feature","geometry":{"type":"Point","coordinates":[13.72,43.16]},"properties":{"edcs_id":"EDCS-16000390","findspot":"Fermo / Firmum Picenum","raw_text":"D(is) M(anibus) / Philumeno / actori / fili(i) eius","date_from":0,"date_to":0,"marker_gender":"male","is_individual":false,"edcs_url":"https://edcs.hist.uzh.ch/en/document?edcs-id=EDCS-16000390","persons":[{"nomen":"","gender":"male","raw_name":"Philumeno actori fili(i) eius","cognomen":"Philumenus","status":"actori, filii eius"}]}},{"type":"Feature","geometry":{"type":"Point","coordinates":[13.72,43.16]},"properties":{"edcs_id":"EDCS-16000392","findspot":"Fermo / Firmum Picenum","raw_text":"L(ucius?) Albi[3] / FLA[3] / Paulla [","date_from":0,"date_to":0,"marker_gender":"mixed","is_individual":false,"edcs_url":"https://edcs.hist.uzh.ch/en/document?edcs-id=EDCS-16000392","persons":[{"nomen":"Albius","gender":"male","raw_name":"L. Albi[3]"},{"nomen":"","gender":"female","raw_name":"FLA[3] Paulla","cognomen":"Paulla"}]}},{"type":"Feature","geometry":{"type":"Point","coordinates":[13.72,43.16]},"properties":{"edcs_id":"EDCS-16000393","findspot":"Fermo / Firmum Picenum","raw_text":"L(uci) Allei / Dextri","date_from":0,"date_to":0,"marker_gender":"male","is_individual":false,"edcs_url":"https://edcs.hist.uzh.ch/en/document?edcs-id=EDCS-16000393","persons":[{"nomen":"Alley","gender":"male","raw_name":"L. Allei Dextri","praenomen":"Lucius","cognomen":"Dexter"}]}},{"type":"Feature","geometry":{"type":"Point","coordinates":[13.72,43.16]},"properties":{"edcs_id":"EDCS-16000394","findspot":"Fermo / Firmum Picenum","raw_text":"Allia Q(uinti) / et M(arci) l(iberta) / Helpis","date_from":0,"date_to":0,"marker_gender":"female","is_individual":false,"edcs_url":"https://edcs.hist.uzh.ch/en/document?edcs-id=EDCS-16000394","persons":[{"nomen":"Allia","gender":"female","raw_name":"Allia Q. et M. l. Helpis","cognomen":"Helpis","status":"Quinti et Marci liberta"}]}},{"type":"Feature","geometry":{"type":"Point","coordinates":[13.72,43.16]},"properties":{"edcs_id":"EDCS-16000395","findspot":"Fermo / Firmum Picenum","raw_text":"Ossa / L(uci) Anici L(uci) l(iberti) Cosm(i)","date_from":0,"date_to":0,"marker_gender":"male","is_individual":false,"edcs_url":"https://edcs.hist.uzh.ch/en/document?edcs-id=EDCS-16000395","persons":[{"nomen":"Anicius","gender":"male","raw_name":"L. Anici L. l. Cosm(i)","cognomen":"Cosmus","status":"Luci liberti"}]}},{"type":"Feature","geometry":{"type":"Point","coordinates":[13.72,43.16]},"properties":{"edcs_id":"EDCS-16000396","findspot":"Fermo / Firmum Picenum","raw_text":"EDVIIIA GEML D S D vixit annos XXII Q ISI convictoris","date_from":0,"date_to":0,"marker_gender":"male","is_individual":false,"edcs_url":"https://edcs.hist.uzh.ch/en/document?edcs-id=EDCS-16000396","persons":[{"nomen":"","gender":"male","raw_name":"Q[3]ISI convictoris","cognomen":"Convictor"}]}},{"type":"Feature","geometry":{"type":"Point","coordinates":[13.72,43.16]},"properties":{"edcs_id":"EDCS-16000397","findspot":"Fermo / Firmum Picenum","raw_text":"Appal Callinni filius","date_from":0,"date_to":0,"marker_gender":"male","is_individual":false,"edcs_url":"https://edcs.hist.uzh.ch/en/document?edcs-id=EDCS-16000397","persons":[{"nomen":"Appalus","gender":"male","raw_name":"Appal() Callinni f(ilius?)","cognomen":"Callinni","status":"filius"}]}},{"type":"Feature","geometry":{"type":"Point","coordinates":[13.72,43.16]},"properties":{"edcs_id":"EDCS-16000398","findspot":"Fermo / Firmum Picenum","raw_text":"A(uli) Cassidi A(uli) l(iberti) / Bassi","date_from":0,"date_to":0,"marker_gender":"male","is_individual":false,"edcs_url":"https://edcs.hist.uzh.ch/en/document?edcs-id=EDCS-16000398","persons":[{"nomen":"Cassidius","gender":"male","raw_name":"A. Cassidi A. l. Bassi","praenomen":"Aulus","cognomen":"Bassus","status":"Auli libertus"}]}},{"type":"Feature","geometry":{"type":"Point","coordinates":[13.72,43.16]},"properties":{"edcs_id":"EDCS-16000399","findspot":"Fermo / Firmum Picenum","raw_text":"M(arcus) Clodius C(ai) f(ilius) / Vel(ina) Rufus / hic requiescit / P(ublius) Clodius C(ai) f(ilius) Qui(rina) / fratri fecit","date_from":0,"date_to":0,"marker_gender":"male","is_individual":false,"edcs_url":"https://edcs.hist.uzh.ch/en/document?edcs-id=EDCS-16000399","persons":[{"nomen":"Clodius","gender":"male","raw_name":"M. Clodius C. f. Vel. Rufus","praenomen":"Marcus","cognomen":"Rufus","status":"Cai filius, tribus: Velina"},{"nomen":"Clodius","gender":"male","raw_name":"P. Clodius C. f. Qui. fratri","praenomen":"Publius","status":"Cai filius, tribus: Quirina, fratri fecit"}]}},{"type":"Feature","geometry":{"type":"Point","coordinates":[13.72,43.16]},"properties":{"edcs_id":"EDCS-16000400","findspot":"Fermo / Firmum Picenum","raw_text":"]ET / [Cl]odia / Logas / ma(ter) et pa(ter) / filio dul/cissimo / qui vi<xit=STX> / annos V / men(ses) X dies V","date_from":0,"date_to":0,"marker_gender":"female","is_individual":false,"edcs_url":"https://edcs.hist.uzh.ch/en/document?edcs-id=EDCS-16000400","persons":[{"nomen":"Clodia","gender":"female","raw_name":"Clodia Logas","cognomen":"Logas","status":"filio dulcissimo, qui vixit annos V, menses X dies V"}]}},{"type":"Feature","geometry":{"type":"Point","coordinates":[13.72,43.16]},"properties":{"edcs_id":"EDCS-16000401","findspot":"Fermo / Firmum Picenum","raw_text":"M(arcus) Eppius M(arci) / l(ibertus) Rufio / concubina / Salvia liberti / Sextio et Optatus / p(osuerunt)","date_from":0,"date_to":0,"marker_gender":"mixed","is_individual":false,"edcs_url":"https://edcs.hist.uzh.ch/en/document?edcs-id=EDCS-16000401","persons":[{"nomen":"Eppius","gender":"male","raw_name":"M. Eppius M. l. Rufio","praenomen":"Marcus","cognomen":"Rufio","status":"Marci libertus"},{"nomen":"","gender":"female","raw_name":"Salvia liberti","cognomen":"Salvia","status":"concubina, liberti Sextio et Optatus posuerunt"}]}},{"type":"Feature","geometry":{"type":"Point","coordinates":[13.72,43.16]},"properties":{"edcs_id":"EDCS-16000402","findspot":"Fermo / Firmum Picenum","raw_text":"[Eu]od[i]ae / filiae dulciss(imae) / quae vix(it) ann(os) XIIII / mens(es) VI d(ies) XXIIII / Zosim(us) et / Laudi[c]e / parentes / b(ene) m(erenti)","date_from":0,"date_to":0,"marker_gender":"mixed","is_individual":false,"edcs_url":"https://edcs.hist.uzh.ch/en/document?edcs-id=EDCS-16000402","persons":[{"nomen":"","gender":"female","raw_name":"Euod[i]ae","cognomen":"Euodia","status":"filiae dulcissimae, quae vixit annos XIIII, menses VI dies XXIIII"},{"nomen":"","gender":"male","raw_name":"Zosim(us)","cognomen":"Zosimus","status":"parentes, bene merenti"},{"nomen":"","gender":"female","raw_name":"Laudi[c]e","cognomen":"Laudice","status":"parentes, bene merenti"}]}},{"type":"Feature","geometry":{"type":"Point","coordinates":[13.72,43.16]},"properties":{"edcs_id":"EDCS-16000403","findspot":"Fermo / Firmum Picenum","raw_text":"P(ublius) Fabius Blandus / Fabia P(ubli) l(iberta) Bassa / [3] Clodius |(mulieris) l(ibertus) Anteros / [3] f(ilia) Pollitta / [3]IAS[","date_from":0,"date_to":0,"marker_gender":"mixed","is_individual":false,"edcs_url":"https://edcs.hist.uzh.ch/en/document?edcs-id=EDCS-16000403","persons":[{"nomen":"Fabius","gender":"male","raw_name":"P. Fabius Blandus","praenomen":"Publius","cognomen":"Blandus"},{"nomen":"Fabia","gender":"female","raw_name":"Fabia P. l. Bassa","cognomen":"Bassa","status":"P. liberta"},{"nomen":"","gender":"male","raw_name":"Clodius |(mulieris) l. Anteros","cognomen":"Anteros","status":"mulieris libertus"},{"nomen":"","gender":"female","raw_name":"f. Pollitta","cognomen":"Pollitta","status":"filia"}]}},{"type":"Feature","geometry":{"type":"Point","coordinates":[13.72,43.17]},"properties":{"edcs_id":"EDCS-16000404","findspot":"Fermo / Firmum Picenum","raw_text":"Fadiae T(iti) f(iliae) Paulla[e] / uxori / T(iti) Saturi T(iti) f(ilii) Celeris / matri / Q(uinti) Latroni Q(uinti) f(ilii) Asc[lepiad(is?)] // In f(ronte) p(edes) XV in a(gro) p(edes) XV","date_from":0,"date_to":0,"marker_gender":"mixed","is_individual":false,"edcs_url":"https://edcs.hist.uzh.ch/en/document?edcs-id=EDCS-16000404","persons":[{"nomen":"Fadia","gender":"female","raw_name":"Fadiae T. f. Paulla[e]","cognomen":"Paulla","status":"T. filiae, uxori"},{"nomen":"Saturius","gender":"male","raw_name":"T. Saturi T. f. Celeris","praenomen":"Titus","cognomen":"Celer","status":"T. fili, matri","cluster_id":540,"cluster_size":2},{"nomen":"Latronius","gender":"male","raw_name":"Q. Latroni Q. f. Asc[lepiad(is?)]","praenomen":"Quintus","cognomen":"Asclepiades","status":"Q. fili"}]}},{"type":"Feature","geometry":{"type":"Point","coordinates":[13.72,43.16]},"properties":{"edcs_id":"EDCS-16000405","findspot":"Fermo / Firmum Picenum","raw_text":"P(ublius) Florius / Optatus / vivus sibi et / Rufriae Primae / U[ti]lis(?) ser(vus) / v(ixit) a(nnos) XIIX / in f(ronte) p(edes) XII / in a(gro) p(edes) XII","date_from":0,"date_to":0,"marker_gender":"male","is_individual":false,"edcs_url":"https://edcs.hist.uzh.ch/en/document?edcs-id=EDCS-16000405","persons":[{"nomen":"Florius","gender":"male","raw_name":"P. Florius Optatus","praenomen":"Publius","cognomen":"Optatus","status":"vivus sibi et Rufriae Primae"},{"nomen":"","gender":"male","raw_name":"U[ti]lis","cognomen":"Utilis","status":"ser(vus), vixit annos XIIX"}]}},{"type":"Feature","geometry":{"type":"Point","coordinates":[13.72,43.16]},"properties":{"edcs_id":"EDCS-16000406","findspot":"Fermo / Firmum Picenum","raw_text":"Titus Gavius Titi filius","date_from":0,"date_to":0,"marker_gender":"male","is_individual":false,"edcs_url":"https://edcs.hist.uzh.ch/en/document?edcs-id=EDCS-16000406","persons":[{"nomen":"Gavius","gender":"male","raw_name":"T. Gavius Tit. f.","praenomen":"Titus","status":"Titi filius"}]}},{"type":"Feature","geometry":{"type":"Point","coordinates":[13.72,43.16]},"properties":{"edcs_id":"EDCS-16000407","findspot":"Fermo / Firmum Picenum","raw_text":"D(is) M(anibus) / Helladis / Antherus coniugi / optimae b(ene) m(erenti)","date_from":0,"date_to":0,"marker_gender":"mixed","is_individual":false,"edcs_url":"https://edcs.hist.uzh.ch/en/document?edcs-id=EDCS-16000407","persons":[{"nomen":"","gender":"female","raw_name":"Helladis","cognomen":"Helladis"},{"nomen":"","gender":"male","raw_name":"Antherus","cognomen":"Antherus","status":"coniugi optimae bene merenti"}]}},{"type":"Feature","geometry":{"type":"Point","coordinates":[13.72,43.16]},"properties":{"edcs_id":"EDCS-16000408","findspot":"Fermo / Firmum Picenum","raw_text":"Lucius Herennius Onirus","date_from":0,"date_to":0,"marker_gender":"male","is_individual":false,"edcs_url":"https://edcs.hist.uzh.ch/en/document?edcs-id=EDCS-16000408","persons":[{"nomen":"Herennius","gender":"male","raw_name":"L. Herennius Onirus","praenomen":"Lucius","cognomen":"Onirus"}]}},{"type":"Feature","geometry":{"type":"Point","coordinates":[13.72,43.16]},"properties":{"edcs_id":"EDCS-16000409","findspot":"Fermo / Firmum Picenum","raw_text":"L(ucius) Herennius / C(ai) f(ilius) Vel(ina) / Rufus / Corinthis / lib(erta) / fecit / in a(gro) p(edes) XIIII / in f(ronte) p(edes) XII","date_from":0,"date_to":0,"marker_gender":"mixed","is_individual":false,"edcs_url":"https://edcs.hist.uzh.ch/en/document?edcs-id=EDCS-16000409","persons":[{"nomen":"Herennius","gender":"male","raw_name":"L. Herennius C. f. Vel. Rufus","praenomen":"Lucius","cognomen":"Rufus","status":"Cai filius, tribus: Velina"},{"nomen":"","gender":"female","raw_name":"Corinthis liberta","cognomen":"Corinthis","status":"liberta"}]}},{"type":"Feature","geometry":{"type":"Point","coordinates":[13.72,43.16]},"properties":{"edcs_id":"EDCS-16000410","findspot":"Fermo / Firmum Picenum","raw_text":"V(ivus) Hospes pos(uit) Homullae","date_from":0,"date_to":0,"marker_gender":"mixed","is_individual":false,"edcs_url":"https://edcs.hist.uzh.ch/en/document?edcs-id=EDCS-16000410","persons":[{"nomen":"","gender":"male","raw_name":"Hospes","cognomen":"Hospes","status":"vivus posuit Homullae"},{"nomen":"","gender":"female","raw_name":"Homullae","cognomen":"Homulla"}]}},{"type":"Feature","geometry":{"type":"Point","coordinates":[13.72,43.16]},"properties":{"edcs_id":"EDCS-16000411","findspot":"Fermo / Firmum Picenum","raw_text":"Ossa / Ikari / Tigidiorum / ser(vi)","date_from":0,"date_to":0,"marker_gender":"female","is_individual":false,"edcs_url":"https://edcs.hist.uzh.ch/en/document?edcs-id=EDCS-16000411","persons":[{"nomen":"","gender":"female","raw_name":"Ossa","cognomen":"Ossa","cluster_id":1432,"cluster_size":3,"cluster_confidence":"low"},{"nomen":"","gender":"unknown","raw_name":"Ikari Tigidiorum","cognomen":"Ikari","status":"Tigidiorum servi"}]}},{"type":"Feature","geometry":{"type":"Point","coordinates":[13.72,43.16]},"properties":{"edcs_id":"EDCS-16000412","findspot":"Fermo / Firmum Picenum","raw_text":"Ossa / Liciniae C(ai) l(ibertae) / Faustae / Lucius et / Secunda et / Felix fili(i){s} / de suo","date_from":0,"date_to":0,"marker_gender":"mixed","is_individual":false,"edcs_url":"https://edcs.hist.uzh.ch/en/document?edcs-id=EDCS-16000412","persons":[{"nomen":"","gender":"female","raw_name":"Ossa","cognomen":"Ossa","cluster_id":1432,"cluster_size":3,"cluster_confidence":"low"},{"nomen":"Licinia","gender":"female","raw_name":"Liciniae C. l. Faustae","cognomen":"Fausta","status":"C. liberta"},{"nomen":"","gender":"male","raw_name":"Lucius","cognomen":"Lucius","status":"filii"},{"nomen":"","gender":"female","raw_name":"Secunda","cognomen":"Secunda","status":"filii"},{"nomen":"","gender":"male","raw_name":"Felix","cognomen":"Felix","status":"filii","cluster_id":1467,"cluster_size":3,"cluster_confidence":"low"}]}},{"type":"Feature","geometry":{"type":"Point","coordinates":[13.72,43.16]},"properties":{"edcs_id":"EDCS-16000413","findspot":"Fermo / Firmum Picenum","raw_text":"D(is) M(anibus) / P(ublius) Manilius / P(ubli) lib(ertus) B[3]RAM[3] / Vibia I[3]IAID / uxori","date_from":0,"date_to":0,"marker_gender":"mixed","is_individual":false,"edcs_url":"https://edcs.hist.uzh.ch/en/document?edcs-id=EDCS-16000413","persons":[{"nomen":"Manilius","gender":"male","raw_name":"P. Manilius P. lib. B[3]RAM[3]","praenomen":"Publius","status":"libertus Publi"},{"nomen":"Vibia","gender":"female","raw_name":"Vibia I[3]IAID","status":"uxori"}]}},{"type":"Feature","geometry":{"type":"Point","coordinates":[13.72,43.16]},"properties":{"edcs_id":"EDCS-16100750","findspot":"Fermo / Firmum Picenum","raw_text":"[3] Marcio Frugi / Marciae L(uci) f(iliae) Cypare / [n]on te qui properas viator ire / [tr]is<t=I>es endecasyllabi tenebunt / qui<t=I> credas homo tempori fu<t=I>ur(o) / [p]aucis hic <t=I>ibi casus indicabi<t=I> / [d]ulci pondere cum cravata / [m]ater incluso utero decem K(alendas) / [ga]udebat pueri ededisse partus / [vo]tis iamque pater deos rogabat ut / [p]rimos pueri videret annos mox cas/[t]ris iuvenem daret legendum For/[t]una dum magna studet aemulare","date_from":0,"date_to":0,"marker_gender":"mixed","is_individual":false,"edcs_url":"https://edcs.hist.uzh.ch/en/document?edcs-id=EDCS-16100750","persons":[{"nomen":"","gender":"male","raw_name":"Marcio Frugi","cognomen":"Marcius"},{"nomen":"Marcia","gender":"female","raw_name":"Marciae L. f. Cypare","cognomen":"Cypare","status":"Luci filiae"}]}},{"type":"Feature","geometry":{"type":"Point","coordinates":[13.72,43.16]},"properties":{"edcs_id":"EDCS-16100751","findspot":"Fermo / Firmum Picenum","raw_text":"Ossa / C(ai) Modi / Eronis","date_from":0,"date_to":0,"marker_gender":"male","is_individual":false,"edcs_url":"https://edcs.hist.uzh.ch/en/document?edcs-id=EDCS-16100751","persons":[{"nomen":"","gender":"male","raw_name":"C. Modi Eronis","cognomen":"Ero"}]}},{"type":"Feature","geometry":{"type":"Point","coordinates":[13.72,43.16]},"properties":{"edcs_id":"EDCS-16100752","findspot":"Fermo / Firmum Picenum","raw_text":"L(ucio) Munatio / Felici / patri","date_from":0,"date_to":0,"marker_gender":"male","is_individual":false,"edcs_url":"https://edcs.hist.uzh.ch/en/document?edcs-id=EDCS-16100752","persons":[{"nomen":"Munatius","gender":"male","raw_name":"L. Munatio Felici","praenomen":"Lucius","cognomen":"Felix","status":"patri"}]}},{"type":"Feature","geometry":{"type":"Point","coordinates":[13.72,43.16]},"properties":{"edcs_id":"EDCS-16100753","findspot":"Fermo / Firmum Picenum","raw_text":"D(is) M(anibus) / Numisiae / Silvinae / vi<c=K>ari(i) be/ne mere[n]/ti posuer(unt)","date_from":0,"date_to":0,"marker_gender":"female","is_individual":false,"edcs_url":"https://edcs.hist.uzh.ch/en/document?edcs-id=EDCS-16100753","persons":[{"nomen":"Numisia","gender":"female","raw_name":"Numisiae Silvinae","cognomen":"Silvina","status":"vicarii bene merenti"}]}},{"type":"Feature","geometry":{"type":"Point","coordinates":[13.72,43.16]},"properties":{"edcs_id":"EDCS-16100754","findspot":"Fermo / Firmum Picenum","raw_text":"Ossa / Numitoriae C(ai) f(iliae) / Murenillae v(ixit) a(nnos) XIIII","date_from":0,"date_to":0,"marker_gender":"female","is_individual":false,"edcs_url":"https://edcs.hist.uzh.ch/en/document?edcs-id=EDCS-16100754","persons":[{"nomen":"Numitoria","gender":"female","raw_name":"Numitoriae C. f. Murenillae","cognomen":"Murenilla","status":"Cai filiae, vixit annos XIIII"}]}},{"type":"Feature","geometry":{"type":"Point","coordinates":[13.72,43.16]},"properties":{"edcs_id":"EDCS-16100755","findspot":"Fermo / Firmum Picenum","raw_text":"Sabinae L(uci) f(iliae) / Saturninae / Rufilia f(ilia) pos(uit)","date_from":0,"date_to":0,"marker_gender":"female","is_individual":false,"edcs_url":"https://edcs.hist.uzh.ch/en/document?edcs-id=EDCS-16100755","persons":[{"nomen":"Sabina","gender":"female","raw_name":"Sabinae L. f. Saturninae","cognomen":"Saturnina","status":"Luci filiae"},{"nomen":"Rufilia","gender":"female","raw_name":"Rufilia f.","status":"filia"}]}},{"type":"Feature","geometry":{"type":"Point","coordinates":[13.72,43.16]},"properties":{"edcs_id":"EDCS-16100756","findspot":"Fermo / Firmum Picenum","raw_text":"D(is) M(anibus) / Sp(urius) Saufeius Sp(uri) f(ilius) / vixit ann(os) VI mensem I dies quinq(ue) / quod par parenti fuerat facere filium / mors immatura fecit ut faceret pater","date_from":0,"date_to":0,"marker_gender":"male","is_individual":false,"edcs_url":"https://edcs.hist.uzh.ch/en/document?edcs-id=EDCS-16100756","persons":[{"nomen":"Saufeius","gender":"male","raw_name":"Sp. Saufeius Sp. f.","praenomen":"Spurius","status":"Spuri filius, vixit annos VI mensem I dies quinque"}]}},{"type":"Feature","geometry":{"type":"Point","coordinates":[13.72,43.16]},"properties":{"edcs_id":"EDCS-16100758","findspot":"Fermo / Firmum Picenum","raw_text":"D(is) M(anibus) / M(arco) Siccio Firmano qui / vixit ann(os) XVI die(s) X Si/ccius Dexter pat(er) et Iu/nia Apra ma[t(er)] et Iuni/us Dexter et Siccius / [","date_from":0,"date_to":0,"marker_gender":"mixed","is_individual":false,"edcs_url":"https://edcs.hist.uzh.ch/en/document?edcs-id=EDCS-16100758","persons":[{"nomen":"Siccius","gender":"male","raw_name":"M. Siccio Firmano","praenomen":"Marcus","cognomen":"Firmanus","status":"qui vixit annos XVI diebus X"},{"nomen":"Siccius","gender":"male","raw_name":"Siccius Dexter","cognomen":"Dexter","status":"pater"},{"nomen":"Iunia","gender":"female","raw_name":"Iunia Apra","cognomen":"Apra","status":"mater"},{"nomen":"Iunius","gender":"male","raw_name":"Iunius Dexter","cognomen":"Dexter"},{"nomen":"Siccius","gender":"male","raw_name":"Siccius"}]}},{"type":"Feature","geometry":{"type":"Point","coordinates":[13.72,43.16]},"properties":{"edcs_id":"EDCS-16100760","findspot":"Fermo / Firmum Picenum","raw_text":"Suediae Doridis / et Q(uinti) Suedi |(mulieris) l(iberti) / Communis l(ibertorum) meorum / Syrus hic situs est v(ixit) a(nnos) XIIX","date_from":0,"date_to":0,"marker_gender":"mixed","is_individual":false,"edcs_url":"https://edcs.hist.uzh.ch/en/document?edcs-id=EDCS-16100760","persons":[{"nomen":"Suedia","gender":"female","raw_name":"Suediae Doridis","cognomen":"Doridis"},{"nomen":"","gender":"male","raw_name":"Q. Suedi |(mulieris) l. Communis","cognomen":"Communis","status":"Q. Suedi mulieris liberti libertorum meorum"},{"nomen":"","gender":"male","raw_name":"Syrus","cognomen":"Syrus","status":"hic situs est vixit annos XIIX"}]}},{"type":"Feature","geometry":{"type":"Point","coordinates":[13.72,43.16]},"properties":{"edcs_id":"EDCS-16100761","findspot":"Fermo / Firmum Picenum","raw_text":"D(is) M(anibus) / Terentio / Paulino iu<v=B>eni / probissimo qui / vixit an(nis) XXXV me(n)s(ibus) II / dieb(us) XV Vindia / Restuta mater / et Atilia Tertia / coniu(n)x decepta / cum fili(i)s posuerunt / b(ene) m(erenti)","date_from":0,"date_to":0,"marker_gender":"mixed","is_individual":false,"edcs_url":"https://edcs.hist.uzh.ch/en/document?edcs-id=EDCS-16100761","persons":[{"nomen":"Terentius","gender":"male","raw_name":"Terentio Paulino iu<v=B>eni","cognomen":"Paulinus","status":"iuveni probissimo qui vixit annis XXXV mensibus II diebus XV"},{"nomen":"Vindia","gender":"female","raw_name":"Vindia Restuta","cognomen":"Restuta","status":"mater"},{"nomen":"Atilia","gender":"female","raw_name":"Atilia Tertia","cognomen":"Tertia","status":"coniu<n>x decepta cum filiis posuerunt bene merenti"}]}},{"type":"Feature","geometry":{"type":"Point","coordinates":[13.72,43.16]},"properties":{"edcs_id":"EDCS-16100762","findspot":"Fermo / Firmum Picenum","raw_text":"Dis Manibus Tigidiae Sexti filiae Acceptae","date_from":0,"date_to":0,"marker_gender":"female","is_individual":false,"edcs_url":"https://edcs.hist.uzh.ch/en/document?edcs-id=EDCS-16100762","persons":[{"nomen":"Tigidia","gender":"female","raw_name":"Tigidiae Sex. fil. Acc[ept]ae","cognomen":"Accepta","status":"Sex. filiae"}]}},{"type":"Feature","geometry":{"type":"Point","coordinates":[13.72,43.16]},"properties":{"edcs_id":"EDCS-16100763","findspot":"Fermo / Firmum Picenum","raw_text":"Ossa / Tusidiae L(uci) l(ibertae) / Chloe","date_from":0,"date_to":0,"marker_gender":"female","is_individual":false,"edcs_url":"https://edcs.hist.uzh.ch/en/document?edcs-id=EDCS-16100763","persons":[{"nomen":"Tusidia","gender":"female","raw_name":"Tusidiae L. liberta Chloe","cognomen":"Chloe","status":"Luci liberta"}]}},{"type":"Feature","geometry":{"type":"Point","coordinates":[13.72,43.16]},"properties":{"edcs_id":"EDCS-16100764","findspot":"Fermo / Firmum Picenum","raw_text":"Verturio / Aquilae / Veturia / Gratilla / Thais C(ai) f(ilia) / patrona","date_from":0,"date_to":0,"marker_gender":"mixed","is_individual":false,"edcs_url":"https://edcs.hist.uzh.ch/en/document?edcs-id=EDCS-16100764","persons":[{"nomen":"","gender":"male","raw_name":"Verturio Aquilae","cognomen":"Aquila","status":"patrona"},{"nomen":"Veturia","gender":"female","raw_name":"Veturia Gratilla","cognomen":"Gratilla"},{"nomen":"","gender":"female","raw_name":"Thais C. f. patrona","cognomen":"Thais","status":"Cai filia patrona"}]}},{"type":"Feature","geometry":{"type":"Point","coordinates":[13.72,43.16]},"properties":{"edcs_id":"EDCS-16100765","findspot":"Fermo / Firmum Picenum","raw_text":"Ursioni / T(iti) Petili Expectati / Petronia Epha/pronis / vix(it) an(n)um / men(ses) VIII d(ies) X","date_from":0,"date_to":0,"marker_gender":"mixed","is_individual":false,"edcs_url":"https://edcs.hist.uzh.ch/en/document?edcs-id=EDCS-16100765","persons":[{"nomen":"","gender":"male","raw_name":"Ursioni","cognomen":"Ursio"},{"nomen":"Petronia","gender":"female","raw_name":"T. Petili Expectati Petronia Epha pronis","cognomen":"Ephapronis","status":"Titi Petili Expectati (uxor)"}]}},{"type":"Feature","geometry":{"type":"Point","coordinates":[13.72,43.16]},"properties":{"edcs_id":"EDCS-16100769","findspot":"Fermo / Firmum Picenum","raw_text":"Maxima bona Cristiana kasta mulier in pace ante septimum Kalendas Iunias quae fecit cum marito annos XV et periit plus minus annorum XXX tantum","date_from":0,"date_to":0,"marker_gender":"female","is_individual":false,"edcs_url":"https://edcs.hist.uzh.ch/en/document?edcs-id=EDCS-16100769","persons":[{"nomen":"","gender":"female","raw_name":"Cristiana","cognomen":"Cristiana","status":"maxima bona, kasta mulier, in pace, ante septimum Kalendas Iunias quae fecit cum marito annos XV et periit plus minus annorum XXX tantum"}]}},{"type":"Feature","geometry":{"type":"Point","coordinates":[13.47,43.11]},"properties":{"edcs_id":"EDCS-16100770","findspot":"Falerone / Falerio Picenus","raw_text":"Imp(erator) Caesar divi Vespasiani f(ilius) / [[Domitianus]] Augustus / pontifex max(imus) trib(unicia) potest(ate) imp(erator) II / co(n)s(ul) VIII desig(natus) VIIII / p(ater) p(atriae) salutem dicit / IIIIviris et decurionibus Faleriensium ex Piceno / quid constituerim de subsicivis cognita causa / inter vos et Firmanos ut notum haberetis / huic epistulae subici iussi / P(ublio) Valerio Patruino [[[et L(ucio) Antonio Saturnino]]] co(n)s(ulibus) / XIIII K(alendas) Augustas / Imp(erator) Caesar divi Vespasiani f(ilius) [[Domitianus]] / Aug(ustus) adhibitis utriusque ordinis splen/didis viris cognita causa inter Fale/rienses et Firmanos pronuntiavi quod / su(b)scriptum est / et vetustas litis quae post tot annos / retractatur a Firmanis adversus / Falerienses vehementer me movet / cum possessorum securitati vel mi/nus multi anni sufficere possint / et divi Augusti diligentissimi et in/dulgentissimi erga quartanos suos / principis epistula qua admonuit / eos ut omnia su<b=P>siciva sua collige/rent et venderent quos tam salubri / admonitioni paruisse non dubito / propter quae possessorum ius confirmo / valete d(iem) XI K(alendas) Aug(ustas) in Albano / agente curam T(ito) Bovio Vero / legatis / P(ublio) Bovio Sabino / P(ublio) Petronio Achille d(ecreto) d(ecurionum) p(ublice)","date_from":0,"date_to":0,"marker_gender":"male","is_individual":false,"edcs_url":"https://edcs.hist.uzh.ch/en/document?edcs-id=EDCS-16100770","persons":[{"nomen":"Domitius","gender":"male","raw_name":"Imp. Caesar divi Vespasiani f. [[Domitianus]] Augustus","praenomen":"Gaius","cognomen":"Domitianus","status":"Imperator Caesar divi Vespasiani filius, pontifex maximus, tribunicia potestate, imperator II, consul VIII designatus VIIII, pater patriae","is_imperial":true},{"nomen":"Valerius","gender":"male","raw_name":"P. Valerio Patruino","cognomen":"Patruinus","status":"IIIIvir"},{"nomen":"Antonius","gender":"male","raw_name":"L. Antonio Saturnino","praenomen":"Lucius","cognomen":"Saturninus","status":"consulibus"}]}},{"type":"Feature","geometry":{"type":"Point","coordinates":[13.47,43.11]},"properties":{"edcs_id":"EDCS-16100771","findspot":"Falerone / Falerio Picenus","raw_text":"[P]ro [salute] / Atel[li]ae n(ostrae) / Picentina l(iberta) / Bonae Deae v(otum) s(olvit)","date_from":0,"date_to":0,"marker_gender":"female","is_individual":false,"edcs_url":"https://edcs.hist.uzh.ch/en/document?edcs-id=EDCS-16100771","persons":[{"nomen":"","gender":"female","raw_name":"Atel[li]ae","cognomen":"Atellia","status":"nostrae"},{"nomen":"","gender":"female","raw_name":"Picentina l. Bonae Deae","cognomen":"Bonae","status":"Picentina liberta, Deae votum solvit"}]}},{"type":"Feature","geometry":{"type":"Point","coordinates":[13.47,43.11]},"properties":{"edcs_id":"EDCS-16100772","findspot":"Falerone / Falerio Picenus","raw_text":"Fidei Aug(ustae) / sac(rum) / C(aius) Servilius Aper / VIIIvir Aug(ustalis) pro ho/nore d(e) s(ua) p(ecunia) fec(it) / indulgent(ia) Serviliae / Bassillae patronae et / Clodiae Quarti f(iliae) Pris/cae filiae eius / [","date_from":0,"date_to":0,"marker_gender":"mixed","is_individual":false,"edcs_url":"https://edcs.hist.uzh.ch/en/document?edcs-id=EDCS-16100772","persons":[{"nomen":"Servilius","gender":"male","raw_name":"C. Servilius Aper","praenomen":"Gaius","cognomen":"Aper","status":"VIIIvir Augustalis"},{"nomen":"Servilia","gender":"female","raw_name":"Serviliae Bassillae","cognomen":"Bassilla","status":"patronae"},{"nomen":"Clodia","gender":"female","raw_name":"Clodiae Quarti f. Pris","cognomen":"Prisca","status":"Quarti filiae"}]}},{"type":"Feature","geometry":{"type":"Point","coordinates":[13.47,43.11]},"properties":{"edcs_id":"EDCS-16100775","findspot":"Falerone / Falerio Picenus","raw_text":"C(aio) Cae[sari] / Aug(usti) f(ilio) [3] / c[o(n)s(uli) des(ignato)","date_from":0,"date_to":0,"marker_gender":"male","is_individual":false,"edcs_url":"https://edcs.hist.uzh.ch/en/document?edcs-id=EDCS-16100775","persons":[{"nomen":"","gender":"male","raw_name":"C. Cae[sari]","praenomen":"Gaius","cognomen":"Cae","status":"Augusti filio, consul designato"}]}},{"type":"Feature","geometry":{"type":"Point","coordinates":[13.47,43.11]},"properties":{"edcs_id":"EDCS-16100776","findspot":"Falerone / Falerio Picenus","raw_text":"Ti(berio) Claudio Dr[u]si f(ilio) Caesari August(o) / Germanico / pontifici maximo trib(unicia) potest(ate) III co(n)s(uli) III imp(eratori) III p(atri) p(atriae) / L(ucius) Celer quid Acilius pater nomine fili(i) et suo testamento fieri iussit / C(aius) Octavius L(uci) f(ilius) Vel(ina) Celer adiecta pecunia faciendum curavit","date_from":0,"date_to":0,"marker_gender":"male","is_individual":false,"edcs_url":"https://edcs.hist.uzh.ch/en/document?edcs-id=EDCS-16100776","persons":[{"nomen":"Claudius","gender":"male","raw_name":"Ti. Claudio Dr[u]si f. Caesari August(o) Germanico","praenomen":"Tiberius","cognomen":"Caesar","status":"Germanicus, pontifex maximus, tribunicia potestate III, consul III, imperator III, pater patriae","is_imperial":true},{"nomen":"Celer","gender":"male","raw_name":"L. Celer","praenomen":"Lucius","status":"Acilius pater nomine fili(i) et suo testamento fieri iussit"},{"nomen":"Octavius","gender":"male","raw_name":"C. Octavius L. f. Vel. Celer","praenomen":"Gaius","cognomen":"Celer","status":"L. f. Velina"}]}},{"type":"Feature","geometry":{"type":"Point","coordinates":[13.47,43.11]},"properties":{"edcs_id":"EDCS-16100777","findspot":"Falerone / Falerio Picenus","raw_text":"] Nerva / [3] fecit [","date_from":0,"date_to":0,"marker_gender":"male","is_individual":false,"edcs_url":"https://edcs.hist.uzh.ch/en/document?edcs-id=EDCS-16100777","persons":[{"nomen":"","gender":"male","raw_name":"Nerva","cognomen":"Nerva"}]}},{"type":"Feature","geometry":{"type":"Point","coordinates":[13.47,43.11]},"properties":{"edcs_id":"EDCS-16100778","findspot":"Falerone / Falerio Picenus","raw_text":"Imp(eratori) Antonino Aug(usto) P[io] / Antonia Cn(aei) fil(ia) Picentina C(ai) C[3] / Secundi praetori(i) patron[i colo]/niae sacerdos divae Fau[sti]/nae statuas quas ad exo[rnan]/dum theatrum promi[serat Fa]/leriensibus posuit et [in ded(icatione)] / decurionibus plebi urbanae div[isionem] / dedit","date_from":0,"date_to":0,"marker_gender":"mixed","is_individual":false,"edcs_url":"https://edcs.hist.uzh.ch/en/document?edcs-id=EDCS-16100778","persons":[{"nomen":"Antonia","gender":"female","raw_name":"Antonia Cn. fil. Picentina C. C[3]","cognomen":"Picentina","status":"Cn. filia, C. Secundi praetori(i) patron(i) coloniae, sacerdos divae Faustinae"},{"nomen":"","gender":"male","raw_name":"Antonino Aug(usto) P[io]","cognomen":"Antoninus","status":"Augustus Pius, filius principis iuventutis","is_imperial":true},{"nomen":"","gender":"male","raw_name":"C. Secundi","cognomen":"Secundus","status":"praetori(i) patron(i) coloniae","cluster_id":1355,"cluster_size":3,"cluster_confidence":"low"}]}},{"type":"Feature","geometry":{"type":"Point","coordinates":[13.47,43.11]},"properties":{"edcs_id":"EDCS-16100780","findspot":"Falerone / Falerio Picenus","raw_text":"[M(arco)] Aurelio Com/modo Aug/usto / Antonini Aug(usti) / [Pii] fil(io) principi / [i]uventutis / [trib(unicia)] pot(estate) II co(n)s(uli) // ] Volsae [3] / [3] aed(ili) IIvir(o) / quinq(uennali) [","date_from":0,"date_to":0,"marker_gender":"male","is_individual":false,"edcs_url":"https://edcs.hist.uzh.ch/en/document?edcs-id=EDCS-16100780","persons":[{"nomen":"Aurelius","gender":"male","raw_name":"M. Aurelio Commodo Aug usto","praenomen":"Marcus","cognomen":"Commodus","status":"Augusto, Antonini Augusti Pii filio, principi iuventutis, tribunicia potestate II, consuli","is_imperial":true},{"nomen":"","gender":"male","raw_name":"Volsae aed(ili) IIvir(o) quinq(uennali)","cognomen":"Volsaeus","status":"aedili IIviro quinquennali"}]}},{"type":"Feature","geometry":{"type":"Point","coordinates":[13.47,43.11]},"properties":{"edcs_id":"EDCS-16100781","findspot":"Falerone / Falerio Picenus","raw_text":"Imp(eratori) Caes(ari) / C(aio) Vibio Afinio Gallo / Veldumniano [Volusiano]","date_from":0,"date_to":0,"marker_gender":"male","is_individual":false,"edcs_url":"https://edcs.hist.uzh.ch/en/document?edcs-id=EDCS-16100781","persons":[{"nomen":"Vibius","gender":"male","raw_name":"C. Vibio Afinio Gallo Veldumniano Volusiano","praenomen":"Gaius","cognomen":"Afinius Gallus Veldumnianus Volusenus","status":"Imperatori Caesari","is_imperial":true}]}},{"type":"Feature","geometry":{"type":"Point","coordinates":[13.47,43.11]},"properties":{"edcs_id":"EDCS-16100789","findspot":"Falerone / Falerio Picenus","raw_text":"T(ito) Cornasidio / T(iti) f(ilio) Fab(ia) Sabino e(gregiae) m(emoriae) v(iro) / proc(uratori) Aug(usti) Daciae Apulensis proc(uratori) / Alpium Atractianar(um) et Poeninar(um) / iur(e) glad(ii) subpraef(ecto) class(is) pr(aetoriae) Raven(natis) / praef(ecto) alae veter(anae) Gallor(um) trib(uno) leg(ionis) II / Aug(ustae) praef(ecto) coh(ortis) I Mont(anorum) p(atrono) c(oloniae) auguri Laur(entium) / Lavin(atium) aed(ili) IIvir(o) q(uin)q(uennali) q(uaestori) p(ecuniae) p(ublicae) / collegia fabrum centon(ariorium) dendrophor(orum) / in honorem / T(iti) Cornasidi / Vesenni Clementis / fili(i) eius equo publ(ico) Laur(entis) / Lavin(atis) patroni plebis et col/legior(um) qui ab ipsis oblatum / sibi honorem statuae in / patris sui nomen memo/riamque transmisit","date_from":0,"date_to":0,"marker_gender":"male","is_individual":false,"edcs_url":"https://edcs.hist.uzh.ch/en/document?edcs-id=EDCS-16100789","persons":[{"nomen":"Cornasidius","gender":"male","raw_name":"T. Cornasidio T. f. Fab. Sabino","praenomen":"Titus","cognomen":"Sabinus","status":"egregiae memoriae viro, procuratori Augusti Daciae Apulensis, procuratori Alpium Atractianarum et Poeninarum, iure gladii, subpraefecto classis praetoriae Raven natae, praefecto alae veteranae Gallorum, tribuno legionis II Augustae, praefecto cohortis I Montanorum, patrono coloniae, auguri Laurentium Lavinatium, aedili, IIviro quinquennali, quaestori pecuniae publicae"},{"nomen":"Cornasidius","gender":"male","raw_name":"T. Cornasidi Vesenni Clementis fili eius","praenomen":"Titus","cognomen":"Clemens","status":"filius eius, equo publico Laurentis Lavinati patrono plebis et collegiorum"}]}},{"type":"Feature","geometry":{"type":"Point","coordinates":[13.47,43.11]},"properties":{"edcs_id":"EDCS-16100791","findspot":"Falerone / Falerio Picenus","raw_text":"Q(uinto) Allio Q(uinti) f(ilio) Vel(ina) / Rufo / IIvir(o) quinq(uennali) ite[r(um)] / flamini August[i] / tribuno milit[um] / praefecto fabr[um] / praefecto c[oh(ortis)","date_from":0,"date_to":0,"marker_gender":"male","is_individual":false,"edcs_url":"https://edcs.hist.uzh.ch/en/document?edcs-id=EDCS-16100791","persons":[{"nomen":"Allius","gender":"male","raw_name":"Q. Allio Q. f. Vel. Rufo","praenomen":"Quintus","cognomen":"Rufus","status":"tribus: Velina, IIviro quinquennali iterum, flamini Augusti, tribuno militum, praefecto fabrum, praefecto cohortis"}]}},{"type":"Feature","geometry":{"type":"Point","coordinates":[13.47,43.11]},"properties":{"edcs_id":"EDCS-16100793","findspot":"Falerone / Falerio Picenus","raw_text":"C(aio) Annio C(ai) f(ilio) Ve[l(ina)] / Tironi aedil(i) II/vir(o) q(uin)q(uennali) hic post [3] / L(ucium) Octavium et / C(aium) [3]ium [","date_from":0,"date_to":0,"marker_gender":"male","is_individual":false,"edcs_url":"https://edcs.hist.uzh.ch/en/document?edcs-id=EDCS-16100793","persons":[{"nomen":"Annius","gender":"male","raw_name":"C. Annio C. f. Ve. Tironi","praenomen":"Caius","cognomen":"Tiro","status":"tribus: Velina, aedili, IIviro quinquennali"}]}},{"type":"Feature","geometry":{"type":"Point","coordinates":[13.47,43.11]},"properties":{"edcs_id":"EDCS-16100794","findspot":"Falerone / Falerio Picenus","raw_text":"L(ucio) Brittio / L(uci) f(ilio) aed(ili) IIvir(o) / r(ei) p(ublicae) r(emissum)","date_from":0,"date_to":0,"marker_gender":"male","is_individual":false,"edcs_url":"https://edcs.hist.uzh.ch/en/document?edcs-id=EDCS-16100794","persons":[{"nomen":"Brittius","gender":"male","raw_name":"L. Brittio L. f.","praenomen":"Lucius","status":"aedili, IIviro rei publicae remissum"}]}},{"type":"Feature","geometry":{"type":"Point","coordinates":[13.47,43.11]},"properties":{"edcs_id":"EDCS-16100795","findspot":"Falerone / Falerio Picenus","raw_text":"M(arco) Fabio M(arci) f(ilio) V[el(ina)] / Maximo aedi/litate remissa / IIvir(o) praef(ecto) fabr(um) / ple<b=P>s patr(ono) col(oniae) / r(ei) p(ublicae) r(emissum)","date_from":0,"date_to":0,"marker_gender":"male","is_individual":false,"edcs_url":"https://edcs.hist.uzh.ch/en/document?edcs-id=EDCS-16100795","persons":[{"nomen":"Fabius","gender":"male","raw_name":"M. Fabio M. f. Ve. Maximo","praenomen":"Marcus","cognomen":"Maximus","status":"tribus: Velina, aedilitate remissa, IIviro, praefecto fabrum, plebs patrono coloniae rei publicae remissum"}]}},{"type":"Feature","geometry":{"type":"Point","coordinates":[13.47,43.11]},"properties":{"edcs_id":"EDCS-16100796","findspot":"Falerone / Falerio Picenus","raw_text":"C(aio) Fuficio / C(ai) l(iberto) Geniali VIII/vir(o) Aug(ustali) Firmi / et Falerione / Cardana T(iti) f(ilia) / Procula ux{s}or / posuit","date_from":0,"date_to":0,"marker_gender":"mixed","is_individual":false,"edcs_url":"https://edcs.hist.uzh.ch/en/document?edcs-id=EDCS-16100796","persons":[{"nomen":"Fuficius","gender":"male","raw_name":"C. Fuficio C. l. Geniali","praenomen":"Caius","cognomen":"Genialis","status":"libertus Cai, VIIIviro Augustali Firmi et Falerione Cardana"},{"nomen":"Cardana","gender":"female","raw_name":"Cardana T. f. Procula","cognomen":"Procula","status":"Titi filia, uxor"}]}},{"type":"Feature","geometry":{"type":"Point","coordinates":[13.47,43.11]},"properties":{"edcs_id":"EDCS-16100797","findspot":"Falerone / Falerio Picenus","raw_text":"C(aius) Helvius / Agens VIIIvir / gratuit(us) dec(urionum) cons(ulto) / haruspex / Orbicia |(mulieris) l(iberta) Procula / concubina Agentis / vix(it) an(nos) XXX","date_from":0,"date_to":0,"marker_gender":"mixed","is_individual":false,"edcs_url":"https://edcs.hist.uzh.ch/en/document?edcs-id=EDCS-16100797","persons":[{"nomen":"Helvius","gender":"male","raw_name":"C. Helvius Agens","praenomen":"Caius","cognomen":"Agens","status":"VIIIvir gratuitus, decurionum consulto, haruspex"},{"nomen":"","gender":"female","raw_name":"Orbicia |(mulieris) l. Procula","cognomen":"Procula","status":"Orbicia mulieris liberta, concubina Agentis"}]}},{"type":"Feature","geometry":{"type":"Point","coordinates":[13.47,43.11]},"properties":{"edcs_id":"EDCS-16100798","findspot":"Falerone / Falerio Picenus","raw_text":"I]ulius Eros / [V]IIIvir August(alis) / d(ecurionum) c(onsulto) gratis factu[s] / posuit","date_from":0,"date_to":0,"marker_gender":"male","is_individual":false,"edcs_url":"https://edcs.hist.uzh.ch/en/document?edcs-id=EDCS-16100798","persons":[{"nomen":"Iulius","gender":"male","raw_name":"I]ulius Eros","cognomen":"Eros","status":"VIIIvir Augustalis"}]}},{"type":"Feature","geometry":{"type":"Point","coordinates":[13.47,43.11]},"properties":{"edcs_id":"EDCS-16100799","findspot":"Falerone / Falerio Picenus","raw_text":"Octav[iae C(ai) f(iliae)] / sorori d[ivi Aug(usti)] / M(arcus) Ancharius [3] / C(aius) Decimius C(ai) f(ilius) Valer[3] / duovir(i) f(aciendum) c(uraverunt)","date_from":0,"date_to":0,"marker_gender":"mixed","is_individual":false,"edcs_url":"https://edcs.hist.uzh.ch/en/document?edcs-id=EDCS-16100799","persons":[{"nomen":"","gender":"female","raw_name":"Octav[iae C(ai) f(iliae)]","cognomen":"Octavia","status":"sorori Divi Augusti"},{"nomen":"Ancharius","gender":"male","raw_name":"M. Ancharius [3]","praenomen":"Marcus"},{"nomen":"Decimius","gender":"male","raw_name":"C. Decimius C. f(ilius) Valer[3]","praenomen":"Gaius","status":"Cai filius"}]}},{"type":"Feature","geometry":{"type":"Point","coordinates":[13.47,43.11]},"properties":{"edcs_id":"EDCS-16100800","findspot":"Falerone / Falerio Picenus","raw_text":"D(is) M(anibus) / T(ito) Sillio T(iti) lib(erto) / Prisco / mag(istro) colleg(ii) / fabr(um) II et q(uaestori) II / mag(istro) et q(uaestori) sodal(icii) / fullonum / Claudiae Ti(beri) lib(ertae) / uxori eius matri / sodalic(ii) fullon(um) / T(itus) Sillius Karus et / Ti(berius) Claudius Phi/lippus mag(istri) et q(uaestores) / colleg(ii) fabr(um) / fili(i) parentib(us) / piissimis","date_from":0,"date_to":0,"marker_gender":"mixed","is_individual":false,"edcs_url":"https://edcs.hist.uzh.ch/en/document?edcs-id=EDCS-16100800","persons":[{"nomen":"Sillius","gender":"male","raw_name":"T. Sillio T. liberto Prisco","praenomen":"Titus","cognomen":"Priscus","status":"Titi liberto, magister collegii fabrum II et quaestor II, magister et quaestor sodalicium fullonum"},{"nomen":"Claudia","gender":"female","raw_name":"Claudiae Ti. liberta","cognomen":"Secunda","status":"Tiberi liberta, uxori eius, matri sodalicium fullonum"},{"nomen":"Sillius","gender":"male","raw_name":"T. Sillius Karus","praenomen":"Titus","cognomen":"Karus","status":"magister et quaestor collegii fabrum","cluster_id":388,"cluster_size":2},{"nomen":"Claudius","gender":"male","raw_name":"Ti. Claudius Philippus","praenomen":"Tiberius","cognomen":"Philippus","status":"magister et quaestor collegii fabrum","cluster_id":389,"cluster_size":2}]}},{"type":"Feature","geometry":{"type":"Point","coordinates":[13.47,43.11]},"properties":{"edcs_id":"EDCS-16100801","findspot":"Falerone / Falerio Picenus","raw_text":"D(is) M(anibus) / C(aio) Valerio C(ai) l(iberto) / Onesimo VIIIvir(o) // Fal(erione) // Trebia Cervia / coniugi bene mer(enti)","date_from":0,"date_to":0,"marker_gender":"mixed","is_individual":false,"edcs_url":"https://edcs.hist.uzh.ch/en/document?edcs-id=EDCS-16100801","persons":[{"nomen":"Valerius","gender":"male","raw_name":"C. Valerio C. l. Onesimo","praenomen":"Gaius","cognomen":"Onesimus","status":"Cai liberto, VIIIviro"},{"nomen":"Trebia","gender":"female","raw_name":"Trebia Cervia","cognomen":"Cervia","status":"coniugi bene merenti"}]}},{"type":"Feature","geometry":{"type":"Point","coordinates":[13.47,43.11]},"properties":{"edcs_id":"EDCS-16100802","findspot":"Falerone / Falerio Picenus","raw_text":"L(ucio) Veianio C(ai) f(ilio) Mamullae / equo public(o) praefect(o) fabr(um) / duovir(o) iterum quinq(uennali) / d(ecurionum) c(onsulto) publice","date_from":0,"date_to":0,"marker_gender":"male","is_individual":false,"edcs_url":"https://edcs.hist.uzh.ch/en/document?edcs-id=EDCS-16100802","persons":[{"nomen":"Veianius","gender":"male","raw_name":"L. Veianio C. f. Mamullae","praenomen":"Lucius","cognomen":"Mamulla","status":"Cai filio, equo publico, praefecto fabrum, duoviro iterum quinquennali"}]}},{"type":"Feature","geometry":{"type":"Point","coordinates":[13.47,43.11]},"properties":{"edcs_id":"EDCS-16100803","findspot":"Falerone / Falerio Picenus","raw_text":"ontio aedili II viro rei publicae remissum","date_from":0,"date_to":0,"marker_gender":"male","is_individual":false,"edcs_url":"https://edcs.hist.uzh.ch/en/document?edcs-id=EDCS-16100803","persons":[{"nomen":"","gender":"male","raw_name":"]ontio","cognomen":"Iontius","status":"aedili IIviro"}]}},{"type":"Feature","geometry":{"type":"Point","coordinates":[13.47,43.11]},"properties":{"edcs_id":"EDCS-16100811","findspot":"Falerone / Falerio Picenus","raw_text":"Sermo Apolloni / vilici v(erna) v(ixit) a(nnos) VI","date_from":0,"date_to":0,"marker_gender":"male","is_individual":false,"edcs_url":"https://edcs.hist.uzh.ch/en/document?edcs-id=EDCS-16100811","persons":[{"nomen":"","gender":"male","raw_name":"Sermo Apolloni","cognomen":"Sermo","status":"Apolloni vilici verna vixit annos VI"}]}},{"type":"Feature","geometry":{"type":"Point","coordinates":[13.47,43.11]},"properties":{"edcs_id":"EDCS-16100812","findspot":"Falerone / Falerio Picenus","raw_text":"Q(uinto) Tullieno / Marioni / dissignatori / socii dissignat(ores)","date_from":0,"date_to":0,"marker_gender":"male","is_individual":false,"edcs_url":"https://edcs.hist.uzh.ch/en/document?edcs-id=EDCS-16100812","persons":[{"nomen":"Tullienus","gender":"male","raw_name":"Q. Tullieno Marioni","praenomen":"Quintus","cognomen":"Marion","status":"dissignatori"}]}},{"type":"Feature","geometry":{"type":"Point","coordinates":[13.47,43.11]},"properties":{"edcs_id":"EDCS-16100813","findspot":"Falerone / Falerio Picenus","raw_text":"Q(uinti) Tullieni Q(uinti) l(iberti) / Phaniae medicus(!)","date_from":0,"date_to":0,"marker_gender":"female","is_individual":false,"edcs_url":"https://edcs.hist.uzh.ch/en/document?edcs-id=EDCS-16100813","persons":[{"nomen":"Tulliena","gender":"female","raw_name":"Q. Tullieni Q. liberti Phaniae","cognomen":"Phania","status":"Quinti liberti"}]}},{"type":"Feature","geometry":{"type":"Point","coordinates":[13.47,43.11]},"properties":{"edcs_id":"EDCS-16100814","findspot":"Falerone / Falerio Picenus","raw_text":"[3]","date_from":0,"date_to":0,"marker_gender":"male","is_individual":false,"edcs_url":"https://edcs.hist.uzh.ch/en/document?edcs-id=EDCS-16100814","persons":[{"nomen":"","gender":"male","raw_name":"Secundus Modesti filius Alliae M. f. Atticillae f. Allii Mode[sti]","cognomen":"Secundus","status":"Modesti filius Alliae M. filiae Atticillae filiae Allii Modesti","cluster_id":1355,"cluster_size":3,"cluster_confidence":"low"}]}},{"type":"Feature","geometry":{"type":"Point","coordinates":[13.47,43.11]},"properties":{"edcs_id":"EDCS-16100815","findspot":"Falerone / Falerio Picenus","raw_text":"Q(uintus) Anna/lius Q(uinti) l(ibertus) / Ases / Annalia / Q(uinti) l(iberta) Strat/onice h{e}ic / requiescunt / [","date_from":0,"date_to":0,"marker_gender":"mixed","is_individual":false,"edcs_url":"https://edcs.hist.uzh.ch/en/document?edcs-id=EDCS-16100815","persons":[{"nomen":"Annaelius","gender":"male","raw_name":"Q. Anna lius Q. l. Ases","praenomen":"Quintus","cognomen":"Ases","status":"Quinti libertus"},{"nomen":"Annalia","gender":"female","raw_name":"Annalia Q. l. Strat onice","cognomen":"Stratonice","status":"Quinti liberta"}]}},{"type":"Feature","geometry":{"type":"Point","coordinates":[13.47,43.11]},"properties":{"edcs_id":"EDCS-16100816","findspot":"Falerone / Falerio Picenus","raw_text":"Atalante / C(ai) Petroni / Crescentis","date_from":0,"date_to":0,"marker_gender":"mixed","is_individual":false,"edcs_url":"https://edcs.hist.uzh.ch/en/document?edcs-id=EDCS-16100816","persons":[{"nomen":"","gender":"female","raw_name":"Atalante","cognomen":"Atalanta"},{"nomen":"Petronius","gender":"male","raw_name":"C. Petroni Crescentis","cognomen":"Crescens"}]}},{"type":"Feature","geometry":{"type":"Point","coordinates":[13.47,43.11]},"properties":{"edcs_id":"EDCS-16100817","findspot":"Falerone / Falerio Picenus","raw_text":"Dis Manibus Cai Atali Cai filii Luciliani","date_from":0,"date_to":0,"marker_gender":"male","is_individual":false,"edcs_url":"https://edcs.hist.uzh.ch/en/document?edcs-id=EDCS-16100817","persons":[{"nomen":"Atalius","gender":"male","raw_name":"C. Atali C. fili Luciliani","praenomen":"Caius","cognomen":"Lucilianus","status":"Cai filius"}]}},{"type":"Feature","geometry":{"type":"Point","coordinates":[13.47,43.11]},"properties":{"edcs_id":"EDCS-16100818","findspot":"Falerone / Falerio Picenus","raw_text":"L(ucius) At[tius] / Philo / L(ucius) Attiu[s] / Thall[us","date_from":0,"date_to":0,"marker_gender":"male","is_individual":false,"edcs_url":"https://edcs.hist.uzh.ch/en/document?edcs-id=EDCS-16100818","persons":[{"nomen":"Attius","gender":"male","raw_name":"L. Atti Philo","praenomen":"Lucius","cognomen":"Philo"},{"nomen":"Attius","gender":"male","raw_name":"L. Attiu Thall","praenomen":"Lucius","cognomen":"Thallus"}]}},{"type":"Feature","geometry":{"type":"Point","coordinates":[13.47,43.11]},"properties":{"edcs_id":"EDCS-16100819","findspot":"Falerone / Falerio Picenus","raw_text":"D(is) M(anibus) / [B]asilidi / [i]<n=M>fanti / dulcissi/mo qui v/ixit ann(os) VII / mens(e)s II d(ies) / VIII Hilari/nus pater et / Basilia mat(er) / infelicissimi b(ene) m(erenti)","date_from":0,"date_to":0,"marker_gender":"mixed","is_individual":false,"edcs_url":"https://edcs.hist.uzh.ch/en/document?edcs-id=EDCS-16100819","persons":[{"nomen":"","gender":"male","raw_name":"[B]asilidi [i]nfanti","cognomen":"Basilidas","status":"infanti dulcissimo qui vixit annos VII mense II die VIII"},{"nomen":"","gender":"male","raw_name":"Hilarinu","cognomen":"Hilarinus","status":"pater infelicissimi bene merenti"},{"nomen":"","gender":"female","raw_name":"Basilia","cognomen":"Basilia","status":"mater infelicissimi bene merenti"}]}},{"type":"Feature","geometry":{"type":"Point","coordinates":[13.47,43.11]},"properties":{"edcs_id":"EDCS-16100820","findspot":"Falerone / Falerio Picenus","raw_text":"Boviae / Faustae / Bovi Flacci","date_from":0,"date_to":0,"marker_gender":"mixed","is_individual":false,"edcs_url":"https://edcs.hist.uzh.ch/en/document?edcs-id=EDCS-16100820","persons":[{"nomen":"Bovia","gender":"female","raw_name":"Boviae Faustae","cognomen":"Fausta"},{"nomen":"Bovius","gender":"male","raw_name":"Bovi Flacci","cognomen":"Flaccus"}]}},{"type":"Feature","geometry":{"type":"Point","coordinates":[13.47,43.11]},"properties":{"edcs_id":"EDCS-16100821","findspot":"Falerone / Falerio Picenus","raw_text":"[D(is) M(anibus)] / Q(uinti) Caecili Ero[tici] / vixit an(nos) XXXXII [3] / Caecilius Chres[t]u[s] / liberto incompara/bili et Caecilia Roma/na cum qua vix(it) ann(os) / XXV m(enses) VII sine querella / hic post mortem filiae su[ae] / septimo mense decessit","date_from":0,"date_to":0,"marker_gender":"mixed","is_individual":false,"edcs_url":"https://edcs.hist.uzh.ch/en/document?edcs-id=EDCS-16100821","persons":[{"nomen":"Caecilius","gender":"male","raw_name":"Q. Caecili Ero[tici]","praenomen":"Quintus","cognomen":"Eroticus","status":"vixit annos XXXXII","cluster_id":403,"cluster_size":3},{"nomen":"Caecilius","gender":"male","raw_name":"Caecilius Chres[t]u[s]","cognomen":"Chrestus","status":"liberto incomparabili"},{"nomen":"Caecilia","gender":"female","raw_name":"Caecilia Roma[na]","cognomen":"Romana","status":"cum qua vixit annos XXV menses VII sine querella hic post mortem filiae suae septimo mense decessit"}]}},{"type":"Feature","geometry":{"type":"Point","coordinates":[13.47,43.11]},"properties":{"edcs_id":"EDCS-16100822","findspot":"Falerone / Falerio Picenus","raw_text":"D(is) M(anibus) / Caeciliae Erotices / vixit annis XI dieb(us) XXX / Caecili Eroticus et / Romana parentes","date_from":0,"date_to":0,"marker_gender":"mixed","is_individual":false,"edcs_url":"https://edcs.hist.uzh.ch/en/document?edcs-id=EDCS-16100822","persons":[{"nomen":"Caecilia","gender":"female","raw_name":"Caeciliae Erotices","cognomen":"Erotica","status":"vixit annis XI diebus XXX","cluster_id":403,"cluster_size":3},{"nomen":"Caecilius","gender":"male","raw_name":"Caecili Eroticus","cognomen":"Eroticus","status":"parentes","cluster_id":403,"cluster_size":3},{"nomen":"","gender":"female","raw_name":"Romana","cognomen":"Romana","status":"parentes"}]}},{"type":"Feature","geometry":{"type":"Point","coordinates":[13.47,43.11]},"properties":{"edcs_id":"EDCS-16100823","findspot":"Falerone / Falerio Picenus","raw_text":"D(is) M(anibus) / Ti(berio) Cl(audio) Phili[ppo] / [6] / Terentia |(mulieris) l(iberta) [3] / sibi et con[iugi","date_from":0,"date_to":0,"marker_gender":"mixed","is_individual":false,"edcs_url":"https://edcs.hist.uzh.ch/en/document?edcs-id=EDCS-16100823","persons":[{"nomen":"Claudius","gender":"male","raw_name":"Ti. Claud[i] Phili[ppi]","praenomen":"Tiberius","cognomen":"Philippus","cluster_id":389,"cluster_size":2},{"nomen":"Terentia","gender":"female","raw_name":"Terentia |(mulieris) l. [3]","status":"mulieris liberta"}]}},{"type":"Feature","geometry":{"type":"Point","coordinates":[13.47,43.11]},"properties":{"edcs_id":"EDCS-16100825","findspot":"Falerone / Falerio Picenus","raw_text":"Fannia A(uli) f(ilia) / L(uci) Vetili Q(uinti) f(ilii) Vel(ina) / Praetutiani","date_from":0,"date_to":0,"marker_gender":"mixed","is_individual":false,"edcs_url":"https://edcs.hist.uzh.ch/en/document?edcs-id=EDCS-16100825","persons":[{"nomen":"Fannia","gender":"female","raw_name":"Fannia A. f.","status":"Auli filia"},{"nomen":"Vettius","gender":"male","raw_name":"L. Vetili Q. fili Velina Praetutiani","praenomen":"Lucius","status":"Quinti filius, tribus: Velina, Praetutianus"}]}},{"type":"Feature","geometry":{"type":"Point","coordinates":[13.47,43.11]},"properties":{"edcs_id":"EDCS-16100826","findspot":"Falerone / Falerio Picenus","raw_text":"] / mater et / Felicitas / soror par(entes) / infelicis/simi","date_from":0,"date_to":0,"marker_gender":"female","is_individual":false,"edcs_url":"https://edcs.hist.uzh.ch/en/document?edcs-id=EDCS-16100826","persons":[{"nomen":"","gender":"female","raw_name":"Felicitas","cognomen":"Felicitas","status":"soror parentes infelicissimi","is_deity":true,"cluster_confidence":"excluded"}]}},{"type":"Feature","geometry":{"type":"Point","coordinates":[13.47,43.11]},"properties":{"edcs_id":"EDCS-16100827","findspot":"Falerone / Falerio Picenus","raw_text":"VI menses V llius Sta et Festa pientissimo","date_from":0,"date_to":0,"marker_gender":"female","is_individual":false,"edcs_url":"https://edcs.hist.uzh.ch/en/document?edcs-id=EDCS-16100827","persons":[{"nomen":"","gender":"female","raw_name":"Festa","cognomen":"Festa","status":"pientissimo"}]}},{"type":"Feature","geometry":{"type":"Point","coordinates":[13.47,43.11]},"properties":{"edcs_id":"EDCS-16100828","findspot":"Falerone / Falerio Picenus","raw_text":"]/a[e] Petron(ia) / Florida am/ic(a)e dulci/s(s)im(a)e et cari/[s(s)im]ae [b(ene)] m(erenti)","date_from":0,"date_to":0,"marker_gender":"female","is_individual":false,"edcs_url":"https://edcs.hist.uzh.ch/en/document?edcs-id=EDCS-16100828","persons":[{"nomen":"Petronia","gender":"female","raw_name":"Petronia Florida","cognomen":"Florida","status":"amicae dulcissimae et carissimae bene merenti"}]}},{"type":"Feature","geometry":{"type":"Point","coordinates":[13.47,43.11]},"properties":{"edcs_id":"EDCS-16100829","findspot":"Falerone / Falerio Picenus","raw_text":"Fuficiae / Tyche / co(n)iugi dul/cissimae et / incompa/rabili / M(arcus) Paccius / Athenodo/rus cum / quo vixit / sine <b=V>ile annis / XXVI casta / pia sancta de/cessit annor(um) XIII","date_from":0,"date_to":0,"marker_gender":"mixed","is_individual":false,"edcs_url":"https://edcs.hist.uzh.ch/en/document?edcs-id=EDCS-16100829","persons":[{"nomen":"Fuficia","gender":"female","raw_name":"Fuficiae Tyche","cognomen":"Tyche","status":"coniugi dulcissimae et incomparabili casta pia sancta"},{"nomen":"Paccius","gender":"male","raw_name":"M. Paccius Athenodo rus","praenomen":"Marcus","cognomen":"Athenodorus","status":"cum quo vixit sine vile annis XXVI"}]}},{"type":"Feature","geometry":{"type":"Point","coordinates":[13.47,43.11]},"properties":{"edcs_id":"EDCS-16100830","findspot":"Falerone / Falerio Picenus","raw_text":"] M(arcus?) Gav[3] / [3] Vel(ina?) M[","date_from":0,"date_to":0,"marker_gender":"male","is_individual":false,"edcs_url":"https://edcs.hist.uzh.ch/en/document?edcs-id=EDCS-16100830","persons":[{"nomen":"Gavius","gender":"male","raw_name":"M. Gav[ius] [3] Vel[ina?] M[","praenomen":"Marcus","status":"Velina"}]}},{"type":"Feature","geometry":{"type":"Point","coordinates":[13.47,43.11]},"properties":{"edcs_id":"EDCS-16100831","findspot":"Falerone / Falerio Picenus","raw_text":"P(ublius) Gavius P(ubli) f(ilius) Ani(ensi) / Camars","date_from":0,"date_to":0,"marker_gender":"male","is_individual":false,"edcs_url":"https://edcs.hist.uzh.ch/en/document?edcs-id=EDCS-16100831","persons":[{"nomen":"Gavius","gender":"male","raw_name":"P. Gavius P. f. Ani Camars","praenomen":"Publius","cognomen":"Camars","status":"Publi filius, tribus: Aniensis"}]}},{"type":"Feature","geometry":{"type":"Point","coordinates":[13.47,43.11]},"properties":{"edcs_id":"EDCS-16100832","findspot":"Falerone / Falerio Picenus","raw_text":"Dis Manib(us) / Italici vern(ae) / karissimi vix(it) / ann(os) [3] m(enses) V / Urbanus Cae(saris) / et Claudia Pe/lagia fec(erunt)","date_from":0,"date_to":0,"marker_gender":"mixed","is_individual":false,"edcs_url":"https://edcs.hist.uzh.ch/en/document?edcs-id=EDCS-16100832","persons":[{"nomen":"","gender":"male","raw_name":"Italici","cognomen":"Italici","status":"vernae karissimi"},{"nomen":"","gender":"male","raw_name":"Urbanus Cae(saris)","cognomen":"Urbanus","status":"Caesaris (libertus)"},{"nomen":"Claudia","gender":"female","raw_name":"Claudia Pe lagia","cognomen":"Pelagia"}]}},{"type":"Feature","geometry":{"type":"Point","coordinates":[13.47,43.11]},"properties":{"edcs_id":"EDCS-16100834","findspot":"Falerone / Falerio Picenus","raw_text":"Dis Manibus Quinti Marci Victoris vixit","date_from":0,"date_to":0,"marker_gender":"male","is_individual":false,"edcs_url":"https://edcs.hist.uzh.ch/en/document?edcs-id=EDCS-16100834","persons":[{"nomen":"Marcius","gender":"male","raw_name":"Q. Marci Victoris","praenomen":"Quintus","cognomen":"Victor"}]}},{"type":"Feature","geometry":{"type":"Point","coordinates":[13.47,43.11]},"properties":{"edcs_id":"EDCS-16100835","findspot":"Falerone / Falerio Picenus","raw_text":"C(aio) Mario / Sedato / Optatus col(onus) / d(e) s(uo)","date_from":0,"date_to":0,"marker_gender":"male","is_individual":false,"edcs_url":"https://edcs.hist.uzh.ch/en/document?edcs-id=EDCS-16100835","persons":[{"nomen":"Marius","gender":"male","raw_name":"C. Mario Sedato","praenomen":"Gaius","cognomen":"Sedatus"},{"nomen":"","gender":"male","raw_name":"Optatus col. d. s.","cognomen":"Optatus","status":"colonus de suo"}]}},{"type":"Feature","geometry":{"type":"Point","coordinates":[13.47,43.11]},"properties":{"edcs_id":"EDCS-16100836","findspot":"Falerone / Falerio Picenus","raw_text":"Quinto Obileno Quinti filio Celeri","date_from":0,"date_to":0,"marker_gender":"male","is_individual":false,"edcs_url":"https://edcs.hist.uzh.ch/en/document?edcs-id=EDCS-16100836","persons":[{"nomen":"Obilenus","gender":"male","raw_name":"Q. Obileno Q. filio Celeri","praenomen":"Quintus","cognomen":"Celer","status":"Quinti filius"}]}},{"type":"Feature","geometry":{"type":"Point","coordinates":[13.47,43.11]},"properties":{"edcs_id":"EDCS-16100837","findspot":"Falerone / Falerio Picenus","raw_text":"L(uci) Obili / Platoris / Auge Obi/lia","date_from":0,"date_to":0,"marker_gender":"mixed","is_individual":false,"edcs_url":"https://edcs.hist.uzh.ch/en/document?edcs-id=EDCS-16100837","persons":[{"nomen":"Obilius","gender":"male","raw_name":"L. Obili Platoris","praenomen":"Lucius","cognomen":"Plator"},{"nomen":"Auge","gender":"female","raw_name":"Auge Obilia","cognomen":"Obilia"}]}},{"type":"Feature","geometry":{"type":"Point","coordinates":[13.47,43.11]},"properties":{"edcs_id":"EDCS-16100838","findspot":"Falerone / Falerio Picenus","raw_text":"Dis Manibus Oppiae Publi PROCIII Publius Stla MAR nus","date_from":0,"date_to":0,"marker_gender":"mixed","is_individual":false,"edcs_url":"https://edcs.hist.uzh.ch/en/document?edcs-id=EDCS-16100838","persons":[{"nomen":"Oppia","gender":"female","raw_name":"Oppiae P. PROCIII[3]","status":"Publi filia"},{"nomen":"","gender":"male","raw_name":"P. Stla[3] MAR[3]nus","praenomen":"Publius","cognomen":"Marcinus"}]}},{"type":"Feature","geometry":{"type":"Point","coordinates":[13.47,43.11]},"properties":{"edcs_id":"EDCS-16100839","findspot":"Falerone / Falerio Picenus","raw_text":"Cai Popilli Cai liberti Phileroni quadratos pedes XII sibi suis que","date_from":0,"date_to":0,"marker_gender":"male","is_individual":false,"edcs_url":"https://edcs.hist.uzh.ch/en/document?edcs-id=EDCS-16100839","persons":[{"nomen":"Popillius","gender":"male","raw_name":"C. Popilli C. l. Phileroni","praenomen":"Gaius","cognomen":"Phileron","status":"Cai libertus"}]}},{"type":"Feature","geometry":{"type":"Point","coordinates":[13.47,43.11]},"properties":{"edcs_id":"EDCS-16100840","findspot":"Falerone / Falerio Picenus","raw_text":"Lucius Postimius Luci libertus Tintyrita sibi et libertae Urbanae","date_from":0,"date_to":0,"marker_gender":"mixed","is_individual":false,"edcs_url":"https://edcs.hist.uzh.ch/en/document?edcs-id=EDCS-16100840","persons":[{"nomen":"Postimius","gender":"male","raw_name":"L. Postimius L. l. Tintyrita","praenomen":"Lucius","cognomen":"Tintyrita","status":"Luci libertus"},{"nomen":"","gender":"female","raw_name":"libertae Urbanae","cognomen":"Urbana","status":"libertae"}]}},{"type":"Feature","geometry":{"type":"Point","coordinates":[13.47,43.11]},"properties":{"edcs_id":"EDCS-16100841","findspot":"Falerone / Falerio Picenus","raw_text":"T(itus) Postumius |(mulieris) l(ibertus) / Florus / sibi et Plotiae / Blaste co(n)iugi / karae / ni(hi)l p[","date_from":0,"date_to":0,"marker_gender":"mixed","is_individual":false,"edcs_url":"https://edcs.hist.uzh.ch/en/document?edcs-id=EDCS-16100841","persons":[{"nomen":"","gender":"male","raw_name":"T. |(mulieris) l. Florus","praenomen":"Titus","cognomen":"Florus","status":"mulieris libertus"},{"nomen":"","gender":"female","raw_name":"Plotiae Blaste","cognomen":"Plotia Blasta","status":"coniugi karae"}]}},{"type":"Feature","geometry":{"type":"Point","coordinates":[13.47,43.11]},"properties":{"edcs_id":"EDCS-16100842","findspot":"Falerone / Falerio Picenus","raw_text":"D(is) M(anibus) / Rufillae / conser/v(a)e et vi/[cariae","date_from":0,"date_to":0,"marker_gender":"female","is_individual":false,"edcs_url":"https://edcs.hist.uzh.ch/en/document?edcs-id=EDCS-16100842","persons":[{"nomen":"","gender":"female","raw_name":"Rufillae conserv(a)e et vi [cariae","cognomen":"Rufilla","status":"conserva et vicaria"}]}},{"type":"Feature","geometry":{"type":"Point","coordinates":[13.47,43.11]},"properties":{"edcs_id":"EDCS-16100843","findspot":"Falerone / Falerio Picenus","raw_text":"Salviae Luci libertae Philemationi matri Salviae Luci libertae Chrestinae sorori Lucius Salvius Luci libertus Philemo de suo","date_from":0,"date_to":0,"marker_gender":"mixed","is_individual":false,"edcs_url":"https://edcs.hist.uzh.ch/en/document?edcs-id=EDCS-16100843","persons":[{"nomen":"","gender":"female","raw_name":"Salvia[e L. l. Philema] tioni matri","cognomen":"Salvia Philematio","status":"Luci liberta matri"},{"nomen":"Salviae","gender":"female","raw_name":"Salviae L. l. Chresti[nae]","cognomen":"Chrestinae","status":"Luci liberta sorori"},{"nomen":"Salvius","gender":"male","raw_name":"L. Salvius L. l. Phil[e]mo","praenomen":"Lucius","cognomen":"Philemo","status":"Luci libertus de suo"}]}},{"type":"Feature","geometry":{"type":"Point","coordinates":[13.47,43.11]},"properties":{"edcs_id":"EDCS-16100844","findspot":"Falerone / Falerio Picenus","raw_text":"Seianae T(iti) l(ibertae) / Philuminae / ex testament(o)","date_from":0,"date_to":0,"marker_gender":"female","is_individual":false,"edcs_url":"https://edcs.hist.uzh.ch/en/document?edcs-id=EDCS-16100844","persons":[{"nomen":"","gender":"female","raw_name":"Seianae T. l. Philuminae","cognomen":"Seiana Philumina","status":"Titi liberta ex testamento"}]}},{"type":"Feature","geometry":{"type":"Point","coordinates":[13.47,43.11]},"properties":{"edcs_id":"EDCS-16100845","findspot":"Falerone / Falerio Picenus","raw_text":"Sicinia mulieris liberta Calliopa","date_from":0,"date_to":0,"marker_gender":"female","is_individual":false,"edcs_url":"https://edcs.hist.uzh.ch/en/document?edcs-id=EDCS-16100845","persons":[{"nomen":"Sicia","gender":"female","raw_name":"Sicia |(mulieris) l. Calliopa","cognomen":"Calliopa","status":"mulieris liberta"}]}},{"type":"Feature","geometry":{"type":"Point","coordinates":[13.47,43.11]},"properties":{"edcs_id":"EDCS-16100846","findspot":"Falerone / Falerio Picenus","raw_text":"Dis Manibus Silliae Tertiae Sillia Fortunata filia matri pientissimae","date_from":0,"date_to":0,"marker_gender":"female","is_individual":false,"edcs_url":"https://edcs.hist.uzh.ch/en/document?edcs-id=EDCS-16100846","persons":[{"nomen":"Sillia","gender":"female","raw_name":"Silliae Tertiae","cognomen":"Tertia","cluster_id":413,"cluster_size":2},{"nomen":"Sillia","gender":"female","raw_name":"Sillia Fortuna ta fil. matri","cognomen":"Fortunata","status":"filia matri pientissimae","cluster_id":414,"cluster_size":2}]}},{"type":"Feature","geometry":{"type":"Point","coordinates":[13.47,43.11]},"properties":{"edcs_id":"EDCS-16100847","findspot":"Falerone / Falerio Picenus","raw_text":"Vibia Sed","date_from":0,"date_to":0,"marker_gender":"female","is_individual":false,"edcs_url":"https://edcs.hist.uzh.ch/en/document?edcs-id=EDCS-16100847","persons":[{"nomen":"Vibia","gender":"female","raw_name":"Vibia [3] Sed[","cognomen":"Seda"}]}},{"type":"Feature","geometry":{"type":"Point","coordinates":[13.47,43.11]},"properties":{"edcs_id":"EDCS-16100849","findspot":"Falerone / Falerio Picenus","raw_text":"Vitellus / v(ixit) a(nnos) XVII / Praesentia / Accepta mate(r) / fecit","date_from":0,"date_to":0,"marker_gender":"mixed","is_individual":false,"edcs_url":"https://edcs.hist.uzh.ch/en/document?edcs-id=EDCS-16100849","persons":[{"nomen":"","gender":"male","raw_name":"Vitellus","cognomen":"Vitellus"},{"nomen":"","gender":"female","raw_name":"Praesentia Accepta","cognomen":"Praesentia Accepta","status":"mater"}]}},{"type":"Feature","geometry":{"type":"Point","coordinates":[13.47,43.11]},"properties":{"edcs_id":"EDCS-16100850","findspot":"Falerone / Falerio Picenus","raw_text":"D(is) M(anibus) / L(ucio) Ussio Icesio / viro inco[m]/parabili / Ussia E[3]/tho c[oniugi] / bene m[eren]/t[i]","date_from":0,"date_to":0,"marker_gender":"mixed","is_individual":false,"edcs_url":"https://edcs.hist.uzh.ch/en/document?edcs-id=EDCS-16100850","persons":[{"nomen":"Ussius","gender":"male","raw_name":"L. Ussio Icesio","praenomen":"Lucius","cognomen":"Icesius"},{"nomen":"Ussia","gender":"female","raw_name":"Ussia E[3]tho","cognomen":"Etho","status":"coniugi bene merenti"}]}},{"type":"Feature","geometry":{"type":"Point","coordinates":[13.47,43.11]},"properties":{"edcs_id":"EDCS-16100851","findspot":"Falerone / Falerio Picenus","raw_text":"Ussia L(uci) l(iberta) / Primigenia / sibi et L(ucio) Apidio / L(uci) l(iberto) Acuto d(e) s(ua) p(ecunia)","date_from":0,"date_to":0,"marker_gender":"mixed","is_individual":false,"edcs_url":"https://edcs.hist.uzh.ch/en/document?edcs-id=EDCS-16100851","persons":[{"nomen":"Ussia","gender":"female","raw_name":"Ussia L. l. Primigenia","cognomen":"Primigenia","status":"liberta L."},{"nomen":"Apidius","gender":"male","raw_name":"L. Apidio L. l. Acuto","praenomen":"Lucius","cognomen":"Acutus","status":"libertus L."}]}},{"type":"Feature","geometry":{"type":"Point","coordinates":[13.47,43.11]},"properties":{"edcs_id":"EDCS-16200595","findspot":"Falerone / Falerio Picenus","raw_text":"tianius N","date_from":0,"date_to":0,"marker_gender":"unknown","is_individual":false,"edcs_url":"https://edcs.hist.uzh.ch/en/document?edcs-id=EDCS-16200595","persons":[{"nomen":"Titianius","gender":"unknown","raw_name":"]tianius [3"}]}},{"type":"Feature","geometry":{"type":"Point","coordinates":[13.47,43.11]},"properties":{"edcs_id":"EDCS-16200600","findspot":"Falerone / Falerio Picenus","raw_text":"Gaudentia hic quiescit vixit annis LXXXV fecit cum maritum annos XXX vidua annos XXXVII deposita III Idus Septembres","date_from":0,"date_to":0,"marker_gender":"female","is_individual":false,"edcs_url":"https://edcs.hist.uzh.ch/en/document?edcs-id=EDCS-16200600","persons":[{"nomen":"","gender":"female","raw_name":"Gaudentia","cognomen":"Gaudentia","status":"hic quiescit"}]}},{"type":"Feature","geometry":{"type":"Point","coordinates":[13.47,43.11]},"properties":{"edcs_id":"EDCS-16200601","findspot":"Falerone / Falerio Picenus","raw_text":"Deposita XI K(a)l(endas) / Aug(ustas) Masinia / [3]ntia vixi/[t an(nos) 3 cum] / [3]A[1] marito / [an]n<o=U>s XVII / men(ses) VI d(ies) XI","date_from":0,"date_to":0,"marker_gender":"female","is_individual":false,"edcs_url":"https://edcs.hist.uzh.ch/en/document?edcs-id=EDCS-16200601","persons":[{"nomen":"Masinia","gender":"female","raw_name":"Masinia"}]}},{"type":"Feature","geometry":{"type":"Point","coordinates":[13.43,43.06]},"properties":{"edcs_id":"EDCS-16200602","findspot":"Penna San Giovanni","raw_text":"C(aius) Sillius C(ai) / l(ibertus) Princeps / hic requiescit / Nobilis l(ibertus) / de suo pos(uit)","date_from":0,"date_to":0,"marker_gender":"male","is_individual":true,"edcs_url":"https://edcs.hist.uzh.ch/en/document?edcs-id=EDCS-16200602","persons":[{"nomen":"Sillius","gender":"male","raw_name":"C. Sillius C. l. Princeps","praenomen":"Caius","cognomen":"Princeps","status":"libertus Cai"},{"nomen":"","gender":"male","raw_name":"Nobilis l.","cognomen":"Nobilis","status":"libertus de suo (posuit)"}]}},{"type":"Feature","geometry":{"type":"Point","coordinates":[13.32,43.11]},"properties":{"edcs_id":"EDCS-16200603","findspot":"San Ginesio","raw_text":"D(is) M(anibus) / L(ucio) Decimio / Fortunato / Calvia Are/thusa coniu/<g=C>i bene mer/{r}enti et sibi","date_from":0,"date_to":0,"marker_gender":"male","is_individual":false,"edcs_url":"https://edcs.hist.uzh.ch/en/document?edcs-id=EDCS-16200603","persons":[{"nomen":"Decimius","gender":"male","raw_name":"L. Decimio Fortunato Calvia Are thusa","praenomen":"Lucius","cognomen":"Fortunatus","status":"Calvia Arethusa coniugi bene merenti et sibi"}]}},{"type":"Feature","geometry":{"type":"Point","coordinates":[13.32,43.11]},"properties":{"edcs_id":"EDCS-16200604","findspot":"San Ginesio","raw_text":"C(aius) Petillenus / C(ai) f(ilius) Vel(ina) / Rufus / P(ublius) Gavius Phileros / ex pecunia / legata","date_from":0,"date_to":0,"marker_gender":"male","is_individual":false,"edcs_url":"https://edcs.hist.uzh.ch/en/document?edcs-id=EDCS-16200604","persons":[{"nomen":"Petillenus","gender":"male","raw_name":"C. Petillenus C. f. Vel. Rufus","praenomen":"Gaius","cognomen":"Rufus","status":"Cai filius, tribus: Velina"},{"nomen":"Gavius","gender":"male","raw_name":"P. Gavius Phileros","praenomen":"Publius","cognomen":"Phileros","status":"ex pecunia legata"}]}},{"type":"Feature","geometry":{"type":"Point","coordinates":[13.47,43.22]},"properties":{"edcs_id":"EDCS-16200605","findspot":"Petriolo","raw_text":"D(is) M(anibus) / Decimiae / Propasidis / Cn(aeus) Sentius / Ampliator / coniugis / karissimae","date_from":0,"date_to":0,"marker_gender":"mixed","is_individual":false,"edcs_url":"https://edcs.hist.uzh.ch/en/document?edcs-id=EDCS-16200605","persons":[{"nomen":"Decimia","gender":"female","raw_name":"Decimiae Propasidis","cognomen":"Propasis"},{"nomen":"Sentius","gender":"male","raw_name":"Cn. Sentius Ampliator","praenomen":"Gnaeus","cognomen":"Ampliator","status":"coniugis karissimae"}]}},{"type":"Feature","geometry":{"type":"Point","coordinates":[13.47,43.22]},"properties":{"edcs_id":"EDCS-16200606","findspot":"Petriolo","raw_text":"L(uci) Papiri C(ai) f(ilii) Lem(onia) / Adoptati f(ilii)","date_from":0,"date_to":0,"marker_gender":"male","is_individual":false,"edcs_url":"https://edcs.hist.uzh.ch/en/document?edcs-id=EDCS-16200606","persons":[{"nomen":"Papirius","gender":"male","raw_name":"L. Papiri C. f. Lem. Adoptati","cognomen":"Adoptatus","status":"Cai filius, tribus: Lemonia"}]}},{"type":"Feature","geometry":{"type":"Point","coordinates":[13.47,43.22]},"properties":{"edcs_id":"EDCS-16200607","findspot":"Petriolo","raw_text":"Sertoria |(mulieris) l(iberta) / Myrine hic requies/[cit 3]vius M(arci) l(ibertus) Athenor","date_from":0,"date_to":0,"marker_gender":"mixed","is_individual":false,"edcs_url":"https://edcs.hist.uzh.ch/en/document?edcs-id=EDCS-16200607","persons":[{"nomen":"Sertoria","gender":"female","raw_name":"Sertoria |(mulieris) l. Myrine","cognomen":"Myrine","status":"mulieris libera"},{"nomen":"","gender":"male","raw_name":"vius M. l. Athenor","cognomen":"Athenor","status":"Marci libertus"}]}},{"type":"Feature","geometry":{"type":"Point","coordinates":[13.6,43.24]},"properties":{"edcs_id":"EDCS-16200608","findspot":"Monte San Giusto","raw_text":"D(is) M(anibus) / Orbiae Aphrodisiae / filiae sanctissimae / L(ucius) Orbius Verinus pater","date_from":0,"date_to":0,"marker_gender":"mixed","is_individual":true,"edcs_url":"https://edcs.hist.uzh.ch/en/document?edcs-id=EDCS-16200608","persons":[{"nomen":"Orbia","gender":"female","raw_name":"Orbiae Aphrodisiae","cognomen":"Aphrodisia","status":"filiae sanctissimae"},{"nomen":"Orbius","gender":"male","raw_name":"L. Orbius Verinus","praenomen":"Lucius","cognomen":"Verinus","status":"pater"}]}},{"type":"Feature","geometry":{"type":"Point","coordinates":[13.58,43.19]},"properties":{"edcs_id":"EDCS-16200609","findspot":"Monte San Pietrangeli / Montesampietrangeli","raw_text":"C(ai) Vetti L(uci) f(ilii) / Vel(ina) Tusci / legionis IIII / Macedonicae / aquilifer{e}i","date_from":0,"date_to":0,"marker_gender":"male","is_individual":true,"edcs_url":"https://edcs.hist.uzh.ch/en/document?edcs-id=EDCS-16200609","persons":[{"nomen":"Vettius","gender":"male","raw_name":"C. Vetti L. f. Vel. Tusci","praenomen":"Gaius","cognomen":"Tuscus","status":"Luci fili, tribus: Velina, legionis IIII Macedonicae aquilifer"}]}},{"type":"Feature","geometry":{"type":"Point","coordinates":[13.69,43.23]},"properties":{"edcs_id":"EDCS-16200610","findspot":"Sant'Elpidio a Mare / Firmum Picenum","raw_text":"C(ai) Bialli AV() / C(aius) Lusius Auc<t=I>u[s 3] / C(aius) Lusius Clienus [3] / d(e) s(ua) p(ecunia)","date_from":0,"date_to":0,"marker_gender":"male","is_individual":true,"edcs_url":"https://edcs.hist.uzh.ch/en/document?edcs-id=EDCS-16200610","persons":[{"nomen":"Lusius","gender":"male","raw_name":"C. Lusius Auc<t=I>u[s 3]","praenomen":"Caius","cognomen":"Aucustus"},{"nomen":"Lusius","gender":"male","raw_name":"C. Lusius Clienus [3]","praenomen":"Caius","cognomen":"Clienus"}]}},{"type":"Feature","geometry":{"type":"Point","coordinates":[13.38,43.2]},"properties":{"edcs_id":"EDCS-16200611","findspot":"Urbisaglia / Urbs Salvia","raw_text":"Dis dea/busq(ue) / Urbisalvi/ensibus / T(itus) Flavius / Maximus / proc(urator) Aug(usti) / ab orient(e) / donum / misit","date_from":0,"date_to":0,"marker_gender":"male","is_individual":true,"edcs_url":"https://edcs.hist.uzh.ch/en/document?edcs-id=EDCS-16200611","persons":[{"nomen":"Flavius","gender":"male","raw_name":"T. Flavius Maximus proc. Aug. ab orient.","praenomen":"Titus","cognomen":"Maximus","status":"procurator Augusti ab oriente"}]}},{"type":"Feature","geometry":{"type":"Point","coordinates":[13.38,43.2]},"properties":{"edcs_id":"EDCS-16200612","findspot":"Urbisaglia / Urbs Salvia","raw_text":"Salutis Aug(ustae) Salviens(ium) / M(arci) Atti / Fabati","date_from":0,"date_to":0,"marker_gender":"male","is_individual":false,"edcs_url":"https://edcs.hist.uzh.ch/en/document?edcs-id=EDCS-16200612","persons":[{"nomen":"Attius","gender":"male","raw_name":"M. Atti Fabati","praenomen":"Marcus","cognomen":"Fabatus"}]}},{"type":"Feature","geometry":{"type":"Point","coordinates":[13.38,43.2]},"properties":{"edcs_id":"EDCS-16200615","findspot":"Urbisaglia / Urbs Salvia","raw_text":"[C(aio) Salv]io C(ai) f(ilio) Vel(ina) Liberali / [Nonio] Basso co(n)s(uli) proco(n)s(uli) provin(ciae) / [Ma]cedoniae legato Augustorum / [iuridi]c(o) Britann(iae) legato leg(ionis) V Maced(onicae) / [fratri A]rvali allecto ab divo Vespasiano / [et divo Ti]to inter tribunicios ab iisdem / [promoto] inter praetorios quinq(uennali) IIII p(atrono) c(oloniae) hic sorte / [proco(n)s(ul) fac]tus provinciae Asiae se excusavit","date_from":0,"date_to":0,"marker_gender":"male","is_individual":true,"edcs_url":"https://edcs.hist.uzh.ch/en/document?edcs-id=EDCS-16200615","persons":[{"nomen":"Salvius","gender":"male","raw_name":"C. Salv]io C. f. Vel. Liberali [Nonio] Basso co(n)s(uli) proco(n)s(uli) provin(ciae) Ma[cedoniae legato Augustorum iuridic(o) Britann(iae) legato leg(ionis) V Maced(onicae) fratri Arvali allecto ab divo Vespasiano et divo Tito inter tribunicios ab iisdem promoto inter praetorios quinq(uennali) IIII p(atrono) c(oloniae) hic sorte proco(n)s(ul fac]tus provinciae Asiae se excusavit","praenomen":"Gaius","cognomen":"Liberalis","status":"Cai filius, tribus: Velina, Nonio Basso consul proconsul provinciae, Mac<e>doniae legatus Augustorum, iuridico Britanniae, legatus legionis V Macedonicae, fratri Arvali allecto ab divo Vespasiano et divo Tito inter tribunicios ab iisdem promoto inter praetorios quinquennali IIII patrono coloniae hic sorte proconsul factus provinciae Asiae se excusavit"}]}},{"type":"Feature","geometry":{"type":"Point","coordinates":[13.38,43.2]},"properties":{"edcs_id":"EDCS-16200616","findspot":"Urbisaglia / Urbs Salvia","raw_text":"Vitelliae / C(ai) f(iliae) Rufillae / C(ai) Salvi Liberalis co(n)s(ulis) / flamini(cae) Salutis Aug(ustae) matri / opt<o=U>mae / C(aius) Salvius Vitellianus viv<u=O>s","date_from":0,"date_to":0,"marker_gender":"mixed","is_individual":true,"edcs_url":"https://edcs.hist.uzh.ch/en/document?edcs-id=EDCS-16200616","persons":[{"nomen":"Salvius","gender":"male","raw_name":"C. Salvius Vitellianus","praenomen":"Gaius","cognomen":"Vitellianus","status":"vivus"},{"nomen":"Vitellia","gender":"female","raw_name":"Vitelliae C. f. Rufillae C. Salvi Liberalis flamini(cae) Salutis Aug(ustae) matri opt<o=U>mae","cognomen":"Rufilla","status":"Cai filia, Gaius Salvius Liberalis consulis, flaminicae Salutis Augustae, optumae matri"}]}},{"type":"Feature","geometry":{"type":"Point","coordinates":[13.38,43.2]},"properties":{"edcs_id":"EDCS-16200617","findspot":"Urbisaglia / Urbs Salvia","raw_text":"Liberali D Maced Africae praetori quaestori ius Nonius","date_from":0,"date_to":0,"marker_gender":"mixed","is_individual":true,"edcs_url":"https://edcs.hist.uzh.ch/en/document?edcs-id=EDCS-16200617","persons":[{"nomen":"","gender":"male","raw_name":"Liber]ali","cognomen":"Liberalis","cluster_id":1704,"cluster_size":3,"cluster_confidence":"low"},{"nomen":"","gender":"male","raw_name":"Maced[3]","cognomen":"Macedo"},{"nomen":"","gender":"female","raw_name":"Afri]cae pr(aetori) q(uaestori)","cognomen":"Africa","status":"praetori quaestori"}]}},{"type":"Feature","geometry":{"type":"Point","coordinates":[13.38,43.2]},"properties":{"edcs_id":"EDCS-16200620","findspot":"Urbisaglia / Urbs Salvia","raw_text":"L(ucio) Annio L(uci) l(iberto) / Capriolo / IIIIviro / Annia |(mulieris) l(iberta) / Antiochis / colliberto / cum filia / b(ene) m(erenti)","date_from":0,"date_to":0,"marker_gender":"mixed","is_individual":true,"edcs_url":"https://edcs.hist.uzh.ch/en/document?edcs-id=EDCS-16200620","persons":[{"nomen":"Annius","gender":"male","raw_name":"L. Annio L. l. Capriolo IIIIviro","praenomen":"Lucius","cognomen":"Capriolus","status":"liberto IIIIviro"},{"nomen":"Annia","gender":"female","raw_name":"Annia |(mulieris) l. Antiochis","cognomen":"Antiochis","status":"mulieris liberta, colliberto cum filia bene merenti"}]}},{"type":"Feature","geometry":{"type":"Point","coordinates":[13.38,43.2]},"properties":{"edcs_id":"EDCS-16200621","findspot":"Urbisaglia / Urbs Salvia","raw_text":"D(is) [M(anibus) s(acrum)] / Ataliae C(ai) f(iliae) / Sabinae / M(arcus) Molletius M(arci) f(ilius) / Cor(nelia) Valens aed(ilis) / uxori sanctissim(ae) / et C(aius) Publicius Florus / et Terentia / Moderata [parent]es / filiae piissimae / vixit an(nis) XXIIII / m(ensibus) V dieb(us) XVIIII","date_from":0,"date_to":0,"marker_gender":"mixed","is_individual":true,"edcs_url":"https://edcs.hist.uzh.ch/en/document?edcs-id=EDCS-16200621","persons":[{"nomen":"Atalia","gender":"female","raw_name":"Ataliae C. f. Sabinae","cognomen":"Sabina","status":"C. filiae, uxori sanctissimae"},{"nomen":"Molletius","gender":"male","raw_name":"M. Molletius M. f. Cor. Valens aed.","praenomen":"Marcus","cognomen":"Valens","status":"M. filius, Cornelia, aedilis"},{"nomen":"Publicius","gender":"male","raw_name":"C. Publicius Florus","praenomen":"Gaius","cognomen":"Florus","status":"parentes"},{"nomen":"Terentia","gender":"female","raw_name":"Terentia Moderata","cognomen":"Modera","status":"parentes, filiae piissimae"}]}},{"type":"Feature","geometry":{"type":"Point","coordinates":[13.38,43.2]},"properties":{"edcs_id":"EDCS-16200622","findspot":"Urbisaglia / Urbs Salvia","raw_text":"D(is) M(anibus) / M(arco) Calvio / Clementi / IIIIvir(o) Urbisal(viae) / M(arcus) Calvius / Sabinus patrono / b(ene) m(erenti) et / Calviae Iucun/dissimae uxori / uxori / karissimae","date_from":0,"date_to":0,"marker_gender":"mixed","is_individual":true,"edcs_url":"https://edcs.hist.uzh.ch/en/document?edcs-id=EDCS-16200622","persons":[{"nomen":"Calvius","gender":"male","raw_name":"M. Calvio Clementi IIIIviro Urbisal.","praenomen":"Marcus","cognomen":"Clemens","status":"IIIIviro Urbisalviae"},{"nomen":"Calvius","gender":"male","raw_name":"M. Calvius Sabinus","praenomen":"Marcus","cognomen":"Sabinus","status":"patrono bene merenti"},{"nomen":"Calvia","gender":"female","raw_name":"Calviae Iucun dissimae uxori","cognomen":"Iucundissima","status":"uxori karissimae"}]}},{"type":"Feature","geometry":{"type":"Point","coordinates":[13.38,43.2]},"properties":{"edcs_id":"EDCS-16200623","findspot":"Urbisaglia / Urbs Salvia","raw_text":"[3] Herennius Q(uinti) f(ilius) [3] / [3] Aufidius L(uci) f(ilius) III[Iviri] / viam ad campum la[pide] / sternend(am) curaver(unt) [de] / pob(lico) long(am) p(edes) DLXX[","date_from":0,"date_to":0,"marker_gender":"male","is_individual":false,"edcs_url":"https://edcs.hist.uzh.ch/en/document?edcs-id=EDCS-16200623","persons":[{"nomen":"Herennius","gender":"male","raw_name":"Herennius Q. f.","status":"Q. filius"},{"nomen":"Aufidius","gender":"male","raw_name":"Aufidius L. f. III[Iviri]","status":"L. filius III[Iviri]"}]}},{"type":"Feature","geometry":{"type":"Point","coordinates":[13.38,43.2]},"properties":{"edcs_id":"EDCS-16200625","findspot":"Urbisaglia / Urbs Salvia","raw_text":"Lucius Satu Prim IIII viro ARP","date_from":0,"date_to":0,"marker_gender":"male","is_individual":true,"edcs_url":"https://edcs.hist.uzh.ch/en/document?edcs-id=EDCS-16200625","persons":[{"nomen":"Satu","gender":"male","raw_name":"L. Satu[3] Prim[3] IIII[3] viro","cognomen":"Prim","status":"IIII[3] viro"}]}},{"type":"Feature","geometry":{"type":"Point","coordinates":[13.38,43.2]},"properties":{"edcs_id":"EDCS-16200628","findspot":"Urbisaglia / Urbs Salvia","raw_text":"annos LXXI aiuminti Clemens post quiescit defuncta est et ri coniunx SEC","date_from":0,"date_to":0,"marker_gender":"male","is_individual":true,"edcs_url":"https://edcs.hist.uzh.ch/en/document?edcs-id=EDCS-16200628","persons":[{"nomen":"","gender":"male","raw_name":"Clemens","cognomen":"Clemens"}]}},{"type":"Feature","geometry":{"type":"Point","coordinates":[13.38,43.2]},"properties":{"edcs_id":"EDCS-16200629","findspot":"Urbisaglia / Urbs Salvia","raw_text":"D(is) M(anibus) / Flavi/ae / Hygiae / P(ublius) Flavi/us / Epic/te/tus / uxori / b(ene) m(erenti) / posu/it","date_from":0,"date_to":0,"marker_gender":"mixed","is_individual":true,"edcs_url":"https://edcs.hist.uzh.ch/en/document?edcs-id=EDCS-16200629","persons":[{"nomen":"Flavia","gender":"female","raw_name":"Flavi ae Hygiae","cognomen":"Hygia","status":"uxori bene merenti"},{"nomen":"Flavius","gender":"male","raw_name":"P. Flavi us Epic te tus","cognomen":"Epictetus"}]}},{"type":"Feature","geometry":{"type":"Point","coordinates":[13.38,43.2]},"properties":{"edcs_id":"EDCS-16200630","findspot":"Urbisaglia / Urbs Salvia","raw_text":"D(is) M(anibus) / Geminiae / Sever(a)e / fili(a)e dul/cissim(a)e / q(uae) v(ixit) annis / V m(ensibus) VIII Ge/minius Pri/mitivus et / Severa b(ene) m(erenti) m(emoriam)","date_from":0,"date_to":0,"marker_gender":"mixed","is_individual":true,"edcs_url":"https://edcs.hist.uzh.ch/en/document?edcs-id=EDCS-16200630","persons":[{"nomen":"Geminia","gender":"female","raw_name":"Geminie  Sever(a)e fili(a)e","cognomen":"Severa","status":"fili(a)e dulcissimae"},{"nomen":"Geminus","gender":"male","raw_name":"Gemin(ius) Pri mitivus","cognomen":"Primitivus"},{"nomen":"","gender":"female","raw_name":"Severa","cognomen":"Severa","status":"bene merenti memoriam"}]}},{"type":"Feature","geometry":{"type":"Point","coordinates":[13.38,43.2]},"properties":{"edcs_id":"EDCS-16200631","findspot":"Urbisaglia / Urbs Salvia","raw_text":"D(is) M(anibus) / Ti(berio) Iulio / [T]elesph/oro qu[i] / vix(it) an(nos) X / mens(es) II d(ies) XI / Iulia ma/ter moes/tissi(ma) pos(uit)","date_from":0,"date_to":0,"marker_gender":"mixed","is_individual":true,"edcs_url":"https://edcs.hist.uzh.ch/en/document?edcs-id=EDCS-16200631","persons":[{"nomen":"Iulius","gender":"male","raw_name":"Ti. Iulio [T]elesphoro","praenomen":"Tiberius","cognomen":"Telesphorus"},{"nomen":"Iulia","gender":"female","raw_name":"Iulia","status":"mater moestissima"}]}},{"type":"Feature","geometry":{"type":"Point","coordinates":[13.38,43.2]},"properties":{"edcs_id":"EDCS-16200632","findspot":"Urbisaglia / Urbs Salvia","raw_text":"D(is) M(anibus) / Iuliae / Fortunatae Manl[i]/us Ikarus / uxori kar(issimae) cum qua / vixit ann(os) L b(ene) / mer(enti)","date_from":0,"date_to":0,"marker_gender":"mixed","is_individual":true,"edcs_url":"https://edcs.hist.uzh.ch/en/document?edcs-id=EDCS-16200632","persons":[{"nomen":"Iulia","gender":"female","raw_name":"Iuliae Fortunatae","cognomen":"Fortunata","status":"uxori karissimae"},{"nomen":"","gender":"male","raw_name":"Manl[i] us Ikarus","cognomen":"Ikarus","status":"cum qua vixit annos L bene merenti"}]}},{"type":"Feature","geometry":{"type":"Point","coordinates":[13.47,43.11]},"properties":{"edcs_id":"EDCS-16201187","findspot":"Falerone / Falerio Picenus","raw_text":"M(arcus) Allius Alli Atti proc(uratoris) Au[g(usti) lib(ertus)] / Agenor VIIIvir Aug(ustalis) pon[derarium] / cum ponderibus et men[suris pecunia] / sua loco suo fec(it) et statuis omnium [deorum(?)] / exornavit et dedicatione eius [sportulas et ludos] / quos nemo antea eiusdem ordinis hom[inum dederat] / dedit","date_from":0,"date_to":0,"marker_gender":"male","is_individual":false,"edcs_url":"https://edcs.hist.uzh.ch/en/document?edcs-id=EDCS-16201187","persons":[{"nomen":"Allius","gender":"male","raw_name":"M. Allius Alli Atti proc. Aug. lib. Agenor","praenomen":"Marcus","cognomen":"Agenor","status":"Alli Atti procuratoris Augusti libertus, VIIIvir Augustalis ponderarium cum ponderibus et mensuris pecunia sua loco suo fecit et statuis omnium deorum exornavit et dedicatione eius sportulas et ludos quos nemo antea eiusdem ordinis hominum dederat dedit"}]}},{"type":"Feature","geometry":{"type":"Point","coordinates":[13.52,43.62]},"properties":{"edcs_id":"EDCS-16400105","findspot":"Ancona","raw_text":"M(arco) Septimio M(arci) [f(ilio) 3]/li |(centurioni) legionum [3 X] / Fret(ensis) II pr(imae) Min(erviae) II[3] / II pri(mae) Parth(icae) III Ga[ll(icae) 3 XXII] / Prim(igeniae) p(rimo) p(ilo) praeposi[to 3 Um]/briae Piceni et Ap[uliae 3] / col(oniae) Ancon(itanorum) et C[3] / complurium [civitatum 3] / heredes patr[ono 3]","date_from":0,"date_to":0,"marker_gender":"male","is_individual":false,"edcs_url":"https://edcs.hist.uzh.ch/en/document?edcs-id=EDCS-16400105","persons":[{"nomen":"Septimius","gender":"male","raw_name":"M. Septimio M. [f(ilio) 3]|(centurioni) legionum [3 X] Fret(ensis) II pr(imae) Min(erviae) II[3] II pri(mae) Parth(icae) III Ga[ll(icae) 3 XXII] Prim(igeniae) p(rimo) p(ilo) praeposi[to 3 Um]briae Piceni et Ap[uliae 3] col(oniae) Ancon(itanorum) et C[3] complurium [civitatum 3] heredes patr[ono 3]","praenomen":"Marcus","cognomen":"Primigenius","status":"M(arci) f(ilius), [centurioni] legionum [X] Fretensis II primae Minerviae II [3] II primae Parthicae III Gallicae [3] XXII p(rimo) p(ilo) praeposito [3] Umbriae Piceni et Apuliae [3] col(oniae) Anconitanorum et C[3] complurium [civitatum 3] heredes patrono [3]"}]}},{"type":"Feature","geometry":{"type":"Point","coordinates":[13.45,43.3]},"properties":{"edcs_id":"EDCS-16700153","findspot":"Macerata / Ricina","raw_text":"Invicto Propitio / Sal(vio) Novanio / Lucianus / d(onum) p(osuit)","date_from":0,"date_to":0,"marker_gender":"male","is_individual":false,"edcs_url":"https://edcs.hist.uzh.ch/en/document?edcs-id=EDCS-16700153","persons":[{"nomen":"","gender":"male","raw_name":"Invicto Propitio","cognomen":"Invictus Propitius"},{"nomen":"Salvius","gender":"male","raw_name":"Sal. Novanio","cognomen":"Novanius"},{"nomen":"","gender":"male","raw_name":"Lucianus","cognomen":"Lucianus"}]}},{"type":"Feature","geometry":{"type":"Point","coordinates":[13.67,42.63]},"properties":{"edcs_id":"EDCS-16800244","findspot":"Rocciano","raw_text":"D(is) M(anibus) s(acrum) / L(ucio) Sept(imio) Marcelliano / e(gregiae) [m(emoriae)] v(iro) ex cornic(ulario) praeff(ectorum) / [et] duobus fratribus german(i) / L(ucio) Sept(imio) Domitiano <e=F>(gregiae) m(emoriae) v(iro) / ex prim<o=I> p[ilo","date_from":0,"date_to":0,"marker_gender":"male","is_individual":true,"edcs_url":"https://edcs.hist.uzh.ch/en/document?edcs-id=EDCS-16800244","persons":[{"nomen":"Septimius","gender":"male","raw_name":"L. Sept. Marcelliano","praenomen":"Lucius","cognomen":"Marcellianus","status":"egregiae memoriae viro ex corniculario praeffectorum"},{"nomen":"Septimius","gender":"male","raw_name":"L. Sept. Domitiano","praenomen":"Lucius","cognomen":"Domitianus","status":"egregiae memoriae viro ex primo pilo"}]}},{"type":"Feature","geometry":{"type":"Point","coordinates":[13.63,42.5]},"properties":{"edcs_id":"EDCS-16900007","findspot":"Cerchiara","raw_text":"D(is) M(anibus) / C(aio) Antistio / Severo / mil(iti) coh(ortis) VIIII pr(aetoriae) / spe(culatori) militans ann(os) X / decessit Faleris / cuius cineres / Antistius Coraesus / rettulit pater","date_from":0,"date_to":0,"marker_gender":"male","is_individual":true,"edcs_url":"https://edcs.hist.uzh.ch/en/document?edcs-id=EDCS-16900007","persons":[{"nomen":"Antistius","gender":"male","raw_name":"C. Antistio Severo mil. coh. VIIII pr. spe. militans","praenomen":"Caius","cognomen":"Severus","status":"miles cohortis VIIII praetoriae, speculator militans"},{"nomen":"Antistius","gender":"male","raw_name":"Antistius Coraesus","cognomen":"Coraesus","status":"pater"}]}},{"type":"Feature","geometry":{"type":"Point","coordinates":[13.7,42.66]},"properties":{"edcs_id":"EDCS-16900039","findspot":"Teramo / Interamnia Praetuttiorum","raw_text":"[D]ivo / [Se]vero pa[tri] / [Im]p(eratoris) Caes(aris) M(arci) [Au]/reli Severi Ant[o]/nini Aug(usti) Pii Feli/[c]is Arab(ici) Adiab(enici) Part(hici) / [ma]x(imi) Brit(annici) max(imi) pont(ificis) / max(imi) tr(ibunicia) p(otestate) XV / [imp(eratoris) I]I co(n)s(ulis) III / [des(ignati) I]III proco(n)s(ulis) / [d(ecreto)] d(ecurionum)","date_from":0,"date_to":0,"marker_gender":"male","is_individual":false,"edcs_url":"https://edcs.hist.uzh.ch/en/document?edcs-id=EDCS-16900039","persons":[{"nomen":"Severus","gender":"male","raw_name":"Divo Severo patri Imp(eratoris) Caes(aris) M. Aureli Severi Ant[o] nini Aug(usti) Pii Feli [c]is Arab(ici) Adiab(enici) Part(hici)   [ma]x(imi) Brit(annici) max(imi) pont(ificis)   max(imi) tr(ibunicia) p(otestate) XV   [imp(eratoris) I]I co(n)s(ulis) III   [des(ignati) I]III proco(n)s(ulis)","status":"pater, Imperatoris Caesaris Marci Aureli Severi Antonini Augusti Pii Felicis Arabici Adiabenici Parthici maximi Britannici maximi pontificis maximi tribunicia potestate XV imperatoris II consulis III designati IIII proconsulis"}]}},{"type":"Feature","geometry":{"type":"Point","coordinates":[13.72,43.16]},"properties":{"edcs_id":"EDCS-17300118","findspot":"Fermo / Firmum Picenum","raw_text":"Luci St Iusti","date_from":0,"date_to":0,"marker_gender":"male","is_individual":false,"edcs_url":"https://edcs.hist.uzh.ch/en/document?edcs-id=EDCS-17300118","persons":[{"nomen":"Statius","gender":"male","raw_name":"L. St() Iusti","praenomen":"Lucius","cognomen":"Iustus"}]}},{"type":"Feature","geometry":{"type":"Point","coordinates":[13.72,43.16]},"properties":{"edcs_id":"EDCS-17300119","findspot":"Fermo / Firmum Picenum","raw_text":"Cai Titi Hermerotis","date_from":0,"date_to":0,"marker_gender":"male","is_individual":false,"edcs_url":"https://edcs.hist.uzh.ch/en/document?edcs-id=EDCS-17300119","persons":[{"nomen":"Titius","gender":"male","raw_name":"C. Titi Hermerot(is)","praenomen":"Gaius","cognomen":"Hermerotes"}]}},{"type":"Feature","geometry":{"type":"Point","coordinates":[13.72,43.16]},"properties":{"edcs_id":"EDCS-17300121","findspot":"Fermo / Firmum Picenum","raw_text":"Quinti V S","date_from":0,"date_to":0,"marker_gender":"unknown","is_individual":false,"edcs_url":"https://edcs.hist.uzh.ch/en/document?edcs-id=EDCS-17300121","persons":[{"nomen":"","gender":"unknown","raw_name":"Q. V() S()","praenomen":"Quintus"}]}},{"type":"Feature","geometry":{"type":"Point","coordinates":[13.72,43.16]},"properties":{"edcs_id":"EDCS-17300122","findspot":"Fermo / Firmum Picenum","raw_text":"Valeriae Magnae Epibana","date_from":0,"date_to":0,"marker_gender":"female","is_individual":false,"edcs_url":"https://edcs.hist.uzh.ch/en/document?edcs-id=EDCS-17300122","persons":[{"nomen":"Valeria","gender":"female","raw_name":"Valeriae Magnae Epibana","cognomen":"Magna Epibana"}]}},{"type":"Feature","geometry":{"type":"Point","coordinates":[13.72,43.16]},"properties":{"edcs_id":"EDCS-17300123","findspot":"Fermo / Firmum Picenum","raw_text":"Valeriae Magnae Epib","date_from":0,"date_to":0,"marker_gender":"female","is_individual":false,"edcs_url":"https://edcs.hist.uzh.ch/en/document?edcs-id=EDCS-17300123","persons":[{"nomen":"Valeria","gender":"female","raw_name":"Valeriae Magnae Epib[3]","cognomen":"Magna"}]}},{"type":"Feature","geometry":{"type":"Point","coordinates":[13.72,43.16]},"properties":{"edcs_id":"EDCS-17300127","findspot":"Fermo / Firmum Picenum","raw_text":"Tiberi F Domitiani","date_from":0,"date_to":0,"marker_gender":"male","is_individual":false,"edcs_url":"https://edcs.hist.uzh.ch/en/document?edcs-id=EDCS-17300127","persons":[{"nomen":"","gender":"male","raw_name":"Ti. F() Do mitiani","praenomen":"Tiberius","cognomen":"Domitianus","is_imperial":true}]}},{"type":"Feature","geometry":{"type":"Point","coordinates":[13.72,43.16]},"properties":{"edcs_id":"EDCS-17300129","findspot":"Fermo / Firmum Picenum","raw_text":"Quinti Clodi Ambrosi","date_from":0,"date_to":0,"marker_gender":"male","is_individual":false,"edcs_url":"https://edcs.hist.uzh.ch/en/document?edcs-id=EDCS-17300129","persons":[{"nomen":"Clodius","gender":"male","raw_name":"Q. Clodi Ambrosi","praenomen":"Quintus","cognomen":"Ambrosius","cluster_id":455,"cluster_size":2}]}},{"type":"Feature","geometry":{"type":"Point","coordinates":[13.72,43.16]},"properties":{"edcs_id":"EDCS-17300130","findspot":"Fermo / Firmum Picenum","raw_text":"Titi Coeli","date_from":0,"date_to":0,"marker_gender":"male","is_individual":false,"edcs_url":"https://edcs.hist.uzh.ch/en/document?edcs-id=EDCS-17300130","persons":[{"nomen":"Coelius","gender":"male","raw_name":"T. Coeli","praenomen":"Titus"}]}},{"type":"Feature","geometry":{"type":"Point","coordinates":[13.72,43.16]},"properties":{"edcs_id":"EDCS-17300131","findspot":"Fermo / Firmum Picenum","raw_text":"Luci Epidi Theodori","date_from":0,"date_to":0,"marker_gender":"male","is_individual":false,"edcs_url":"https://edcs.hist.uzh.ch/en/document?edcs-id=EDCS-17300131","persons":[{"nomen":"Epidius","gender":"male","raw_name":"L. Epid. Theodor","praenomen":"Lucius","cognomen":"Theodorus"}]}},{"type":"Feature","geometry":{"type":"Point","coordinates":[13.72,43.16]},"properties":{"edcs_id":"EDCS-17300132","findspot":"Fermo / Firmum Picenum","raw_text":"Euhemer Maps f Diogenes","date_from":0,"date_to":0,"marker_gender":"male","is_individual":false,"edcs_url":"https://edcs.hist.uzh.ch/en/document?edcs-id=EDCS-17300132","persons":[{"nomen":"","gender":"male","raw_name":"Euhemer Maps() f() Diogenes","cognomen":"Diogenes","status":"Maps f."}]}},{"type":"Feature","geometry":{"type":"Point","coordinates":[13.72,43.16]},"properties":{"edcs_id":"EDCS-17300133","findspot":"Fermo / Firmum Picenum","raw_text":"Auli Faesoni Auli filii","date_from":0,"date_to":0,"marker_gender":"male","is_individual":false,"edcs_url":"https://edcs.hist.uzh.ch/en/document?edcs-id=EDCS-17300133","persons":[{"nomen":"Faesonius","gender":"male","raw_name":"A. Faesoni A. f.","praenomen":"Aulus","status":"Auli filius"}]}},{"type":"Feature","geometry":{"type":"Point","coordinates":[13.72,43.16]},"properties":{"edcs_id":"EDCS-17300138","findspot":"Fermo / Firmum Picenum","raw_text":"Cinniana Iul Pri","date_from":0,"date_to":0,"marker_gender":"male","is_individual":false,"edcs_url":"https://edcs.hist.uzh.ch/en/document?edcs-id=EDCS-17300138","persons":[{"nomen":"Iulius","gender":"male","raw_name":"Iul() Pri()","praenomen":"Gaius","cognomen":"Priscus"}]}},{"type":"Feature","geometry":{"type":"Point","coordinates":[13.72,43.16]},"properties":{"edcs_id":"EDCS-17300142","findspot":"Fermo / Firmum Picenum","raw_text":"Cai Anici","date_from":0,"date_to":0,"marker_gender":"male","is_individual":false,"edcs_url":"https://edcs.hist.uzh.ch/en/document?edcs-id=EDCS-17300142","persons":[{"nomen":"Anicius","gender":"male","raw_name":"C. Anici","praenomen":"Gaius"}]}},{"type":"Feature","geometry":{"type":"Point","coordinates":[13.38,43.2]},"properties":{"edcs_id":"EDCS-17300150","findspot":"Urbisaglia / Urbs Salvia","raw_text":"Manliae / Cn(aei) fil(iae) / Clodiae / Subulcinillae","date_from":0,"date_to":0,"marker_gender":"female","is_individual":true,"edcs_url":"https://edcs.hist.uzh.ch/en/document?edcs-id=EDCS-17300150","persons":[{"nomen":"Manlia","gender":"female","raw_name":"Manliae Cn. fil. Clodiae","status":"Cn. filiae"},{"nomen":"Clodia","gender":"female","raw_name":"Clodiae Subulcinillae","cognomen":"Subulcinilla"}]}},{"type":"Feature","geometry":{"type":"Point","coordinates":[13.38,43.2]},"properties":{"edcs_id":"EDCS-17300151","findspot":"Urbisaglia / Urbs Salvia","raw_text":"D(is) M(anibus) / Multasiae f(iliae) / kariss(imae) q(uae) / vixit / ann(is) XV / m(ensibus) II die/bus XXVI / P(ublius) Mult(asius) / Felix / et Mul/tasia / Felici/tas nu/trix b(ene) m(erenti)","date_from":0,"date_to":0,"marker_gender":"mixed","is_individual":true,"edcs_url":"https://edcs.hist.uzh.ch/en/document?edcs-id=EDCS-17300151","persons":[{"nomen":"Multasia","gender":"female","raw_name":"Multasiae f.","status":"filiae karissimae"},{"nomen":"Multasius","gender":"male","raw_name":"P. Mult(asius) Felix","praenomen":"Publius","cognomen":"Felix"},{"nomen":"Multasia","gender":"female","raw_name":"Multasia Felici tas","cognomen":"Felicitas","status":"nutrix bene merenti"}]}},{"type":"Feature","geometry":{"type":"Point","coordinates":[13.38,43.2]},"properties":{"edcs_id":"EDCS-17300152","findspot":"Urbisaglia / Urbs Salvia","raw_text":"Dis Manibus Philetes vixit annos XIIII menses VI Ampliata mater","date_from":0,"date_to":0,"marker_gender":"mixed","is_individual":true,"edcs_url":"https://edcs.hist.uzh.ch/en/document?edcs-id=EDCS-17300152","persons":[{"nomen":"","gender":"male","raw_name":"Philetes","cognomen":"Philetes"},{"nomen":"","gender":"female","raw_name":"Ampliata","cognomen":"Ampliata","status":"mater"}]}},{"type":"Feature","geometry":{"type":"Point","coordinates":[13.38,43.2]},"properties":{"edcs_id":"EDCS-17300153","findspot":"Urbisaglia / Urbs Salvia","raw_text":"Auli Pompei Auli liberti Salvi","date_from":0,"date_to":0,"marker_gender":"male","is_individual":true,"edcs_url":"https://edcs.hist.uzh.ch/en/document?edcs-id=EDCS-17300153","persons":[{"nomen":"Pompeius","gender":"male","raw_name":"A. Pompei A. l. Salvi","praenomen":"Aulus","cognomen":"Salvius","status":"libertus Auli"}]}},{"type":"Feature","geometry":{"type":"Point","coordinates":[13.38,43.2]},"properties":{"edcs_id":"EDCS-17300154","findspot":"Urbisaglia / Urbs Salvia","raw_text":"Caius Sal Caius Sal Caius S","date_from":0,"date_to":0,"marker_gender":"male","is_individual":true,"edcs_url":"https://edcs.hist.uzh.ch/en/document?edcs-id=EDCS-17300154","persons":[{"nomen":"Salvius","gender":"male","raw_name":"C. Sal[3]","praenomen":"Gaius"},{"nomen":"Salvius","gender":"male","raw_name":"C. Sal[3]","praenomen":"Gaius"},{"nomen":"Salvius","gender":"male","raw_name":"C. S[","praenomen":"Gaius"}]}},{"type":"Feature","geometry":{"type":"Point","coordinates":[13.38,43.2]},"properties":{"edcs_id":"EDCS-17300155","findspot":"Urbisaglia / Urbs Salvia","raw_text":"Dis Manib(us) / Terentiae M(arci) / fil(iae) Severae / Q(uintus) Fuionius / Firmus optu/[","date_from":0,"date_to":0,"marker_gender":"mixed","is_individual":true,"edcs_url":"https://edcs.hist.uzh.ch/en/document?edcs-id=EDCS-17300155","persons":[{"nomen":"Terentia","gender":"female","raw_name":"Terentiae M. fil. Severae","cognomen":"Severa","status":"Marci filiae"},{"nomen":"Fuionius","gender":"male","raw_name":"Q. Fuionius optu [","praenomen":"Quintus","status":"optu["}]}},{"type":"Feature","geometry":{"type":"Point","coordinates":[13.38,43.2]},"properties":{"edcs_id":"EDCS-17300157","findspot":"Urbisaglia / Urbs Salvia","raw_text":"D(is) M(anibus) / Veneriae / Martialis / et Cupida / filiae / dulcissimae","date_from":0,"date_to":0,"marker_gender":"female","is_individual":true,"edcs_url":"https://edcs.hist.uzh.ch/en/document?edcs-id=EDCS-17300157","persons":[{"nomen":"Veneria","gender":"female","raw_name":"Veneriae Martialis","cognomen":"Martialis"},{"nomen":"","gender":"female","raw_name":"Cupida filiae","cognomen":"Cupida","status":"filiae dulcissimae"}]}},{"type":"Feature","geometry":{"type":"Point","coordinates":[13.32,43.26]},"properties":{"edcs_id":"EDCS-17300161","findspot":"Rambona Zona Mari","raw_text":"D(is) M(anibus) / M(arci) Sicini M(arci) fil(ii) / Vel(ina) Olympiani / vixit ann(is) XVII / mens(ibus) VIII / diebus IIII / Numisia Ter/tullina filio / pientissi/mo","date_from":0,"date_to":0,"marker_gender":"mixed","is_individual":false,"edcs_url":"https://edcs.hist.uzh.ch/en/document?edcs-id=EDCS-17300161","persons":[{"nomen":"Sicinius","gender":"male","raw_name":"M. Sicini M. filii Velina Olympiani","praenomen":"Marcus","cognomen":"Olympias","status":"Marci filio Velina"},{"nomen":"Numisia","gender":"female","raw_name":"Numisia Tertullina","cognomen":"Tertullina","status":"filio pientissimo"}]}},{"type":"Feature","geometry":{"type":"Point","coordinates":[13.28,43.21]},"properties":{"edcs_id":"EDCS-17300164","findspot":"Tolentino / Tolentinum","raw_text":"Tesseram paga/nicam L(ucius) Vera/tius Felicissi/mus patronus / paganis pagi / Tolentines hos/tias lustr(averunt) et tesser(am) / aer(eam) ex voto l(ibentes) d(e)d(icaverunt) / V Id(us) Ma(ia)s felicit(er)","date_from":0,"date_to":0,"marker_gender":"male","is_individual":false,"edcs_url":"https://edcs.hist.uzh.ch/en/document?edcs-id=EDCS-17300164","persons":[{"nomen":"Veratius","gender":"male","raw_name":"L. Veratius Felicissi mus","praenomen":"Lucius","cognomen":"Felicissimus","status":"patronus, paganis pagi Tolentines hostias lustraverunt et tesseram aream ex voto libentes dedicaverunt"}]}},{"type":"Feature","geometry":{"type":"Point","coordinates":[13.28,43.21]},"properties":{"edcs_id":"EDCS-17300165","findspot":"Tolentino / Tolentinum","raw_text":"Flavius Iulius Catervius vir clarissimus ex praefecto praetorio qui vixit cum Septimia Severina clarissima femina dulcissima coniuge annis XVI minus diebus XIII quievit in pace annorum LVI dierum XVIII XVI Kalendas Novembres depositus est IIII Kalendas Decembres Septimia Severina clarissima femina marito dulcissimo ac sibi sarcofagum et pantheum cum trichoro disposuit et perfecit Quos paribus meritis iunxit matrimonio dulci Catervi Severina tibi coniuncta laetatur omnipotens dominus tumulus custodit in aevum surgatis pariter Christo praestante beati quos dei sacerdos Probianus lavit et unxit flende iaces in Basso iterum defuncte Catervi occidit ore genus nomine posteritas tu medius gemma et Germanis clausa metallis morte tua fractum est Basse monile pium Octavus Decimus vix te susceperat annus Ocyus eripitur quod placet esse dei","date_from":0,"date_to":0,"marker_gender":"mixed","is_individual":false,"edcs_url":"https://edcs.hist.uzh.ch/en/document?edcs-id=EDCS-17300165","persons":[{"nomen":"Flavius","gender":"male","raw_name":"Fl. Iul. Catervius","cognomen":"Catervius","status":"vir clarissimus ex praefecto praetorio, qui vixit cum Septimia Severina clarissima femina dulcissima coniuge annis XVI minus diebus XIII quievit in pace annorum LVI dierum XVIII"},{"nomen":"Septimia","gender":"female","raw_name":"Septimia Severina c. f.","cognomen":"Severina","status":"clarissima femina, dulcissima coniuge, marito dulcissimo ac sibi sarcofagum et pantheum cum trichoro disposuit et perfecit"}]}},{"type":"Feature","geometry":{"type":"Point","coordinates":[13.28,43.21]},"properties":{"edcs_id":"EDCS-17300166","findspot":"Tolentino / Tolentinum","raw_text":"L(ucius) Quinctius L(uci) f(ilius) Vel(ina) / Babilianus praef(ectus) / [f]abr(um) bis iudex dec(uria) prima / Quinctia L(uci) l(iberta) Iconium / uxor / [mo]numentum factum et / [prob]atum est arbitratu / [3] f(ilii) Quir(ina) Torquati","date_from":0,"date_to":0,"marker_gender":"mixed","is_individual":false,"edcs_url":"https://edcs.hist.uzh.ch/en/document?edcs-id=EDCS-17300166","persons":[{"nomen":"Quinctius","gender":"male","raw_name":"L. Quinctius L. f. Vel. Babilianus praef. fabr. bis iudex dec. prima","praenomen":"Lucius","cognomen":"Babilianus","status":"Luci filius, tribus: Velina, praefectus fabrum bis iudex decuria prima"},{"nomen":"Quinctia","gender":"female","raw_name":"Quinctia L. l. Iconium","cognomen":"Iconium","status":"Luci liberta, uxor"},{"nomen":"","gender":"male","raw_name":"3 f. Quir. Torquati","cognomen":"Torquatus","status":"filius, tribus: Quirina"}]}},{"type":"Feature","geometry":{"type":"Point","coordinates":[13.28,43.21]},"properties":{"edcs_id":"EDCS-17300167","findspot":"Tolentino / Tolentinum","raw_text":"Ex s(enatus) c(onsulto) / schola Aug(usta) colleg(ii) fabror(um) / tignuar(iorum) impendi(i)s ipsorum ab in/choato exstructa solo dato ab(!) T(ito) Fu/rio Primigenio qui et dedic(atione) eius HS X(milia) n(ummum) ded(it) / ex cuius summ(ae) redit(u) omnib(us) annis XII K(alendas) August(as) / die natalis sui epulentur","date_from":0,"date_to":0,"marker_gender":"male","is_individual":false,"edcs_url":"https://edcs.hist.uzh.ch/en/document?edcs-id=EDCS-17300167","persons":[{"nomen":"Furius","gender":"male","raw_name":"T. Furio Primigenio","cognomen":"Primigenius","status":"qui et dedicatione eius HS X m. n. dedit, ex cuius summae reditu omnibus annis XII K. Augustas die natalis sui epulentur"}]}},{"type":"Feature","geometry":{"type":"Point","coordinates":[13.28,43.21]},"properties":{"edcs_id":"EDCS-17300168","findspot":"Tolentino / Tolentinum","raw_text":"L(ucio) Metilio / L(uci) l(iberto) Fructo VIvir(o) / Tolent(ini) Allidia Aria / coniugi merenti","date_from":0,"date_to":0,"marker_gender":"mixed","is_individual":false,"edcs_url":"https://edcs.hist.uzh.ch/en/document?edcs-id=EDCS-17300168","persons":[{"nomen":"Metilius","gender":"male","raw_name":"L. Metilio L. l. Fructo","praenomen":"Lucius","cognomen":"Fructus","status":"libertus Luci, VIvir(o)"},{"nomen":"Allidia","gender":"female","raw_name":"Allidia Aria","cognomen":"Aria","status":"coniugi merenti"}]}},{"type":"Feature","geometry":{"type":"Point","coordinates":[13.28,43.21]},"properties":{"edcs_id":"EDCS-17300169","findspot":"Tolentino / Tolentinum","raw_text":"C(aius) Veienus |(mulieris) lib(ertus) / Trophimus / loca sepultur[i]s / in fronte p(edes) CC / in agr(o) p(edes) CCLXXXIIII / inter ripam fluminis / et riv<u=O>m quidquid / in eam demonstra/tionem loci est / de finibus su[i]s / municipibu[s] / Tolentinatibus / donavit","date_from":0,"date_to":0,"marker_gender":"male","is_individual":false,"edcs_url":"https://edcs.hist.uzh.ch/en/document?edcs-id=EDCS-17300169","persons":[{"nomen":"","gender":"male","raw_name":"C. Veienus |(mulieris) lib. Trophimus","cognomen":"Trophimus","status":"libertus mulieris"}]}},{"type":"Feature","geometry":{"type":"Point","coordinates":[13.18,43.23]},"properties":{"edcs_id":"EDCS-17300172","findspot":"San Severino Marche / Septempeda","raw_text":"Genio |(centuriae) / Vegetius / Ingenu(u)s / merentibus / pos(u)it","date_from":0,"date_to":0,"marker_gender":"male","is_individual":false,"edcs_url":"https://edcs.hist.uzh.ch/en/document?edcs-id=EDCS-17300172","persons":[{"nomen":"","gender":"male","raw_name":"Vegetius Ingenu(u)s","cognomen":"Vegetius Ingenuus","status":"Genio (centuriae), merentibus posuit"}]}},{"type":"Feature","geometry":{"type":"Point","coordinates":[13.18,43.23]},"properties":{"edcs_id":"EDCS-17300173","findspot":"San Severino Marche / Septempeda","raw_text":"Iovi Iuventuti / An(nius) Camurenus / [3] ae[d(ilis)] cur(ulis) / [3]en[u]s / [","date_from":0,"date_to":0,"marker_gender":"male","is_individual":false,"edcs_url":"https://edcs.hist.uzh.ch/en/document?edcs-id=EDCS-17300173","persons":[{"nomen":"Annius","gender":"male","raw_name":"Annius Camurenus","cognomen":"Camurenus","status":"aedilis curulis"}]}},{"type":"Feature","geometry":{"type":"Point","coordinates":[13.18,43.23]},"properties":{"edcs_id":"EDCS-17300174","findspot":"San Severino Marche / Septempeda","raw_text":"Antestiam Sabinam et Vibiam Politichen Clymenem Cambosam piam a Felicissema Oppia Silvana dicatam","date_from":0,"date_to":0,"marker_gender":"female","is_individual":false,"edcs_url":"https://edcs.hist.uzh.ch/en/document?edcs-id=EDCS-17300174","persons":[{"nomen":"","gender":"female","raw_name":"Antestia(m) Sabina(m) et Vi bia(m) Politic(h)e(n) Cl ymene(m) Cam bosa(m)","cognomen":"Antestia Sabina","status":"et Vibiam Politech(en) Clymenem Cambosam piam a Felicissima Oppia Silvana dicatam"},{"nomen":"Oppia","gender":"female","raw_name":"Oppia Silvana","cognomen":"Silvana","status":"piam"}]}},{"type":"Feature","geometry":{"type":"Point","coordinates":[13.18,43.23]},"properties":{"edcs_id":"EDCS-17300176","findspot":"San Severino Marche / Septempeda","raw_text":"Imp(eratori) Caesari / L(ucio) Domitio Aurelian(o) / Pio F(elici) Aug(usto) Invicto / p(ontifici) m(aximo) trib(unicia) pot(estate) co(n)s(uli) / p(atri) p(atriae) / princ(ipi) iuvent(utis) / {H}or(do) Sept(empedanorum) pub(lice) d(ecreto) d(ecurionum)","date_from":0,"date_to":0,"marker_gender":"male","is_individual":false,"edcs_url":"https://edcs.hist.uzh.ch/en/document?edcs-id=EDCS-17300176","persons":[{"nomen":"Domitius","gender":"male","raw_name":"L. Domitio Aurelian(o)","praenomen":"Lucius","cognomen":"Aurelianus","status":"Imperator Caesar, Pius Felix Augustus Invictus, pontifex maximus, tribuniciam potestatem, consul, pater patriae, princeps iuventutis","is_imperial":true}]}},{"type":"Feature","geometry":{"type":"Point","coordinates":[13.18,43.23]},"properties":{"edcs_id":"EDCS-17300177","findspot":"San Severino Marche / Septempeda","raw_text":"Imp(eratori) Caesari / <C=FL>(aio) Valerio / [D]iocletiano / [P(io)] F(elici) Aug(usto) pont(ifici) max(imo) / [tr(ibunicia)] pot(estate) II p(atri) p(atriae) co(n)s(uli) II / Septempeda(ni)","date_from":0,"date_to":0,"marker_gender":"male","is_individual":false,"edcs_url":"https://edcs.hist.uzh.ch/en/document?edcs-id=EDCS-17300177","persons":[{"nomen":"Flavius Valerius","gender":"male","raw_name":"<C=FL>(aio) Valerio [D]iocletiano","cognomen":"Diocletianus","status":"Imperator Caesar, Pio Felici Augustus, pontifex maximus, tribunician potestatem II, pater patriae, consul II","is_imperial":true}]}},{"type":"Feature","geometry":{"type":"Point","coordinates":[13.18,43.23]},"properties":{"edcs_id":"EDCS-17300178","findspot":"San Severino Marche / Septempeda","raw_text":"Magno principi / Flavio Valerio Con/stantio nobilissimo / Caes(ari) / ordo Septempedanorum / d(evotus) N(umini) m(aiestatique) e(ius) // pub(lice)","date_from":0,"date_to":0,"marker_gender":"male","is_individual":false,"edcs_url":"https://edcs.hist.uzh.ch/en/document?edcs-id=EDCS-17300178","persons":[{"nomen":"Flavio Valerio","gender":"male","raw_name":"Flavio Valerio Con stantio","cognomen":"Constantio","status":"Magnus princeps, nobilissimus Caesar, devotus Numini maiestatique eius","is_imperial":true}]}},{"type":"Feature","geometry":{"type":"Point","coordinates":[13.18,43.23]},"properties":{"edcs_id":"EDCS-17300179","findspot":"San Severino Marche / Septempeda","raw_text":"[3 Pe]tillio [3] / Rufo / trib(uno) mil(itum) praef(ecto) [3] / IIviro / municipes et inco[lae","date_from":0,"date_to":0,"marker_gender":"male","is_individual":false,"edcs_url":"https://edcs.hist.uzh.ch/en/document?edcs-id=EDCS-17300179","persons":[{"nomen":"","gender":"male","raw_name":"Rufo","cognomen":"Rufus","status":"tribunus militum, praefectus, IIvir"}]}},{"type":"Feature","geometry":{"type":"Point","coordinates":[13.18,43.23]},"properties":{"edcs_id":"EDCS-17300180","findspot":"San Severino Marche / Septempeda","raw_text":"Q(uinto) Catinio C(ai) f(ilio) Curvo / duovir(o)","date_from":0,"date_to":0,"marker_gender":"male","is_individual":false,"edcs_url":"https://edcs.hist.uzh.ch/en/document?edcs-id=EDCS-17300180","persons":[{"nomen":"Catinius","gender":"male","raw_name":"Q. Catinio C. f. Curvo","praenomen":"Caius","cognomen":"Curvus","status":"Cai filius, duovir"}]}},{"type":"Feature","geometry":{"type":"Point","coordinates":[13.18,43.23]},"properties":{"edcs_id":"EDCS-17300181","findspot":"San Severino Marche / Septempeda","raw_text":"Curvia Nice / P(ublio) Licinio Phileroti / sexviro","date_from":0,"date_to":0,"marker_gender":"mixed","is_individual":false,"edcs_url":"https://edcs.hist.uzh.ch/en/document?edcs-id=EDCS-17300181","persons":[{"nomen":"Licinia","gender":"female","raw_name":"Curvia Nice","cognomen":"Nice","status":"Publio Licinio Phileroti sexviro"},{"nomen":"Licinius","gender":"male","raw_name":"P. Licinio Phileroti","praenomen":"Publius","cognomen":"Phileros","status":"sexvir"}]}},{"type":"Feature","geometry":{"type":"Point","coordinates":[13.18,43.23]},"properties":{"edcs_id":"EDCS-17300183","findspot":"San Severino Marche / Septempeda","raw_text":"Caius Petillius Marci filius Rufus Titus Flavius Salvi filius censores faciendum curaverunt","date_from":0,"date_to":0,"marker_gender":"male","is_individual":false,"edcs_url":"https://edcs.hist.uzh.ch/en/document?edcs-id=EDCS-17300183","persons":[{"nomen":"Petillius","gender":"male","raw_name":"C. Petillius M. f. Ruf(us)","praenomen":"Caius","cognomen":"Rufus","status":"Marci filius, censores faciendum curaverunt"},{"nomen":"Flavius","gender":"male","raw_name":"T. Flavius Sal(vi) f.","praenomen":"Titus","cognomen":"Satullus","status":"Salvi filius, censores faciendum curaverunt"}]}},{"type":"Feature","geometry":{"type":"Point","coordinates":[13.18,43.23]},"properties":{"edcs_id":"EDCS-17300186","findspot":"San Severino Marche / Septempeda","raw_text":"Dis Manibus Caio Acilio Cai filio Candido et Alfiae Secundae parentibus","date_from":0,"date_to":0,"marker_gender":"mixed","is_individual":false,"edcs_url":"https://edcs.hist.uzh.ch/en/document?edcs-id=EDCS-17300186","persons":[{"nomen":"Acilius","gender":"male","raw_name":"C. Acilio C. f. Candi do","praenomen":"Caius","cognomen":"Candidus","status":"Cai filius"},{"nomen":"Alfia","gender":"female","raw_name":"Alfiae Secund ae","cognomen":"Secunda","status":"parentibus"}]}},{"type":"Feature","geometry":{"type":"Point","coordinates":[13.18,43.23]},"properties":{"edcs_id":"EDCS-17300188","findspot":"San Severino Marche / Septempeda","raw_text":"ulli ulvius LI C aterianus Dosius matri decreto decurionum","date_from":0,"date_to":0,"marker_gender":"male","is_individual":false,"edcs_url":"https://edcs.hist.uzh.ch/en/document?edcs-id=EDCS-17300188","persons":[{"nomen":"Julvius","gender":"male","raw_name":"[3]ulvius LI[3] C[3] aterianus Do sius","cognomen":"Dasius","status":"pater"}]}},{"type":"Feature","geometry":{"type":"Point","coordinates":[13.18,43.23]},"properties":{"edcs_id":"EDCS-17300189","findspot":"San Severino Marche / Septempeda","raw_text":"[In] fr(onte) p(edes) XII[3] / [3]aterianus [3] / [3] l(ibertus) v(ivus) Philem[3] / [3]tillia A(uli) l(iberta) / Aprodisia","date_from":0,"date_to":0,"marker_gender":"mixed","is_individual":false,"edcs_url":"https://edcs.hist.uzh.ch/en/document?edcs-id=EDCS-17300189","persons":[{"nomen":"","gender":"male","raw_name":"[3]aterianus [3]","cognomen":"Paterianus","status":"libertus"},{"nomen":"Tillia","gender":"female","raw_name":"[3]tillia A. l. Aprodisia","cognomen":"Aphrodisia","status":"Auli liberta"}]}},{"type":"Feature","geometry":{"type":"Point","coordinates":[13.18,43.23]},"properties":{"edcs_id":"EDCS-17300190","findspot":"San Severino Marche / Septempeda","raw_text":"P(ublius) Babrenus / P(ubli) l(ibertus) Philotimus / sibi et patrono / et suis / in fr(onte) p(edes) XII","date_from":0,"date_to":0,"marker_gender":"male","is_individual":false,"edcs_url":"https://edcs.hist.uzh.ch/en/document?edcs-id=EDCS-17300190","persons":[{"nomen":"Babrenus","gender":"male","raw_name":"P. Babrenus P. l. Philotimus","praenomen":"Publius","cognomen":"Philotimus","status":"Publi libertus, sibi et patrono et suis"}]}},{"type":"Feature","geometry":{"type":"Point","coordinates":[13.18,43.23]},"properties":{"edcs_id":"EDCS-17300191","findspot":"San Severino Marche / Septempeda","raw_text":"L(uci) Brutti |(mulieris) l(iberti) Philo/xseni in agr(o) p(edes) / XIIX in fr(onte) p(edes) XVI","date_from":0,"date_to":0,"marker_gender":"male","is_individual":false,"edcs_url":"https://edcs.hist.uzh.ch/en/document?edcs-id=EDCS-17300191","persons":[{"nomen":"Brutti","gender":"male","raw_name":"L. Brutti |(mulieris) l. Philo xseni","cognomen":"Philoxenus","status":"mulieris libertus"}]}},{"type":"Feature","geometry":{"type":"Point","coordinates":[13.18,43.23]},"properties":{"edcs_id":"EDCS-17300193","findspot":"San Severino Marche / Septempeda","raw_text":"Dis Manibus Caesia Prisca liberta Caiae suae ECILDE O","date_from":0,"date_to":0,"marker_gender":"female","is_individual":false,"edcs_url":"https://edcs.hist.uzh.ch/en/document?edcs-id=EDCS-17300193","persons":[{"nomen":"Caesius","gender":"female","raw_name":"Caesia Pris ca lib(erta) Caiae","cognomen":"Prisca","status":"liberta Caiae suae"}]}},{"type":"Feature","geometry":{"type":"Point","coordinates":[13.18,43.23]},"properties":{"edcs_id":"EDCS-17300194","findspot":"San Severino Marche / Septempeda","raw_text":"C(aius) Calpenus / C(ai) [3 Py]lades / [","date_from":0,"date_to":0,"marker_gender":"male","is_individual":false,"edcs_url":"https://edcs.hist.uzh.ch/en/document?edcs-id=EDCS-17300194","persons":[{"nomen":"Calpenus","gender":"male","raw_name":"C. Calpenus C. [3 Py]lades","praenomen":"Gaius","cognomen":"Pyades"}]}},{"type":"Feature","geometry":{"type":"Point","coordinates":[13.18,43.23]},"properties":{"edcs_id":"EDCS-17300195","findspot":"San Severino Marche / Septempeda","raw_text":"P(ublius) Calpurn/ius P(ubli) l(ibertus) Macedo / Bineta Maxi/mu[s 3]ria / In[3] / Tu[3]s hos[pes mi]se/r lu[3] ex/pectat domi","date_from":0,"date_to":0,"marker_gender":"mixed","is_individual":false,"edcs_url":"https://edcs.hist.uzh.ch/en/document?edcs-id=EDCS-17300195","persons":[{"nomen":"Calpurnius","gender":"male","raw_name":"P. Calpurn ius P. l. Macedo","praenomen":"Publius","cognomen":"Macedo","status":"libertus Publi"},{"nomen":"","gender":"female","raw_name":"Bineta","cognomen":"Bineta"},{"nomen":"","gender":"male","raw_name":"Maximu[s 3]ria","cognomen":"Maximus"}]}},{"type":"Feature","geometry":{"type":"Point","coordinates":[13.18,43.23]},"properties":{"edcs_id":"EDCS-17300196","findspot":"San Severino Marche / Septempeda","raw_text":"C(aius) Clepius C(ai) l(ibertus) / Sodalis in / fro(nte) p(edes) XIIII sibi / et suae sepul(crum)","date_from":0,"date_to":0,"marker_gender":"male","is_individual":false,"edcs_url":"https://edcs.hist.uzh.ch/en/document?edcs-id=EDCS-17300196","persons":[{"nomen":"Clepius","gender":"male","raw_name":"C. Clepius C. l. Sodalis","praenomen":"Gaius","cognomen":"Sodalis","status":"libertus Cai","cluster_id":786,"cluster_size":2}]}},{"type":"Feature","geometry":{"type":"Point","coordinates":[13.18,43.23]},"properties":{"edcs_id":"EDCS-17300197","findspot":"San Severino Marche / Septempeda","raw_text":"C(aius) Clepius C(ai) l(ibertus) / Sodalis in / agro p(edes) XXIII / sibi et suae sepu/l(crum)","date_from":0,"date_to":0,"marker_gender":"male","is_individual":false,"edcs_url":"https://edcs.hist.uzh.ch/en/document?edcs-id=EDCS-17300197","persons":[{"nomen":"Clepius","gender":"male","raw_name":"C. Clepius C. l. Sodalis","praenomen":"Gaius","cognomen":"Sodalis","status":"libertus Cai","cluster_id":786,"cluster_size":2}]}},{"type":"Feature","geometry":{"type":"Point","coordinates":[13.18,43.23]},"properties":{"edcs_id":"EDCS-17300198","findspot":"San Severino Marche / Septempeda","raw_text":"Dis Manibus Cai Comini","date_from":0,"date_to":0,"marker_gender":"male","is_individual":false,"edcs_url":"https://edcs.hist.uzh.ch/en/document?edcs-id=EDCS-17300198","persons":[{"nomen":"Cominius","gender":"male","raw_name":"C. Comini","praenomen":"Caius"}]}},{"type":"Feature","geometry":{"type":"Point","coordinates":[13.18,43.23]},"properties":{"edcs_id":"EDCS-17300199","findspot":"San Severino Marche / Septempeda","raw_text":"Dis Manibus Lucius Didius Luci libertus Eudemus vivus sibi posuit","date_from":0,"date_to":0,"marker_gender":"male","is_individual":false,"edcs_url":"https://edcs.hist.uzh.ch/en/document?edcs-id=EDCS-17300199","persons":[{"nomen":"Didius","gender":"male","raw_name":"L. Didius L. lib. Eudemus","praenomen":"Lucius","cognomen":"Eudemus","status":"libertus Luci"}]}},{"type":"Feature","geometry":{"type":"Point","coordinates":[13.18,43.23]},"properties":{"edcs_id":"EDCS-17300200","findspot":"San Severino Marche / Septempeda","raw_text":"C(aius) Flavius L(uci) f(ilius) Vel(ina)","date_from":0,"date_to":0,"marker_gender":"male","is_individual":false,"edcs_url":"https://edcs.hist.uzh.ch/en/document?edcs-id=EDCS-17300200","persons":[{"nomen":"Flavius","gender":"male","raw_name":"C. Flavius L. f. Vel(ina)","praenomen":"Gaius","status":"Luci filius, tribus: Velina"}]}},{"type":"Feature","geometry":{"type":"Point","coordinates":[13.18,43.23]},"properties":{"edcs_id":"EDCS-17300201","findspot":"San Severino Marche / Septempeda","raw_text":"C(aius) Flavius C(ai) l(ibertus) Faustus","date_from":0,"date_to":0,"marker_gender":"male","is_individual":false,"edcs_url":"https://edcs.hist.uzh.ch/en/document?edcs-id=EDCS-17300201","persons":[{"nomen":"Flavius","gender":"male","raw_name":"C. Flavius C. l. Faustus","praenomen":"Gaius","cognomen":"Faustus","status":"libertus Cai","cluster_id":788,"cluster_size":3}]}},{"type":"Feature","geometry":{"type":"Point","coordinates":[13.18,43.23]},"properties":{"edcs_id":"EDCS-17300202","findspot":"San Severino Marche / Septempeda","raw_text":"Ser(vius) Fulvio(s) Ser(vi) / l(ibertus) Suavis sibi et / Baebiae L(uci) l(ibertae) / Chrestini / in agr(o) p(edes) XIIX","date_from":0,"date_to":0,"marker_gender":"mixed","is_individual":false,"edcs_url":"https://edcs.hist.uzh.ch/en/document?edcs-id=EDCS-17300202","persons":[{"nomen":"Fulvius","gender":"male","raw_name":"Ser. Fulvio(s) Ser. l. Suavis","praenomen":"Servius","cognomen":"Suavis","status":"libertus Servi"},{"nomen":"Baebia","gender":"female","raw_name":"Baebiae L. l. Chrestini","cognomen":"Chrestini","status":"liberta Luci"}]}},{"type":"Feature","geometry":{"type":"Point","coordinates":[13.18,43.23]},"properties":{"edcs_id":"EDCS-17300203","findspot":"San Severino Marche / Septempeda","raw_text":"P(ublius) Gavillius / P(ubli) l(ibertus) Dio / hic situs est / Gavillia P(ubli) l(iberta) / Eucumene","date_from":0,"date_to":0,"marker_gender":"mixed","is_individual":false,"edcs_url":"https://edcs.hist.uzh.ch/en/document?edcs-id=EDCS-17300203","persons":[{"nomen":"Gavillius","gender":"male","raw_name":"P. Gavillius P. l. Dio","praenomen":"Publius","cognomen":"Dio","status":"libertus Publi"},{"nomen":"Gavillia","gender":"female","raw_name":"Gavillia P. l. Eucumene","cognomen":"Eucumene","status":"liberta Publi","cluster_id":792,"cluster_size":2}]}},{"type":"Feature","geometry":{"type":"Point","coordinates":[13.18,43.23]},"properties":{"edcs_id":"EDCS-17300204","findspot":"San Severino Marche / Septempeda","raw_text":"hi]c situs [est] / v(iva) Gavillia P(ubli) l(iberta) / Eucumene","date_from":0,"date_to":0,"marker_gender":"female","is_individual":false,"edcs_url":"https://edcs.hist.uzh.ch/en/document?edcs-id=EDCS-17300204","persons":[{"nomen":"Gavillia","gender":"female","raw_name":"viva Gavillia P. l. Eucumene","cognomen":"Eucumene","cluster_id":792,"cluster_size":2}]}},{"type":"Feature","geometry":{"type":"Point","coordinates":[13.18,43.23]},"properties":{"edcs_id":"EDCS-17300205","findspot":"San Severino Marche / Septempeda","raw_text":"Loc(us) / C(ai) Hereni / C(ai) f(ilii) / Montani","date_from":0,"date_to":0,"marker_gender":"male","is_individual":false,"edcs_url":"https://edcs.hist.uzh.ch/en/document?edcs-id=EDCS-17300205","persons":[{"nomen":"Herennius","gender":"male","raw_name":"C. Hereni C. f. Montani","praenomen":"Caius","cognomen":"Montanus","status":"Cai filius"}]}},{"type":"Feature","geometry":{"type":"Point","coordinates":[13.18,43.23]},"properties":{"edcs_id":"EDCS-17300206","findspot":"San Severino Marche / Septempeda","raw_text":"L(ucio) Herennio L(uci) l(iberto) / Phileroti ex / testamento","date_from":0,"date_to":0,"marker_gender":"male","is_individual":false,"edcs_url":"https://edcs.hist.uzh.ch/en/document?edcs-id=EDCS-17300206","persons":[{"nomen":"Herennius","gender":"male","raw_name":"L. Herennio L. l. Phileroti","praenomen":"Lucius","cognomen":"Phileros","status":"libertus Luci, ex testamento"}]}},{"type":"Feature","geometry":{"type":"Point","coordinates":[13.18,43.23]},"properties":{"edcs_id":"EDCS-17300207","findspot":"San Severino Marche / Septempeda","raw_text":"Hospes Matrin[i] / serv(u)s probus vixi[t] / an(n)os XXIIII","date_from":0,"date_to":0,"marker_gender":"male","is_individual":false,"edcs_url":"https://edcs.hist.uzh.ch/en/document?edcs-id=EDCS-17300207","persons":[{"nomen":"","gender":"male","raw_name":"Hospes Matrin[i] serv(u)s probus","cognomen":"Hospes","status":"Matrini servus probus"}]}},{"type":"Feature","geometry":{"type":"Point","coordinates":[13.18,43.23]},"properties":{"edcs_id":"EDCS-17300208","findspot":"San Severino Marche / Septempeda","raw_text":"libertis] / [in fr(onte)] / [ped(es) // Lucumo / libertabus / in agr(o) / ped(es) XIIII","date_from":0,"date_to":0,"marker_gender":"male","is_individual":false,"edcs_url":"https://edcs.hist.uzh.ch/en/document?edcs-id=EDCS-17300208","persons":[{"nomen":"","gender":"male","raw_name":"Lucumo libertabus","cognomen":"Lucumo","status":"libertis, libertabus"}]}},{"type":"Feature","geometry":{"type":"Point","coordinates":[13.18,43.23]},"properties":{"edcs_id":"EDCS-17300209","findspot":"San Severino Marche / Septempeda","raw_text":"Mahenae T(iti) f(iliae) / in agr(o) p(edes) XXIII","date_from":0,"date_to":0,"marker_gender":"female","is_individual":false,"edcs_url":"https://edcs.hist.uzh.ch/en/document?edcs-id=EDCS-17300209","persons":[{"nomen":"","gender":"female","raw_name":"Mahenae T. f. in agr. p.","cognomen":"Mahena","status":"Titi filia"}]}},{"type":"Feature","geometry":{"type":"Point","coordinates":[13.18,43.23]},"properties":{"edcs_id":"EDCS-17300210","findspot":"San Severino Marche / Septempeda","raw_text":"D(is) M(anibus) / L(ucio) Metilio Eu/thico Blan/nia Ursil/la coniu/gi b(ene) m(erenti)","date_from":0,"date_to":0,"marker_gender":"mixed","is_individual":false,"edcs_url":"https://edcs.hist.uzh.ch/en/document?edcs-id=EDCS-17300210","persons":[{"nomen":"Metilius","gender":"male","raw_name":"L. Metilio Euthico","praenomen":"Lucius","cognomen":"Euthicus"},{"nomen":"","gender":"female","raw_name":"Blann ia Ursil la coniu gi b. m.","cognomen":"Blannius Ursilla","status":"coniugi bene merenti"}]}},{"type":"Feature","geometry":{"type":"Point","coordinates":[13.18,43.23]},"properties":{"edcs_id":"EDCS-17300211","findspot":"San Severino Marche / Septempeda","raw_text":"V(ivus) / C(aius) Mussenus / |(mulieris) l(ibertus) Aesopus / sibi et suis / parentibus / in fr(onte) p(edes) XIV / in agr(o) (!) XX","date_from":0,"date_to":0,"marker_gender":"male","is_individual":false,"edcs_url":"https://edcs.hist.uzh.ch/en/document?edcs-id=EDCS-17300211","persons":[{"nomen":"Mussenus","gender":"male","raw_name":"C. Mussenus |(mulieris) l. Aesopus","praenomen":"Gaius","cognomen":"Aesopus","status":"mulieris libertus, sibi et suis parentibus"}]}},{"type":"Feature","geometry":{"type":"Point","coordinates":[13.18,43.23]},"properties":{"edcs_id":"EDCS-17300212","findspot":"San Severino Marche / Septempeda","raw_text":"Octavia mulieris liberta Rufa in fronte pedes XII in agro pedes XIIX","date_from":0,"date_to":0,"marker_gender":"female","is_individual":false,"edcs_url":"https://edcs.hist.uzh.ch/en/document?edcs-id=EDCS-17300212","persons":[{"nomen":"Octavia","gender":"female","raw_name":"Octavia |(mulieris) l. Rufa","cognomen":"Rufa","status":"mulieris liberta"}]}},{"type":"Feature","geometry":{"type":"Point","coordinates":[13.18,43.23]},"properties":{"edcs_id":"EDCS-17300213","findspot":"San Severino Marche / Septempeda","raw_text":"Q(uinto) Petillio Q(uinti) l(iberto) / Attalo / heredes sua / voluntate","date_from":0,"date_to":0,"marker_gender":"male","is_individual":false,"edcs_url":"https://edcs.hist.uzh.ch/en/document?edcs-id=EDCS-17300213","persons":[{"nomen":"Petillius","gender":"male","raw_name":"Q. Petillio Q. l. Attalo","praenomen":"Quintus","cognomen":"Attalus","status":"Quinti liberto, heredes sua voluntate"}]}},{"type":"Feature","geometry":{"type":"Point","coordinates":[13.18,43.23]},"properties":{"edcs_id":"EDCS-17300214","findspot":"San Severino Marche / Septempeda","raw_text":"Quinto Precio Quinti filio Proculo D Quintus Precius pat","date_from":0,"date_to":0,"marker_gender":"male","is_individual":false,"edcs_url":"https://edcs.hist.uzh.ch/en/document?edcs-id=EDCS-17300214","persons":[{"nomen":"Precius","gender":"male","raw_name":"Q. Preci[o] Q. [f(ilio)] Proculo","praenomen":"Quintus","cognomen":"Proculus","status":"Quinti filio"},{"nomen":"Precius","gender":"male","raw_name":"Q. Precius [3] pat[","praenomen":"Quintus","status":"pat(er)"}]}},{"type":"Feature","geometry":{"type":"Point","coordinates":[13.18,43.23]},"properties":{"edcs_id":"EDCS-17300215","findspot":"San Severino Marche / Septempeda","raw_text":"] LSI[3] / Sp(uri) f(ilia) Quarta / in f(ronte) p(edes) XII","date_from":0,"date_to":0,"marker_gender":"female","is_individual":false,"edcs_url":"https://edcs.hist.uzh.ch/en/document?edcs-id=EDCS-17300215","persons":[{"nomen":"","gender":"female","raw_name":"Sp. f. Quarta","cognomen":"Quarta","status":"Spuri filia"}]}},{"type":"Feature","geometry":{"type":"Point","coordinates":[13.18,43.23]},"properties":{"edcs_id":"EDCS-17300216","findspot":"San Severino Marche / Septempeda","raw_text":"] Quintia Seve[3] / [3 f]ilio carissim[o] / b(ene) m(erenti)","date_from":0,"date_to":0,"marker_gender":"female","is_individual":false,"edcs_url":"https://edcs.hist.uzh.ch/en/document?edcs-id=EDCS-17300216","persons":[{"nomen":"Quintia","gender":"female","raw_name":"Quintia Seve[ra] [f]ilio carissim[o]","cognomen":"Severa","status":"filio carissimo bene merenti"}]}},{"type":"Feature","geometry":{"type":"Point","coordinates":[13.18,43.23]},"properties":{"edcs_id":"EDCS-17300217","findspot":"San Severino Marche / Septempeda","raw_text":"C(aius) Satellius C(ai) l(ibertus) Myrtilus / sibi et / Naeviae |(mulieris) l(ibertae) Salviae / viv<u=O>nt","date_from":0,"date_to":0,"marker_gender":"mixed","is_individual":false,"edcs_url":"https://edcs.hist.uzh.ch/en/document?edcs-id=EDCS-17300217","persons":[{"nomen":"Satellius","gender":"male","raw_name":"C. Satellius C. l. Myrtilus","praenomen":"Gaius","cognomen":"Myrtilus","status":"Cai libertus, sibi et Naeviae mulieris libertae Salviae vivont"},{"nomen":"Naevia","gender":"female","raw_name":"Naeviae |(mulieris) l. Salviae","cognomen":"Salvia","status":"mulieris liberta"}]}},{"type":"Feature","geometry":{"type":"Point","coordinates":[13.18,43.23]},"properties":{"edcs_id":"EDCS-17300218","findspot":"San Severino Marche / Septempeda","raw_text":"Marci Servili Marci filii","date_from":0,"date_to":0,"marker_gender":"male","is_individual":false,"edcs_url":"https://edcs.hist.uzh.ch/en/document?edcs-id=EDCS-17300218","persons":[{"nomen":"Servilius","gender":"male","raw_name":"M. Servili M. f.","praenomen":"Marcus","status":"Marci filius"}]}},{"type":"Feature","geometry":{"type":"Point","coordinates":[13.18,43.23]},"properties":{"edcs_id":"EDCS-17300219","findspot":"San Severino Marche / Septempeda","raw_text":"Taflenia / L(uci) l(iberta) Parasita / in fr(onte) p(edes) XII in / agr(o) XX","date_from":0,"date_to":0,"marker_gender":"female","is_individual":false,"edcs_url":"https://edcs.hist.uzh.ch/en/document?edcs-id=EDCS-17300219","persons":[{"nomen":"Taflenia","gender":"female","raw_name":"Taflenia L. l. Parasita","cognomen":"Parasita","status":"Luci liberta"}]}},{"type":"Feature","geometry":{"type":"Point","coordinates":[13.18,43.23]},"properties":{"edcs_id":"EDCS-17300220","findspot":"San Severino Marche / Septempeda","raw_text":"Di{i}s Man(ibus) / Tinnaniae C(ai) l(ibertae) / Quartae / QQ(uinti) Octavi / Crescens et / Liberalis / [co]niugi","date_from":0,"date_to":0,"marker_gender":"mixed","is_individual":false,"edcs_url":"https://edcs.hist.uzh.ch/en/document?edcs-id=EDCS-17300220","persons":[{"nomen":"Tinnania","gender":"female","raw_name":"Tinnaniae C. l. Quartae","cognomen":"Quarta","status":"Cai libertae"},{"nomen":"Octavius","gender":"male","raw_name":"QQ. Octavi Crescens","cognomen":"Crescens","status":"coniugi"},{"nomen":"","gender":"male","raw_name":"Liberalis","cognomen":"Liberalis","status":"coniugi"}]}},{"type":"Feature","geometry":{"type":"Point","coordinates":[13.18,43.23]},"properties":{"edcs_id":"EDCS-17300221","findspot":"San Severino Marche / Septempeda","raw_text":"L(ucio) Titio L(uci) l(iberto) Attalo / L(ucio) Titio L(uci) l(iberto) A[nti]gono","date_from":0,"date_to":0,"marker_gender":"male","is_individual":false,"edcs_url":"https://edcs.hist.uzh.ch/en/document?edcs-id=EDCS-17300221","persons":[{"nomen":"Titius","gender":"male","raw_name":"L. Titio L. l. Attalo","praenomen":"Lucius","cognomen":"Attalus","status":"libertus Luci"},{"nomen":"Titius","gender":"male","raw_name":"L. Titio L. l. A[nti]gono","praenomen":"Lucius","cognomen":"Antigonus","status":"libertus Luci"}]}},{"type":"Feature","geometry":{"type":"Point","coordinates":[13.18,43.23]},"properties":{"edcs_id":"EDCS-17300222","findspot":"San Severino Marche / Septempeda","raw_text":"Titia L(uci) l(iberta) Neice / v{e}iva sib{e}i et / M(arco) Aufidio M(arci) l(iberto) / Lucrioni","date_from":0,"date_to":0,"marker_gender":"mixed","is_individual":false,"edcs_url":"https://edcs.hist.uzh.ch/en/document?edcs-id=EDCS-17300222","persons":[{"nomen":"Titia","gender":"female","raw_name":"Titia L. l. Neice","cognomen":"Neice","status":"liberta Luci"},{"nomen":"Aufidius","gender":"male","raw_name":"M. Aufidio M. l. Lucrioni","praenomen":"Marcus","cognomen":"Lucrio","status":"libertus Marci"}]}},{"type":"Feature","geometry":{"type":"Point","coordinates":[13.18,43.23]},"properties":{"edcs_id":"EDCS-17300223","findspot":"San Severino Marche / Septempeda","raw_text":"Titae L(uci) l(ibertae) / Salviae l(ibertae) / Titius |(mulieris) l(ibertus) / Primus / sibi et suis / in f(ronte) p(edes) XII / in a(gro) p(edes) XVI","date_from":0,"date_to":0,"marker_gender":"mixed","is_individual":false,"edcs_url":"https://edcs.hist.uzh.ch/en/document?edcs-id=EDCS-17300223","persons":[{"nomen":"Salvia","gender":"female","raw_name":"Salviae l. (libertae)","status":"liberta Luci"},{"nomen":"","gender":"male","raw_name":"Titae L. l. Salviae l. Titius |(mulieris) l. Primus","cognomen":"Primus","status":"mulieris libertus, sibi et suis"}]}},{"type":"Feature","geometry":{"type":"Point","coordinates":[13.18,43.23]},"properties":{"edcs_id":"EDCS-17300224","findspot":"San Severino Marche / Septempeda","raw_text":"[Q(uintus)] Veltius Q(uinti) l(ibertus) Rufillus / [Veltia] Q(uinti) l(iberta) Rufilla // Veltia Q(uinti) l(iberta) Nice Veltia Q(uinti) l(iberta) Ruf[illa] / fratri et matri f(aciendum) [c(uraverunt)]","date_from":0,"date_to":0,"marker_gender":"mixed","is_individual":false,"edcs_url":"https://edcs.hist.uzh.ch/en/document?edcs-id=EDCS-17300224","persons":[{"nomen":"Veltius","gender":"male","raw_name":"[Q. Veltius Q. l. Rufillus","praenomen":"Quintus","cognomen":"Rufillus","status":"Q(uinti) libertus"},{"nomen":"Veltia","gender":"female","raw_name":"[Veltia] Q. l. Rufilla","cognomen":"Rufilla","status":"Q(uinti) liberta","cluster_id":858,"cluster_size":2},{"nomen":"Veltia","gender":"female","raw_name":"Veltia Q. l. Nice","cognomen":"Nice","status":"Q(uinti) liberta"},{"nomen":"Veltia","gender":"female","raw_name":"Veltia Q. l. Ruf[illa]","cognomen":"Rufilla","status":"Q(uinti) liberta, matri","cluster_id":858,"cluster_size":2}]}},{"type":"Feature","geometry":{"type":"Point","coordinates":[13.18,43.23]},"properties":{"edcs_id":"EDCS-17300225","findspot":"San Severino Marche / Septempeda","raw_text":"Q(uintus) Vibius Q(uinti) f(ilius) / Maxsimus(!) f(ecit)","date_from":0,"date_to":0,"marker_gender":"male","is_individual":false,"edcs_url":"https://edcs.hist.uzh.ch/en/document?edcs-id=EDCS-17300225","persons":[{"nomen":"Vibius","gender":"male","raw_name":"Q. Vibius Q. f. Maxsimus","praenomen":"Quintus","cognomen":"Maximus","status":"Q(uinti) filius"}]}},{"type":"Feature","geometry":{"type":"Point","coordinates":[13.18,43.23]},"properties":{"edcs_id":"EDCS-17300226","findspot":"San Severino Marche / Septempeda","raw_text":"Vi(vus) / Q(uintus) Vibius Sp(uri) f(ilius) / Rufus","date_from":0,"date_to":0,"marker_gender":"male","is_individual":false,"edcs_url":"https://edcs.hist.uzh.ch/en/document?edcs-id=EDCS-17300226","persons":[{"nomen":"Vibius","gender":"male","raw_name":"Q. Vibius Sp. f. Rufus","praenomen":"Quintus","cognomen":"Rufus","status":"Sp(uri) filius","cluster_id":861,"cluster_size":2}]}},{"type":"Feature","geometry":{"type":"Point","coordinates":[13.18,43.23]},"properties":{"edcs_id":"EDCS-17300227","findspot":"San Severino Marche / Septempeda","raw_text":"Loc(us) / Vibi Rufi / in f(ronte) p(edes) XX / in a(gro) p(edes) XX","date_from":0,"date_to":0,"marker_gender":"male","is_individual":false,"edcs_url":"https://edcs.hist.uzh.ch/en/document?edcs-id=EDCS-17300227","persons":[{"nomen":"Vibius","gender":"male","raw_name":"Vibi Rufi","cognomen":"Rufus","cluster_id":861,"cluster_size":2}]}},{"type":"Feature","geometry":{"type":"Point","coordinates":[13.31,43.31]},"properties":{"edcs_id":"EDCS-17300243","findspot":"Treia / Trea","raw_text":"M(anio) Vibio M(ani) f(ilio) / Vel(ina) Balbino / tr(ibuno) mil(itum) pr(aefecto) fabr(um) pr(aefecto) / eq(uitum) q(uaestori) aed(ili) pl(ebis) prae<f=T>(ecto) / aerari(i) leg(ato) / divi Aug(usti) et / Ti(beri) Caesaris Aug(usti) / proco(n)s(uli) provinc(iae) / Narbonensis","date_from":0,"date_to":0,"marker_gender":"male","is_individual":false,"edcs_url":"https://edcs.hist.uzh.ch/en/document?edcs-id=EDCS-17300243","persons":[{"nomen":"Vibius","gender":"male","raw_name":"M. Vibio M. f. Vel. Balbino","praenomen":"Manius","cognomen":"Balbinus","status":"Mani filius, tribus: Velina, tribunus militum, praefectus fabrum, praefectus equitum, quaestor, aedilis plebis, praefectus aerarii, legatus divi Augusti et Ti. Caesaris Augusti proconsul provinciae Narbonensis"}]}},{"type":"Feature","geometry":{"type":"Point","coordinates":[13.31,43.31]},"properties":{"edcs_id":"EDCS-17300244","findspot":"Treia / Trea","raw_text":"D(is) M(anibus) / L(ucio) Ambivio / Luperco / et Numitoriae / Cypare / parentibus / L(ucius) Ambivius / Traiensis f(ilius) p(ientissimus) p(osuit?)","date_from":0,"date_to":0,"marker_gender":"mixed","is_individual":false,"edcs_url":"https://edcs.hist.uzh.ch/en/document?edcs-id=EDCS-17300244","persons":[{"nomen":"Ambivius","gender":"male","raw_name":"L. Ambivio Luperco","praenomen":"Lucius","cognomen":"Lupercus"},{"nomen":"Numitoria","gender":"female","raw_name":"Numitoriae Cypare","cognomen":"Cypare","status":"parentibus"},{"nomen":"Ambivius","gender":"male","raw_name":"L. Ambivius Traiensis","praenomen":"Lucius","cognomen":"Traiensis","status":"filius pientissimus"}]}},{"type":"Feature","geometry":{"type":"Point","coordinates":[13.31,43.31]},"properties":{"edcs_id":"EDCS-17300246","findspot":"Treia / Trea","raw_text":"Di(s) M(anibus) / Tit(o) Laticio Ze/noni scriba(e) / vet(e)rano milit(avit) / an(nos) XX vixit an(nos) L / Claudia Appis / b(ene) m(erenti) f(ecit)","date_from":0,"date_to":0,"marker_gender":"mixed","is_individual":false,"edcs_url":"https://edcs.hist.uzh.ch/en/document?edcs-id=EDCS-17300246","persons":[{"nomen":"Laticia","gender":"male","raw_name":"Tito Laticio Zenoni","cognomen":"Zenon","status":"scriba, veteranus, militavit annos XX, vixit annos L"},{"nomen":"Claudia","gender":"female","raw_name":"Claudia Appis","status":"bene merenti fecit"}]}},{"type":"Feature","geometry":{"type":"Point","coordinates":[13.31,43.31]},"properties":{"edcs_id":"EDCS-17300247","findspot":"Treia / Trea","raw_text":"Pontiae Eupliae h(onestissimae) f(eminae) ka/rissim(a)e coniugi bene / merenti a fundamentis / memoriam exstru{c}xit / Val(erius) Sabinianus v(ir) p(erfectissimus) ex / militia comitatens{s}i meritum","date_from":0,"date_to":0,"marker_gender":"mixed","is_individual":false,"edcs_url":"https://edcs.hist.uzh.ch/en/document?edcs-id=EDCS-17300247","persons":[{"nomen":"Pontia","gender":"female","raw_name":"Pontiae Eupliae","cognomen":"Euplia","status":"Honestissimae feminae karissimae coniugi bene merenti, a fundamentis memoriam exstruxit"},{"nomen":"Valerius","gender":"male","raw_name":"Val. Sabinianus","cognomen":"Sabinianus","status":"vir perfectissimus, ex militia comitatensi"}]}},{"type":"Feature","geometry":{"type":"Point","coordinates":[13.31,43.31]},"properties":{"edcs_id":"EDCS-17300249","findspot":"Treia / Trea","raw_text":"]IAN / [3]ius Ca/[3 pr]aef(ectus) / [","date_from":0,"date_to":0,"marker_gender":"male","is_individual":false,"edcs_url":"https://edcs.hist.uzh.ch/en/document?edcs-id=EDCS-17300249","persons":[{"nomen":"","gender":"male","raw_name":"]ius Ca [3 pr]aef","cognomen":"Iulius","status":"praefectus"}]}},{"type":"Feature","geometry":{"type":"Point","coordinates":[13.31,43.31]},"properties":{"edcs_id":"EDCS-17300250","findspot":"Treia / Trea","raw_text":"Lucretia M(arci) f(ilia) / Sabina / ad aquam perducend(am) / dominae fistulas / s(ua) p(ecunia) f(ecit)","date_from":0,"date_to":0,"marker_gender":"female","is_individual":false,"edcs_url":"https://edcs.hist.uzh.ch/en/document?edcs-id=EDCS-17300250","persons":[{"nomen":"Lucretia","gender":"female","raw_name":"Lucretia M. f. Sabina","cognomen":"Sabina","status":"Marci filia, ad aquam perducendam dominae fistulas sua pecunia fecit"}]}},{"type":"Feature","geometry":{"type":"Point","coordinates":[13.31,43.31]},"properties":{"edcs_id":"EDCS-17300251","findspot":"Treia / Trea","raw_text":"L(ucio) Naevio L(uci) f(ilio) Vel(ina) / Frontoni / pat(rono) mun(icipii) et / collegior(um) / collegium / fabrum et / centonarior(um)","date_from":0,"date_to":0,"marker_gender":"male","is_individual":false,"edcs_url":"https://edcs.hist.uzh.ch/en/document?edcs-id=EDCS-17300251","persons":[{"nomen":"Naevius","gender":"male","raw_name":"L. Naevio L. f. Vel. Frontoni","praenomen":"Lucius","cognomen":"Fronton","status":"Luci filius, tribus: Velina, patrono municipii et collegiorum"}]}},{"type":"Feature","geometry":{"type":"Point","coordinates":[13.31,43.31]},"properties":{"edcs_id":"EDCS-17300253","findspot":"Treia / Trea","raw_text":"Manius Vibius IIII vir Augustalis IMP","date_from":0,"date_to":0,"marker_gender":"male","is_individual":false,"edcs_url":"https://edcs.hist.uzh.ch/en/document?edcs-id=EDCS-17300253","persons":[{"nomen":"Vibius","gender":"male","raw_name":"M. Vibius [3] IIIIvir Aug.","praenomen":"Manius","status":"IIIIvir Augustalis"}]}},{"type":"Feature","geometry":{"type":"Point","coordinates":[13.31,43.31]},"properties":{"edcs_id":"EDCS-17300257","findspot":"Treia / Trea","raw_text":"Q(uintus) Sertorius Q(uinti) l(ibertus) / Antiochus colonus / pauper fuit aequo / animo scibat moriun/dum sibi ex testamento / Balbus Antiochi l(ibertus) / Sertoria Q(uinti) l(iberta) Europa / Nonia L(uci) Asprenatis l(iberta) / Helena Balbi soror / in agr(o) p(edes) XVI in fro(nte) p(edes) XIIII","date_from":0,"date_to":0,"marker_gender":"mixed","is_individual":false,"edcs_url":"https://edcs.hist.uzh.ch/en/document?edcs-id=EDCS-17300257","persons":[{"nomen":"Sertorius","gender":"male","raw_name":"Q. Sertorius Q. l. Antiochus","praenomen":"Quintus","cognomen":"Antiochus","status":"colonus, pauper fuit aequo animo scibat moriundum sibi ex testamento"},{"nomen":"","gender":"male","raw_name":"Balbus Antiochi l.","cognomen":"Balbus","status":"Antiochi libertus"},{"nomen":"Sertoria","gender":"female","raw_name":"Sertoria Q. l. Europa","cognomen":"Europa","status":"Q. libertae"},{"nomen":"Nonia","gender":"female","raw_name":"Nonia L. Asprenatis l. Helena Balbi soror","cognomen":"Helena","status":"Luci Asprenatis liberta, Balbi soror"}]}},{"type":"Feature","geometry":{"type":"Point","coordinates":[13.31,43.31]},"properties":{"edcs_id":"EDCS-17300258","findspot":"Treia / Trea","raw_text":"Quintus Aconius Titi filius Aconia Quinti liberta Musa ossa sita","date_from":0,"date_to":0,"marker_gender":"mixed","is_individual":false,"edcs_url":"https://edcs.hist.uzh.ch/en/document?edcs-id=EDCS-17300258","persons":[{"nomen":"Aconius","gender":"male","raw_name":"Q. Aconius T. f.","praenomen":"Quintus","status":"Titi filius"},{"nomen":"Aconia","gender":"female","raw_name":"Aconia Q. l. Mus","cognomen":"Musa","status":"Quinti libera"}]}},{"type":"Feature","geometry":{"type":"Point","coordinates":[13.31,43.31]},"properties":{"edcs_id":"EDCS-17300259","findspot":"Treia / Trea","raw_text":"Dis M(anibus) / Aufidiae C(ai) l(ibertae) / Callichore / C(aius) Au<f=E>idius C(ai) l(ibertus) / Festus matri / pientissim(a)e / bene merenti","date_from":0,"date_to":0,"marker_gender":"mixed","is_individual":false,"edcs_url":"https://edcs.hist.uzh.ch/en/document?edcs-id=EDCS-17300259","persons":[{"nomen":"Aufidia","gender":"female","raw_name":"Aufidiae C. l. Callichore","cognomen":"Callichore","status":"Cai libera"},{"nomen":"Aufidius","gender":"male","raw_name":"C. Aufidius C. l. Festus","praenomen":"Caius","cognomen":"Festus","status":"Cai libertus, matri pientissimae bene merenti"}]}},{"type":"Feature","geometry":{"type":"Point","coordinates":[13.31,43.31]},"properties":{"edcs_id":"EDCS-17300260","findspot":"Treia / Trea","raw_text":"] M(arci) f(ilio?) T(iti) n(epoti?) Aug[","date_from":0,"date_to":0,"marker_gender":"unknown","is_individual":false,"edcs_url":"https://edcs.hist.uzh.ch/en/document?edcs-id=EDCS-17300260","persons":[{"nomen":"","gender":"unknown","raw_name":"] M. f. T. n. Aug[","cognomen":"Aug","status":"Marci filio? Titi nepoti?"}]}},{"type":"Feature","geometry":{"type":"Point","coordinates":[13.31,43.31]},"properties":{"edcs_id":"EDCS-17300261","findspot":"Treia / Trea","raw_text":"D(is) M(anibus) / Copona / Ianuaria / Baebio / Proculo / co(n)iugi in/co<m=N>parabi/li b(ene) m(erenti) p(osuit)","date_from":0,"date_to":0,"marker_gender":"mixed","is_individual":false,"edcs_url":"https://edcs.hist.uzh.ch/en/document?edcs-id=EDCS-17300261","persons":[{"nomen":"","gender":"female","raw_name":"Copona","cognomen":"Copona"},{"nomen":"","gender":"female","raw_name":"Ianuaria","cognomen":"Ianuaria"},{"nomen":"Baebius","gender":"male","raw_name":"Baebio Proculo","cognomen":"Proculus","status":"coniugi incomparabili bene merenti"}]}},{"type":"Feature","geometry":{"type":"Point","coordinates":[13.31,43.31]},"properties":{"edcs_id":"EDCS-17300262","findspot":"Treia / Trea","raw_text":"Q(uintus) Fabius Abinnaeus / Q(uintus) Fabius Mario l(ibertus) / Atellia L(uci) f(ilia) Prisca / Fabia Felicula colliberta","date_from":0,"date_to":0,"marker_gender":"mixed","is_individual":false,"edcs_url":"https://edcs.hist.uzh.ch/en/document?edcs-id=EDCS-17300262","persons":[{"nomen":"Fabius","gender":"male","raw_name":"Q. Fabius Abinnaeus","praenomen":"Quintus","cognomen":"Abinnaeus"},{"nomen":"Fabius","gender":"male","raw_name":"Q. Fabius Mario l.","praenomen":"Quintus","status":"Mario libertus"},{"nomen":"Atellia","gender":"female","raw_name":"Atellia L. f. Prisca","cognomen":"Prisca","status":"Luci filia"},{"nomen":"Fabia","gender":"female","raw_name":"Fabia Felicula","cognomen":"Felicula","status":"colliberta"}]}},{"type":"Feature","geometry":{"type":"Point","coordinates":[13.31,43.31]},"properties":{"edcs_id":"EDCS-17300263","findspot":"Treia / Trea","raw_text":"D(is) M(anibus) / Faustinae / Q(uinti) Rammi Mar/tialis ser(vae) Felix / f(ecit) nomine suo / et Prisciani / fratris matri / pientissimae / s(it) t(ibi) t(erra) l(evis) d(ic)","date_from":0,"date_to":0,"marker_gender":"mixed","is_individual":false,"edcs_url":"https://edcs.hist.uzh.ch/en/document?edcs-id=EDCS-17300263","persons":[{"nomen":"","gender":"female","raw_name":"Faustinae","cognomen":"Faustina"},{"nomen":"Rammius","gender":"male","raw_name":"Q. Rammi Martialis","cognomen":"Martialis","status":"servae Felix"},{"nomen":"","gender":"female","raw_name":"Felix","cognomen":"Felix","status":"nomine suo et Prisciani fratris matri pientissimae"},{"nomen":"","gender":"male","raw_name":"Prisciani","cognomen":"Priscianus","status":"frater"}]}},{"type":"Feature","geometry":{"type":"Point","coordinates":[13.31,43.31]},"properties":{"edcs_id":"EDCS-17300264","findspot":"Treia / Trea","raw_text":"Hiberus / Aug(usti) lib(ertus)","date_from":0,"date_to":0,"marker_gender":"male","is_individual":false,"edcs_url":"https://edcs.hist.uzh.ch/en/document?edcs-id=EDCS-17300264","persons":[{"nomen":"","gender":"male","raw_name":"Hiberus Aug. lib.","cognomen":"Hiberus","status":"Augusti libertus"}]}},{"type":"Feature","geometry":{"type":"Point","coordinates":[13.31,43.31]},"properties":{"edcs_id":"EDCS-17300265","findspot":"Treia / Trea","raw_text":"carissimo Horatia Laeta bene merenti","date_from":0,"date_to":0,"marker_gender":"female","is_individual":false,"edcs_url":"https://edcs.hist.uzh.ch/en/document?edcs-id=EDCS-17300265","persons":[{"nomen":"Horatia","gender":"female","raw_name":"Horatia Lae ta","cognomen":"Laeta","status":"carissimo, bene merenti"}]}},{"type":"Feature","geometry":{"type":"Point","coordinates":[13.31,43.31]},"properties":{"edcs_id":"EDCS-17300266","findspot":"Treia / Trea","raw_text":"Pomponiae / Q(uinti) f(iliae)","date_from":0,"date_to":0,"marker_gender":"female","is_individual":false,"edcs_url":"https://edcs.hist.uzh.ch/en/document?edcs-id=EDCS-17300266","persons":[{"nomen":"Pomponia","gender":"female","raw_name":"Pomponiae Q. f.","status":"Quinti filiae"}]}},{"type":"Feature","geometry":{"type":"Point","coordinates":[13.31,43.31]},"properties":{"edcs_id":"EDCS-17300267","findspot":"Treia / Trea","raw_text":"Marco Porcio Marci liberto Protae fecit Agathemeris conliberta sibi et illi","date_from":0,"date_to":0,"marker_gender":"mixed","is_individual":false,"edcs_url":"https://edcs.hist.uzh.ch/en/document?edcs-id=EDCS-17300267","persons":[{"nomen":"Porcius","gender":"male","raw_name":"M. Porcio M. l. Protae","praenomen":"Marcus","cognomen":"Protas","status":"Marci libertus"},{"nomen":"","gender":"female","raw_name":"Agathemeris","cognomen":"Agathemeris","status":"conliberta sibi et illi"}]}},{"type":"Feature","geometry":{"type":"Point","coordinates":[13.31,43.31]},"properties":{"edcs_id":"EDCS-17300268","findspot":"Treia / Trea","raw_text":"Lucius Pupius Quinti filius Velina","date_from":0,"date_to":0,"marker_gender":"male","is_individual":false,"edcs_url":"https://edcs.hist.uzh.ch/en/document?edcs-id=EDCS-17300268","persons":[{"nomen":"Pupius","gender":"male","raw_name":"L. Pupius Q. f. Vel","praenomen":"Lucius","status":"Quinti filius, tribus: Velina"}]}},{"type":"Feature","geometry":{"type":"Point","coordinates":[13.31,43.31]},"properties":{"edcs_id":"EDCS-17300269","findspot":"Treia / Trea","raw_text":"matri merenti Sabina","date_from":0,"date_to":0,"marker_gender":"female","is_individual":false,"edcs_url":"https://edcs.hist.uzh.ch/en/document?edcs-id=EDCS-17300269","persons":[{"nomen":"","gender":"female","raw_name":"Sabina [","cognomen":"Sabina","status":"matri merenti"}]}},{"type":"Feature","geometry":{"type":"Point","coordinates":[13.31,43.31]},"properties":{"edcs_id":"EDCS-17300270","findspot":"Treia / Trea","raw_text":"L(ucius) Statius L(uci) l(ibertus) Priscus / de suo / Statiae Clarae matr(i) / C(aio) Gavio Claro fratr(i)","date_from":0,"date_to":0,"marker_gender":"mixed","is_individual":false,"edcs_url":"https://edcs.hist.uzh.ch/en/document?edcs-id=EDCS-17300270","persons":[{"nomen":"Statius","gender":"male","raw_name":"L. Statius L. l. Priscus","praenomen":"Lucius","cognomen":"Priscus","status":"Luci libertus de suo"},{"nomen":"Statia","gender":"female","raw_name":"Statiae Clarae","cognomen":"Clara","status":"matri"},{"nomen":"Gavius","gender":"male","raw_name":"C. Gavio Claro","praenomen":"Caius","cognomen":"Clarus","status":"fratri"}]}},{"type":"Feature","geometry":{"type":"Point","coordinates":[13.31,43.31]},"properties":{"edcs_id":"EDCS-17300271","findspot":"Treia / Trea","raw_text":"C(aio) Tuccio C(ai) l(iberto) Salvio / Tucciae C(ai) l(ibertae) Chrysario / C(aio) Tuccio C(ai) l(iberto) Adrast(o) / C(aio) Tuccio C(ai) l(iberto) Lucrio / C(aius) Tuccius |(mulieris) l(ibertus) Helius / C(aius) Tuccius [3] l(ibertus) Cnismus","date_from":0,"date_to":0,"marker_gender":"mixed","is_individual":false,"edcs_url":"https://edcs.hist.uzh.ch/en/document?edcs-id=EDCS-17300271","persons":[{"nomen":"Tuccius","gender":"male","raw_name":"C. Tuccio C. l. Salvio","praenomen":"Caius","cognomen":"Salvius","status":"Cai libertus"},{"nomen":"Tuccia","gender":"female","raw_name":"Tucciae C. l. Chrysario","cognomen":"Chrysaris","status":"Cai libera"},{"nomen":"Tuccius","gender":"male","raw_name":"C. Tuccio C. l. Adrast(o)","praenomen":"Caius","cognomen":"Adrastus","status":"Cai libertus"},{"nomen":"Tuccius","gender":"male","raw_name":"C. Tuccio C. l. Lucrio","praenomen":"Caius","cognomen":"Lucrio","status":"Cai libertus"},{"nomen":"Tuccius","gender":"male","raw_name":"C. Tuccius |(mulieris) l. Helius","praenomen":"Caius","cognomen":"Helius","status":"mulieris libertus"},{"nomen":"Tuccius","gender":"male","raw_name":"C. Tuccius [3] l. Cnismus","praenomen":"Caius","cognomen":"Cnismus","status":"[3] libertus"}]}},{"type":"Feature","geometry":{"type":"Point","coordinates":[13.31,43.31]},"properties":{"edcs_id":"EDCS-17300274","findspot":"Treia / Trea","raw_text":"] M(arci) f(ilio?) Test[3] / [3] et Hi[","date_from":0,"date_to":0,"marker_gender":"male","is_individual":false,"edcs_url":"https://edcs.hist.uzh.ch/en/document?edcs-id=EDCS-17300274","persons":[{"nomen":"","gender":"male","raw_name":"] M. f. Test[3]","cognomen":"Test","status":"Marci filio?"},{"nomen":"","gender":"unknown","raw_name":"[3] et Hi[","cognomen":"Hi"}]}},{"type":"Feature","geometry":{"type":"Point","coordinates":[12.49,41.89]},"properties":{"edcs_id":"EDCS-17300277","findspot":"Cingoli / Cingulum","raw_text":"Magisterei Terebius et Vibolenus","date_from":0,"date_to":0,"marker_gender":"male","is_individual":false,"edcs_url":"https://edcs.hist.uzh.ch/en/document?edcs-id=EDCS-17300277","persons":[{"nomen":"","gender":"male","raw_name":"Magister ei Terebius","cognomen":"Terebius","status":"magister"},{"nomen":"","gender":"male","raw_name":"Vibolen us","cognomen":"Vibolenus"}]}},{"type":"Feature","geometry":{"type":"Point","coordinates":[13.22,43.37]},"properties":{"edcs_id":"EDCS-17300278","findspot":"Cingoli / Cingulum","raw_text":"[Iussu Imp(eratoris) Caesaris] / divi f(ilii) Aug(usti) p[ont(ificis)] / max<i=U>mi patris / patriae trib(unicia) pot(estate) XX / L(ucius) Volusius Q(uinti) f(ilius) Satur[ninus] / pater ponend(am) curavit","date_from":0,"date_to":0,"marker_gender":"male","is_individual":false,"edcs_url":"https://edcs.hist.uzh.ch/en/document?edcs-id=EDCS-17300278","persons":[{"nomen":"Volusius","gender":"male","raw_name":"L. Volusius Q. f. Satur[ninus]","praenomen":"Lucius","cognomen":"Saturninus","status":"Q. f. pater, Iussu Imperatoris Caesaris divi filii Augusti pontificis maximi patris patriae tribunicia potestate XX"}]}},{"type":"Feature","geometry":{"type":"Point","coordinates":[13.22,43.37]},"properties":{"edcs_id":"EDCS-17300280","findspot":"Cingoli / Cingulum","raw_text":"Divo / Vale/riano / Caes(ari) / Cing/ulani / d(ecreto) d(ecurionum) p(ublice)","date_from":0,"date_to":0,"marker_gender":"male","is_individual":false,"edcs_url":"https://edcs.hist.uzh.ch/en/document?edcs-id=EDCS-17300280","persons":[{"nomen":"","gender":"male","raw_name":"Divo Vale riano Caes(ari)","cognomen":"Valeriano Caesari","status":"Divo, publice, decreto decurionum"},{"nomen":"","gender":"unknown","raw_name":"Cing ulani","cognomen":"Cingulani","status":"publice, decreto decurionum","cluster_id":1327,"cluster_size":2,"cluster_confidence":"low"}]}},{"type":"Feature","geometry":{"type":"Point","coordinates":[13.22,43.37]},"properties":{"edcs_id":"EDCS-17300281","findspot":"Cingoli / Cingulum","raw_text":"Publio Lici/nio Corne/lio Saloni/no nobili/ssimo Cae/sari Cin/gulani / publice / d(ecreto) d(ecurionum) p(ublice)","date_from":0,"date_to":0,"marker_gender":"male","is_individual":false,"edcs_url":"https://edcs.hist.uzh.ch/en/document?edcs-id=EDCS-17300281","persons":[{"nomen":"Licinius","gender":"male","raw_name":"Publio Lici nio Corne lio Saloni no","cognomen":"Saloninatus","status":"nobilitissimo Caesari, publice, decreto decurionum"},{"nomen":"","gender":"unknown","raw_name":"Cin gulani","cognomen":"Cingulani","status":"publice, decreto decurionum","cluster_id":1327,"cluster_size":2,"cluster_confidence":"low"}]}},{"type":"Feature","geometry":{"type":"Point","coordinates":[12.49,41.89]},"properties":{"edcs_id":"EDCS-17300282","findspot":"Cingoli / Cingulum","raw_text":"Flavio Fortunio viro devotissimo palatino patrono dignissimo ob insignia eius merita ordo Cingulanorum ponendam decrevit die VI Idus Octobres Mamertino et Nevitta conssulibus","date_from":0,"date_to":0,"marker_gender":"male","is_individual":false,"edcs_url":"https://edcs.hist.uzh.ch/en/document?edcs-id=EDCS-17300282","persons":[{"nomen":"Flavius","gender":"male","raw_name":"Fl. Fortunio","cognomen":"Fortunius","status":"viro devotissimo, palatino patrono dignissimo ob insignia eius merita"},{"nomen":"","gender":"unknown","raw_name":"Cingulanorum","cognomen":"Cingulanorum","status":"ordo"}]}},{"type":"Feature","geometry":{"type":"Point","coordinates":[13.22,43.37]},"properties":{"edcs_id":"EDCS-17300283","findspot":"Cingoli / Cingulum","raw_text":"Cn(aeo) Ampudio / Cn(aei) l(iberto) Aucto / Dyrrachino / IIIIIIvir(o) Cing(ulanorum) / Atriena L(uci) l(iberta) / Secunda fecit","date_from":0,"date_to":0,"marker_gender":"mixed","is_individual":false,"edcs_url":"https://edcs.hist.uzh.ch/en/document?edcs-id=EDCS-17300283","persons":[{"nomen":"Ampudius","gender":"male","raw_name":"Cn. Ampudio Cn. l. Aucto Dyrrachino","praenomen":"Gnaeus","cognomen":"Dyrrachinus","status":"Cn(aei) liberto, IIIIvir(o) Cing(ulanorum)"},{"nomen":"Atriena","gender":"female","raw_name":"Atriena L. l. Secunda","cognomen":"Secunda","status":"L(uci) liberta"}]}},{"type":"Feature","geometry":{"type":"Point","coordinates":[13.22,43.37]},"properties":{"edcs_id":"EDCS-17300284","findspot":"Cingoli / Cingulum","raw_text":"M(arco) Cernitio / M(arci) f(ilio) Vel(ina) Pollioni / IIvir(o) bis Augus(tali) / et Cernitiae M(arci) l(ibertae) / Nimphini conc(ubinae) / eius Phiale l(iberta) / d(e) s(ua) f(ecit)","date_from":0,"date_to":0,"marker_gender":"mixed","is_individual":false,"edcs_url":"https://edcs.hist.uzh.ch/en/document?edcs-id=EDCS-17300284","persons":[{"nomen":"Cernitius","gender":"male","raw_name":"M. Cernitio M. f. Vel. Pollioni","praenomen":"Marcus","cognomen":"Pollio","status":"M(arci) f(ilio), Vel(ina), IIvir(o) bis Augus(tali)"},{"nomen":"Cernitia","gender":"female","raw_name":"Cernitiae M. l. Nimphini conc. eius Phiale l.","cognomen":"Phiale","status":"M(arci) l(ibertae), concubinae eius, liberta"}]}},{"type":"Feature","geometry":{"type":"Point","coordinates":[13.22,43.37]},"properties":{"edcs_id":"EDCS-17300285","findspot":"Cingoli / Cingulum","raw_text":"P(ublius) Septim[ius] / P(ubli) f(ilius) Vel(ina) Ta[3] / sexvir sibi / posterisq(ue) su[is]","date_from":0,"date_to":0,"marker_gender":"male","is_individual":false,"edcs_url":"https://edcs.hist.uzh.ch/en/document?edcs-id=EDCS-17300285","persons":[{"nomen":"Septimius","gender":"male","raw_name":"P. Septim[ius] P. f. Vel. Ta[3]","praenomen":"Publius","cognomen":"Ta","status":"P(ubli) f(ilius), Vel(ina), sexvir sibi posterisque suis"}]}},{"type":"Feature","geometry":{"type":"Point","coordinates":[13.22,43.37]},"properties":{"edcs_id":"EDCS-17300287","findspot":"Cingoli / Cingulum","raw_text":"Atriena C(ai) l(iberta) / Callista / sibi et / M(arco) Pacuvio / CO[","date_from":0,"date_to":0,"marker_gender":"mixed","is_individual":false,"edcs_url":"https://edcs.hist.uzh.ch/en/document?edcs-id=EDCS-17300287","persons":[{"nomen":"Atriena","gender":"female","raw_name":"Atriena C. l.","cognomen":"Callista","status":"C. liberta"},{"nomen":"Pacuvius","gender":"male","raw_name":"M. Pacuvio CO[","praenomen":"Marcus","cognomen":"CO"}]}},{"type":"Feature","geometry":{"type":"Point","coordinates":[12.49,41.89]},"properties":{"edcs_id":"EDCS-17300288","findspot":"Cingoli / Cingulum","raw_text":"Cingulano filio Euandro et uxori eius filio posuit","date_from":0,"date_to":0,"marker_gender":"male","is_individual":false,"edcs_url":"https://edcs.hist.uzh.ch/en/document?edcs-id=EDCS-17300288","persons":[{"nomen":"","gender":"male","raw_name":"C]ingul[ano] [3] f(ilio?) Euan[dro","cognomen":"Euandro","status":"filio?, et uxori eius, filio posuit"}]}},{"type":"Feature","geometry":{"type":"Point","coordinates":[13.22,43.37]},"properties":{"edcs_id":"EDCS-17300289","findspot":"Cingoli / Cingulum","raw_text":"Clodius Tro/phimus Clo/diae Vitali u/xori sanctis/simae et sibi","date_from":0,"date_to":0,"marker_gender":"mixed","is_individual":false,"edcs_url":"https://edcs.hist.uzh.ch/en/document?edcs-id=EDCS-17300289","persons":[{"nomen":"Clodius","gender":"male","raw_name":"Clodius Tro phimus","cognomen":"Trophimus","status":"Clodiae Vitali uxori sanctissimae et sibi"},{"nomen":"Clodia","gender":"female","raw_name":"Clodiae Vitali","cognomen":"Vitalis","status":"uxori sanctissimae"}]}},{"type":"Feature","geometry":{"type":"Point","coordinates":[13.22,43.37]},"properties":{"edcs_id":"EDCS-17300290","findspot":"Cingoli / Cingulum","raw_text":"D(is) M(anibus) / Freiae L(uci) f(iliae) / Paullinae / [","date_from":0,"date_to":0,"marker_gender":"female","is_individual":false,"edcs_url":"https://edcs.hist.uzh.ch/en/document?edcs-id=EDCS-17300290","persons":[{"nomen":"Freia","gender":"female","raw_name":"Freiae L. f. Paullinae","cognomen":"Paullina","status":"L(uci) filiae"}]}},{"type":"Feature","geometry":{"type":"Point","coordinates":[13.22,43.37]},"properties":{"edcs_id":"EDCS-17300291","findspot":"Cingoli / Cingulum","raw_text":"C(aio) Romatio / Sp(uri) f(ilio) Manio / patron(o)","date_from":0,"date_to":0,"marker_gender":"male","is_individual":false,"edcs_url":"https://edcs.hist.uzh.ch/en/document?edcs-id=EDCS-17300291","persons":[{"nomen":"Romatius","gender":"male","raw_name":"C. Romatio Sp. f. Manio","praenomen":"Gaius","cognomen":"Manio","status":"Sp(uri) f(ilio), patrono"}]}},{"type":"Feature","geometry":{"type":"Point","coordinates":[13.22,43.37]},"properties":{"edcs_id":"EDCS-17300292","findspot":"Cingoli / Cingulum","raw_text":"Sabinae Q(uinti) l(ibertae) / Thaleae / Q(uintus) Sabinus / Corinthu[s","date_from":0,"date_to":0,"marker_gender":"mixed","is_individual":false,"edcs_url":"https://edcs.hist.uzh.ch/en/document?edcs-id=EDCS-17300292","persons":[{"nomen":"Sabina","gender":"female","raw_name":"Sabinae Q. l. Thaleae","cognomen":"Thalea","status":"Q(uinti) liberta"},{"nomen":"Sabinus","gender":"male","raw_name":"Q. Sabinus Corinthu[s","cognomen":"Corinthus"}]}},{"type":"Feature","geometry":{"type":"Point","coordinates":[13.22,43.37]},"properties":{"edcs_id":"EDCS-17300293","findspot":"Cingoli / Cingulum","raw_text":"Locus / Tulli Eu/tacti et / Ampudiae / Bassae / in f(ronte) p(edes) XI","date_from":0,"date_to":0,"marker_gender":"mixed","is_individual":false,"edcs_url":"https://edcs.hist.uzh.ch/en/document?edcs-id=EDCS-17300293","persons":[{"nomen":"Tullius","gender":"male","raw_name":"Tulli Eutacti","cognomen":"Eutactus"},{"nomen":"Ampudia","gender":"female","raw_name":"Ampudiae Bassae","cognomen":"Bassa"}]}},{"type":"Feature","geometry":{"type":"Point","coordinates":[13.22,43.37]},"properties":{"edcs_id":"EDCS-17300294","findspot":"Cingoli / Cingulum","raw_text":"P(ublius) Vibius [","date_from":0,"date_to":0,"marker_gender":"male","is_individual":false,"edcs_url":"https://edcs.hist.uzh.ch/en/document?edcs-id=EDCS-17300294","persons":[{"nomen":"Vibius","gender":"male","raw_name":"P. Vibius [","praenomen":"Publius"}]}},{"type":"Feature","geometry":{"type":"Point","coordinates":[13.12,43.45]},"properties":{"edcs_id":"EDCS-17300297","findspot":"Cupramontana / Cupra Montana","raw_text":"Vibius Avilios Vibi filius Vibius Alfienos Pobli filius pagi veheia","date_from":0,"date_to":0,"marker_gender":"male","is_individual":false,"edcs_url":"https://edcs.hist.uzh.ch/en/document?edcs-id=EDCS-17300297","persons":[{"nomen":"Vibius","gender":"male","raw_name":"Avilio(s) Vibi","cognomen":"Avilius","status":"Vibi filius"},{"nomen":"Alfienus","gender":"male","raw_name":"Alfieno(s) Po(bli) f(ilius) pagi veheia","praenomen":"Publius","status":"pagi veheia"}]}},{"type":"Feature","geometry":{"type":"Point","coordinates":[13.12,43.45]},"properties":{"edcs_id":"EDCS-17300298","findspot":"Cupramontana / Cupra Montana","raw_text":"Imp(eratori) Caesari / divi Hadriani / fi[l(io)] divi Traiani / Pa[r]thici nepoti / divi Nervae prone/poti T(ito) Aelio Hadri/ano Antonino Aug(usto) / Pio pontif(ici) max(imo) trib(unicia) / pot(estate) XII imp(eratori) II co(n)s(uli) IIII / p(atri) p(atriae) pueri et puellae / a[l]iment[a]ri(i) / Cuprenses Montani","date_from":0,"date_to":0,"marker_gender":"male","is_individual":false,"edcs_url":"https://edcs.hist.uzh.ch/en/document?edcs-id=EDCS-17300298","persons":[{"nomen":"Aelius","gender":"male","raw_name":"T. Aeli Hadri ano Antonino Aug. Pio","praenomen":"Titus","cognomen":"Antoninus","status":"Imperatori Caesar divi Hadriani filio divi Traiani Par(thici) nepoti divi Nervae pronepoti, Pius, pontifex maximus, tribunica potestate XII, imperator II, consul IIII, pater patriae","is_imperial":true}]}},{"type":"Feature","geometry":{"type":"Point","coordinates":[13.12,43.45]},"properties":{"edcs_id":"EDCS-17300301","findspot":"Cupramontana / Cupra Montana","raw_text":"C(aius) Caes(ar) / Aug(ustus)","date_from":0,"date_to":0,"marker_gender":"male","is_individual":false,"edcs_url":"https://edcs.hist.uzh.ch/en/document?edcs-id=EDCS-17300301","persons":[{"nomen":"Caesius","gender":"male","raw_name":"C. Caes. Aug.","praenomen":"Gaius","cognomen":"Augustus"}]}},{"type":"Feature","geometry":{"type":"Point","coordinates":[13.12,43.45]},"properties":{"edcs_id":"EDCS-17300302","findspot":"Cupramontana / Cupra Montana","raw_text":"] / [s]tlitib(us) iud(icandis) / latic[lavio 3] / L(ucius) Vo[","date_from":0,"date_to":0,"marker_gender":"male","is_individual":false,"edcs_url":"https://edcs.hist.uzh.ch/en/document?edcs-id=EDCS-17300302","persons":[{"nomen":"Vocontius","gender":"male","raw_name":"L. Vo[","praenomen":"Lucius","status":"stlitibus iudicandis, laticlavio"}]}},{"type":"Feature","geometry":{"type":"Point","coordinates":[13.12,43.45]},"properties":{"edcs_id":"EDCS-17300304","findspot":"Cupramontana / Cupra Montana","raw_text":"]o Aug(ustali) II v(ivit?) / [3]ae matr(i) / [3]rius liber/[3 adiut]or tabulari(i) / [","date_from":0,"date_to":0,"marker_gender":"male","is_individual":false,"edcs_url":"https://edcs.hist.uzh.ch/en/document?edcs-id=EDCS-17300304","persons":[{"nomen":"","gender":"male","raw_name":"Aug. II","cognomen":"Augustalis","status":"II"},{"nomen":"","gender":"male","raw_name":"[3]rius liber [3 adiut]or tabulari(i)","cognomen":"Adiutor","status":"tabularii","is_deity":true,"cluster_confidence":"excluded"}]}},{"type":"Feature","geometry":{"type":"Point","coordinates":[13.12,43.45]},"properties":{"edcs_id":"EDCS-17300305","findspot":"Cupramontana / Cupra Montana","raw_text":"[D(is)] M(anibus) / [3]ario Saturni/[n]o IIviro Cup(r)e(n)si/[u]m Rasinia Sucun/[di]na pa[tri(?)","date_from":0,"date_to":0,"marker_gender":"female","is_individual":false,"edcs_url":"https://edcs.hist.uzh.ch/en/document?edcs-id=EDCS-17300305","persons":[{"nomen":"Rasinia","gender":"female","raw_name":"Rasinia Sucun [di]na pa[tri(?)]","cognomen":"Sucundina","status":"patris(?), IIviro Cupren(sium)"}]}},{"type":"Feature","geometry":{"type":"Point","coordinates":[13.12,43.45]},"properties":{"edcs_id":"EDCS-17300309","findspot":"Cupramontana / Cupra Montana","raw_text":"] / ob meri[ta] / [e]ius D(ecimus) C[","date_from":0,"date_to":0,"marker_gender":"male","is_individual":false,"edcs_url":"https://edcs.hist.uzh.ch/en/document?edcs-id=EDCS-17300309","persons":[{"nomen":"Claudius","gender":"male","raw_name":"D. C[","praenomen":"Decimus","status":"ob merita eius"}]}},{"type":"Feature","geometry":{"type":"Point","coordinates":[13.12,43.45]},"properties":{"edcs_id":"EDCS-17300312","findspot":"Cupramontana / Cupra Montana","raw_text":"Lucius Plotius Luci filius Velina Crusta","date_from":0,"date_to":0,"marker_gender":"male","is_individual":false,"edcs_url":"https://edcs.hist.uzh.ch/en/document?edcs-id=EDCS-17300312","persons":[{"nomen":"Plotius","gender":"male","raw_name":"L. Plotius L. f. Vel. Crusta","praenomen":"Lucius","cognomen":"Crusta","status":"Luci filius, tribus: Velina"}]}},{"type":"Feature","geometry":{"type":"Point","coordinates":[13.12,43.45]},"properties":{"edcs_id":"EDCS-17300313","findspot":"Cupramontana / Cupra Montana","raw_text":"Rufus E IV","date_from":0,"date_to":0,"marker_gender":"male","is_individual":false,"edcs_url":"https://edcs.hist.uzh.ch/en/document?edcs-id=EDCS-17300313","persons":[{"nomen":"","gender":"male","raw_name":"Rufus","cognomen":"Rufus"}]}},{"type":"Feature","geometry":null,"properties":{"edcs_id":"EDCS-17300328","findspot":"San Vittore / San Vittore di Cingoli / Planina","raw_text":"Collegio deorum sacrum Lucius Tusidius Num libens donum dedit","date_from":0,"date_to":0,"marker_gender":"male","is_individual":true,"edcs_url":"https://edcs.hist.uzh.ch/en/document?edcs-id=EDCS-17300328","persons":[{"nomen":"Tusidius","gender":"male","raw_name":"L. Tusidius Num()","praenomen":"Lucius"}]}},{"type":"Feature","geometry":null,"properties":{"edcs_id":"EDCS-17300329","findspot":"San Vittore / San Vittore di Cingoli / Planina","raw_text":"Herculi Compoti Lucius Masuvius Bassus donum dedit","date_from":0,"date_to":0,"marker_gender":"male","is_individual":true,"edcs_url":"https://edcs.hist.uzh.ch/en/document?edcs-id=EDCS-17300329","persons":[{"nomen":"Masuvius","gender":"male","raw_name":"L. Masuvius Bassus","praenomen":"Lucius","cognomen":"Bassus"}]}},{"type":"Feature","geometry":null,"properties":{"edcs_id":"EDCS-17300330","findspot":"San Vittore / San Vittore di Cingoli / Planina","raw_text":"Marcus Fadius Marci libertus Tuliu votum pro AC libens merito solvit","date_from":0,"date_to":0,"marker_gender":"male","is_individual":true,"edcs_url":"https://edcs.hist.uzh.ch/en/document?edcs-id=EDCS-17300330","persons":[{"nomen":"Fadius","gender":"male","raw_name":"M. Fadius M. l. Tuliu[3]","praenomen":"Marcus"}]}},{"type":"Feature","geometry":null,"properties":{"edcs_id":"EDCS-17300332","findspot":"San Vittore / San Vittore di Cingoli / Planina","raw_text":"Lucius Crasicinus mulieris libertus Dionysius","date_from":0,"date_to":0,"marker_gender":"male","is_individual":true,"edcs_url":"https://edcs.hist.uzh.ch/en/document?edcs-id=EDCS-17300332","persons":[{"nomen":"Crasicinus","gender":"male","raw_name":"L. Crasicinus |(mulieris) l(ibertus) Dion<y=I>sius","praenomen":"Lucius","cognomen":"Dionysius","status":"mulieris libertus"}]}},{"type":"Feature","geometry":null,"properties":{"edcs_id":"EDCS-17300333","findspot":"San Vittore / San Vittore di Cingoli / Planina","raw_text":"Quintus Feronius Quinti filius Velina Clemens Corn","date_from":0,"date_to":0,"marker_gender":"male","is_individual":true,"edcs_url":"https://edcs.hist.uzh.ch/en/document?edcs-id=EDCS-17300333","persons":[{"nomen":"Feronius","gender":"male","raw_name":"Q. Feronius Q. f. Vel. Clemens","praenomen":"Quintus","cognomen":"Clemens","status":"Quinti filius, tribus: Velina"}]}},{"type":"Feature","geometry":null,"properties":{"edcs_id":"EDCS-17300335","findspot":"San Vittore / San Vittore di Cingoli / Planina","raw_text":"Innocentius qui vixit annos menses X depositus XIII Kalendas Septembres indictione III","date_from":0,"date_to":0,"marker_gender":"male","is_individual":true,"edcs_url":"https://edcs.hist.uzh.ch/en/document?edcs-id=EDCS-17300335","persons":[{"nomen":"","gender":"male","raw_name":"Innocent[ius]","cognomen":"Innocentius"}]}},{"type":"Feature","geometry":{"type":"Point","coordinates":[13.44,43.31]},"properties":{"edcs_id":"EDCS-17300339","findspot":"Helvia Recina / Helvia Ricina / Ricina","raw_text":"Lucius Tettius Alypus Iovi donum dat","date_from":0,"date_to":0,"marker_gender":"male","is_individual":false,"edcs_url":"https://edcs.hist.uzh.ch/en/document?edcs-id=EDCS-17300339","persons":[{"nomen":"Tettius","gender":"male","raw_name":"L(ucius) Tettius Alypus","praenomen":"Lucius","cognomen":"Alypus"}]}},{"type":"Feature","geometry":{"type":"Point","coordinates":[13.44,43.31]},"properties":{"edcs_id":"EDCS-17300340","findspot":"Helvia Recina / Helvia Ricina / Ricina","raw_text":"Numini / Mercur(i) sac(rum) / P(ublius) Licinius / Saturninus / p(ecunia) s(ua) f(ecit)","date_from":0,"date_to":0,"marker_gender":"male","is_individual":false,"edcs_url":"https://edcs.hist.uzh.ch/en/document?edcs-id=EDCS-17300340","persons":[{"nomen":"Licinius","gender":"male","raw_name":"P. Licinius Saturninus","praenomen":"Publius","cognomen":"Saturninus"}]}},{"type":"Feature","geometry":{"type":"Point","coordinates":[13.38,43.2]},"properties":{"edcs_id":"EDCS-17300342","findspot":"Helvia Recina / Helvia Ricina / Ricina","raw_text":"Nymphis Geminis / sacrum / C(aius) Fufius Gemini l(ibertus) / Politicus / idem aquam perduxit","date_from":0,"date_to":0,"marker_gender":"male","is_individual":false,"edcs_url":"https://edcs.hist.uzh.ch/en/document?edcs-id=EDCS-17300342","persons":[{"nomen":"Fufius","gender":"male","raw_name":"C. Fufius Gemini l. Politicus","praenomen":"Gaius","cognomen":"Politicus","status":"Gemini libertus"}]}},{"type":"Feature","geometry":{"type":"Point","coordinates":[13.42,43.32]},"properties":{"edcs_id":"EDCS-17300344","findspot":"Helvia Recina / Helvia Ricina / Ricina","raw_text":"Div<u=O>s Traianus / Augustus / concessa Tuscili / Nominati heredit(ate) / rei publ(icae) Ricinens(ium) / balneum et plat<e=I>as / rep(arari) mandavit","date_from":0,"date_to":0,"marker_gender":"mixed","is_individual":false,"edcs_url":"https://edcs.hist.uzh.ch/en/document?edcs-id=EDCS-17300344","persons":[{"nomen":"","gender":"male","raw_name":"Div<u=O>s Traianus Augustus","cognomen":"Traianus","status":"Augustus","is_imperial":true},{"nomen":"Tuscilia","gender":"female","raw_name":"Tuscili Nominati","cognomen":"Nominata"}]}},{"type":"Feature","geometry":{"type":"Point","coordinates":[13.44,43.31]},"properties":{"edcs_id":"EDCS-17300346","findspot":"Helvia Recina / Helvia Ricina / Ricina","raw_text":"L(ucio) Cirpinio T(iti) f(ilio) Vel(ina) / pri(mo) pil(o) iter(um) praef(ecto) / leg(ionis) XXII IIvir(o) iterum / quinq(uennali) / municipes","date_from":0,"date_to":0,"marker_gender":"male","is_individual":false,"edcs_url":"https://edcs.hist.uzh.ch/en/document?edcs-id=EDCS-17300346","persons":[{"nomen":"Cirpinius","gender":"male","raw_name":"L. Cirpinio T. f. Vel. pri. pil. iter. praef.","praenomen":"Lucius","status":"Titi filio, tribus: Velina, primo pilo iterum, praefecto legionis XXII, IIviro iterum, quinquennali"}]}},{"type":"Feature","geometry":{"type":"Point","coordinates":[13.72,43.17]},"properties":{"edcs_id":"EDCS-17300347","findspot":"Helvia Recina / Helvia Ricina / Ricina","raw_text":"D(is) M(anibus) // Dasiae / Verae / M(arcus) Deme/trius Epictetus / mil(es) cla(ssis) / pr(aetoriae) Rav(ennatis) / coniugi / [","date_from":0,"date_to":0,"marker_gender":"mixed","is_individual":false,"edcs_url":"https://edcs.hist.uzh.ch/en/document?edcs-id=EDCS-17300347","persons":[{"nomen":"","gender":"female","raw_name":"Dasiae Verae","cognomen":"Vera"},{"nomen":"Demetrius","gender":"male","raw_name":"M. Deme trius Epictetus mil. cla. pr. Rav.","cognomen":"Epictetus","status":"miles classis praetoriae Ravennatis, coniugi"}]}},{"type":"Feature","geometry":{"type":"Point","coordinates":[13.44,43.31]},"properties":{"edcs_id":"EDCS-17300348","findspot":"Helvia Recina / Helvia Ricina / Ricina","raw_text":"Caius Aelanius Cai libertus Atam colonia Riciniensium ex testamento arbitratu Octaviae mulieris libertae Acma","date_from":0,"date_to":0,"marker_gender":"mixed","is_individual":false,"edcs_url":"https://edcs.hist.uzh.ch/en/document?edcs-id=EDCS-17300348","persons":[{"nomen":"Aelanius","gender":"male","raw_name":"C. Aelanius C. l. Atam[3]","praenomen":"Caius","cognomen":"Atam","status":"colonia Ricinensium ex testamento arbitr(atu) Octaviae mulieris liberae Acma["},{"nomen":"Octavia","gender":"female","raw_name":"Octaviae |(mulieris) l(ibertae) Acma[","cognomen":"Acma","status":"mulieris liberta[e]"}]}},{"type":"Feature","geometry":{"type":"Point","coordinates":[13.44,43.31]},"properties":{"edcs_id":"EDCS-17300349","findspot":"Helvia Recina / Helvia Ricina / Ricina","raw_text":"P(ublius) Cincius P(ubli) l(ibertus) [3] / V[Ivir 3] / ex test(amento) Ap[","date_from":0,"date_to":0,"marker_gender":"male","is_individual":false,"edcs_url":"https://edcs.hist.uzh.ch/en/document?edcs-id=EDCS-17300349","persons":[{"nomen":"Cincius","gender":"male","raw_name":"P. Cincius P. l. [3]","praenomen":"Publius","status":"Publi libertus, VIvir"}]}},{"type":"Feature","geometry":{"type":"Point","coordinates":[13.44,43.31]},"properties":{"edcs_id":"EDCS-17300350","findspot":"Helvia Recina / Helvia Ricina / Ricina","raw_text":"Q(uintus) Lucilius / Charinus / sagarius / Mediolanensis / VIvir Mediolani / sibi et / Q(uinto) Sulpicio Celado / amico / in fr(onte) p(edes) XII in agr(o) p(edes) XIIII","date_from":0,"date_to":0,"marker_gender":"male","is_individual":false,"edcs_url":"https://edcs.hist.uzh.ch/en/document?edcs-id=EDCS-17300350","persons":[{"nomen":"","gender":"male","raw_name":"Charinus","cognomen":"Charinus","status":"sagarius Mediolanensis, VIvir Mediolani"},{"nomen":"Sulpicius","gender":"male","raw_name":"Q. Sulpicio Celado","praenomen":"Quintus","cognomen":"Celadus","status":"amico"}]}},{"type":"Feature","geometry":{"type":"Point","coordinates":[13.44,43.31]},"properties":{"edcs_id":"EDCS-17300351","findspot":"Helvia Recina / Helvia Ricina / Ricina","raw_text":"L(ucio) Naevio L(uci) l(iberto) Theomedi sexvi[ro] / Naeviae L(uci) l(ibertae) Florae concubina[e] / L(ucio) Naevio Anteroti l(iberto) sexvir(o) / Maetenniae L(uci) |(mulieris) l(ibertae) Chrestini uxori / Anteros l(ibertus)","date_from":0,"date_to":0,"marker_gender":"mixed","is_individual":false,"edcs_url":"https://edcs.hist.uzh.ch/en/document?edcs-id=EDCS-17300351","persons":[{"nomen":"Naevius","gender":"male","raw_name":"L. Naevio L. l. Theomedi","praenomen":"Lucius","cognomen":"Theomedes","status":"Luci libertus, sexviro"},{"nomen":"Naevia","gender":"female","raw_name":"Naeviae L. l. Florae","cognomen":"Flora","status":"Luci liberta, concubinae"},{"nomen":"Anteros","gender":"male","raw_name":"L. Naevio Anteroti l. sexvir","status":"Luci libertus, sexvir"},{"nomen":"Maetennia","gender":"female","raw_name":"Maetenniae L. |(mulieris) l. Chrestini","cognomen":"Chrestini","status":"Luci mulieris liberta, uxori"},{"nomen":"","gender":"male","raw_name":"Anteros l.","cognomen":"Anteros","status":"libertus"}]}},{"type":"Feature","geometry":{"type":"Point","coordinates":[13.44,43.31]},"properties":{"edcs_id":"EDCS-17300352","findspot":"Helvia Recina / Helvia Ricina / Ricina","raw_text":"T(itus) Publilius Long/us [p]ater An/nia Publ(ilia) mater / C(aio) Publilio Long(o) / colleg(ii) fabr(um) mag(istro) filio / cariss(imo) faciend(um) c[u]r(averunt)","date_from":0,"date_to":0,"marker_gender":"mixed","is_individual":false,"edcs_url":"https://edcs.hist.uzh.ch/en/document?edcs-id=EDCS-17300352","persons":[{"nomen":"Annia","gender":"female","raw_name":"Annia Publilia","cognomen":"Publilia","status":"mater"},{"nomen":"Publilius","gender":"male","raw_name":"C. Publilio Long(o)","praenomen":"Caius","cognomen":"Longus","status":"collegii fabrum magistro, filio carissimo"}]}},{"type":"Feature","geometry":{"type":"Point","coordinates":[13.44,43.31]},"properties":{"edcs_id":"EDCS-17300353","findspot":"Helvia Recina / Helvia Ricina / Ricina","raw_text":"] / colonia / Helvia Ricina / Pertinax","date_from":0,"date_to":0,"marker_gender":"male","is_individual":false,"edcs_url":"https://edcs.hist.uzh.ch/en/document?edcs-id=EDCS-17300353","persons":[{"nomen":"","gender":"male","raw_name":"Pertinax","cognomen":"Pertinax","status":"curator fani","cluster_confidence":"excluded"}]}},{"type":"Feature","geometry":{"type":"Point","coordinates":[13.44,43.31]},"properties":{"edcs_id":"EDCS-17300357","findspot":"Helvia Recina / Helvia Ricina / Ricina","raw_text":"Dis Manib(us) s(acrum) / C(aio) Annio C(ai) l(iberto) Zopyro / et Anniae C(ai) l(ibertae) Feli/ci parentibus / et / C(aio) Annio Saturni/no patrono Ephyris","date_from":0,"date_to":0,"marker_gender":"mixed","is_individual":false,"edcs_url":"https://edcs.hist.uzh.ch/en/document?edcs-id=EDCS-17300357","persons":[{"nomen":"Annius","gender":"male","raw_name":"C. Annio C. l. Zopyro","praenomen":"Caius","cognomen":"Zopyrus","status":"Cai libertus, parentibus"},{"nomen":"Annía","gender":"female","raw_name":"Anniae C. l. Felici","cognomen":"Felici","status":"Cai liberta, parentibus"},{"nomen":"Annius","gender":"male","raw_name":"C. Annio Saturnino","cognomen":"Saturninus","status":"patrono"},{"nomen":"","gender":"female","raw_name":"Ephyris","cognomen":"Ephyris"}]}},{"type":"Feature","geometry":{"type":"Point","coordinates":[13.44,43.31]},"properties":{"edcs_id":"EDCS-17300358","findspot":"Helvia Recina / Helvia Ricina / Ricina","raw_text":"Dis Manibus Asclepiadi ami","date_from":0,"date_to":0,"marker_gender":"male","is_individual":false,"edcs_url":"https://edcs.hist.uzh.ch/en/document?edcs-id=EDCS-17300358","persons":[{"nomen":"","gender":"male","raw_name":"Asclepiadi","cognomen":"Asclepiades"}]}},{"type":"Feature","geometry":{"type":"Point","coordinates":[13.44,43.31]},"properties":{"edcs_id":"EDCS-17300359","findspot":"Helvia Recina / Helvia Ricina / Ricina","raw_text":"Aurelia(e) MARII[3]/n(a)e quae vixit an[nis] / LII mensibus III d[iebus] / XXI uxori kari[ssi]/mae Aurelius Po[s]/forus(!) maritu[s et] / Valeria Mart[3 m]/atri suae D[3] / A[3]AD[","date_from":0,"date_to":0,"marker_gender":"mixed","is_individual":false,"edcs_url":"https://edcs.hist.uzh.ch/en/document?edcs-id=EDCS-17300359","persons":[{"nomen":"Aurelia","gender":"female","raw_name":"Aureliae MARII[3] n(a)e","cognomen":"Mariniana"},{"nomen":"Aurelius","gender":"male","raw_name":"Aurelius Po[s] forus","cognomen":"Posforus","status":"maritus"},{"nomen":"Valeria","gender":"female","raw_name":"Valeria Mart[3 m]","cognomen":"Mart","status":"matri suae"}]}},{"type":"Feature","geometry":{"type":"Point","coordinates":[13.44,43.31]},"properties":{"edcs_id":"EDCS-17300360","findspot":"Helvia Recina / Helvia Ricina / Ricina","raw_text":"D(is) M(anibus) / Cassiae ut dig/nae Orestinae / co(n)iugi castae / pro meritis vitae / pro pectore / simplici grato / Tusidius Cyrus / hunc titulum fecit / amatae","date_from":0,"date_to":0,"marker_gender":"mixed","is_individual":false,"edcs_url":"https://edcs.hist.uzh.ch/en/document?edcs-id=EDCS-17300360","persons":[{"nomen":"Cassia","gender":"female","raw_name":"Cassiae ut dig nae Orestinae","cognomen":"Orestina","status":"coniugi castae pro meritis vitae pro pectore simplici grato amatae"},{"nomen":"","gender":"male","raw_name":"Tusidius Cyrus","cognomen":"Cyrus","status":"hunc titulum fecit"}]}},{"type":"Feature","geometry":{"type":"Point","coordinates":[13.44,43.31]},"properties":{"edcs_id":"EDCS-17300361","findspot":"Helvia Recina / Helvia Ricina / Ricina","raw_text":"Cincius Publi filius C ex testamento Titi Vib","date_from":0,"date_to":0,"marker_gender":"male","is_individual":false,"edcs_url":"https://edcs.hist.uzh.ch/en/document?edcs-id=EDCS-17300361","persons":[{"nomen":"Cincius","gender":"male","raw_name":"C]incius P(ubli) f(ilius) C[3]","praenomen":"Publius","status":"ex testamento T(iti) Vib["}]}},{"type":"Feature","geometry":{"type":"Point","coordinates":[13.44,43.31]},"properties":{"edcs_id":"EDCS-17300362","findspot":"Helvia Recina / Helvia Ricina / Ricina","raw_text":"P(ublius) Tr(ebius) Clodieis Gr(acchi) f{e}ili[i] / d(e) s(ua) p(ecunia) / Salvius et Hilarius / p(osuerunt) [3]","date_from":0,"date_to":0,"marker_gender":"male","is_individual":false,"edcs_url":"https://edcs.hist.uzh.ch/en/document?edcs-id=EDCS-17300362","persons":[{"nomen":"","gender":"male","raw_name":"Salvius","cognomen":"Salvius","status":"de sua pecunia"},{"nomen":"","gender":"male","raw_name":"Hilarius","cognomen":"Hilarius","status":"de sua pecunia"}]}},{"type":"Feature","geometry":{"type":"Point","coordinates":[13.5,43.28]},"properties":{"edcs_id":"EDCS-17300363","findspot":"Pausulae","raw_text":"Ti(berio) Clodio pup(i) l(iberto) / Ballaeo / [","date_from":0,"date_to":0,"marker_gender":"male","is_individual":true,"edcs_url":"https://edcs.hist.uzh.ch/en/document?edcs-id=EDCS-17300363","persons":[{"nomen":"Clodius","gender":"male","raw_name":"Ti(berio) Clodio pup(i) l(iberto) Ballaeo","cognomen":"Balla","status":"pupi libertus"}]}},{"type":"Feature","geometry":{"type":"Point","coordinates":[13.44,43.31]},"properties":{"edcs_id":"EDCS-17300364","findspot":"Helvia Recina / Helvia Ricina / Ricina","raw_text":"] lib(erto) Clodiano / et / [3]adio Aug(usti) lib(erto) Primiti[3] / bene merenti fecit / [3]ia Magnilla co(n)iu(n)x","date_from":0,"date_to":0,"marker_gender":"mixed","is_individual":false,"edcs_url":"https://edcs.hist.uzh.ch/en/document?edcs-id=EDCS-17300364","persons":[{"nomen":"","gender":"male","raw_name":"lib(erto) Clodiano","cognomen":"Clodianus","status":"liberto"},{"nomen":"","gender":"male","raw_name":"[3]adio Aug(usti) lib(erto) Primiti[3]","cognomen":"Primitivus","status":"Aug(usti) lib(erto)"},{"nomen":"","gender":"female","raw_name":"[3]ia Magnilla","cognomen":"Magnilla","status":"coniunx bene merenti"}]}},{"type":"Feature","geometry":{"type":"Point","coordinates":[13.44,43.31]},"properties":{"edcs_id":"EDCS-17300365","findspot":"Helvia Recina / Helvia Ricina / Ricina","raw_text":"Lucio Decimio filio dulcissimo qui vixit annos XI menses II dies XXII Decimia Theodorete mater et Decimius Facilis avus","date_from":0,"date_to":0,"marker_gender":"mixed","is_individual":false,"edcs_url":"https://edcs.hist.uzh.ch/en/document?edcs-id=EDCS-17300365","persons":[{"nomen":"Decimius","gender":"male","raw_name":"L(ucio) Decimio filio dulcis simo qui vi xit an(nos) XI m(enses) II   d(ies) XXII","praenomen":"Lucius","status":"filio dulcissimo qui vixit annos XI menses II dies XXII"},{"nomen":"Decimia","gender":"female","raw_name":"Dec(imia) Theodor(e)te","cognomen":"Theodorete","status":"mater"},{"nomen":"Decimius","gender":"male","raw_name":"Dec(imius) Facilis","cognomen":"Facilis","status":"avus"}]}},{"type":"Feature","geometry":{"type":"Point","coordinates":[13.44,43.31]},"properties":{"edcs_id":"EDCS-17300366","findspot":"Helvia Recina / Helvia Ricina / Ricina","raw_text":"rpenniae Epicarini filius et filiae parenti","date_from":0,"date_to":0,"marker_gender":"male","is_individual":false,"edcs_url":"https://edcs.hist.uzh.ch/en/document?edcs-id=EDCS-17300366","persons":[{"nomen":"","gender":"male","raw_name":"Epicarini","cognomen":"Epicarinus","status":"filius et fili ae parent(i)"}]}},{"type":"Feature","geometry":{"type":"Point","coordinates":[13.44,43.31]},"properties":{"edcs_id":"EDCS-17300367","findspot":"Helvia Recina / Helvia Ricina / Ricina","raw_text":"Dis Manibus Flavia Secunda Fortunato coniugi bene merenti","date_from":0,"date_to":0,"marker_gender":"mixed","is_individual":false,"edcs_url":"https://edcs.hist.uzh.ch/en/document?edcs-id=EDCS-17300367","persons":[{"nomen":"Flavia","gender":"female","raw_name":"Flavia Secunda","cognomen":"Secunda"},{"nomen":"","gender":"male","raw_name":"Fortunato","cognomen":"Fortunatus","status":"coniugi bene merenti"}]}},{"type":"Feature","geometry":{"type":"Point","coordinates":[13.44,43.31]},"properties":{"edcs_id":"EDCS-17300369","findspot":"Helvia Recina / Helvia Ricina / Ricina","raw_text":"D(is) M(anibus) / Geneiae / Success(a)e / filiae dulcis/simae quae / vix(it) ann(os) XI die(s) / XXX / hoc pat(er) infelix / posuit pi(a)e nat(a)e me/rent(i) et mater simi/lem lac{h}rimis ti/tulum su(a)e pellici iun/xit quod filia patri / facere debuer(it) mors / i<m=N>matur(a) fec(it) ut face/ret pat(er) b(ene) m(erenti)","date_from":0,"date_to":0,"marker_gender":"female","is_individual":false,"edcs_url":"https://edcs.hist.uzh.ch/en/document?edcs-id=EDCS-17300369","persons":[{"nomen":"Geneia","gender":"female","raw_name":"Geneiae Success(a)e filiae dulcis simae quae   vix(it) annos XI die(s)   XXX hoc pat(er) infelix   posuit pi(a)e nat(a)e me rent(i) et mater simi lem lac{h}rimis ti tulum su(a)e pellici iun xit quod filia patri   facere debuer(it) mors   i<m=N>matur(a) fec(it) ut face ret pat(er) b(ene) m(erenti)","cognomen":"Successa","status":"filiae dulcissimae quae vix(it) annos XI dies XXX pi(a)e nat(a)e merent(i) et mater similem lacrimis titulum suae pellici iunxit quod filia patri facere debuerit mors immatura fecit ut faceret pater bene merenti"}]}},{"type":"Feature","geometry":{"type":"Point","coordinates":[13.44,43.31]},"properties":{"edcs_id":"EDCS-17300370","findspot":"Helvia Recina / Helvia Ricina / Ricina","raw_text":"Lusis/trate / fil(iae) ka/rissimae / T(itus) Simni/us Felix / et Tusidia / Gemella / b(ene) m(erenti)","date_from":0,"date_to":0,"marker_gender":"mixed","is_individual":false,"edcs_url":"https://edcs.hist.uzh.ch/en/document?edcs-id=EDCS-17300370","persons":[{"nomen":"","gender":"female","raw_name":"Lusis trate","cognomen":"Lusis","status":"filiae karissimae"},{"nomen":"Simnius","gender":"male","raw_name":"T(itus) Simni us Felix","praenomen":"Titus","cognomen":"Felix"},{"nomen":"Tusidia","gender":"female","raw_name":"Tusidia Gemella","cognomen":"Gemella"}]}},{"type":"Feature","geometry":{"type":"Point","coordinates":[13.44,43.31]},"properties":{"edcs_id":"EDCS-17300371","findspot":"Helvia Recina / Helvia Ricina / Ricina","raw_text":"Dis Manibus Magiae Vitali Verginius carissimae","date_from":0,"date_to":0,"marker_gender":"mixed","is_individual":false,"edcs_url":"https://edcs.hist.uzh.ch/en/document?edcs-id=EDCS-17300371","persons":[{"nomen":"Magia","gender":"female","raw_name":"Magiae Vitali","cognomen":"Vitalis"},{"nomen":"Verginius","gender":"male","raw_name":"Verginius carissimae","cognomen":"Vitalis","status":"carissimae"}]}},{"type":"Feature","geometry":{"type":"Point","coordinates":[13.44,43.31]},"properties":{"edcs_id":"EDCS-17300372","findspot":"Helvia Recina / Helvia Ricina / Ricina","raw_text":"] / P(ublius) No[3] / Nonia [3] / C(aio) Baebio [3] / M(arcus) Mura[3] / M(arcus) Mura[","date_from":0,"date_to":0,"marker_gender":"mixed","is_individual":false,"edcs_url":"https://edcs.hist.uzh.ch/en/document?edcs-id=EDCS-17300372","persons":[{"nomen":"","gender":"male","raw_name":"P(ublius) No[3]","praenomen":"Publius"},{"nomen":"Nonia","gender":"female","raw_name":"Nonia"},{"nomen":"Baebius","gender":"male","raw_name":"C(aio) Baebio","praenomen":"Gaius"},{"nomen":"Mura","gender":"male","raw_name":"M. Mura[3]","praenomen":"Marcus"},{"nomen":"Mura","gender":"male","raw_name":"M. Mura","praenomen":"Marcus"}]}},{"type":"Feature","geometry":{"type":"Point","coordinates":[13.44,43.31]},"properties":{"edcs_id":"EDCS-17300373","findspot":"Helvia Recina / Helvia Ricina / Ricina","raw_text":"Marcus Numicius Luci filius Velina","date_from":0,"date_to":0,"marker_gender":"male","is_individual":false,"edcs_url":"https://edcs.hist.uzh.ch/en/document?edcs-id=EDCS-17300373","persons":[{"nomen":"Numicius","gender":"male","raw_name":"L(uci) f(ilius) Vel(ina)","praenomen":"Marcus","status":"L(uci) f(ilius), tribus: Velina"}]}},{"type":"Feature","geometry":{"type":"Point","coordinates":[13.44,43.31]},"properties":{"edcs_id":"EDCS-17300374","findspot":"Helvia Recina / Helvia Ricina / Ricina","raw_text":"D(is) M(anibus) / Octaviae / Primitiv/ae qu(a)e vixit / annis XXII / mens(ibus) XI / diebus / XXVII {Aene} / Aeneas co(n)iu/gi bene me/renti","date_from":0,"date_to":0,"marker_gender":"mixed","is_individual":false,"edcs_url":"https://edcs.hist.uzh.ch/en/document?edcs-id=EDCS-17300374","persons":[{"nomen":"Octavia","gender":"female","raw_name":"Octaviae Primitiv ae qu(a)e vixit   annis XXII   mens(ibus) XI   diebus   XXVII","cognomen":"Primitiva","status":"quae vixit annis XXII mensibus XI diebus XXVII"},{"nomen":"","gender":"male","raw_name":"Aeneas co(n)iu gi bene me renti","cognomen":"Aeneas","status":"coniugi bene merenti"}]}},{"type":"Feature","geometry":{"type":"Point","coordinates":[13.44,43.31]},"properties":{"edcs_id":"EDCS-17300375","findspot":"Helvia Recina / Helvia Ricina / Ricina","raw_text":"Dis Manibus Quinto Petrusidio Ianuario Sapsa Mirtale coniugi cum quo vixit annis XXI Petrusidius Secundus patri bene merenti","date_from":0,"date_to":0,"marker_gender":"mixed","is_individual":false,"edcs_url":"https://edcs.hist.uzh.ch/en/document?edcs-id=EDCS-17300375","persons":[{"nomen":"Petrusidius","gender":"male","raw_name":"Q. Petrusid(io) Ianuario Sapsa","praenomen":"Quintus","cognomen":"Ianuarius Sapsa","status":"XXI"},{"nomen":"","gender":"female","raw_name":"Mirtale","cognomen":"Mirtale","status":"coniugi cum quo vixit annis"},{"nomen":"Petrusidius","gender":"male","raw_name":"Petrusidius Secundus","cognomen":"Secundus","status":"patri bene merenti"}]}},{"type":"Feature","geometry":{"type":"Point","coordinates":[13.44,43.31]},"properties":{"edcs_id":"EDCS-17300376","findspot":"Helvia Recina / Helvia Ricina / Ricina","raw_text":"Dis Manibus Petrusidiae Cervillae Publicius Sabinus coniugi bene merenti posuit","date_from":0,"date_to":0,"marker_gender":"mixed","is_individual":false,"edcs_url":"https://edcs.hist.uzh.ch/en/document?edcs-id=EDCS-17300376","persons":[{"nomen":"Petrusidia","gender":"female","raw_name":"Petrusidiae Cervillae","cognomen":"Cervilla"},{"nomen":"Publicius","gender":"male","raw_name":"Publi<c=T>ius Sabinus","cognomen":"Sabinus","status":"coniugi bene merenti posuit"}]}},{"type":"Feature","geometry":{"type":"Point","coordinates":[13.44,43.31]},"properties":{"edcs_id":"EDCS-17300377","findspot":"Helvia Recina / Helvia Ricina / Ricina","raw_text":"Dis Manibus Sexto Quintilio Praxiteli filio dulcissimo Sextus Quintilius Primitivus","date_from":0,"date_to":0,"marker_gender":"male","is_individual":false,"edcs_url":"https://edcs.hist.uzh.ch/en/document?edcs-id=EDCS-17300377","persons":[{"nomen":"Quintilius","gender":"male","raw_name":"Sexto Quintilio Praxiteli filio","praenomen":"Sextus","cognomen":"Praxiteles","status":"filio dulcissimo"},{"nomen":"Quintilius","gender":"male","raw_name":"Sextus Quintilius Primitiv(u)s","praenomen":"Sextus","cognomen":"Primitivus"}]}},{"type":"Feature","geometry":{"type":"Point","coordinates":[13.44,43.31]},"properties":{"edcs_id":"EDCS-17300378","findspot":"Helvia Recina / Helvia Ricina / Ricina","raw_text":"D(is) M(anibus) / M(arco) Tedio / Sabino / Decimia / Sabina co(n)i(ugi) / inco//<m=N>//parab(ili) / c(um) q(uo) v(ixit) a(nnos) XXX / b(ene) m(erenti)","date_from":0,"date_to":0,"marker_gender":"mixed","is_individual":false,"edcs_url":"https://edcs.hist.uzh.ch/en/document?edcs-id=EDCS-17300378","persons":[{"nomen":"Tedius","gender":"male","raw_name":"M. Tedio Sabino","praenomen":"Marcus","cognomen":"Sabinus"},{"nomen":"Decimia","gender":"female","raw_name":"Decimia Sabina co(n)i(ugi inco  <m=N>  parab(ili) c(um) q(uo) v(ixit) a(nnos) XXX","cognomen":"Sabina","status":"coniugi incomparabili cum quo vixit annos XXX bene merenti"}]}},{"type":"Feature","geometry":{"type":"Point","coordinates":[13.44,43.31]},"properties":{"edcs_id":"EDCS-17300379","findspot":"Helvia Recina / Helvia Ricina / Ricina","raw_text":"L(ucius) Tusidius / Campester / restituit","date_from":0,"date_to":0,"marker_gender":"male","is_individual":false,"edcs_url":"https://edcs.hist.uzh.ch/en/document?edcs-id=EDCS-17300379","persons":[{"nomen":"Tusidius","gender":"male","raw_name":"L. Tusidius Campester","praenomen":"Lucius","cognomen":"Campester","status":"restituit"}]}},{"type":"Feature","geometry":{"type":"Point","coordinates":[13.44,43.31]},"properties":{"edcs_id":"EDCS-17300380","findspot":"Helvia Recina / Helvia Ricina / Ricina","raw_text":"Lucius Tusidius Faventinus et Vettia Rufina Tusidio Iucundo filio dulcissimo bene merenti","date_from":0,"date_to":0,"marker_gender":"mixed","is_individual":false,"edcs_url":"https://edcs.hist.uzh.ch/en/document?edcs-id=EDCS-17300380","persons":[{"nomen":"Tusidius","gender":"male","raw_name":"L. Tusidius Faventinus","praenomen":"Lucius","cognomen":"Faventinus"},{"nomen":"Tusidius","gender":"male","raw_name":"Tusidio Iucundo","cognomen":"Iucundus","status":"filio dulcissimo, bene merenti"},{"nomen":"","gender":"female","raw_name":"Vet[ti]a Rufina","cognomen":"Rufina","status":"et"}]}},{"type":"Feature","geometry":{"type":"Point","coordinates":[13.44,43.31]},"properties":{"edcs_id":"EDCS-17300381","findspot":"Helvia Recina / Helvia Ricina / Ricina","raw_text":"[D(is) M(anibus)] / [Vet]ti / Ianuari / Vettius / Ianuari/us et / Veiena Ty/che fil(io) / piissimo","date_from":0,"date_to":0,"marker_gender":"mixed","is_individual":false,"edcs_url":"https://edcs.hist.uzh.ch/en/document?edcs-id=EDCS-17300381","persons":[{"nomen":"Vettius","gender":"male","raw_name":"Vetti Ianuari Vettius Ianuari us","cognomen":"Ianuarius"},{"nomen":"","gender":"female","raw_name":"Veiena Ty che","cognomen":"Tyche","status":"et Veiena, filio piissimo","is_deity":true,"cluster_confidence":"excluded"}]}},{"type":"Feature","geometry":{"type":"Point","coordinates":[13.44,43.31]},"properties":{"edcs_id":"EDCS-17300382","findspot":"Helvia Recina / Helvia Ricina / Ricina","raw_text":"Pet(ro) Vetti[e]nus P(ubli) f(ilius) Vel(ina) / Ce[le]rio","date_from":0,"date_to":0,"marker_gender":"male","is_individual":false,"edcs_url":"https://edcs.hist.uzh.ch/en/document?edcs-id=EDCS-17300382","persons":[{"nomen":"Petronius","gender":"male","raw_name":"Petro Vetti[e]nus P. f. Vel. Ce[le]rio","cognomen":"Celerius","status":"P. filius, tribus: Velina"}]}},{"type":"Feature","geometry":{"type":"Point","coordinates":[13.5,43.27]},"properties":{"edcs_id":"EDCS-17300392","findspot":"San Claudio / San Claudio al Chienti / Pausulae","raw_text":"Dis Manibus Marci Antoni Marci filii Earini et Genio eius Antonia Terpsicore et Carinus parentes miserrimi filio piissimo","date_from":0,"date_to":0,"marker_gender":"mixed","is_individual":false,"edcs_url":"https://edcs.hist.uzh.ch/en/document?edcs-id=EDCS-17300392","persons":[{"nomen":"Antonius","gender":"male","raw_name":"M. Antoni M. f. Earini","praenomen":"Marcus","cognomen":"Earinus","status":"Marci filius"},{"nomen":"Antonia","gender":"female","raw_name":"Antonia Ter psicore","cognomen":"Terpsicore"},{"nomen":"","gender":"male","raw_name":"Carinus","cognomen":"Carinus","status":"paren(tes)"}]}},{"type":"Feature","geometry":{"type":"Point","coordinates":[13.5,43.27]},"properties":{"edcs_id":"EDCS-17300393","findspot":"San Claudio / San Claudio al Chienti / Pausulae","raw_text":"Q(uinto) Attio / Q(uinti) f(ilio) Vel(ina) / Rufo // Q(uinto) [3] / S[3] // P(ublius) A[ttius 3] / ex testam[ento 3]","date_from":0,"date_to":0,"marker_gender":"male","is_individual":false,"edcs_url":"https://edcs.hist.uzh.ch/en/document?edcs-id=EDCS-17300393","persons":[{"nomen":"Attius","gender":"male","raw_name":"Q. Attio Q. f. Vel. Rufo","praenomen":"Quintus","cognomen":"Rufus","status":"Quinti filius, tribus: Velina"},{"nomen":"Attius","gender":"male","raw_name":"P. A[ttius 3]","praenomen":"Publius"}]}},{"type":"Feature","geometry":{"type":"Point","coordinates":[13.5,43.27]},"properties":{"edcs_id":"EDCS-17300394","findspot":"San Claudio / San Claudio al Chienti / Pausulae","raw_text":"Mem(oriae) / C(ai) Fadeni Se/cundini qui / vix(it) an(nos) XXXVI / Fadenus Epic/tetus fratri / pientiss(imo)","date_from":0,"date_to":0,"marker_gender":"male","is_individual":false,"edcs_url":"https://edcs.hist.uzh.ch/en/document?edcs-id=EDCS-17300394","persons":[{"nomen":"Fadenus","gender":"male","raw_name":"C. Fadeni Secundini","praenomen":"Gaius","cognomen":"Secundinus"},{"nomen":"Fadenus","gender":"male","raw_name":"Fadenus Epic tetus","cognomen":"Epictetus","status":"fratri pientissimo"}]}},{"type":"Feature","geometry":{"type":"Point","coordinates":[13.5,43.27]},"properties":{"edcs_id":"EDCS-17300395","findspot":"San Claudio / San Claudio al Chienti / Pausulae","raw_text":"D(is) M(anibus) / Flaviae / Probae / parent(es) / et maritus / eius","date_from":0,"date_to":0,"marker_gender":"female","is_individual":false,"edcs_url":"https://edcs.hist.uzh.ch/en/document?edcs-id=EDCS-17300395","persons":[{"nomen":"Flavia","gender":"female","raw_name":"Flaviae Probae","cognomen":"Proba","status":"parentes et maritus eius"}]}},{"type":"Feature","geometry":{"type":"Point","coordinates":[13.5,43.27]},"properties":{"edcs_id":"EDCS-17300396","findspot":"San Claudio / San Claudio al Chienti / Pausulae","raw_text":"Helviae Cai libertae Nymphe vixit annos XXII Quintus Helvius Suavis pater","date_from":0,"date_to":0,"marker_gender":"mixed","is_individual":false,"edcs_url":"https://edcs.hist.uzh.ch/en/document?edcs-id=EDCS-17300396","persons":[{"nomen":"Helvia","gender":"female","raw_name":"Helviae C. l. Nymphe","cognomen":"Nymphe","status":"C. libertae"},{"nomen":"Helvius","gender":"male","raw_name":"Q. Helvius Suavis","praenomen":"Quintus","cognomen":"Suavis","status":"pater"}]}},{"type":"Feature","geometry":{"type":"Point","coordinates":[13.5,43.27]},"properties":{"edcs_id":"EDCS-17300397","findspot":"San Claudio / San Claudio al Chienti / Pausulae","raw_text":"T(itus) Pontilius [3] / Vel(ina) Venal[3] / con[","date_from":0,"date_to":0,"marker_gender":"male","is_individual":false,"edcs_url":"https://edcs.hist.uzh.ch/en/document?edcs-id=EDCS-17300397","persons":[{"nomen":"Pontilius","gender":"male","raw_name":"T. Pontilius [3] Vel. Venal[3]","praenomen":"Titus","status":"tribus: Velina"}]}},{"type":"Feature","geometry":{"type":"Point","coordinates":[13.5,43.27]},"properties":{"edcs_id":"EDCS-17300398","findspot":"San Claudio / San Claudio al Chienti / Pausulae","raw_text":"Dis Manibus Publi Vetti Modesti vixit annis XI mensibus X diebus XIII Vettius Modestus et Memmia Rhodine filio karissimo","date_from":0,"date_to":0,"marker_gender":"mixed","is_individual":false,"edcs_url":"https://edcs.hist.uzh.ch/en/document?edcs-id=EDCS-17300398","persons":[{"nomen":"Vettius","gender":"male","raw_name":"P. Vetti M. Modesti","praenomen":"Publius","cognomen":"Modestus","cluster_id":802,"cluster_size":2},{"nomen":"Vettius","gender":"male","raw_name":"Vettius Modestus","cognomen":"Modestus","status":"filio karissimo","cluster_id":802,"cluster_size":2},{"nomen":"Memmia","gender":"female","raw_name":"Memmia Rhodine","cognomen":"Rhodine","status":"filio karissimo"}]}},{"type":"Feature","geometry":{"type":"Point","coordinates":[13.5,43.27]},"properties":{"edcs_id":"EDCS-17300399","findspot":"San Claudio / San Claudio al Chienti / Pausulae","raw_text":"Volcaciae M(arci) l(ibertae) / Potestati / M(arcus) Volcacius Primio / [e]t M(arcus) Volcacius / Donatus / liberti posuere / et herede[s] et / Volcacia Nymphe l(iberta)","date_from":0,"date_to":0,"marker_gender":"mixed","is_individual":false,"edcs_url":"https://edcs.hist.uzh.ch/en/document?edcs-id=EDCS-17300399","persons":[{"nomen":"Volcacia","gender":"female","raw_name":"Volcaciae M. l. Potestati","cognomen":"Potestas","status":"Marci libertae"},{"nomen":"Volcacius","gender":"male","raw_name":"M. Volcacius Primio","praenomen":"Marcus","cognomen":"Primio"},{"nomen":"Volcacius","gender":"male","raw_name":"M. Volcacius Donatus","praenomen":"Marcus","cognomen":"Donatus"},{"nomen":"Volcacia","gender":"female","raw_name":"Volcacia Nymphe l.","cognomen":"Nymphe","status":"liberta"}]}},{"type":"Feature","geometry":{"type":"Point","coordinates":[13.73,43.3]},"properties":{"edcs_id":"EDCS-17300401","findspot":"Civitanova Marche / Porto Civitanova / Cluana","raw_text":"Maxima Nasia Cnaei filia Apollini dat","date_from":0,"date_to":0,"marker_gender":"female","is_individual":false,"edcs_url":"https://edcs.hist.uzh.ch/en/document?edcs-id=EDCS-17300401","persons":[{"nomen":"Nasia","gender":"female","raw_name":"Maxima Nasia Cn(aei) f(ilia) Apol(l)ini","cognomen":"Maxima Apollini","status":"Cn(aei) filia"}]}},{"type":"Feature","geometry":{"type":"Point","coordinates":[13.73,43.3]},"properties":{"edcs_id":"EDCS-17300402","findspot":"Civitanova Marche / Porto Civitanova / Cluana","raw_text":"]rior() vici Cluentensis vetustate dilapsum / [3]us Rufinus et Iustus impendio suo recuraverunt","date_from":0,"date_to":0,"marker_gender":"male","is_individual":false,"edcs_url":"https://edcs.hist.uzh.ch/en/document?edcs-id=EDCS-17300402","persons":[{"nomen":"","gender":"male","raw_name":"Rufinus","cognomen":"Rufinus"},{"nomen":"","gender":"male","raw_name":"Iustus","cognomen":"Iustus"}]}},{"type":"Feature","geometry":{"type":"Point","coordinates":[13.73,43.3]},"properties":{"edcs_id":"EDCS-17300403","findspot":"Civitanova Marche / Porto Civitanova / Cluana","raw_text":"D(is) M(anibus) / M(arco) Acutio PP(ubliorum) f(ilio) / Acutiano eq(uiti) R(omano) Laur(enti) / Lavin(atium) q(ui) vixit ann(is) XXX / me(n)s(ibus) VI dieb(us) XXV / La(e)cania Martina / coniugi carissimo et pio [c]um fili(i)s cohered(ibus) suis / ex testamento {a}eius / ben{a}e merenti posuerunt","date_from":0,"date_to":0,"marker_gender":"mixed","is_individual":false,"edcs_url":"https://edcs.hist.uzh.ch/en/document?edcs-id=EDCS-17300403","persons":[{"nomen":"Acutius","gender":"male","raw_name":"M. Acutio PP. f. Acutiano eq. R. Laur. Lavin. q. vixit ann. XXX me. VI dieb. XXV","praenomen":"Marcus","cognomen":"Acutianus","status":"Publiorum filio, equiti Romano, Laurenti Lavinati, vixit annis XXX mensibus VI diebus XXV"},{"nomen":"Laecania","gender":"female","raw_name":"Laecania Martina","cognomen":"Martina","status":"coniugi carissimo et pio cum filiis coheredibus suis ex testamento eius bene merenti"}]}},{"type":"Feature","geometry":{"type":"Point","coordinates":[13.73,43.3]},"properties":{"edcs_id":"EDCS-17300404","findspot":"Civitanova Marche / Porto Civitanova / Cluana","raw_text":"Caius Sentidius Saturninus hic mihi hoc posuit mors mea quoi doluit","date_from":0,"date_to":0,"marker_gender":"male","is_individual":false,"edcs_url":"https://edcs.hist.uzh.ch/en/document?edcs-id=EDCS-17300404","persons":[{"nomen":"Sentidius","gender":"male","raw_name":"C. Sentidius Saturninus","praenomen":"Gaius","cognomen":"Saturninus"}]}},{"type":"Feature","geometry":{"type":"Point","coordinates":[13.66,43.44]},"properties":{"edcs_id":"EDCS-17300406","findspot":"Porto Recanati / Potentia","raw_text":"C(aius) Lucilius C(ai) f(ilius) Vel(ina) Vindex miles c(o)hor(tis) VI / praet(oriae) vixit ann(is) XXX militavit annis XII principalis / beneficiarius tribuni deinde optio in centuria / hoc testamento fieri iussit honoris pietatisque / [causa e]t C(aio) Lucilio Secundo patri et Lore/[3]ti matri et / [3]e aviae ex HS II(milia) praelegatis / [","date_from":0,"date_to":0,"marker_gender":"mixed","is_individual":false,"edcs_url":"https://edcs.hist.uzh.ch/en/document?edcs-id=EDCS-17300406","persons":[{"nomen":"Lucilius","gender":"male","raw_name":"C. Lucilius C. f. Vel. Vindex","praenomen":"Caius","cognomen":"Vindex","status":"Cai filius, tribus: Velina, miles cohortis VI praetoriae, principalis, beneficiarius tribuni, deinde optio in centuria"},{"nomen":"Lucilius","gender":"male","raw_name":"C. Lucilio Secundo","praenomen":"Caius","cognomen":"Secundus","status":"patri"},{"nomen":"","gender":"female","raw_name":"Lore[3]ti","cognomen":"Loreti","status":"matri"}]}},{"type":"Feature","geometry":{"type":"Point","coordinates":[13.66,43.44]},"properties":{"edcs_id":"EDCS-17300407","findspot":"Porto Recanati / Potentia","raw_text":"[Dis Manibus] memoriaeque / [3 V]el(ina) Quieti / [3] f(ilius) Vel(ina) Quietus pater / [et 3 mat]er filio karissimo / [fecer]unt l(ocus) d(atus) d(ecreto) d(ecurionum) Pot(entiae)","date_from":0,"date_to":0,"marker_gender":"male","is_individual":false,"edcs_url":"https://edcs.hist.uzh.ch/en/document?edcs-id=EDCS-17300407","persons":[{"nomen":"","gender":"male","raw_name":"[3] V. f. Vel. Quietus","cognomen":"Quietus","status":"filius, tribus: Velina, pater"}]}},{"type":"Feature","geometry":{"type":"Point","coordinates":[13.66,43.44]},"properties":{"edcs_id":"EDCS-17300409","findspot":"Porto Recanati / Potentia","raw_text":"Caio Iulio Candido et Viriae Luci filiae Marcellae uxori eius Marcus Iuventius Paulinus cognato fecit","date_from":0,"date_to":0,"marker_gender":"mixed","is_individual":false,"edcs_url":"https://edcs.hist.uzh.ch/en/document?edcs-id=EDCS-17300409","persons":[{"nomen":"Iulius","gender":"male","raw_name":"C. Iulio Candido","praenomen":"Caius","cognomen":"Candidus"},{"nomen":"Viria","gender":"female","raw_name":"Viriae L. [f.] Marcellae","cognomen":"Marcellae","status":"L. filia, uxori eius"},{"nomen":"Iuventius","gender":"male","raw_name":"M. Iuventius Paulinus","praenomen":"Marcus","cognomen":"Paulinus","status":"cognato"}]}},{"type":"Feature","geometry":{"type":"Point","coordinates":[13.66,43.44]},"properties":{"edcs_id":"EDCS-17300410","findspot":"Porto Recanati / Potentia","raw_text":"Vettiena Cervia T(ito) Annio Expectato / filio pientissimo carui an(n)orum XVI m(en)/s(ium) VI d(ierum) VII quod fas non fuit mon<u=I>mentu/m feci quod inire fas o superos et i(n)fer/os quisquis hui(c) iugero loci et (a)edic(ulae) / iniuriam fecerit tales dies ex/sigat quales ego III pr(idie) Nonas Iuni/as d(olus) m(alus) a(besto)","date_from":0,"date_to":0,"marker_gender":"female","is_individual":false,"edcs_url":"https://edcs.hist.uzh.ch/en/document?edcs-id=EDCS-17300410","persons":[{"nomen":"Vettiena","gender":"female","raw_name":"Vettiena Cervia T. Annio Expectato","cognomen":"Cervia","status":"T. Annio Expectato filio pientissimo"}]}},{"type":"Feature","geometry":{"type":"Point","coordinates":[13.38,43.2]},"properties":{"edcs_id":"EDCS-17300412","findspot":"Montefano","raw_text":"C(aius) Fufius G[eminu]s VIIvir / epul(onum) q(uaestor) Ti(beri) C[aesar(is)] Augusti / trib(unus) pl(ebis) des[ignat(us)] patr(onus) col(oniae)","date_from":0,"date_to":0,"marker_gender":"male","is_individual":false,"edcs_url":"https://edcs.hist.uzh.ch/en/document?edcs-id=EDCS-17300412","persons":[{"nomen":"Fufius","gender":"male","raw_name":"Caius Fufius G[eminu]s","praenomen":"Caius","cognomen":"Geminius","status":"viiuir epulonum, quaestor Tiberi Caesaris Augusti, tribunus plebis designatus, patronus coloniae"}]}},{"type":"Feature","geometry":{"type":"Point","coordinates":[13.38,43.2]},"properties":{"edcs_id":"EDCS-17300414","findspot":"Montefano","raw_text":"Dis Manibus Moschidi Primigenius contubernali et Caius Cusinius Cyphaerus bene merenti","date_from":0,"date_to":0,"marker_gender":"male","is_individual":false,"edcs_url":"https://edcs.hist.uzh.ch/en/document?edcs-id=EDCS-17300414","persons":[{"nomen":"","gender":"male","raw_name":"Moschidi","cognomen":"Moschidus","status":"contubernalis"},{"nomen":"Cusinius","gender":"male","raw_name":"C. Cusinius Cyphaerus","praenomen":"Caius","cognomen":"Cyphaerus","status":"bene merenti"}]}},{"type":"Feature","geometry":{"type":"Point","coordinates":[13.38,43.2]},"properties":{"edcs_id":"EDCS-17300415","findspot":"Montefano","raw_text":"rbis ntiphlar atri atri Stephanioni patrono bene merenti","date_from":0,"date_to":0,"marker_gender":"male","is_individual":false,"edcs_url":"https://edcs.hist.uzh.ch/en/document?edcs-id=EDCS-17300415","persons":[{"nomen":"","gender":"unknown","raw_name":"Antiphlar[3]","cognomen":"Antiphlar"},{"nomen":"","gender":"male","raw_name":"Stephanioni","cognomen":"Stephanio","status":"patrono bene merenti"}]}},{"type":"Feature","geometry":{"type":"Point","coordinates":[13.38,43.2]},"properties":{"edcs_id":"EDCS-17300416","findspot":"Montefano","raw_text":"Quinti Veturi Titi liberti Athamanie Aristhomace salve","date_from":0,"date_to":0,"marker_gender":"mixed","is_individual":false,"edcs_url":"https://edcs.hist.uzh.ch/en/document?edcs-id=EDCS-17300416","persons":[{"nomen":"Veturtius","gender":"male","raw_name":"Q. Veturi T. l. Athamanie","praenomen":"Quintus","cognomen":"Athamanis","status":"Titi libertus"},{"nomen":"","gender":"female","raw_name":"Aristhomace","cognomen":"Aristhomace"}]}},{"type":"Feature","geometry":{"type":"Point","coordinates":[13.38,43.2]},"properties":{"edcs_id":"EDCS-17300417","findspot":"Montefano","raw_text":"Publi filio Velina Patr","date_from":0,"date_to":0,"marker_gender":"male","is_individual":false,"edcs_url":"https://edcs.hist.uzh.ch/en/document?edcs-id=EDCS-17300417","persons":[{"nomen":"","gender":"male","raw_name":"P. [f(ilio)] Vel(ina) Patr[","cognomen":"Patric","status":"Publi filio, Velina"}]}},{"type":"Feature","geometry":{"type":"Point","coordinates":[13.38,43.2]},"properties":{"edcs_id":"EDCS-17300419","findspot":"Montefano","raw_text":"Vereg","date_from":0,"date_to":0,"marker_gender":"unknown","is_individual":false,"edcs_url":"https://edcs.hist.uzh.ch/en/document?edcs-id=EDCS-17300419","persons":[{"nomen":"","gender":"unknown","raw_name":"Vereg[","cognomen":"Vereg"}]}},{"type":"Feature","geometry":{"type":"Point","coordinates":[13.48,43.49]},"properties":{"edcs_id":"EDCS-17300420","findspot":"Osimo / Auximum","raw_text":"Aesculapio et Hygiae / sacrum / C(aius) Oppius C(ai) l(ibertus) Leonas / VIvir et Aug(ustalis) / honoratus in tribu / Cl(audia) patrum et liberum / clientium et adcensus / patroni sanctissimis / communicipibus suis d(onum) d(edit) / quorum dedicatione / singulis decurionibus / |(denarios) III Augustalibus |(denarios) II et / colonis cenam dedit / l(ocus) d(atus) d(ecreto) d(ecurionum) // Dedicati(o) Idib(us) Ianuar(iis) Plautio Quintil<l=I>o et / Statio Prisco co(n)s(ulibus)","date_from":0,"date_to":0,"marker_gender":"male","is_individual":false,"edcs_url":"https://edcs.hist.uzh.ch/en/document?edcs-id=EDCS-17300420","persons":[{"nomen":"","gender":"male","raw_name":"C. Oppius C. l. Leonas","cognomen":"Leonas","status":"libertus Cai, VIvir et Augustalis, honoratus in tribu Claudia patrum et liberum clientium et adcensus patroni sanctissimis municipibus suis"}]}},{"type":"Feature","geometry":{"type":"Point","coordinates":[13.48,43.49]},"properties":{"edcs_id":"EDCS-17300421","findspot":"Osimo / Auximum","raw_text":"Iovi / Soli / Serapi // Διὶ / Ἡλίωι / Σεράπιδι // C(aius) Oppius / Irenion / v(otum) s(olvit) / l(ibens) m(erito)","date_from":0,"date_to":0,"marker_gender":"male","is_individual":false,"edcs_url":"https://edcs.hist.uzh.ch/en/document?edcs-id=EDCS-17300421","persons":[{"nomen":"","gender":"male","raw_name":"C. Oppius Irenion","cognomen":"Irenion","status":"votum solvit libens merito"}]}},{"type":"Feature","geometry":{"type":"Point","coordinates":[13.48,43.49]},"properties":{"edcs_id":"EDCS-17300423","findspot":"Osimo / Auximum","raw_text":"Imp(eratori) Caesari / M(arco) Aurelio Antonino / Aug(usto) pontifici max(imo) / trib(unicia) pot(estate) XVII co(n)s(uli) III / divi Antonini Pii fil(io) / divi Hadriani nepot(i) / divi Traiani Parthici / pron(epoti) divi Nervae abn(epoti) / Auximates publice","date_from":0,"date_to":0,"marker_gender":"male","is_individual":false,"edcs_url":"https://edcs.hist.uzh.ch/en/document?edcs-id=EDCS-17300423","persons":[{"nomen":"Aurelius","gender":"male","raw_name":"Imp. Caes. M. Aurelio Antonino Aug.","praenomen":"Marcus","cognomen":"Antoninus","status":"Imperator Caesar, Augustus, pontifex maximus, tribunicia potestate XVII, consul III, divi Antonini Pii filius, divi Hadriani nepos, divi Traiani Parthici pronepos, divi Nervae abnepos","is_imperial":true}]}},{"type":"Feature","geometry":{"type":"Point","coordinates":[13.48,43.49]},"properties":{"edcs_id":"EDCS-17300424","findspot":"Osimo / Auximum","raw_text":"Imp(eratori) Caesari / L(ucio) Aurelio Vero Aug(usto) / trib(unicia) pot(estate) III co(n)s(uli) II / divi Antonini Pii fil(io) / divi Hadriani nep(oti) / divi Traiani Parth(ici) / pron(epoti) divi Nervae abn(epoti) / Auximates publice","date_from":0,"date_to":0,"marker_gender":"male","is_individual":false,"edcs_url":"https://edcs.hist.uzh.ch/en/document?edcs-id=EDCS-17300424","persons":[{"nomen":"Aurelius","gender":"male","raw_name":"Imp. Caes. L. Aurelio Vero Aug.","praenomen":"Lucius","cognomen":"Verus","status":"Imperator Caesar, Augustus, tribunicia potestate III, consul II, divi Antonini Pii filius, divi Hadriani nepos, divi Traiani Parthici pronepos, divi Nervae abnepos","is_imperial":true}]}},{"type":"Feature","geometry":{"type":"Point","coordinates":[13.48,43.49]},"properties":{"edcs_id":"EDCS-17300425","findspot":"Osimo / Auximum","raw_text":"L(ucio) Aurelio / Marciano Aug(usti) / lib(erto) exceptori / Auximates / d(ecreto) d(ecurionum) / Marcus Aug(usti) lib(ertus) / proc(urator) pater / h(onore) a(ccepto) i(mpensam) remisit / cuius dedicatione de/curionibus |(denarios) III colonis |(denarios) II / divisit","date_from":0,"date_to":0,"marker_gender":"male","is_individual":false,"edcs_url":"https://edcs.hist.uzh.ch/en/document?edcs-id=EDCS-17300425","persons":[{"nomen":"Aurelius","gender":"male","raw_name":"L. Aurelio Marciano Aug. lib. exceptori","cognomen":"Marcianus","status":"Augusti libertus, exceptor, Auximates de decreto decurionum"},{"nomen":"","gender":"male","raw_name":"Marcus Aug. lib. proc.","cognomen":"Marcus","status":"Augusti libertus, procurator, pater"}]}},{"type":"Feature","geometry":{"type":"Point","coordinates":[13.48,43.49]},"properties":{"edcs_id":"EDCS-17300427","findspot":"Osimo / Auximum","raw_text":"C(aio) Iulio C(ai) f(ilio) Vel(ina) Oppio / Clementi / Xvir(o) stlitib(us) iudic(andis) / trib(uno) laticl(avio) leg(ionis) IIII Fl(aviae) Fel(icis) / quaestor(i) provinc(iae) / Baeticae / trib(uno) plebis candidat(o) / Imp(eratoris) Antonini Aug(usti) / praetori candidato / eiusdem / patrono coloniae / coloni","date_from":0,"date_to":0,"marker_gender":"male","is_individual":false,"edcs_url":"https://edcs.hist.uzh.ch/en/document?edcs-id=EDCS-17300427","persons":[{"nomen":"Iulius","gender":"male","raw_name":"C. Iulio C. f. Vel. Oppio Clementi","praenomen":"Caius","cognomen":"Oppius Clemens","status":"Xviri stlitibus iudicandis, tribuno laticlavio legionis IIII Flaviae Felicis, quaestori provinciae Baeticae, tribuno plebis candidatus Imperatoris Antonini Aug(usti), praetori candidato eiusdem, patrono coloniae"}]}},{"type":"Feature","geometry":{"type":"Point","coordinates":[13.48,43.49]},"properties":{"edcs_id":"EDCS-17300428","findspot":"Osimo / Auximum","raw_text":"M(arco) Oppio Capitoni / Q(uinto) Tamudio Q(uinti) fil(io) / T(iti) n(epoti) T(iti) pr(o)n(epoti) Vel(ina) Milasio / Aninio Severo / equo publ(ico) iudici select(o) / ex V decur(iis) praef(ecto) fabr(um) pont(ifici) / q(uin)q(uennali) II q(uaestori) IIII p(atrono) c(oloniae) et p(atrono) c(oloniae) Aesis / et muni(cipii) Numanat(ium) idem / quinq(uennali) / coloni ob merita eius / in cuius dedic(ationem) cenam col(onis) ded(it) / l(ocus) d(atus) d(ecreto) d(ecurionum)","date_from":0,"date_to":0,"marker_gender":"male","is_individual":false,"edcs_url":"https://edcs.hist.uzh.ch/en/document?edcs-id=EDCS-17300428","persons":[{"nomen":"Oppius","gender":"male","raw_name":"M. Oppio Capitoni","praenomen":"Marcus","cognomen":"Capito","cluster_id":829,"cluster_size":2},{"nomen":"Tamudius","gender":"male","raw_name":"Q. Tamudio Q. fil. T. nep. T. pron. Vel. Milasio","praenomen":"Quintus","cognomen":"Milasius","status":"Quinti filio, Titi nepoti, Titi pron(epoti), tribus: Velina, equo publico, iudici selecto, ex V decuriis, praefecto fabrum, pontifici, quinquennali II, quaestori IIII, patrono coloniae et patrono coloniae Aesis et municipii Numanatium, idem quinquennali"},{"nomen":"Aninius","gender":"male","raw_name":"Aninio Severo","cognomen":"Severus","status":"equo publico, iudici selecto, ex V decuriis, praefecto fabrum, pontifici, quinquennali II, quaestori IIII, patrono coloniae et patrono coloniae Aesis et municipii Numanatium, idem quinquennali","cluster_id":831,"cluster_size":2}]}},{"type":"Feature","geometry":{"type":"Point","coordinates":[13.48,43.49]},"properties":{"edcs_id":"EDCS-17300429","findspot":"Osimo / Auximum","raw_text":"M(arco) Oppio Capitoni / Q(uinto) Tamudio Q(uinti) f(ilio) T(iti) n(epoti) / T(iti) pr(o)n(epoti) Vel(ina) Aninio Severo / equo publ(ico) iudici select(o) / ex V decur(iis) trib(uno) leg(ionis) VIII / Aug(ustae) praef(ecto) fabr(um) patrono / col(oniae) Auxim(atium) et col(oniae) Aesis / et munic(ipii) Numanat(ium) / ordo et plebs Treiens(ium) / patrono municipi(i) / curatori dato ab / Imp(eratore) Antonino Aug(usto) / l(ocus) d(atus) d(ecreto) d(ecurionum)","date_from":0,"date_to":0,"marker_gender":"male","is_individual":false,"edcs_url":"https://edcs.hist.uzh.ch/en/document?edcs-id=EDCS-17300429","persons":[{"nomen":"Oppius","gender":"male","raw_name":"M. Oppio Capitoni","praenomen":"Marcus","cognomen":"Capito","cluster_id":829,"cluster_size":2},{"nomen":"Tamudius","gender":"male","raw_name":"Q. Tamudio Q. fil. T. nep. T. pron. Vel. Aninio Severo","praenomen":"Quintus","cognomen":"Severus","status":"Quinti filio, Titi nepoti, Titi pron(epoti), tribus: Velina, equo publico, iudici selecto, ex V decuriis, tribuno legionis VIII Augustae, praefecto fabrum, patrono col(oniae) Auxim(atium) et col(oniae) Aesis et munic(ipii) Numanatium, idem patrono municipi(i), curator dat ab Imperatore Antonino Aug(usto)"},{"nomen":"Aninius","gender":"male","raw_name":"Aninio Severo","cognomen":"Severus","status":"equo publico, iudici selecto, ex V decuriis, tribuno legionis VIII Augustae, praefecto fabrum, patrono col(oniae) Auxim(atium) et col(oniae) Aesis et munic(ipii) Numanatium, idem patrono municipi(i), curator dat ab Imperatore Antonino Aug(usto)","cluster_id":831,"cluster_size":2}]}},{"type":"Feature","geometry":{"type":"Point","coordinates":[13.48,43.49]},"properties":{"edcs_id":"EDCS-17300430","findspot":"Osimo / Auximum","raw_text":"C(aio) Oppio C(ai) f(ilio) Vel(ina) / Sabino Iulio Nepoti / M(anio) Vibio Sollemni Severo / co(n)s(uli) / adlecto a Sacratissimo Imp(eratore) / Hadriano Aug(usto) / inter tribunicios pr(aetori) peregr(ino) / candidato Aug(usti) / leg(ato) prov(inciae) Baeticae cur(atori) viar(um) / Clodiae Anniae Cassiae / Ciminae trium Traianaru(m) / et Amerinae leg(ato) legion(is) XI / Cl(audiae) P(iae) F(idelis) leg(ato) Aug(usti) pr(o) pr(aetore) / provinc(iae) Lusitaniae / procons(uli) prov(inciae) Baeticae / patrono col(oniae) / Leonas lib(ertus) / adcensus patroni / et in dedic(atione) statuae / colonis cenam dedit","date_from":0,"date_to":0,"marker_gender":"male","is_individual":false,"edcs_url":"https://edcs.hist.uzh.ch/en/document?edcs-id=EDCS-17300430","persons":[{"nomen":"Oppius","gender":"male","raw_name":"C. Oppio C. f. Vel. Sabino Iulio Nepoti","praenomen":"Caius","cognomen":"Sabinus Iulius Nepos","status":"filius, tribus: Velina, co(n)s(uli), adlecto a Sacratissimo Imp(eratore) Hadriano Aug(usto) inter tribunicios, praetori peregrino, candidato Aug(usti), legato provinciae Baeticae, curatori viarum Clodiae Anniae Cassiae Ciminae trium Traianarum et Amerinae, legato legionis XI Claudiae Piae Fidelis, legato Aug(usti) pro praetore provinciae Lusitaniae, proconsuli provinciae Baeticae, patrono col(oniae)"},{"nomen":"Vibius","gender":"male","raw_name":"M. Vibio Sollemni Severo","praenomen":"Manius","cognomen":"Severus","status":"co(n)s(uli), adlecto a Sacratissimo Imp(eratore) Hadriano Aug(usto) inter tribunicios, praetori peregrino, candidato Aug(usti), legato provinciae Baeticae, curatori viarum Clodiae Anniae Cassiae Ciminae trium Traianarum et Amerinae, legato legionis XI Claudiae Piae Fidelis, legato Aug(usti) pro praetore provinciae Lusitaniae, proconsuli provinciae Baeticae, patrono col(oniae)"}]}},{"type":"Feature","geometry":{"type":"Point","coordinates":[13.48,43.49]},"properties":{"edcs_id":"EDCS-17300431","findspot":"Osimo / Auximum","raw_text":"C(aio) Plautio C(ai) f(ilio) / Rufo leg(ato) pro [pr(aetore)] / c{e}ivitates Sicilia[e] / provincia defen[sa]","date_from":0,"date_to":0,"marker_gender":"male","is_individual":false,"edcs_url":"https://edcs.hist.uzh.ch/en/document?edcs-id=EDCS-17300431","persons":[{"nomen":"Plautius","gender":"male","raw_name":"C. Plautio C. f. Rufo","praenomen":"Caius","cognomen":"Rufus","status":"filius, legatus pro praetore civitates Siciliae","cluster_id":666,"cluster_size":2}]}},{"type":"Feature","geometry":{"type":"Point","coordinates":[13.48,43.49]},"properties":{"edcs_id":"EDCS-17300432","findspot":"Osimo / Auximum","raw_text":"Q(uinto) Plotio Maximo / Collin(a) / Trebellio Pelidiano / eq(uo) pub(lico) / trib(uno) leg(ionis) II Traian(ae) Fort(is) / trib(uno) coh(ortis) XXXII Volunt(ariorum) / trib(uno) leg(ionis) VI Victric(is) / proc(uratori) Aug(usti) / pro magist(ro) XX(vicesimae) hered(itatium) / praef(ecto) vehiculor(um) / q(uin)q(uennali) patr(ono) col(oniae) et suo pont(ifici) / coll(egium) fabr(um) Auxim(atium) ob / eximium inter municip(es) / suos amorem / l(ocus) d(atus) d(ecreto) d(ecurionum)","date_from":0,"date_to":0,"marker_gender":"male","is_individual":false,"edcs_url":"https://edcs.hist.uzh.ch/en/document?edcs-id=EDCS-17300432","persons":[{"nomen":"Plotus","gender":"male","raw_name":"Q. Plotio Maximo Collin. Trebellio Pelidiano","praenomen":"Quintus","cognomen":"Pelidianus","status":"Trebellius, equo publico, tribuno legionis II Traianae Fortis, tribuno cohortis XXXII Voluntariorum, tribuno legionis VI Victricis, procuratori Aug(usti), pro magistro XX(vicesimae) hereditatium, praefecto vehiculorum, quinquennali, patrono coloniae et suo, pontifici","cluster_id":835,"cluster_size":2},{"nomen":"Trebellius","gender":"male","raw_name":"Trebellio Pelidiano","cognomen":"Pelidianus","status":"equo publico, tribuno legionis II Traianae Fortis, tribuno cohortis XXXII Voluntariorum, tribuno legionis VI Victricis, procuratori Aug(usti), pro magistro XX(vicesimae) hereditatium, praefecto vehiculorum, quinquennali, patrono coloniae et suo, pontifici","cluster_id":836,"cluster_size":2}]}},{"type":"Feature","geometry":{"type":"Point","coordinates":[13.48,43.49]},"properties":{"edcs_id":"EDCS-17300433","findspot":"Osimo / Auximum","raw_text":"Q(uinto) Plotio Maximo / Col(lina) Trebellio Peli/diano equo p(ublico) / trib(uno) leg(ionis) II Traian(ae) Fort(is) / trib(uno) coh(ortis) XXXII Volunt(ariorum) / trib(uno) leg(ionis) VI Victricis / proc(uratori) Aug(usti) promagistro / XX(vicesimae) hereditatium / praef(ecto) vehiculor(um) / q(uin)q(uennali) p(atrono) c(oloniae) et suo pont(ifici) / colleg(ium) cent(onariorum) Auximat(ium) / ob eximinium in muni/cipes suos amorem / l(ocus) d(atus) d(ecreto) d(ecurionum)","date_from":0,"date_to":0,"marker_gender":"male","is_individual":false,"edcs_url":"https://edcs.hist.uzh.ch/en/document?edcs-id=EDCS-17300433","persons":[{"nomen":"Plotus","gender":"male","raw_name":"Q. Plotio Maximo Col. Trebellio Pelidiano","praenomen":"Quintus","cognomen":"Pelidianus","status":"Trebellius, equo publico, tribuno legionis II Traianae Fortis, tribuno cohortis XXXII Voluntariorum, tribuno legionis VI Victricis, procuratori Aug(usti) promagistro XX(vicesimae) hereditatium, praefecto vehiculorum, quinquennali, patrono coloniae et suo, pontifici","cluster_id":835,"cluster_size":2},{"nomen":"Trebellius","gender":"male","raw_name":"Trebellio Pelidiano","cognomen":"Pelidianus","status":"equo publico, tribuno legionis II Traianae Fortis, tribuno cohortis XXXII Voluntariorum, tribuno legionis VI Victricis, procuratori Aug(usti) promagistro XX(vicesimae) hereditatium, praefecto vehiculorum, quinquennali, patrono coloniae et suo, pontifici","cluster_id":836,"cluster_size":2}]}},{"type":"Feature","geometry":{"type":"Point","coordinates":[13.48,43.49]},"properties":{"edcs_id":"EDCS-17300434","findspot":"Osimo / Auximum","raw_text":"Cnaeo Pompeio Cnaei filio Magno imperatori consuli ter patrono publice","date_from":0,"date_to":0,"marker_gender":"male","is_individual":false,"edcs_url":"https://edcs.hist.uzh.ch/en/document?edcs-id=EDCS-17300434","persons":[{"nomen":"Cnaeus","gender":"male","raw_name":"[Cn. P]ompeio Cn. [f.] Magno","cognomen":"Pompeius Magnus","status":"Cn(aei) filio, imperatori, consuli ter, patrono publice"}]}},{"type":"Feature","geometry":{"type":"Point","coordinates":[13.48,43.49]},"properties":{"edcs_id":"EDCS-17300436","findspot":"Osimo / Auximum","raw_text":"Posita VI K(alendas) Iul(ias) / L(ucio) Aelio Caesare II / P(ublio) Coelio Balbino co(n)s(ulibus) // C(aio) Oppio C(ai) f(ilio) Vel(ina) / Basso p(atrono) col(oniae) / pr(aetori) Auximo |(centurioni) leg(ionis) / IIII Fl(aviae) Fel(icis) evoc(ato) Aug(usti) / ab actis fori b(ene)f(iciario) pr(aefecti) pr(aetorio) / signif(ero) option(i) tesse(rario) / coh(ortis) II pr(aetoriae) mil(iti) coh(ortium) XIIII / et XIII urbanarum / coll(egium) cent(onariorum) Auxim(atium) / patr(ono) ob merita eius / l(ocus) d(atus) d(ecreto) d(ecurionum)","date_from":0,"date_to":0,"marker_gender":"male","is_individual":false,"edcs_url":"https://edcs.hist.uzh.ch/en/document?edcs-id=EDCS-17300436","persons":[{"nomen":"Oppius","gender":"male","raw_name":"C. Oppio C. f. Vel. Basso","praenomen":"Caius","cognomen":"Basso","status":"filius, tribus: Velina, patrono col(oniae), praetori, Auximo |(centurioni) legionis IIII Flaviae Felicis, evocato Aug(usti) ab actis fori, benefi(ciario) praefecti praetorio, signifero, optioni, tesserario coh(ortis) II praetoriae, militi coh(ortium) XIIII et XIII urbanarum","cluster_id":838,"cluster_size":2}]}},{"type":"Feature","geometry":{"type":"Point","coordinates":[13.48,43.49]},"properties":{"edcs_id":"EDCS-17300437","findspot":"Osimo / Auximum","raw_text":"C(aio) Oppio C(ai) f(ilio) Vel(ina) / Basso p(rimo) p(ilo) p(atrono) c(oloniae) / pr(aetori) i(ure) d(icundo) Aux(imi) |(centurioni) leg(ionis) IIII / Fl(aviae) Fel(icis) et leg(ionis) II Tr(aianae) For(tis) / evoc(ato) Aug(usti) ab act(is) fori / b(ene)f(iciario) pr(aefectorum) pr(aetorio) mil(iti) coh(ortis) II pr(aetoriae) / et coh(ortium) XIII et XIIII urb(anarum) / omnibus officiis / in caliga functo / centuriones leg(ionis) II / Traianae Fortis / optimo et dignissimo / in cuius ded(icatione) cenam col(onis) ded(it) / l(ocus) d(atus) d(ecreto) d(ecurionum)","date_from":0,"date_to":0,"marker_gender":"male","is_individual":false,"edcs_url":"https://edcs.hist.uzh.ch/en/document?edcs-id=EDCS-17300437","persons":[{"nomen":"Oppius","gender":"male","raw_name":"C. Oppio C. f. Vel. Basso","praenomen":"Caius","cognomen":"Basso","status":"filius, tribus: Velina, primo pilo, patrono col(oniae), praetori iure dicundo Auximi, |(centurioni) legionis IIII Flaviae Felicis et legionis II Traianae Fortis, evocato Aug(usti) ab actis fori, benefi(ciario) praefectorum praetorio, militi coh(ortis) II praetoriae et coh(ortium) XIII et XIIII urbanarum, omnibus officiis in caliga functo","cluster_id":838,"cluster_size":2}]}},{"type":"Feature","geometry":{"type":"Point","coordinates":[13.48,43.49]},"properties":{"edcs_id":"EDCS-17300438","findspot":"Osimo / Auximum","raw_text":"L(ucio) Praesentio L(uci) fil(io) / Lem(onia) Paeto / Lattio Severo / praefecto coh(ortis) I Afr(orum) / c(ivium) R(omanorum) eq(uitatae) iudici selecto ex / V dec(uriis) pr(aetori) Auximi pat(rono) col(oniae) / aedili IIvir(o) Anconae / Vibia L(uci) f(ilia) Marcella / flamina August(arum) / marito omnibus exem/plis de se bene merito / et in dedic(atione) statuae / cenam colon(is) et epul(um) pop(ulo) ded(it) / l(ocus) d(atus) d(ecreto) d(ecurionum)","date_from":0,"date_to":0,"marker_gender":"mixed","is_individual":false,"edcs_url":"https://edcs.hist.uzh.ch/en/document?edcs-id=EDCS-17300438","persons":[{"nomen":"Praesentius","gender":"male","raw_name":"L. Praesentio L. f. Lem. Paeto","praenomen":"Lucius","cognomen":"Paetus","status":"filius, tribus: Lemonia, Lattio Severo, praefecto coh(ortis) I Afrorum civium Romanorum equitatae, iudici selecto ex V decuriis, praetori Auximi, patrono col(oniae), aedili, IIvir(o) Anconae"},{"nomen":"Lattius","gender":"male","raw_name":"Lattio Severo","cognomen":"Severus","status":"praefecto coh(ortis) I Afrorum civium Romanorum equitatae, iudici selecto ex V decuriis, praetori Auximi, patrono col(oniae), aedili, IIvir(o) Anconae"},{"nomen":"Vibia","gender":"female","raw_name":"Vibia L. f. Marcella","cognomen":"Marcella","status":"flamina Augustarum"}]}},{"type":"Feature","geometry":{"type":"Point","coordinates":[13.48,43.49]},"properties":{"edcs_id":"EDCS-17300439","findspot":"Osimo / Auximum","raw_text":"D(is) M(anibus) / L(uci) Publici Apro/nian(i) p(rimi) p(ili) / patroni / municipi(i) / Riciniensium / [6] / [3 ae]dilis / L(ucius) Publicius / Florianus / trib(unus) coh(ortis) / VIIII","date_from":0,"date_to":0,"marker_gender":"male","is_individual":false,"edcs_url":"https://edcs.hist.uzh.ch/en/document?edcs-id=EDCS-17300439","persons":[{"nomen":"Publicius","gender":"male","raw_name":"L. Publici Aproniani","cognomen":"Ap ronianus","status":"primi pili, patrono municipi(i) Riciniensium, aedilis"},{"nomen":"Publicius","gender":"male","raw_name":"L. Publicius Florianus","cognomen":"Florianus","status":"tribunus coh(ortis) VIIII"}]}},{"type":"Feature","geometry":{"type":"Point","coordinates":[13.48,43.49]},"properties":{"edcs_id":"EDCS-17300440","findspot":"Osimo / Auximum","raw_text":"T(ito) Saleno T(iti) f(ilio) Vel(ina) / Sedato veterano / Augg(ustorum) accept(o) (h)onesta / mission(e) ex coho(rte) XIIII urba(na) / pr(aetori) q(uin)q(uennali) quaestori rei p(ublicae) Auximat(ium) / patrono colleg(ii) centonarior(um) / Ma(n)sueta lib(erta) patrono optimo / cuius dedicatione decurionibus / sing(ulis) VIII n(ummum) et colonis / sing(ulis) IIII n(ummum) dedit / l(ocus) d(atus) d(ecreto) d(ecurionum)","date_from":0,"date_to":0,"marker_gender":"mixed","is_individual":false,"edcs_url":"https://edcs.hist.uzh.ch/en/document?edcs-id=EDCS-17300440","persons":[{"nomen":"Salenus","gender":"male","raw_name":"T. Saleno T. f. Vel. Sedato","praenomen":"Titus","cognomen":"Sedatus","status":"filius, tribus: Velina, veterano Augg(ustorum) accepto (h)onesta mission(e) ex coho(rte) XIIII urbana, praetori quinquennali, quaestori rei publicae Auximat(ium), patrono colleg(ii) centonarior(um)"},{"nomen":"","gender":"female","raw_name":"Mansueta","cognomen":"Mansueta","status":"liberta, patrono optimo"}]}},{"type":"Feature","geometry":{"type":"Point","coordinates":[13.48,43.49]},"properties":{"edcs_id":"EDCS-17300441","findspot":"Osimo / Auximum","raw_text":"N(umerius) Turcius C(ai) f(ilius) Ser(gia) / praetorianus / Cocceia M(arci) l(iberta) Italia / C(aius) Turcius N(umeri) f(ilius) Rufus / ex testamento / N(umeri) Turci C(ai) f(ilii) Ser(gia) / arbitratu Cocceiae M(arci) l(ibertae) / Italiae ux{s}oris","date_from":0,"date_to":0,"marker_gender":"mixed","is_individual":false,"edcs_url":"https://edcs.hist.uzh.ch/en/document?edcs-id=EDCS-17300441","persons":[{"nomen":"Turcius","gender":"male","raw_name":"N. Turcius C. f. Ser. praetorianus","praenomen":"Numerius","status":"filius, tribus: Sergia, praetorianus"},{"nomen":"Cocceia","gender":"female","raw_name":"Cocceia M. l. Italia","cognomen":"Italia","status":"liberta M(arci)"},{"nomen":"Turcius","gender":"male","raw_name":"C. Turcius N. f. Rufus","praenomen":"Caius","cognomen":"Rufus","status":"filius ex testamento N(umeri) Turci C. f. Ser(gia) arbitratu Cocceiae M. l. Italiae uxoris"}]}},{"type":"Feature","geometry":{"type":"Point","coordinates":[13.48,43.49]},"properties":{"edcs_id":"EDCS-17300442","findspot":"Osimo / Auximum","raw_text":"]ius tr(ibunus) mil(itum) bis praef(ectus) fabr(um) praetor / [3 rei p(ublicae) reliquit(?)] HS L(milia) et fundum Hermedianum / [3 et praedia duo(?)] Herenniana ex quo reditu quot/[annis 3] daretur hostiaque Fid(e)i Augustae i<m=N>mol[aretur]","date_from":0,"date_to":0,"marker_gender":"male","is_individual":false,"edcs_url":"https://edcs.hist.uzh.ch/en/document?edcs-id=EDCS-17300442","persons":[{"nomen":"","gender":"male","raw_name":"]ius tr(ibunus) mil(itum) bis praef(ectus) fabr(um) praetor","cognomen":"Iulius","status":"tribunus militum bis praefectus fabrum praetor"}]}},{"type":"Feature","geometry":{"type":"Point","coordinates":[13.48,43.49]},"properties":{"edcs_id":"EDCS-17300443","findspot":"Osimo / Auximum","raw_text":"[C(aius)] Baianius C(ai) l(ibertus) Auctus VIvir / Saufeia |(mulieris) l(iberta) Eucumene / C(aius) Baianius C(ai) l(ibertus) Faustus","date_from":0,"date_to":0,"marker_gender":"mixed","is_individual":false,"edcs_url":"https://edcs.hist.uzh.ch/en/document?edcs-id=EDCS-17300443","persons":[{"nomen":"Baianius","gender":"male","raw_name":"C. Baianius C. l. Auctus","praenomen":"Caius","cognomen":"Auctus","status":"libertus Cai, viuir"},{"nomen":"Saufeia","gender":"female","raw_name":"Saufeia |(mulieris) l. Eucumene","cognomen":"Eucumene","status":"mulieris liberta"},{"nomen":"Baianius","gender":"male","raw_name":"C. Baianius C. l. Faustus","praenomen":"Caius","cognomen":"Faustus","status":"libertus Cai"}]}},{"type":"Feature","geometry":{"type":"Point","coordinates":[13.48,43.49]},"properties":{"edcs_id":"EDCS-17300444","findspot":"Osimo / Auximum","raw_text":"Dis Manib(us) / N(umeri) Fresidi Suc/cessi decret(o) / fabr(um) v(ixit) a(nnos) XIIII / N(umerius) Fresidius Flo/rentinus pat(er) / et Fresidia Success(a) / mater","date_from":0,"date_to":0,"marker_gender":"mixed","is_individual":false,"edcs_url":"https://edcs.hist.uzh.ch/en/document?edcs-id=EDCS-17300444","persons":[{"nomen":"Fresidius","gender":"male","raw_name":"N. Fresidi Successi","cognomen":"Successus"},{"nomen":"Fresidius","gender":"male","raw_name":"N. Fresidius Flo(rentinus)","cognomen":"Florentinus","status":"pater"},{"nomen":"Fresidia","gender":"female","raw_name":"Fresidia Success(a)","cognomen":"Successa","status":"mater"}]}},{"type":"Feature","geometry":{"type":"Point","coordinates":[13.48,43.49]},"properties":{"edcs_id":"EDCS-17300446","findspot":"Osimo / Auximum","raw_text":"C(aio) Oppio C(ai) f(ilio) Vel(ina) / Pallanti / pr(aetori) et quaestori Auximi / idem quaest(ori) alimen[t(orum)] / Oppia Prisca mater / filio carissimo / l(ocus) d(atus) d(ecreto) d(ecurionum)","date_from":0,"date_to":0,"marker_gender":"mixed","is_individual":false,"edcs_url":"https://edcs.hist.uzh.ch/en/document?edcs-id=EDCS-17300446","persons":[{"nomen":"Baianius","gender":"male","raw_name":"C. Baianius C. f. Vel. Pallanti","praenomen":"Caius","cognomen":"Pallans","status":"filius Cai, tribus: Velina, praetor et quaestor Auximi, quaestor alimentorum"},{"nomen":"Oppia","gender":"female","raw_name":"Oppia Prisca","cognomen":"Prisca","status":"mater"}]}},{"type":"Feature","geometry":{"type":"Point","coordinates":[13.48,43.49]},"properties":{"edcs_id":"EDCS-17300447","findspot":"Osimo / Auximum","raw_text":"Dis M(anibus) / L(uci) Praesenti / L(uci) lib(erti) Flori / VIvir(i) II Aug(ustalis) / L(ucius) Praesentius / L(uci) lib(ertus) Aprio / amico / b(ene) m(erenti)","date_from":0,"date_to":0,"marker_gender":"male","is_individual":false,"edcs_url":"https://edcs.hist.uzh.ch/en/document?edcs-id=EDCS-17300447","persons":[{"nomen":"Praesentius","gender":"male","raw_name":"L. Praesenti L. lib. Flori","praenomen":"Lucius","cognomen":"Florus","status":"libertus Lucius, viuir II Augustalis"},{"nomen":"Praesentius","gender":"male","raw_name":"L. Praesentius L. lib. Aprio","praenomen":"Lucius","cognomen":"Aprio","status":"libertus Lucius, amico bene merenti"}]}},{"type":"Feature","geometry":{"type":"Point","coordinates":[13.48,43.49]},"properties":{"edcs_id":"EDCS-17300448","findspot":"Osimo / Auximum","raw_text":"D(is) M(anibus) / T(ito) Tamudio / T(iti) l(iberto) Eglecto / col(onus) Auximi / vixit annis VII / diebus XXXXVII / Eglectus pater / filio piissimo","date_from":0,"date_to":0,"marker_gender":"male","is_individual":false,"edcs_url":"https://edcs.hist.uzh.ch/en/document?edcs-id=EDCS-17300448","persons":[{"nomen":"Tamudius","gender":"male","raw_name":"T. Tamudio T. l. Eglecto","praenomen":"Titus","cognomen":"Eglectus","status":"libertus Titi, colonus Auximi, filio piissimo"},{"nomen":"","gender":"male","raw_name":"Eglectus","cognomen":"Eglectus","status":"pater, filio piissimo"}]}},{"type":"Feature","geometry":{"type":"Point","coordinates":[13.48,43.49]},"properties":{"edcs_id":"EDCS-17300449","findspot":"Osimo / Auximum","raw_text":"C(aius) T(itus) Tamudii / Gemellus e[t] Albanus / aquam p(ecunia) s(ua)","date_from":0,"date_to":0,"marker_gender":"male","is_individual":false,"edcs_url":"https://edcs.hist.uzh.ch/en/document?edcs-id=EDCS-17300449","persons":[{"nomen":"Tamudius","gender":"male","raw_name":"C. T. Tamudii Gemellus","praenomen":"Gaius","cognomen":"Gemellus"},{"nomen":"","gender":"male","raw_name":"Albanus","cognomen":"Albanus"}]}},{"type":"Feature","geometry":{"type":"Point","coordinates":[13.48,43.49]},"properties":{"edcs_id":"EDCS-17300450","findspot":"Osimo / Auximum","raw_text":"M(arco) Titio L(uci) f(ilio) C[ol(lina)] / pontifici / patrono colon[iae] / decurionum dec[reto] / publice","date_from":0,"date_to":0,"marker_gender":"male","is_individual":false,"edcs_url":"https://edcs.hist.uzh.ch/en/document?edcs-id=EDCS-17300450","persons":[{"nomen":"Titius","gender":"male","raw_name":"M. Titio L. f. C[ol. (...)]","praenomen":"Marcus","status":"filius Lucius, tribus: Collina, pontifex, patronus coloniae, publice"}]}},{"type":"Feature","geometry":{"type":"Point","coordinates":[13.48,43.49]},"properties":{"edcs_id":"EDCS-17300455","findspot":"Osimo / Auximum","raw_text":"L(ucio) Feronio L(uci) f(ilio) Vel(ina) Ru[fo(?)] / scribae / L(ucius) Feronius Amphio [pater] / Ammea Iocunda m[ater]","date_from":0,"date_to":0,"marker_gender":"mixed","is_individual":false,"edcs_url":"https://edcs.hist.uzh.ch/en/document?edcs-id=EDCS-17300455","persons":[{"nomen":"Feronius","gender":"male","raw_name":"L. Feronio L. f. Vel. Ru[fo(?)]","praenomen":"Lucius","cognomen":"Rufo","status":"filius Lucius, tribus: Velina, scriba"},{"nomen":"Feronius","gender":"male","raw_name":"L. Feronius Amphio","praenomen":"Lucius","cognomen":"Amphio","status":"pater"},{"nomen":"Ammea","gender":"female","raw_name":"Ammea Iocunda","cognomen":"Iocunda","status":"mater"}]}},{"type":"Feature","geometry":{"type":"Point","coordinates":[13.48,43.49]},"properties":{"edcs_id":"EDCS-17300456","findspot":"Osimo / Auximum","raw_text":"D(is) M(anibus) / Octaviae / Priscae / vixit ann(os) / XXVIII men(ses) / V dies XXIII / Restutus / actor ali(mentorum) / co(n)iugi / b(ene) m(erenti)","date_from":0,"date_to":0,"marker_gender":"mixed","is_individual":false,"edcs_url":"https://edcs.hist.uzh.ch/en/document?edcs-id=EDCS-17300456","persons":[{"nomen":"Octavia","gender":"female","raw_name":"Octaviae Priscae","cognomen":"Prisca"},{"nomen":"","gender":"male","raw_name":"Restutus actor ali(mentorum)","cognomen":"Restutus","status":"actor alimentorum, coniugi bene merenti"}]}},{"type":"Feature","geometry":{"type":"Point","coordinates":[13.48,43.49]},"properties":{"edcs_id":"EDCS-17300457","findspot":"Osimo / Auximum","raw_text":"[H]ic sum posita Aurel[iana vixi] ann(os) XXVIII me(nses) II d(ies) XXVII nata in urbe sac[ra] / [pe]regrinata Italiam et [provincias] debitum reddidi Nicomedia et hic transl[ata] / [a] dulcissimo mihi co(n)iu[ge Euarist]o Aug(usti) lib(erto) ut vos viatores legendo sciantis(!) q[ua] / [pi]etate ac castitate cum eo [vivens tal]i merito hoc meruerim in hoc sarcophag[o] / [cum] amissus fuerit Euarist[us dulcissi]mus co(n)iunx meus nemini licere neque aperir[e neq(ue)] / [tr]ansferre neque de con[3 m]<o=U>n<u=I>menti aliquit de marmoribus minus fa[cere] / [c]ontra quae si quit [quis fecerit] dabit fisco |(denarios) X(milia) rei p(ublicae) Firmanorum [|(denarios) V(milia)] / [et rei p(ublicae) R]icinensium |(denarios) V(milia)","date_from":0,"date_to":0,"marker_gender":"mixed","is_individual":false,"edcs_url":"https://edcs.hist.uzh.ch/en/document?edcs-id=EDCS-17300457","persons":[{"nomen":"","gender":"female","raw_name":"Aurel[iana vixi]","cognomen":"Aureliana","status":"peregrinata Italiam et provincias, debitum reddidi Nicomedia et hic translata, pietate ac castitate cum eo vivens tali merito hoc meruerim in hoc sarcophago"},{"nomen":"","gender":"male","raw_name":"Euarist[o]","cognomen":"Euaristus","status":"Augusti libertus, dulcissimus coniunx"}]}},{"type":"Feature","geometry":{"type":"Point","coordinates":[13.48,43.49]},"properties":{"edcs_id":"EDCS-17300458","findspot":"Osimo / Auximum","raw_text":"D{e}is Manib(us) / Iuliae Q(uinti) l(ibertae) / Sabinae / medicae / Q(uintus) Iulius Atimetus / coniugi / bene merenti","date_from":0,"date_to":0,"marker_gender":"mixed","is_individual":false,"edcs_url":"https://edcs.hist.uzh.ch/en/document?edcs-id=EDCS-17300458","persons":[{"nomen":"Iulia","gender":"female","raw_name":"Iuliae Q. l. Sabinae","cognomen":"Sabina","status":"liberta Quintus, medicae"},{"nomen":"Iulius","gender":"male","raw_name":"Q. Iulius Atimetus","praenomen":"Quintus","cognomen":"Atimetus","status":"coniugi bene merenti"}]}},{"type":"Feature","geometry":{"type":"Point","coordinates":[13.48,43.49]},"properties":{"edcs_id":"EDCS-17300459","findspot":"Osimo / Auximum","raw_text":"[C(aius)] Ploti[us] / C(ai) l(ibertus) Alex/ander tig(nuarius) / faber","date_from":0,"date_to":0,"marker_gender":"male","is_individual":false,"edcs_url":"https://edcs.hist.uzh.ch/en/document?edcs-id=EDCS-17300459","persons":[{"nomen":"Plotus","gender":"male","raw_name":"[C(aius)] Ploti[us] C(ai) l(ibertus) Alex ander","praenomen":"Caius","cognomen":"Alexander","status":"tig(nuarius), faber, libertus Cai"}]}},{"type":"Feature","geometry":{"type":"Point","coordinates":[13.48,43.49]},"properties":{"edcs_id":"EDCS-17300460","findspot":"Osimo / Auximum","raw_text":"Amerimnus Abnatiaes Cypare servus vixit annos VII","date_from":0,"date_to":0,"marker_gender":"mixed","is_individual":false,"edcs_url":"https://edcs.hist.uzh.ch/en/document?edcs-id=EDCS-17300460","persons":[{"nomen":"","gender":"male","raw_name":"Amerimnus","cognomen":"Amerimnus"},{"nomen":"Abnatia","gender":"female","raw_name":"Abnatiaes"}]}},{"type":"Feature","geometry":{"type":"Point","coordinates":[13.48,43.49]},"properties":{"edcs_id":"EDCS-17300461","findspot":"Osimo / Auximum","raw_text":"Dis Manibus Appuleiae Vitalinae coniugi Caius Oppius Clemens maritus bene merenti","date_from":0,"date_to":0,"marker_gender":"mixed","is_individual":false,"edcs_url":"https://edcs.hist.uzh.ch/en/document?edcs-id=EDCS-17300461","persons":[{"nomen":"Appuleia","gender":"female","raw_name":"Appuleiae Vitalin(a)e","cognomen":"Vitalina","status":"coniugi"},{"nomen":"Oppius","gender":"male","raw_name":"C(aius) Oppius Clemens","praenomen":"Caius","cognomen":"Clemens","status":"maritus, bene merenti"}]}},{"type":"Feature","geometry":{"type":"Point","coordinates":[13.48,43.49]},"properties":{"edcs_id":"EDCS-17300462","findspot":"Osimo / Auximum","raw_text":"Lucio Aurelio Marci filio Cos","date_from":0,"date_to":0,"marker_gender":"male","is_individual":false,"edcs_url":"https://edcs.hist.uzh.ch/en/document?edcs-id=EDCS-17300462","persons":[{"nomen":"Aurelius","gender":"male","raw_name":"L. Aurelio M. f. Cos()","praenomen":"Lucius","cognomen":"Cos","status":"Marci filius"}]}},{"type":"Feature","geometry":{"type":"Point","coordinates":[13.48,43.49]},"properties":{"edcs_id":"EDCS-17300465","findspot":"Osimo / Auximum","raw_text":"Dis Manibus sacrum Marcus Detellius Trophimus qui et Fortunatus Trebelliae uxori suae fecit et sibi et suis libertis libertabus que posteris que eorum hoc monumentum ni de familia exeat nec heredem sequetur praeter eos qui in titulo inscripti sunt","date_from":0,"date_to":0,"marker_gender":"mixed","is_individual":false,"edcs_url":"https://edcs.hist.uzh.ch/en/document?edcs-id=EDCS-17300465","persons":[{"nomen":"Detellius","gender":"male","raw_name":"M. Detellius Trophimus qui et Fortunatus","praenomen":"Marcus","cognomen":"Trophimus","status":"qui et Fortunatus, uxori suae fecit et sibi et suis libertis libertabusque posterisque eorum hoc monumentum ni de familia exeat nec heredem sequetur praeter eos qui in titulo inscripti sunt"},{"nomen":"Trebellia","gender":"female","raw_name":"Trebelliae","status":"coniugi"}]}},{"type":"Feature","geometry":{"type":"Point","coordinates":[13.48,43.49]},"properties":{"edcs_id":"EDCS-17300467","findspot":"Osimo / Auximum","raw_text":"Dis Manibus Expectato coniugi Amanda conserva bene merenti","date_from":0,"date_to":0,"marker_gender":"mixed","is_individual":false,"edcs_url":"https://edcs.hist.uzh.ch/en/document?edcs-id=EDCS-17300467","persons":[{"nomen":"","gender":"male","raw_name":"Expectato coniugi","cognomen":"Expectatus","status":"coniugi, bene merenti"},{"nomen":"","gender":"female","raw_name":"Amanda conserva","cognomen":"Amanda","status":"conserva, bene merenti"}]}},{"type":"Feature","geometry":{"type":"Point","coordinates":[13.48,43.49]},"properties":{"edcs_id":"EDCS-17300468","findspot":"Osimo / Auximum","raw_text":"D(is) M(anibus) / N(umeri) Fresidi Thy/melici filio kar(issimo) / qui vixit ann(is) XXXII / mens(ibus) X dieb(us) XX / Caecilia Felici/tas filio piissimo / b(ene) m(erenti)","date_from":0,"date_to":0,"marker_gender":"mixed","is_individual":false,"edcs_url":"https://edcs.hist.uzh.ch/en/document?edcs-id=EDCS-17300468","persons":[{"nomen":"Fresidius","gender":"male","raw_name":"N. Fresidi Thy melici","cognomen":"Thymelicus","status":"filio karissimo qui vixit annis XXXII mensibus X diebus XX"},{"nomen":"Caecilia","gender":"female","raw_name":"Caecilia Felici tas","cognomen":"Felicitas","status":"filio piissimo, bene merenti"}]}},{"type":"Feature","geometry":{"type":"Point","coordinates":[13.48,43.49]},"properties":{"edcs_id":"EDCS-17300469","findspot":"Osimo / Auximum","raw_text":"Dis Manibus Herennio Primiano qui vixit annos III menses IX dies XXVII Tusidius Primus Ciprinia Calliste filio pientissimo pater et mater","date_from":0,"date_to":0,"marker_gender":"mixed","is_individual":false,"edcs_url":"https://edcs.hist.uzh.ch/en/document?edcs-id=EDCS-17300469","persons":[{"nomen":"Herennius","gender":"male","raw_name":"Herennio Primiano q(ui) v(ixit) a(nnos) III m(enses) IX die(s) XXVII","cognomen":"Primianus","status":"qui vixit annos III menses IX dies XXVII"},{"nomen":"Tusidius","gender":"male","raw_name":"Tusidius Pri mus","cognomen":"Primus","status":"pater, et mater"},{"nomen":"Ciprinia","gender":"female","raw_name":"Cipri nia Calliste","cognomen":"Calliste","status":"et mater"}]}},{"type":"Feature","geometry":{"type":"Point","coordinates":[13.48,43.49]},"properties":{"edcs_id":"EDCS-17300470","findspot":"Osimo / Auximum","raw_text":"Dis Manibus / Q(uinti) Laetori / Proculi / Laetoria / Procula / fratri pientissimo","date_from":0,"date_to":0,"marker_gender":"mixed","is_individual":false,"edcs_url":"https://edcs.hist.uzh.ch/en/document?edcs-id=EDCS-17300470","persons":[{"nomen":"Laetorius","gender":"male","raw_name":"Q. Laetori Proculi","praenomen":"Quintus","cognomen":"Proculus","cluster_id":761,"cluster_size":2},{"nomen":"Laetoria","gender":"female","raw_name":"Laetoria Procula","cognomen":"Procula","status":"fratri pientissimo","cluster_id":761,"cluster_size":2}]}},{"type":"Feature","geometry":{"type":"Point","coordinates":[13.48,43.49]},"properties":{"edcs_id":"EDCS-17300471","findspot":"Osimo / Auximum","raw_text":"Dis Manibus Cai Larsi Maritimi vixit annis XXXVII mensibus X diebus XXIIX Cominia Luci filia Severa mater filio pientissimo bene merenti","date_from":0,"date_to":0,"marker_gender":"mixed","is_individual":false,"edcs_url":"https://edcs.hist.uzh.ch/en/document?edcs-id=EDCS-17300471","persons":[{"nomen":"Larsius","gender":"male","raw_name":"C. Larsi Mari timi v(ixit) ann(is) XXXVII mens(ibus) X dieb(us) XXIIX","praenomen":"Caius","cognomen":"Maritimus","status":"vixit annis XXXVII mensibus X diebus XXVIII"},{"nomen":"Cominia","gender":"female","raw_name":"Co minia L. f. Seve ra","cognomen":"Severa","status":"filio pientissimo, bene merenti, mater"}]}},{"type":"Feature","geometry":{"type":"Point","coordinates":[13.48,43.49]},"properties":{"edcs_id":"EDCS-17300472","findspot":"Osimo / Auximum","raw_text":"Dis Manibus Caius Marius Primigenius hic quiescit vixit annos XXIIX Titus tenius Martialis et Maria Prisca dignissimo","date_from":0,"date_to":0,"marker_gender":"mixed","is_individual":false,"edcs_url":"https://edcs.hist.uzh.ch/en/document?edcs-id=EDCS-17300472","persons":[{"nomen":"Marius","gender":"male","raw_name":"C. Mari[us 3] Primigeni us","praenomen":"Caius","cognomen":"Primigenius","status":"hic quiescit vixit annos XXIIX"},{"nomen":"Titus","gender":"male","raw_name":"T(itus?) [3]tenius Martialis","cognomen":"Martialis","status":"dignissimo"},{"nomen":"Maria","gender":"female","raw_name":"Maria Prisca","cognomen":"Prisca","status":"dignissimo"}]}},{"type":"Feature","geometry":{"type":"Point","coordinates":[13.48,43.49]},"properties":{"edcs_id":"EDCS-17300473","findspot":"Osimo / Auximum","raw_text":"] / C(ai) Oppi Sabin[i 3] / C(aius) Iulius Clemen[s 3] / vix(it) a(nnos) [3]","date_from":0,"date_to":0,"marker_gender":"male","is_individual":false,"edcs_url":"https://edcs.hist.uzh.ch/en/document?edcs-id=EDCS-17300473","persons":[{"nomen":"Oppi","gender":"male","raw_name":"C. Oppi Sabin[i 3]","praenomen":"Caius"},{"nomen":"Iulius","gender":"male","raw_name":"C. Iulius Clemen[s 3]","praenomen":"Caius","cognomen":"Clemens","status":"vixit annos [3]"}]}},{"type":"Feature","geometry":{"type":"Point","coordinates":[13.48,43.49]},"properties":{"edcs_id":"EDCS-17300474","findspot":"Osimo / Auximum","raw_text":"D(is) M(anibus) / Oppiae / C(ai) f(iliae) Verae / Claudius Severus / maritus coniugi / sanctissimae castae incomparabili / cum qua vixit ann(os) XVII / mens(es) VII dies XXVI / ipsa autem vixit a(nnos) XXXII / m(enses) II d(ies) X / [","date_from":0,"date_to":0,"marker_gender":"mixed","is_individual":false,"edcs_url":"https://edcs.hist.uzh.ch/en/document?edcs-id=EDCS-17300474","persons":[{"nomen":"Oppia","gender":"female","raw_name":"Oppiae C. f. Verae","cognomen":"Vera","status":"Cai filia"},{"nomen":"Claudius","gender":"male","raw_name":"Claudius Severus","cognomen":"Severus","status":"maritus coniugi sanctissimae castae incomparabili, cum qua vixit annos XVII mens(es) VII dies XXVI","cluster_id":715,"cluster_size":2}]}},{"type":"Feature","geometry":{"type":"Point","coordinates":[13.48,43.49]},"properties":{"edcs_id":"EDCS-17300475","findspot":"Osimo / Auximum","raw_text":"LI filio dulcissimo Caius Petronius Cai filius Ve coniugi rarissimae et dulcissimae cum qua sine offensa reprehensionis vixit","date_from":0,"date_to":0,"marker_gender":"male","is_individual":false,"edcs_url":"https://edcs.hist.uzh.ch/en/document?edcs-id=EDCS-17300475","persons":[{"nomen":"Petronius","gender":"male","raw_name":"C. Petronius C. f. Ve[3]","praenomen":"Caius","status":"Cai filius, coniugi rarissimae et dulcissimae cum qua sine offensa reprehensionis vixit"}]}},{"type":"Feature","geometry":{"type":"Point","coordinates":[13.48,43.49]},"properties":{"edcs_id":"EDCS-17300476","findspot":"Osimo / Auximum","raw_text":"Dis / Manibus / L(ucio) Praesentio / L(uci) f(ilio) Polluci / L(ucius) Praesentius / Victor / filio piissimo / vixit annis / XVIIII","date_from":0,"date_to":0,"marker_gender":"male","is_individual":false,"edcs_url":"https://edcs.hist.uzh.ch/en/document?edcs-id=EDCS-17300476","persons":[{"nomen":"Praesentius","gender":"male","raw_name":"L. Praesentio L. f. Polluci","praenomen":"Lucius","cognomen":"Pollex","status":"Luci filius"},{"nomen":"Praesentius","gender":"male","raw_name":"L. Praesentius Victor","praenomen":"Lucius","cognomen":"Victor","status":"filio piissimo, vixit annis XVIIII"}]}},{"type":"Feature","geometry":{"type":"Point","coordinates":[13.48,43.49]},"properties":{"edcs_id":"EDCS-17300477","findspot":"Osimo / Auximum","raw_text":"D(is) M(anibus) / Praesenti/ae Nereidi / L(ucius) Praesentius / Blastus colli/bertae et con/iugi b(ene) m(erenti)","date_from":0,"date_to":0,"marker_gender":"mixed","is_individual":false,"edcs_url":"https://edcs.hist.uzh.ch/en/document?edcs-id=EDCS-17300477","persons":[{"nomen":"","gender":"female","raw_name":"Praesenti ae Nereidi","cognomen":"Nereis","status":"L. Praesentius Blastus coliberta et coniugi bene merenti"},{"nomen":"Praesentius","gender":"male","raw_name":"L. Praesentius Blastus","cognomen":"Blastus","status":"collibertae et coniugi bene merenti"}]}},{"type":"Feature","geometry":{"type":"Point","coordinates":[13.48,43.49]},"properties":{"edcs_id":"EDCS-17300478","findspot":"Osimo / Auximum","raw_text":"Caio Sacellio Quinti filio Velina","date_from":0,"date_to":0,"marker_gender":"male","is_individual":false,"edcs_url":"https://edcs.hist.uzh.ch/en/document?edcs-id=EDCS-17300478","persons":[{"nomen":"Sacellius","gender":"male","raw_name":"C. Sacellio Q. f. Vel(ina)","praenomen":"Caius","status":"Q. filius, tribus: Velina"}]}},{"type":"Feature","geometry":{"type":"Point","coordinates":[13.48,43.49]},"properties":{"edcs_id":"EDCS-17300479","findspot":"Osimo / Auximum","raw_text":"Tra us et CO Servatus matri piissimae","date_from":0,"date_to":0,"marker_gender":"male","is_individual":false,"edcs_url":"https://edcs.hist.uzh.ch/en/document?edcs-id=EDCS-17300479","persons":[{"nomen":"","gender":"male","raw_name":"Servatu[s 3]","cognomen":"Servatus","status":"matri piissimae"}]}},{"type":"Feature","geometry":{"type":"Point","coordinates":[13.48,43.49]},"properties":{"edcs_id":"EDCS-17300480","findspot":"Osimo / Auximum","raw_text":"Dis Manibus Statiae Cincinnatae Petroni Nico","date_from":0,"date_to":0,"marker_gender":"mixed","is_individual":false,"edcs_url":"https://edcs.hist.uzh.ch/en/document?edcs-id=EDCS-17300480","persons":[{"nomen":"Statia","gender":"female","raw_name":"Statiae Cinn atae","cognomen":"Cinninata"},{"nomen":"Petronius","gender":"male","raw_name":"Petroni Nico["}]}},{"type":"Feature","geometry":{"type":"Point","coordinates":[13.48,43.49]},"properties":{"edcs_id":"EDCS-17300481","findspot":"Osimo / Auximum","raw_text":"Tullia Titi filia Polla testamento suo fieri iussit Veturiae Marci filiae matriR","date_from":0,"date_to":0,"marker_gender":"female","is_individual":false,"edcs_url":"https://edcs.hist.uzh.ch/en/document?edcs-id=EDCS-17300481","persons":[{"nomen":"Tullia","gender":"female","raw_name":"Tullia T. f. Polla","cognomen":"Polla","status":"T. filia, testamento suo fieri iussit"},{"nomen":"Veturia","gender":"female","raw_name":"Veturiae M. f.","praenomen":"Marcus","status":"M. filia, matri"}]}},{"type":"Feature","geometry":{"type":"Point","coordinates":[13.48,43.49]},"properties":{"edcs_id":"EDCS-17300482","findspot":"Osimo / Auximum","raw_text":"latiae Crescentinae Festivos contubernali bene merenti","date_from":0,"date_to":0,"marker_gender":"male","is_individual":false,"edcs_url":"https://edcs.hist.uzh.ch/en/document?edcs-id=EDCS-17300482","persons":[{"nomen":"","gender":"male","raw_name":"Festivos(!) [c]ontuber(nali)","cognomen":"Festivus","status":"contubernali bene merenti"}]}},{"type":"Feature","geometry":{"type":"Point","coordinates":[13.62,43.51]},"properties":{"edcs_id":"EDCS-17300486","findspot":"Numana","raw_text":"] Numer[i]/[an]o nobi/[lis]simo Caes(ari) / [dev]ot(a?) publ/[ice(?)","date_from":0,"date_to":0,"marker_gender":"male","is_individual":false,"edcs_url":"https://edcs.hist.uzh.ch/en/document?edcs-id=EDCS-17300486","persons":[{"nomen":"","gender":"male","raw_name":"] Numer[i] [an]o nobi [lis]simo Caes(ari) [dev]ot(a?) publ [ice(?)","cognomen":"Numeriano Nobilissimo Caesari","status":"devota publica"}]}},{"type":"Feature","geometry":{"type":"Point","coordinates":[13.52,43.62]},"properties":{"edcs_id":"EDCS-17300488","findspot":"Ancona","raw_text":"T(itus) Fl(avius) Optatus / pro salute / sua et suorum / et coll{l}egarum / Nymphis Aug(ustis) / votum posuit","date_from":0,"date_to":0,"marker_gender":"male","is_individual":false,"edcs_url":"https://edcs.hist.uzh.ch/en/document?edcs-id=EDCS-17300488","persons":[{"nomen":"Flavius","gender":"male","raw_name":"T. Fl. Optatus","praenomen":"Titus","cognomen":"Optatus","status":"pro salute sua et suorum et collegarum"}]}},{"type":"Feature","geometry":{"type":"Point","coordinates":[13.52,43.62]},"properties":{"edcs_id":"EDCS-17300489","findspot":"Ancona","raw_text":"Vertumno / Augusto sacrum / Karus AI[3] / disp(ensator) [3] / v(otum) s(olvit) /","date_from":0,"date_to":0,"marker_gender":"male","is_individual":false,"edcs_url":"https://edcs.hist.uzh.ch/en/document?edcs-id=EDCS-17300489","persons":[{"nomen":"","gender":"male","raw_name":"Karus AI[3]","cognomen":"Karus","status":"dispensator, votum solvit"}]}},{"type":"Feature","geometry":{"type":"Point","coordinates":[13.52,43.62]},"properties":{"edcs_id":"EDCS-17300490","findspot":"Ancona","raw_text":"Alexsander Quinti Iuli Melioris minister de suo","date_from":0,"date_to":0,"marker_gender":"male","is_individual":false,"edcs_url":"https://edcs.hist.uzh.ch/en/document?edcs-id=EDCS-17300490","persons":[{"nomen":"Iulius","gender":"male","raw_name":"Alexsander(!) Q. Iuli Melioris","cognomen":"Melior","status":"minister de suo, ex Alexsandro"}]}},{"type":"Feature","geometry":{"type":"Point","coordinates":[13.52,43.62]},"properties":{"edcs_id":"EDCS-17300491","findspot":"Ancona","raw_text":"Plotinae / Aug(ustae) / coniugi Aug(usti) // Imp(eratori) Caesari divi Nervae f(ilio) Nervae / Traiano Optimo Aug(usto) Germanic(o) / Dacico pont(ifici) max(imo) tr(ibunicia) pot(estate) XVIIII imp(eratori) IX / co(n)s(uli) VI p(atri) p(atriae) providentissimo principi / senatus p(opulus)q(ue) R(omanus) quod accessum / Italiae hoc etiam addito ex pecunia sua / portu tutiorem navigantibus reddiderit // Divae / Marcianae / Aug(ustae) / sorori Aug(usti)","date_from":0,"date_to":0,"marker_gender":"female","is_individual":false,"edcs_url":"https://edcs.hist.uzh.ch/en/document?edcs-id=EDCS-17300491","persons":[{"nomen":"","gender":"female","raw_name":"Plotinae Aug. coniugi Aug.","cognomen":"Plotina","status":"Augustae, coniugi Augusti"}]}},{"type":"Feature","geometry":{"type":"Point","coordinates":[13.52,43.62]},"properties":{"edcs_id":"EDCS-17300494","findspot":"Ancona","raw_text":"Flavius Gorgonius vir clarissimus ex comite largitionum privatarum ex praefecto praetorio fieri sibi iussit","date_from":0,"date_to":0,"marker_gender":"male","is_individual":false,"edcs_url":"https://edcs.hist.uzh.ch/en/document?edcs-id=EDCS-17300494","persons":[{"nomen":"Flavius","gender":"male","raw_name":"Fl. Gorgonius","cognomen":"Gorgonius","status":"vir clarissimus, ex comite largitionum privatarum, ex praefecto praetorio"}]}},{"type":"Feature","geometry":{"type":"Point","coordinates":[13.52,43.62]},"properties":{"edcs_id":"EDCS-17300495","findspot":"Ancona","raw_text":"Petroniae / Sabinae / filiae / L(uci) Petroni Sabini / p(rimi) p(ili) bis / procurator(is) Augg(ustorum) / stationis hereditatium / item provinciae / Narbonensis / patroni coloniae / decuriones","date_from":0,"date_to":0,"marker_gender":"mixed","is_individual":false,"edcs_url":"https://edcs.hist.uzh.ch/en/document?edcs-id=EDCS-17300495","persons":[{"nomen":"Petronia","gender":"female","raw_name":"Petroniae Sabinae filiae","cognomen":"Sabina","status":"filiae, patroni coloniae, decuriones"},{"nomen":"Petronius","gender":"male","raw_name":"L. Petroni Sabini p.p. bis procuratoris Augg. stationis hereditatium item provinciae Narbonensis patroni coloniae","praenomen":"Lucius","cognomen":"Sabinus","status":"primi pili bis, procuratoris Augustorum stationis hereditatium, item provinciae Narbonensis patroni coloniae"}]}},{"type":"Feature","geometry":{"type":"Point","coordinates":[13.52,43.62]},"properties":{"edcs_id":"EDCS-17300497","findspot":"Ancona","raw_text":"Flavius Evintius veteranus bene meritus feci sepulcrum in re mea ubi requiescam si quis violentus voluerit esse et contra leges temptaverit det fisci viribus auri libram unam Lege et recede","date_from":0,"date_to":0,"marker_gender":"male","is_individual":false,"edcs_url":"https://edcs.hist.uzh.ch/en/document?edcs-id=EDCS-17300497","persons":[{"nomen":"Flavius","gender":"male","raw_name":"Fl. Evintius","cognomen":"Evintius","status":"veteranus bene meritus"}]}},{"type":"Feature","geometry":{"type":"Point","coordinates":[13.52,43.62]},"properties":{"edcs_id":"EDCS-17300499","findspot":"Ancona","raw_text":"Cn(aeo) Marcio Sex(ti) f(ilio) Qui(rina) / Macro / A(ulus) Fabius A(uli) f(ilius) Fortuitus / cliens","date_from":0,"date_to":0,"marker_gender":"male","is_individual":false,"edcs_url":"https://edcs.hist.uzh.ch/en/document?edcs-id=EDCS-17300499","persons":[{"nomen":"Marcius","gender":"male","raw_name":"Cn. Marcio Sex. f. Qui. Macro","praenomen":"Gnaeus","cognomen":"Macer","status":"Sex. filius, cliens"},{"nomen":"Fabius","gender":"male","raw_name":"A. Fabius A. f. Fortuitus","praenomen":"Aulus","cognomen":"Fortuitus","status":"Auli filius, cliens"}]}},{"type":"Feature","geometry":{"type":"Point","coordinates":[13.52,43.62]},"properties":{"edcs_id":"EDCS-17300500","findspot":"Ancona","raw_text":"Rubriae Titi libertae Statiae Tito Rubrio Luci filio Lemonia Varici patrono quaestori Caio Fulvio Cai filio Lemonia viro ex testamento arbitratu Luci Setri Luci liberti Philodoxi","date_from":0,"date_to":0,"marker_gender":"mixed","is_individual":false,"edcs_url":"https://edcs.hist.uzh.ch/en/document?edcs-id=EDCS-17300500","persons":[{"nomen":"Rubria","gender":"female","raw_name":"Rubriae T. l. Statiae","cognomen":"Statia","status":"T. libertae"},{"nomen":"Rubrius","gender":"male","raw_name":"T. Rubrio L. f. Lem. Varici","praenomen":"Titus","cognomen":"Varicus","status":"T. filio, patrono quaestori"},{"nomen":"Fulvius","gender":"male","raw_name":"C. Fulvio C. f. Lem. viro","praenomen":"Caius","status":"C. filio, viro, ex testamento, arbitratu L. Setri L. l. Philodoxi"}]}},{"type":"Feature","geometry":{"type":"Point","coordinates":[13.52,43.62]},"properties":{"edcs_id":"EDCS-17300502","findspot":"Ancona","raw_text":"[T(ito)] Asinio / Severo u[nguent]ario / et Veciliae Lev(a)e con/iu<g=C>i vivi sibi posuerunt","date_from":0,"date_to":0,"marker_gender":"mixed","is_individual":false,"edcs_url":"https://edcs.hist.uzh.ch/en/document?edcs-id=EDCS-17300502","persons":[{"nomen":"","gender":"male","raw_name":"T. Asinio Severo","cognomen":"Severus","status":"unguentario"},{"nomen":"","gender":"female","raw_name":"Veciliae Levae","cognomen":"Leva","status":"coniugi vivi sibi posuerunt"}]}},{"type":"Feature","geometry":{"type":"Point","coordinates":[13.52,43.62]},"properties":{"edcs_id":"EDCS-17300503","findspot":"Ancona","raw_text":"D(is) M(anibus) / Ti(berio) Claudio / Celeri pr(a)e/coni ex lac/inia Cl(audi) Sat/urnini Be/ryllus secun/da rudis et o/fficiales cun(c)/ti b(ene) m(erenti) [f(ecerunt)]","date_from":0,"date_to":0,"marker_gender":"mixed","is_individual":false,"edcs_url":"https://edcs.hist.uzh.ch/en/document?edcs-id=EDCS-17300503","persons":[{"nomen":"Claudius","gender":"male","raw_name":"Ti. Claudio Celeri","praenomen":"Tiberius","cognomen":"Beryllus","status":"praeconis, rudis et officiales cuncti bene merenti [fecerunt]"},{"nomen":"Claudius","gender":"female","raw_name":"Cl. Saturnini","cognomen":"Secunda"}]}},{"type":"Feature","geometry":{"type":"Point","coordinates":[13.52,43.62]},"properties":{"edcs_id":"EDCS-17300504","findspot":"Ancona","raw_text":"]/us Pudens pater et / Aur(elia) Africana mate/r b(ene) m(erenti) posuerunt","date_from":0,"date_to":0,"marker_gender":"mixed","is_individual":false,"edcs_url":"https://edcs.hist.uzh.ch/en/document?edcs-id=EDCS-17300504","persons":[{"nomen":"","gender":"male","raw_name":"Pudens","cognomen":"Pudens","status":"pater"},{"nomen":"Aurelia","gender":"female","raw_name":"Aur. Africana","cognomen":"Africana","status":"mater"}]}},{"type":"Feature","geometry":{"type":"Point","coordinates":[13.52,43.62]},"properties":{"edcs_id":"EDCS-17300505","findspot":"Ancona","raw_text":"Dis Manibus Aureliae Fortunatae Aurelius Pardus coniugi rarissimae cum Aurelia Secunda filia bene merenti ponendum curavit","date_from":0,"date_to":0,"marker_gender":"mixed","is_individual":false,"edcs_url":"https://edcs.hist.uzh.ch/en/document?edcs-id=EDCS-17300505","persons":[{"nomen":"Aurelius","gender":"male","raw_name":"Aurelius Pardus","cognomen":"Pardus","status":"coniugi rarissimae cum Aurelia Secunda filia bene merenti ponendum curavit"},{"nomen":"Aurelia","gender":"female","raw_name":"Aureliae Fortunatae","cognomen":"Fortunata"},{"nomen":"Aurelia","gender":"female","raw_name":"Aurelia Secunda","cognomen":"Secunda","status":"filia"}]}},{"type":"Feature","geometry":{"type":"Point","coordinates":[13.52,43.62]},"properties":{"edcs_id":"EDCS-17300506","findspot":"Ancona","raw_text":"Dis Manibus Benigno qui vixit annos I menses II Romula filio bene merenti","date_from":0,"date_to":0,"marker_gender":"mixed","is_individual":false,"edcs_url":"https://edcs.hist.uzh.ch/en/document?edcs-id=EDCS-17300506","persons":[{"nomen":"","gender":"male","raw_name":"Benigno","cognomen":"Benigno","status":"filio bene merenti"},{"nomen":"Romula","gender":"female","raw_name":"Romula","status":"mater"}]}},{"type":"Feature","geometry":{"type":"Point","coordinates":[13.52,43.62]},"properties":{"edcs_id":"EDCS-17300507","findspot":"Ancona","raw_text":"Dis Manibus Caeciliae Anconitanae coniugi obsequentissimae et incomparabili quae vixit annis XLVII et in conubio annis XXX mensibus III Publius Annius Severus maritus et Annia Severa filia matri piissimae de se bene merenti posuerunt","date_from":0,"date_to":0,"marker_gender":"mixed","is_individual":false,"edcs_url":"https://edcs.hist.uzh.ch/en/document?edcs-id=EDCS-17300507","persons":[{"nomen":"Annius","gender":"male","raw_name":"P. Annius Severus","praenomen":"Publius","cognomen":"Severus","status":"maritus matri piissimae de se bene merenti posuerunt"},{"nomen":"Caecilia","gender":"female","raw_name":"Caeciliae Anconitanae","cognomen":"Anconitana","status":"coniugi obsequentissimae et incomparabili quae vixit annis XLVII et in conubio annis XXX mensibus III matri piissimae de se bene merenti posuerunt"},{"nomen":"Annia","gender":"female","raw_name":"Annia Severa","cognomen":"Severa","status":"filia matri piissimae de se bene merenti posuerunt"}]}},{"type":"Feature","geometry":{"type":"Point","coordinates":[13.52,43.62]},"properties":{"edcs_id":"EDCS-17300508","findspot":"Ancona","raw_text":"Caesiae Publi filiae Honoratae","date_from":0,"date_to":0,"marker_gender":"female","is_individual":false,"edcs_url":"https://edcs.hist.uzh.ch/en/document?edcs-id=EDCS-17300508","persons":[{"nomen":"Caesius","gender":"female","raw_name":"Caesiae P. filiae Honorae","praenomen":"Publius","cognomen":"Honora"}]}},{"type":"Feature","geometry":{"type":"Point","coordinates":[13.52,43.62]},"properties":{"edcs_id":"EDCS-17300509","findspot":"Ancona","raw_text":"Dis Manibus Cai Calusi Victoris Calusia Ursa soror et Voconius Venustus bene merenti","date_from":0,"date_to":0,"marker_gender":"mixed","is_individual":false,"edcs_url":"https://edcs.hist.uzh.ch/en/document?edcs-id=EDCS-17300509","persons":[{"nomen":"Calusius","gender":"male","raw_name":"C. Calu[si] Victoris","praenomen":"Caius","cognomen":"Victor"},{"nomen":"Calusia","gender":"female","raw_name":"[C]alusia Ursa","cognomen":"Ursa","status":"soror, bene merenti","cluster_id":59,"cluster_size":2},{"nomen":"Voconius","gender":"male","raw_name":"Voconius Venustus","cognomen":"Venustus","status":"bene merenti","cluster_id":60,"cluster_size":2}]}},{"type":"Feature","geometry":{"type":"Point","coordinates":[13.52,43.62]},"properties":{"edcs_id":"EDCS-17300510","findspot":"Ancona","raw_text":"Dis Manibus Calusiae Ianuariae Lucius Voconius Venustus et Calusia Ursa soror bene merenti bene merenti bene merenti","date_from":0,"date_to":0,"marker_gender":"mixed","is_individual":false,"edcs_url":"https://edcs.hist.uzh.ch/en/document?edcs-id=EDCS-17300510","persons":[{"nomen":"Voconius","gender":"male","raw_name":"L. Voconius Venustus","praenomen":"Lucius","cognomen":"Venustus","status":"et Calusia Ursa soror, bene merenti [3] bene merenti [3] bene merenti","cluster_id":60,"cluster_size":2},{"nomen":"Calusia","gender":"female","raw_name":"Calusiae Ianuariae","cognomen":"Ianuaria"},{"nomen":"Calusia","gender":"female","raw_name":"Calusia Ursa","cognomen":"Ursa","status":"soror, bene merenti [3] bene merenti [3] bene merenti","cluster_id":59,"cluster_size":2}]}},{"type":"Feature","geometry":{"type":"Point","coordinates":[13.52,43.62]},"properties":{"edcs_id":"EDCS-17300511","findspot":"Ancona","raw_text":"Dis Manibus Calusiae Veneriae fecit Baebius Fileros","date_from":0,"date_to":0,"marker_gender":"mixed","is_individual":false,"edcs_url":"https://edcs.hist.uzh.ch/en/document?edcs-id=EDCS-17300511","persons":[{"nomen":"Calusia","gender":"female","raw_name":"Calusiae Veneriae","cognomen":"Veneria"},{"nomen":"Baebius","gender":"male","raw_name":"Baebius Filero[s","cognomen":"Fileros"}]}},{"type":"Feature","geometry":{"type":"Point","coordinates":[13.52,43.62]},"properties":{"edcs_id":"EDCS-17300512","findspot":"Ancona","raw_text":"Bonae memoriae Camuriae Exuperiae quae vixit annis LXXII menses II dies X Camu","date_from":0,"date_to":0,"marker_gender":"female","is_individual":false,"edcs_url":"https://edcs.hist.uzh.ch/en/document?edcs-id=EDCS-17300512","persons":[{"nomen":"Camuria","gender":"female","raw_name":"Camuriae Exuperiae","cognomen":"Exuperia"},{"nomen":"Camu","gender":"unknown","raw_name":"Camu["}]}},{"type":"Feature","geometry":{"type":"Point","coordinates":[13.52,43.62]},"properties":{"edcs_id":"EDCS-17300513","findspot":"Ancona","raw_text":"Dis Manibus Clodio Donato Metilia Attica avo suo bene merenti","date_from":0,"date_to":0,"marker_gender":"mixed","is_individual":false,"edcs_url":"https://edcs.hist.uzh.ch/en/document?edcs-id=EDCS-17300513","persons":[{"nomen":"Metilia","gender":"female","raw_name":"Metilia Attica","cognomen":"Attica","status":"avo suo bene merenti"},{"nomen":"Clodius","gender":"male","raw_name":"Clodio Donato","cognomen":"Donatus"}]}},{"type":"Feature","geometry":{"type":"Point","coordinates":[13.52,43.62]},"properties":{"edcs_id":"EDCS-17300514","findspot":"Ancona","raw_text":"D(is) M(anibus) / Clodiae Mu/natiae <q=O>uae / vixit anno/s XXXXIX die(m) I / [","date_from":0,"date_to":0,"marker_gender":"female","is_individual":false,"edcs_url":"https://edcs.hist.uzh.ch/en/document?edcs-id=EDCS-17300514","persons":[{"nomen":"Clodia","gender":"female","raw_name":"Clodiae Munatiae","cognomen":"Munatia"}]}},{"type":"Feature","geometry":{"type":"Point","coordinates":[13.52,43.62]},"properties":{"edcs_id":"EDCS-17300515","findspot":"Ancona","raw_text":"Dis Manibus Faustillae quae vixit annis XXVII diebus XIIII Rhodine mater filiae pientissimae","date_from":0,"date_to":0,"marker_gender":"female","is_individual":false,"edcs_url":"https://edcs.hist.uzh.ch/en/document?edcs-id=EDCS-17300515","persons":[{"nomen":"","gender":"female","raw_name":"Faustillae","cognomen":"Faustilla"},{"nomen":"Rhodine","gender":"female","raw_name":"Rhodine","status":"filiae pientissimae"}]}},{"type":"Feature","geometry":{"type":"Point","coordinates":[13.52,43.62]},"properties":{"edcs_id":"EDCS-17300516","findspot":"Ancona","raw_text":"D(is) M(anibus) / Flaviae Cas/triciae virgi/ni filiae dulci/ssim(a)e qu(a)e vi/xit ann(os) XVI / m(enses) IIIII (!) VIII Flav(ius) Castricia/nus pater eius / posuit / d(eposita) X Kal(endas) Iul(ias)","date_from":0,"date_to":0,"marker_gender":"mixed","is_individual":false,"edcs_url":"https://edcs.hist.uzh.ch/en/document?edcs-id=EDCS-17300516","persons":[{"nomen":"Flavius","gender":"male","raw_name":"Flavius Castricianus","cognomen":"Flavius Castricianus","status":"eius posuit deposita X Kalendas Iulias"},{"nomen":"Flavia","gender":"female","raw_name":"Flaviae Castricianae","cognomen":"Castricia","status":"virgini filiae dulcissimae quae vixit annos XVI menses IIIII VIII"}]}},{"type":"Feature","geometry":{"type":"Point","coordinates":[13.52,43.62]},"properties":{"edcs_id":"EDCS-17300517","findspot":"Ancona","raw_text":"Dis Manibus Marco Gratio Coronario qui in mare vi tempestatis decessit Scaefia Calliope coniugi optimo et Scaefiae Tertullae filiae dulcissimae quae vixit annum dies XIII bene merenti","date_from":0,"date_to":0,"marker_gender":"mixed","is_individual":false,"edcs_url":"https://edcs.hist.uzh.ch/en/document?edcs-id=EDCS-17300517","persons":[{"nomen":"Scaefia","gender":"female","raw_name":"Scaefia Calliope","cognomen":"Calliope","status":"coniugi optimo","cluster_id":41,"cluster_size":2},{"nomen":"","gender":"male","raw_name":"Grati Cornario","cognomen":"Coronarius","status":"qui in mare vi tempestatis decessit"},{"nomen":"Scaefia","gender":"female","raw_name":"Scaefiae Tertullae","cognomen":"Tertulla","status":"filiae dulcissimae quae vixit annum dies XIII bene merenti"}]}},{"type":"Feature","geometry":{"type":"Point","coordinates":[13.52,43.62]},"properties":{"edcs_id":"EDCS-17300518","findspot":"Ancona","raw_text":"[C(aio) He]iuleio CC(aiorum) l(iberto) Alexsa[ndro(!)] / ex testamento arbit[ratu] / C(ai) Heiulei C(ai) l(iberti) Metro[dori] / [et] C(ai) Heiulei C(ai) l(iberti) Capiton[is]","date_from":0,"date_to":0,"marker_gender":"male","is_individual":false,"edcs_url":"https://edcs.hist.uzh.ch/en/document?edcs-id=EDCS-17300518","persons":[{"nomen":"Heiuleius","gender":"male","raw_name":"[C(aio) He]iuleio CC(aiorum) l(iberto) Alexsa[ndro(!)]","praenomen":"Gaius","cognomen":"Alexandrus","status":"liberto"},{"nomen":"Heiuleius","gender":"male","raw_name":"C(ai) Heiulei C(ai) l(iberti) Metro[dori]","praenomen":"Gaius","cognomen":"Metrodorus","status":"liberto"},{"nomen":"Heiuleius","gender":"male","raw_name":"C(ai) Heiulei C(ai) l(iberti) Capiton[is]","praenomen":"Gaius","cognomen":"Capito","status":"liberto"}]}},{"type":"Feature","geometry":{"type":"Point","coordinates":[13.52,43.62]},"properties":{"edcs_id":"EDCS-17300519","findspot":"Ancona","raw_text":"Dis Manibus Labieno Renato Labiena Procula mater bene merenti","date_from":0,"date_to":0,"marker_gender":"mixed","is_individual":false,"edcs_url":"https://edcs.hist.uzh.ch/en/document?edcs-id=EDCS-17300519","persons":[{"nomen":"Labienus","gender":"male","raw_name":"Labieno Renato","cognomen":"Renatus"},{"nomen":"Labiena","gender":"female","raw_name":"Labiena Procula","cognomen":"Procula","status":"mater, bene merenti"}]}},{"type":"Feature","geometry":{"type":"Point","coordinates":[13.52,43.62]},"properties":{"edcs_id":"EDCS-17300520","findspot":"Ancona","raw_text":"Latiniae Lycnydis ossa","date_from":0,"date_to":0,"marker_gender":"female","is_individual":false,"edcs_url":"https://edcs.hist.uzh.ch/en/document?edcs-id=EDCS-17300520","persons":[{"nomen":"Latinia","gender":"female","raw_name":"Latiniae Lycnydis","cognomen":"Lycnidis"}]}},{"type":"Feature","geometry":{"type":"Point","coordinates":[13.52,43.62]},"properties":{"edcs_id":"EDCS-17300521","findspot":"Ancona","raw_text":"D(is) M(anibus) / Licustenae Veneriae / coniugi sanctissimae / quae mecum vixit an(nos) XVI / mens(es) VII d(ies) XXII / L(ucius) Gavius Anconitanus","date_from":0,"date_to":0,"marker_gender":"mixed","is_individual":false,"edcs_url":"https://edcs.hist.uzh.ch/en/document?edcs-id=EDCS-17300521","persons":[{"nomen":"Licustena","gender":"female","raw_name":"Licustenae Veneriae","cognomen":"Veneria","status":"coniugi sanctissimae, quae mecum vixit an(nos) XVI mens(es) VII d(ies) XXII"},{"nomen":"Gavius","gender":"male","raw_name":"L. Gavius Anconitanus","praenomen":"Lucius","cognomen":"Anconitanus"}]}},{"type":"Feature","geometry":{"type":"Point","coordinates":[13.52,43.62]},"properties":{"edcs_id":"EDCS-17300522","findspot":"Ancona","raw_text":"D(is) [M(anibus)] // Marciae M(arci) fil(iae) Euhemerianae / dominae [3]mae / et PRO[3]imae / [6] / M(arcus) Mar[ciu]s M(arci) [f(ilius) 3] pater / et Fl(avia) Q(uinti) filia Euhemerina mater / decepti et orvati / tanto florae crescentiae / eius extructo tum[ul]o","date_from":0,"date_to":0,"marker_gender":"mixed","is_individual":false,"edcs_url":"https://edcs.hist.uzh.ch/en/document?edcs-id=EDCS-17300522","persons":[{"nomen":"Marcia","gender":"female","raw_name":"Marciae M. fil. Euhemerianae","cognomen":"Euhemeriana","status":"dominae [3]mae et PRO[3]imae"},{"nomen":"Marcius","gender":"male","raw_name":"M. Mar[ciu]s M. [f. 3]","praenomen":"Marcus","status":"pater"},{"nomen":"Flavia","gender":"female","raw_name":"Fl. Q. filia Euhemerina","cognomen":"Euhemerina","status":"mater, decepti et orvati tanto florae crescentiae eius extructo tum[ul]o"}]}},{"type":"Feature","geometry":{"type":"Point","coordinates":[13.52,43.62]},"properties":{"edcs_id":"EDCS-17300523","findspot":"Ancona","raw_text":"D(is) M(anibus) / Metrodo/rae coniu/gi b(ene) m(erenti) / Ofellius / Caes(aris) n(ostri) / fecit","date_from":0,"date_to":0,"marker_gender":"mixed","is_individual":false,"edcs_url":"https://edcs.hist.uzh.ch/en/document?edcs-id=EDCS-17300523","persons":[{"nomen":"","gender":"female","raw_name":"Metrodo rae","cognomen":"Metrodora","status":"coniugi bene merenti"},{"nomen":"","gender":"male","raw_name":"Ofellius Caes. n.","cognomen":"Ofellius","status":"Caesaris nostri (servus libertus)"}]}},{"type":"Feature","geometry":{"type":"Point","coordinates":[13.52,43.62]},"properties":{"edcs_id":"EDCS-17300524","findspot":"Ancona","raw_text":"Dis Manibus Rammiae Callytiche filiae pientissimae","date_from":0,"date_to":0,"marker_gender":"female","is_individual":false,"edcs_url":"https://edcs.hist.uzh.ch/en/document?edcs-id=EDCS-17300524","persons":[{"nomen":"Rammia","gender":"female","raw_name":"Rammiae Callytiche","cognomen":"Callytiche","status":"filiae pientissimae"}]}},{"type":"Feature","geometry":{"type":"Point","coordinates":[13.52,43.62]},"properties":{"edcs_id":"EDCS-17300525","findspot":"Ancona","raw_text":"menses VIII dies XV Scaepia Calliope mater bene merenti","date_from":0,"date_to":0,"marker_gender":"female","is_individual":false,"edcs_url":"https://edcs.hist.uzh.ch/en/document?edcs-id=EDCS-17300525","persons":[{"nomen":"Scaepia","gender":"female","raw_name":"Scaepia Calliope","cognomen":"Calliope","status":"mater, bene merenti"}]}},{"type":"Feature","geometry":{"type":"Point","coordinates":[13.52,43.62]},"properties":{"edcs_id":"EDCS-17300526","findspot":"Ancona","raw_text":"Dis Manibus Scefiae Restutae Scefia Calliope soror bene merenti","date_from":0,"date_to":0,"marker_gender":"female","is_individual":false,"edcs_url":"https://edcs.hist.uzh.ch/en/document?edcs-id=EDCS-17300526","persons":[{"nomen":"Scephia","gender":"female","raw_name":"Scefi(a)e Restut(a)e","cognomen":"Restuta"},{"nomen":"Scefia","gender":"female","raw_name":"Scef<i=L>a Calliope","cognomen":"Calliope","status":"soror, bene merenti","cluster_id":41,"cluster_size":2}]}},{"type":"Feature","geometry":{"type":"Point","coordinates":[13.52,43.62]},"properties":{"edcs_id":"EDCS-17300527","findspot":"Ancona","raw_text":"Dis Manibus sacrum Serviliae Felicissimae coniugi pudicissimae","date_from":0,"date_to":0,"marker_gender":"female","is_individual":false,"edcs_url":"https://edcs.hist.uzh.ch/en/document?edcs-id=EDCS-17300527","persons":[{"nomen":"Servilia","gender":"female","raw_name":"Servili ae Felic issimae","cognomen":"Felicissima","status":"coniugi pudic[is] [simae]"}]}},{"type":"Feature","geometry":{"type":"Point","coordinates":[13.52,43.62]},"properties":{"edcs_id":"EDCS-17300528","findspot":"Ancona","raw_text":"Dis Manibus Sexto Truttedio Sexti filio Pollia Sabino infanti dulcissimo Sextus Truttedius Clemens pater","date_from":0,"date_to":0,"marker_gender":"male","is_individual":false,"edcs_url":"https://edcs.hist.uzh.ch/en/document?edcs-id=EDCS-17300528","persons":[{"nomen":"Truttedius","gender":"male","raw_name":"Sex(to) Trutte dio Sex(ti) f(ilio) Pol(lia) Sabino","praenomen":"Sextus","cognomen":"Sabinus","status":"infanti dulcissimo"},{"nomen":"Truttedius","gender":"male","raw_name":"Sex(tus) Truttedius Clemens","praenomen":"Sextus","cognomen":"Clemens","status":"pater"}]}},{"type":"Feature","geometry":{"type":"Point","coordinates":[13.52,43.62]},"properties":{"edcs_id":"EDCS-17300529","findspot":"Ancona","raw_text":"Dis Manibus Lucio Valerio Luci filio Saturnino Freiae Luci libertae Chreste Lucius Freius Saturninus parentibus pientissimis posuit bene merentibus","date_from":0,"date_to":0,"marker_gender":"mixed","is_individual":false,"edcs_url":"https://edcs.hist.uzh.ch/en/document?edcs-id=EDCS-17300529","persons":[{"nomen":"Valerius","gender":"male","raw_name":"L. Valerio L. f. Saturnino","praenomen":"Lucius","cognomen":"Saturninus","status":"parentibus pientissim(is)"},{"nomen":"Freia","gender":"female","raw_name":"Freiae L. liber(tae) Chreste","cognomen":"Chreste","status":"libertae"},{"nomen":"Freius","gender":"male","raw_name":"L. Freius Saturninus","praenomen":"Lucius","cognomen":"Saturninus","status":"parentibus pientissim(is)"}]}},{"type":"Feature","geometry":{"type":"Point","coordinates":[13.52,43.62]},"properties":{"edcs_id":"EDCS-17300530","findspot":"Ancona","raw_text":"usepiae suis","date_from":0,"date_to":0,"marker_gender":"female","is_individual":false,"edcs_url":"https://edcs.hist.uzh.ch/en/document?edcs-id=EDCS-17300530","persons":[{"nomen":"","gender":"female","raw_name":"]use pia[e]","cognomen":"Ausepia","status":"suis"}]}},{"type":"Feature","geometry":{"type":"Point","coordinates":[13.18,43.23]},"properties":{"edcs_id":"EDCS-17300533","findspot":"San Severino Marche / Septempeda","raw_text":"[Imp(erator) T(itus)] Ca[esar] / [di]vi Vespasia[ni f(ilius)] / Vespasianus [Aug(ustus)] / pontif(ex) max(imus) tr(ibunicia) / pot(estate) VIIII imp(erator) XV / co(n)s(ul) VIII p(ater) p(atriae) cen(sor) / CXLII","date_from":0,"date_to":0,"marker_gender":"male","is_individual":false,"edcs_url":"https://edcs.hist.uzh.ch/en/document?edcs-id=EDCS-17300533","persons":[{"nomen":"Vespasianus","gender":"male","raw_name":"[Imp(erator) T(itus)] Ca[esar]   [di]vi Vespasia[ni f(ilius)]   Vespasianus [Aug(ustus)]","praenomen":"Titus","cognomen":"Augustus","status":"Imperator Caesar, pontifex maximus, tribunicia potestate VIIII, imperator XV, consul VIII, pater patriae, censor","is_imperial":true}]}},{"type":"Feature","geometry":{"type":"Point","coordinates":[13.52,43.62]},"properties":{"edcs_id":"EDCS-17300537","findspot":"Ancona","raw_text":"Liberatori / <o=V>rbis Romani / restitutor[i lib]ertat[is et] / rei publ[ic]ae / conservat[or]i militum / et pr<o=I>vincial[ium] / domino n(os)tro [[[Magnentio]]] / Invicto principi / victo(ri) ac trium/fatori sem[p]er Au[g(usto)] / Flavius [3] / M[3] / [3]N[","date_from":0,"date_to":0,"marker_gender":"male","is_individual":false,"edcs_url":"https://edcs.hist.uzh.ch/en/document?edcs-id=EDCS-17300537","persons":[{"nomen":"","gender":"male","raw_name":"Liberatori <o=V>rbis Romani restitutor[i lib]ertat[is et] rei publ[ic]ae conservat[or]i militum et pr<o=I>vincial[ium] domino n(os)tro [[[Magnentio]]] Invicto principi victo(ri) ac trium fatori sem[p]er Au[g(usto)]","cognomen":"Liberator","status":"Orbis Romani, restitutor libertatis et rei publicae, conservator militum et provincialium, domino nostro Magnento Invito principi, victo(ri) ac triumphatori semper Augusto","is_imperial":true},{"nomen":"Flavius","gender":"male","raw_name":"Flavius [3]"}]}},{"type":"Feature","geometry":{"type":"Point","coordinates":[13.47,43.11]},"properties":{"edcs_id":"EDCS-17300538","findspot":"Falerone / Falerio Picenus","raw_text":"DD(ominis) nn(ostris) / Flavio Valerio / Constantio et / Galerio Maximi/ano Invictis et / clementissimis / Augg(ustis) et dd(ominis) nn(ostris) / [F]lavio [Val]erio / [Severo et Galerio] / [Valerio Maximi]/[no nobilissimis ac] / [beatissimis Caesaribus] // Conservatori / pacis et conservatori{s} / i<m=N>perii Romani d(omino) n(ostro) / Constantio Maximo / victo[r]i ac triump(h)a/tori semper Aug(usto)","date_from":0,"date_to":0,"marker_gender":"male","is_individual":false,"edcs_url":"https://edcs.hist.uzh.ch/en/document?edcs-id=EDCS-17300538","persons":[{"nomen":"Flavius Valerius","gender":"male","raw_name":"Flavio Valerio Constantio","cognomen":"Constantius","status":"Dominus noster, Invictus et clementissimus Augustus","is_imperial":true,"cluster_id":377,"cluster_size":2},{"nomen":"Galerius","gender":"male","raw_name":"Galerio Maximi ano","cognomen":"Maximianus","status":"Dominus noster, Invictus et clementissimus Augustus","is_imperial":true,"cluster_id":282,"cluster_size":3},{"nomen":"Flavius Valerius","gender":"male","raw_name":"[F]lavio [Val]erio [Severo","cognomen":"Severus","status":"Dominus noster, Nobilissimus ac beatissimus Caesar","is_imperial":true,"cluster_id":281,"cluster_size":2},{"nomen":"Galerius Valerius","gender":"male","raw_name":"Galerio Valerio Maximi no","cognomen":"Maximianus","status":"Dominus noster, Nobilissimus ac beatissimus Caesar","is_imperial":true,"cluster_id":282,"cluster_size":3},{"nomen":"","gender":"male","raw_name":"Constantio Maximo","cognomen":"Constantius","status":"Dominus noster, Victor ac triumphator semper Augustus, Conservatori pacis et conservatori imperii Romani","is_imperial":true}]}},{"type":"Feature","geometry":{"type":"Point","coordinates":[13.38,43.2]},"properties":{"edcs_id":"EDCS-17400002","findspot":"Urbisaglia / Urbs Salvia","raw_text":"C(aius) Turpidi(us) P(ubli) f(ilius) Hor(atia) / [C(aius) Tu]rpidius C(ai) f(ilius) Severus f(ilius) v(ixit) a(nnos) XVI / [par]entibus praesidium amiceis gaudium / [po]llicita pueri virtus indigne occidit / quoius fatum acerbum populus indigne tulit / magnoque fletu funus prosecutus est","date_from":0,"date_to":0,"marker_gender":"male","is_individual":true,"edcs_url":"https://edcs.hist.uzh.ch/en/document?edcs-id=EDCS-17400002","persons":[{"nomen":"Turpidius","gender":"male","raw_name":"C. Turpidi(us) P. f. Hor. [C. Tu]rpidius C. f. Severus filius vixit annos XVI parentibus praesidium amiceis gaudium pollicita pueri virtus indigne occidit quoius fatum acerbum populus indigne tulit magnoque fletu funus prosecutus est","praenomen":"Gaius","cognomen":"Severus","status":"P. filius, Horatia, (et) parentibus praesidium amiceis gaudium pollicita pueri virtus indigne occidit quoius fatum acerbum populus indigne tulit magnoque fletu funus prosecutus est"}]}},{"type":"Feature","geometry":{"type":"Point","coordinates":[13.66,43.44]},"properties":{"edcs_id":"EDCS-17500003","findspot":"Porto Recanati / Potentia","raw_text":"Auli Faesoni Auli filii","date_from":0,"date_to":0,"marker_gender":"male","is_individual":false,"edcs_url":"https://edcs.hist.uzh.ch/en/document?edcs-id=EDCS-17500003","persons":[{"nomen":"Faesonius","gender":"male","raw_name":"A. Faesoni A. f.","praenomen":"Aulus","status":"Auli filius"}]}},{"type":"Feature","geometry":{"type":"Point","coordinates":[13.45,43.3]},"properties":{"edcs_id":"EDCS-17500005","findspot":"Macerata / Ricina","raw_text":"Chrysippi","date_from":0,"date_to":0,"marker_gender":"male","is_individual":false,"edcs_url":"https://edcs.hist.uzh.ch/en/document?edcs-id=EDCS-17500005","persons":[{"nomen":"","gender":"male","raw_name":"C(h)rysippi","cognomen":"Chrysippus","cluster_id":1482,"cluster_size":2,"cluster_confidence":"low"}]}},{"type":"Feature","geometry":{"type":"Point","coordinates":[13.45,43.3]},"properties":{"edcs_id":"EDCS-17500006","findspot":"Macerata / Ricina","raw_text":"Chrysippi","date_from":0,"date_to":0,"marker_gender":"male","is_individual":false,"edcs_url":"https://edcs.hist.uzh.ch/en/document?edcs-id=EDCS-17500006","persons":[{"nomen":"","gender":"male","raw_name":"C(h)rysippi","cognomen":"Chrysippus","cluster_id":1482,"cluster_size":2,"cluster_confidence":"low"}]}},{"type":"Feature","geometry":{"type":"Point","coordinates":[13.45,43.3]},"properties":{"edcs_id":"EDCS-17500007","findspot":"Macerata / Ricina","raw_text":"Sutri Laureae","date_from":0,"date_to":0,"marker_gender":"male","is_individual":false,"edcs_url":"https://edcs.hist.uzh.ch/en/document?edcs-id=EDCS-17500007","persons":[{"nomen":"","gender":"male","raw_name":"Sutri","cognomen":"Sutrius"},{"nomen":"","gender":"male","raw_name":"Laureae","cognomen":"Laureas"}]}},{"type":"Feature","geometry":{"type":"Point","coordinates":[13.98,42.58]},"properties":{"edcs_id":"EDCS-17500012","findspot":"Atri / Hadria / Adria","raw_text":"Marci Anni Modesti","date_from":0,"date_to":0,"marker_gender":"male","is_individual":false,"edcs_url":"https://edcs.hist.uzh.ch/en/document?edcs-id=EDCS-17500012","persons":[{"nomen":"Annius","gender":"male","raw_name":"M. Anni Modes{s}ti","cognomen":"Modestus"}]}},{"type":"Feature","geometry":{"type":"Point","coordinates":[13.98,42.58]},"properties":{"edcs_id":"EDCS-17500013","findspot":"Atri / Hadria / Adria","raw_text":"Faustina","date_from":0,"date_to":0,"marker_gender":"female","is_individual":false,"edcs_url":"https://edcs.hist.uzh.ch/en/document?edcs-id=EDCS-17500013","persons":[{"nomen":"","gender":"female","raw_name":"Faus tina","cognomen":"Faustina"}]}},{"type":"Feature","geometry":{"type":"Point","coordinates":[13.98,42.58]},"properties":{"edcs_id":"EDCS-17500015","findspot":"Atri / Hadria / Adria","raw_text":"Mercuri","date_from":0,"date_to":0,"marker_gender":"male","is_individual":false,"edcs_url":"https://edcs.hist.uzh.ch/en/document?edcs-id=EDCS-17500015","persons":[{"nomen":"","gender":"male","raw_name":"Mer curi","cognomen":"Mercurius","is_deity":true,"cluster_confidence":"excluded"}]}},{"type":"Feature","geometry":{"type":"Point","coordinates":[13.98,42.58]},"properties":{"edcs_id":"EDCS-17500016","findspot":"Atri / Hadria / Adria","raw_text":"Titi Silei Petru VARI","date_from":0,"date_to":0,"marker_gender":"male","is_individual":false,"edcs_url":"https://edcs.hist.uzh.ch/en/document?edcs-id=EDCS-17500016","persons":[{"nomen":"Sileius","gender":"male","raw_name":"T(iti) Silei Petru()","praenomen":"Titus"}]}},{"type":"Feature","geometry":{"type":"Point","coordinates":[13.98,42.58]},"properties":{"edcs_id":"EDCS-17500017","findspot":"Atri / Hadria / Adria","raw_text":"Fusi Scaevolae","date_from":0,"date_to":0,"marker_gender":"male","is_individual":false,"edcs_url":"https://edcs.hist.uzh.ch/en/document?edcs-id=EDCS-17500017","persons":[{"nomen":"","gender":"male","raw_name":"Fusi Scae(volae?)","cognomen":"Scaevola"}]}},{"type":"Feature","geometry":{"type":"Point","coordinates":[13.98,42.58]},"properties":{"edcs_id":"EDCS-17500018","findspot":"Atri / Hadria / Adria","raw_text":"Titi Cae Fusci","date_from":0,"date_to":0,"marker_gender":"male","is_individual":false,"edcs_url":"https://edcs.hist.uzh.ch/en/document?edcs-id=EDCS-17500018","persons":[{"nomen":"","gender":"male","raw_name":"T(iti) Cae() Fusci","cognomen":"Fuscus"}]}},{"type":"Feature","geometry":{"type":"Point","coordinates":[13.64,42.58]},"properties":{"edcs_id":"EDCS-17500019","findspot":"Montorio al Vomano / Interamnia Praetuttiorum","raw_text":"Cai Lucenti vivas in Christo","date_from":0,"date_to":0,"marker_gender":"male","is_individual":false,"edcs_url":"https://edcs.hist.uzh.ch/en/document?edcs-id=EDCS-17500019","persons":[{"nomen":"Lucentius","gender":"male","raw_name":"C. Lucenti","praenomen":"Caius"}]}},{"type":"Feature","geometry":{"type":"Point","coordinates":[13.52,43.62]},"properties":{"edcs_id":"EDCS-17500043","findspot":"Ancona","raw_text":"Hortesiae Alcis","date_from":0,"date_to":0,"marker_gender":"mixed","is_individual":false,"edcs_url":"https://edcs.hist.uzh.ch/en/document?edcs-id=EDCS-17500043","persons":[{"nomen":"Hortesia","gender":"female","raw_name":"Hortesiae"},{"nomen":"","gender":"male","raw_name":"Alcis","cognomen":"Alcus"}]}},{"type":"Feature","geometry":{"type":"Point","coordinates":[12.49,41.89]},"properties":{"edcs_id":"EDCS-17500051","findspot":"Cingoli / Cingulum","raw_text":"Luci Appei Paulini","date_from":0,"date_to":0,"marker_gender":"male","is_individual":false,"edcs_url":"https://edcs.hist.uzh.ch/en/document?edcs-id=EDCS-17500051","persons":[{"nomen":"Appeius","gender":"male","raw_name":"L. Appei Paulini","praenomen":"Lucius","cognomen":"Paulinus"}]}},{"type":"Feature","geometry":{"type":"Point","coordinates":[12.49,41.89]},"properties":{"edcs_id":"EDCS-17500052","findspot":"Cingoli / Cingulum","raw_text":"Conderci","date_from":0,"date_to":0,"marker_gender":"male","is_individual":false,"edcs_url":"https://edcs.hist.uzh.ch/en/document?edcs-id=EDCS-17500052","persons":[{"nomen":"","gender":"male","raw_name":"Conderci","cognomen":"Condercus"}]}},{"type":"Feature","geometry":{"type":"Point","coordinates":[12.49,41.89]},"properties":{"edcs_id":"EDCS-17500053","findspot":"Cingoli / Cingulum","raw_text":"Gnomoni","date_from":0,"date_to":0,"marker_gender":"male","is_individual":false,"edcs_url":"https://edcs.hist.uzh.ch/en/document?edcs-id=EDCS-17500053","persons":[{"nomen":"","gender":"male","raw_name":"Gnomoni","cognomen":"Gnomo"}]}},{"type":"Feature","geometry":{"type":"Point","coordinates":[13.52,43.62]},"properties":{"edcs_id":"EDCS-17500304","findspot":"Ancona","raw_text":"Damalae","date_from":0,"date_to":0,"marker_gender":"unknown","is_individual":false,"edcs_url":"https://edcs.hist.uzh.ch/en/document?edcs-id=EDCS-17500304","persons":[{"nomen":"","gender":"unknown","raw_name":"Damalae","cognomen":"Damala"}]}},{"type":"Feature","geometry":{"type":"Point","coordinates":[13.58,42.85]},"properties":{"edcs_id":"EDCS-17500305","findspot":"Ascoli Piceno / Asculum Picenum","raw_text":"Sextus AV Felix","date_from":0,"date_to":0,"marker_gender":"male","is_individual":true,"edcs_url":"https://edcs.hist.uzh.ch/en/document?edcs-id=EDCS-17500305","persons":[{"nomen":"","gender":"male","raw_name":"Sex. AV Felix","praenomen":"Sextus","cognomen":"Felix","cluster_id":1147,"cluster_size":2,"cluster_confidence":"low"}]}},{"type":"Feature","geometry":{"type":"Point","coordinates":[13.58,42.85]},"properties":{"edcs_id":"EDCS-17500306","findspot":"Ascoli Piceno / Asculum Picenum","raw_text":"Cinnami","date_from":0,"date_to":0,"marker_gender":"male","is_individual":true,"edcs_url":"https://edcs.hist.uzh.ch/en/document?edcs-id=EDCS-17500306","persons":[{"nomen":"","gender":"male","raw_name":"Cinnami","cognomen":"Cinnamus"}]}},{"type":"Feature","geometry":{"type":"Point","coordinates":[13.58,42.85]},"properties":{"edcs_id":"EDCS-17500307","findspot":"Ascoli Piceno / Asculum Picenum","raw_text":"Flavoni","date_from":0,"date_to":0,"marker_gender":"male","is_individual":true,"edcs_url":"https://edcs.hist.uzh.ch/en/document?edcs-id=EDCS-17500307","persons":[{"nomen":"Flavius","gender":"male","raw_name":"Flavoni"}]}},{"type":"Feature","geometry":{"type":"Point","coordinates":[13.58,42.85]},"properties":{"edcs_id":"EDCS-17500308","findspot":"Ascoli Piceno / Asculum Picenum","raw_text":"Fusci","date_from":0,"date_to":0,"marker_gender":"male","is_individual":true,"edcs_url":"https://edcs.hist.uzh.ch/en/document?edcs-id=EDCS-17500308","persons":[{"nomen":"","gender":"male","raw_name":"Fusci","cognomen":"Fuscus"}]}},{"type":"Feature","geometry":{"type":"Point","coordinates":[13.58,42.85]},"properties":{"edcs_id":"EDCS-17500309","findspot":"Ascoli Piceno / Asculum Picenum","raw_text":"Luci Gelli","date_from":0,"date_to":0,"marker_gender":"male","is_individual":true,"edcs_url":"https://edcs.hist.uzh.ch/en/document?edcs-id=EDCS-17500309","persons":[{"nomen":"Gellius","gender":"male","raw_name":"L. Gelli","praenomen":"Lucius"}]}},{"type":"Feature","geometry":{"type":"Point","coordinates":[13.58,42.85]},"properties":{"edcs_id":"EDCS-17500310","findspot":"Ascoli Piceno / Asculum Picenum","raw_text":"Mesenus Menupilus","date_from":0,"date_to":0,"marker_gender":"male","is_individual":true,"edcs_url":"https://edcs.hist.uzh.ch/en/document?edcs-id=EDCS-17500310","persons":[{"nomen":"","gender":"male","raw_name":"Mesenus Menupilus","cognomen":"Mesenus Menupilus"}]}},{"type":"Feature","geometry":{"type":"Point","coordinates":[13.58,42.85]},"properties":{"edcs_id":"EDCS-17500311","findspot":"Ascoli Piceno / Asculum Picenum","raw_text":"Publi SI S","date_from":0,"date_to":0,"marker_gender":"male","is_individual":true,"edcs_url":"https://edcs.hist.uzh.ch/en/document?edcs-id=EDCS-17500311","persons":[{"nomen":"","gender":"male","raw_name":"Publi SI[3]S","praenomen":"Publius"}]}},{"type":"Feature","geometry":{"type":"Point","coordinates":[13.58,42.85]},"properties":{"edcs_id":"EDCS-17500312","findspot":"Ascoli Piceno / Asculum Picenum","raw_text":"Marci Pumid","date_from":0,"date_to":0,"marker_gender":"male","is_individual":true,"edcs_url":"https://edcs.hist.uzh.ch/en/document?edcs-id=EDCS-17500312","persons":[{"nomen":"Pumidius","gender":"male","raw_name":"M. Pumid[","praenomen":"Marcus"}]}},{"type":"Feature","geometry":{"type":"Point","coordinates":[13.58,42.85]},"properties":{"edcs_id":"EDCS-17500313","findspot":"Ascoli Piceno / Asculum Picenum","raw_text":"Marci Salvi","date_from":0,"date_to":0,"marker_gender":"male","is_individual":true,"edcs_url":"https://edcs.hist.uzh.ch/en/document?edcs-id=EDCS-17500313","persons":[{"nomen":"Salvius","gender":"male","raw_name":"M. Salvi","praenomen":"Marcus"}]}},{"type":"Feature","geometry":{"type":"Point","coordinates":[13.58,42.85]},"properties":{"edcs_id":"EDCS-17500315","findspot":"Ascoli Piceno / Asculum Picenum","raw_text":"Sexti Titi","date_from":0,"date_to":0,"marker_gender":"male","is_individual":true,"edcs_url":"https://edcs.hist.uzh.ch/en/document?edcs-id=EDCS-17500315","persons":[{"nomen":"Titius","gender":"male","raw_name":"Sex.   Titi","praenomen":"Sextus"}]}},{"type":"Feature","geometry":{"type":"Point","coordinates":[13.58,42.85]},"properties":{"edcs_id":"EDCS-17500317","findspot":"Ascoli Piceno / Asculum Picenum","raw_text":"Villi","date_from":0,"date_to":0,"marker_gender":"male","is_individual":true,"edcs_url":"https://edcs.hist.uzh.ch/en/document?edcs-id=EDCS-17500317","persons":[{"nomen":"Villius","gender":"male","raw_name":"Villi"}]}},{"type":"Feature","geometry":{"type":"Point","coordinates":[13.86,43.03]},"properties":{"edcs_id":"EDCS-17500348","findspot":"Cupra Marittima / Marano / Cupra Maritima","raw_text":"Stern","date_from":0,"date_to":0,"marker_gender":"male","is_individual":false,"edcs_url":"https://edcs.hist.uzh.ch/en/document?edcs-id=EDCS-17500348","persons":[{"nomen":"","gender":"male","raw_name":"Stern[","cognomen":"Sternus"}]}},{"type":"Feature","geometry":{"type":"Point","coordinates":[13.86,43.03]},"properties":{"edcs_id":"EDCS-17500349","findspot":"Cupra Marittima / Marano / Cupra Maritima","raw_text":"Africa","date_from":0,"date_to":0,"marker_gender":"female","is_individual":false,"edcs_url":"https://edcs.hist.uzh.ch/en/document?edcs-id=EDCS-17500349","persons":[{"nomen":"","gender":"female","raw_name":"Africa","cognomen":"Africa"}]}},{"type":"Feature","geometry":{"type":"Point","coordinates":[13.86,43.03]},"properties":{"edcs_id":"EDCS-17500350","findspot":"Cupra Marittima / Marano / Cupra Maritima","raw_text":"Titi Albi Secundi","date_from":0,"date_to":0,"marker_gender":"male","is_individual":false,"edcs_url":"https://edcs.hist.uzh.ch/en/document?edcs-id=EDCS-17500350","persons":[{"nomen":"Albius","gender":"male","raw_name":"T. Albi Secundi","praenomen":"Titus","cognomen":"Secundus"}]}},{"type":"Feature","geometry":{"type":"Point","coordinates":[13.86,43.03]},"properties":{"edcs_id":"EDCS-17500351","findspot":"Cupra Marittima / Marano / Cupra Maritima","raw_text":"Luci Man Comini Cypriaci","date_from":0,"date_to":0,"marker_gender":"male","is_individual":false,"edcs_url":"https://edcs.hist.uzh.ch/en/document?edcs-id=EDCS-17500351","persons":[{"nomen":"Manlius","gender":"male","raw_name":"L. Man() Comin(i) Cypriac(i)","praenomen":"Lucius","cognomen":"Cominius Cyprianus"}]}},{"type":"Feature","geometry":{"type":"Point","coordinates":[13.86,43.03]},"properties":{"edcs_id":"EDCS-17500352","findspot":"Cupra Marittima / Marano / Cupra Maritima","raw_text":"Epidiorum Cai Marci","date_from":0,"date_to":0,"marker_gender":"male","is_individual":false,"edcs_url":"https://edcs.hist.uzh.ch/en/document?edcs-id=EDCS-17500352","persons":[{"nomen":"Marcius","gender":"male","raw_name":"Epidiorum C. Marci","praenomen":"Caius","cognomen":"Epidius"}]}},{"type":"Feature","geometry":{"type":"Point","coordinates":[13.86,43.03]},"properties":{"edcs_id":"EDCS-17500353","findspot":"Cupra Marittima / Marano / Cupra Maritima","raw_text":"Duorum Domitiorum","date_from":0,"date_to":0,"marker_gender":"unknown","is_individual":false,"edcs_url":"https://edcs.hist.uzh.ch/en/document?edcs-id=EDCS-17500353","persons":[{"nomen":"Domitius","gender":"unknown","raw_name":"Duorum Domitiorum"}]}},{"type":"Feature","geometry":{"type":"Point","coordinates":[13.86,43.03]},"properties":{"edcs_id":"EDCS-17500354","findspot":"Cupra Marittima / Marano / Cupra Maritima","raw_text":"Duorum Domitiorum","date_from":0,"date_to":0,"marker_gender":"male","is_individual":false,"edcs_url":"https://edcs.hist.uzh.ch/en/document?edcs-id=EDCS-17500354","persons":[{"nomen":"Domitius","gender":"male","raw_name":"Duorum Domitiorum","status":"duorum"}]}},{"type":"Feature","geometry":{"type":"Point","coordinates":[13.86,43.03]},"properties":{"edcs_id":"EDCS-17500355","findspot":"Cupra Marittima / Marano / Cupra Maritima","raw_text":"Duorum Domitiorum","date_from":0,"date_to":0,"marker_gender":"male","is_individual":false,"edcs_url":"https://edcs.hist.uzh.ch/en/document?edcs-id=EDCS-17500355","persons":[{"nomen":"Domitius","gender":"male","raw_name":"Du(orum) Domitiorum","status":"duorum"}]}},{"type":"Feature","geometry":{"type":"Point","coordinates":[13.86,43.03]},"properties":{"edcs_id":"EDCS-17500356","findspot":"Cupra Marittima / Marano / Cupra Maritima","raw_text":"Duorum Domitiorum","date_from":0,"date_to":0,"marker_gender":"male","is_individual":false,"edcs_url":"https://edcs.hist.uzh.ch/en/document?edcs-id=EDCS-17500356","persons":[{"nomen":"Domitius","gender":"male","raw_name":"Duorum Domitiorum","status":"duorum"}]}},{"type":"Feature","geometry":{"type":"Point","coordinates":[13.86,43.03]},"properties":{"edcs_id":"EDCS-17500358","findspot":"Cupra Marittima / Marano / Cupra Maritima","raw_text":"Cinniana Iul Pri","date_from":0,"date_to":0,"marker_gender":"female","is_individual":false,"edcs_url":"https://edcs.hist.uzh.ch/en/document?edcs-id=EDCS-17500358","persons":[{"nomen":"Cinniana","gender":"female","raw_name":"Cinniana Iul() Pri()","cognomen":"Iulus Pri"}]}},{"type":"Feature","geometry":{"type":"Point","coordinates":[13.48,43.49]},"properties":{"edcs_id":"EDCS-17500371","findspot":"Osimo / Auximum","raw_text":"Afrani Celeris","date_from":0,"date_to":0,"marker_gender":"male","is_individual":false,"edcs_url":"https://edcs.hist.uzh.ch/en/document?edcs-id=EDCS-17500371","persons":[{"nomen":"Afranius","gender":"male","raw_name":"Afran. Celeris","cognomen":"Celeris"}]}},{"type":"Feature","geometry":{"type":"Point","coordinates":[13.48,43.49]},"properties":{"edcs_id":"EDCS-17500372","findspot":"Osimo / Auximum","raw_text":"C(ai) Iul(i) Castini","date_from":0,"date_to":0,"marker_gender":"male","is_individual":false,"edcs_url":"https://edcs.hist.uzh.ch/en/document?edcs-id=EDCS-17500372","persons":[{"nomen":"Iulius","gender":"male","raw_name":"C. Iul. Castini","praenomen":"Gaius","cognomen":"Castinus"}]}},{"type":"Feature","geometry":{"type":"Point","coordinates":[13.48,43.49]},"properties":{"edcs_id":"EDCS-17500373","findspot":"Osimo / Auximum","raw_text":"Quinti L Catti","date_from":0,"date_to":0,"marker_gender":"male","is_individual":false,"edcs_url":"https://edcs.hist.uzh.ch/en/document?edcs-id=EDCS-17500373","persons":[{"nomen":"","gender":"male","raw_name":"Q. L. Catti","praenomen":"Quintus","cognomen":"Cattus"}]}},{"type":"Feature","geometry":{"type":"Point","coordinates":[13.48,43.49]},"properties":{"edcs_id":"EDCS-17500375","findspot":"Osimo / Auximum","raw_text":"Taravei","date_from":0,"date_to":0,"marker_gender":"unknown","is_individual":false,"edcs_url":"https://edcs.hist.uzh.ch/en/document?edcs-id=EDCS-17500375","persons":[{"nomen":"","gender":"unknown","raw_name":"Taravei","cognomen":"Taravei"}]}},{"type":"Feature","geometry":{"type":"Point","coordinates":[13.48,43.49]},"properties":{"edcs_id":"EDCS-17500376","findspot":"Osimo / Auximum","raw_text":"Marci Fulcini Eutychetis","date_from":0,"date_to":0,"marker_gender":"male","is_individual":false,"edcs_url":"https://edcs.hist.uzh.ch/en/document?edcs-id=EDCS-17500376","persons":[{"nomen":"Fulcini","gender":"male","raw_name":"M. Fulcini Eutychetis","praenomen":"Marcus","cognomen":"Eutychetes"}]}},{"type":"Feature","geometry":{"type":"Point","coordinates":[13.48,43.49]},"properties":{"edcs_id":"EDCS-17500377","findspot":"Osimo / Auximum","raw_text":"Marci Oppi Saturnini","date_from":0,"date_to":0,"marker_gender":"male","is_individual":false,"edcs_url":"https://edcs.hist.uzh.ch/en/document?edcs-id=EDCS-17500377","persons":[{"nomen":"Oppi","gender":"male","raw_name":"M. Oppi Saturnini","praenomen":"Marcus","cognomen":"Saturninus"}]}},{"type":"Feature","geometry":{"type":"Point","coordinates":[13.48,43.49]},"properties":{"edcs_id":"EDCS-17500378","findspot":"Osimo / Auximum","raw_text":"Marci Num Phoebi","date_from":0,"date_to":0,"marker_gender":"male","is_individual":false,"edcs_url":"https://edcs.hist.uzh.ch/en/document?edcs-id=EDCS-17500378","persons":[{"nomen":"","gender":"male","raw_name":"M. Num() Phoebi","praenomen":"Marcus","cognomen":"Phoebus"}]}},{"type":"Feature","geometry":{"type":"Point","coordinates":[13.48,43.49]},"properties":{"edcs_id":"EDCS-17500379","findspot":"Osimo / Auximum","raw_text":"Luciorum C Rufertiorum","date_from":0,"date_to":0,"marker_gender":"male","is_individual":false,"edcs_url":"https://edcs.hist.uzh.ch/en/document?edcs-id=EDCS-17500379","persons":[{"nomen":"Lucius","gender":"male","raw_name":"L. C()"},{"nomen":"Rufertiorum","gender":"unknown","raw_name":"Rufertiorum"}]}},{"type":"Feature","geometry":{"type":"Point","coordinates":[13.48,43.49]},"properties":{"edcs_id":"EDCS-17500380","findspot":"Osimo / Auximum","raw_text":"Quinti Ver Arte","date_from":0,"date_to":0,"marker_gender":"male","is_individual":false,"edcs_url":"https://edcs.hist.uzh.ch/en/document?edcs-id=EDCS-17500380","persons":[{"nomen":"","gender":"male","raw_name":"Q. Ver() Arte()","praenomen":"Quintus","cognomen":"Arte"}]}},{"type":"Feature","geometry":{"type":"Point","coordinates":[13.48,43.49]},"properties":{"edcs_id":"EDCS-17500381","findspot":"Osimo / Auximum","raw_text":"Cnaei Domiti Asiatici opus doliare ex praediis Domitiae Publi filiae Lucillae","date_from":0,"date_to":0,"marker_gender":"mixed","is_individual":false,"edcs_url":"https://edcs.hist.uzh.ch/en/document?edcs-id=EDCS-17500381","persons":[{"nomen":"Domitius","gender":"male","raw_name":"Cn. Domiti Asiatici","praenomen":"Gnaeus","cognomen":"Asiaticus"},{"nomen":"Domitia","gender":"female","raw_name":"Dom(itiae) P. f. Luc(illae)","cognomen":"Lucilla","status":"Publi filia"}]}},{"type":"Feature","geometry":{"type":"Point","coordinates":[13.48,43.49]},"properties":{"edcs_id":"EDCS-17500383","findspot":"Osimo / Auximum","raw_text":"Cai Camuri Salvi filii","date_from":0,"date_to":0,"marker_gender":"male","is_individual":false,"edcs_url":"https://edcs.hist.uzh.ch/en/document?edcs-id=EDCS-17500383","persons":[{"nomen":"Camurius","gender":"male","raw_name":"C. Camuri Sal. f.","praenomen":"Caius","cognomen":"Salvius","status":"filius"}]}},{"type":"Feature","geometry":{"type":"Point","coordinates":[13.86,43.03]},"properties":{"edcs_id":"EDCS-17500385","findspot":"Cupra Marittima / Marano / Cupra Maritima","raw_text":"Luci Epidi Theodori","date_from":0,"date_to":0,"marker_gender":"male","is_individual":false,"edcs_url":"https://edcs.hist.uzh.ch/en/document?edcs-id=EDCS-17500385","persons":[{"nomen":"Epidius","gender":"male","raw_name":"L. Epidi Theodori","praenomen":"Lucius","cognomen":"Theodorus"}]}},{"type":"Feature","geometry":{"type":"Point","coordinates":[13.86,43.03]},"properties":{"edcs_id":"EDCS-17500386","findspot":"Cupra Marittima / Marano / Cupra Maritima","raw_text":"Dionysios Coloponios epoiei","date_from":0,"date_to":0,"marker_gender":"male","is_individual":false,"edcs_url":"https://edcs.hist.uzh.ch/en/document?edcs-id=EDCS-17500386","persons":[{"nomen":"","gender":"male","raw_name":"Dionysios Coloponios","cognomen":"Dionysios"}]}},{"type":"Feature","geometry":{"type":"Point","coordinates":[13.47,43.11]},"properties":{"edcs_id":"EDCS-17500390","findspot":"Falerone / Falerio Picenus","raw_text":"Antiochi","date_from":0,"date_to":0,"marker_gender":"male","is_individual":false,"edcs_url":"https://edcs.hist.uzh.ch/en/document?edcs-id=EDCS-17500390","persons":[{"nomen":"","gender":"male","raw_name":"Antioc(hi)","cognomen":"Antiocus"}]}},{"type":"Feature","geometry":{"type":"Point","coordinates":[13.47,43.11]},"properties":{"edcs_id":"EDCS-17500393","findspot":"Falerone / Falerio Picenus","raw_text":"apidi Cai filii Capidati","date_from":0,"date_to":0,"marker_gender":"male","is_individual":false,"edcs_url":"https://edcs.hist.uzh.ch/en/document?edcs-id=EDCS-17500393","persons":[{"nomen":"","gender":"male","raw_name":"]apidi C. f. Capidati","cognomen":"Capidatus","status":"Cai filius"}]}},{"type":"Feature","geometry":{"type":"Point","coordinates":[13.47,43.11]},"properties":{"edcs_id":"EDCS-17500394","findspot":"Falerone / Falerio Picenus","raw_text":"N[e]r(onis) C[l]aud(i) Pansiana","date_from":0,"date_to":0,"marker_gender":"unknown","is_individual":false,"edcs_url":"https://edcs.hist.uzh.ch/en/document?edcs-id=EDCS-17500394","persons":[{"nomen":"Claud","gender":"unknown","raw_name":"N[e]r(onis) C[l]aud(i) Pansiana","cognomen":"Pansiana"}]}},{"type":"Feature","geometry":{"type":"Point","coordinates":[13.12,43.45]},"properties":{"edcs_id":"EDCS-17500469","findspot":"Cupramontana / Cupra Montana","raw_text":"Quinti Flavi Hermetis","date_from":0,"date_to":0,"marker_gender":"male","is_individual":false,"edcs_url":"https://edcs.hist.uzh.ch/en/document?edcs-id=EDCS-17500469","persons":[{"nomen":"Flavius","gender":"male","raw_name":"Q. Flavi Hermetis","praenomen":"Quintus","cognomen":"Hermes"}]}},{"type":"Feature","geometry":null,"properties":{"edcs_id":"EDCS-17500474","findspot":"Massaccio, Cupramontana / Cupra Montana","raw_text":"Cai Camuri Salvi filii","date_from":0,"date_to":0,"marker_gender":"male","is_individual":true,"edcs_url":"https://edcs.hist.uzh.ch/en/document?edcs-id=EDCS-17500474","persons":[{"nomen":"Camurius","gender":"male","raw_name":"C. Camuri Sal. f.","praenomen":"Caius","cognomen":"Salvius","cluster_id":587,"cluster_size":2}]}},{"type":"Feature","geometry":null,"properties":{"edcs_id":"EDCS-17500475","findspot":"Massaccio, Cupramontana / Cupra Montana","raw_text":"Cai Camuri Salvi filii","date_from":0,"date_to":0,"marker_gender":"male","is_individual":true,"edcs_url":"https://edcs.hist.uzh.ch/en/document?edcs-id=EDCS-17500475","persons":[{"nomen":"Camurius","gender":"male","raw_name":"C. Camuri Sal. f.","praenomen":"Caius","cognomen":"Salvius","cluster_id":587,"cluster_size":2}]}},{"type":"Feature","geometry":{"type":"Point","coordinates":[13.72,43.16]},"properties":{"edcs_id":"EDCS-17500476","findspot":"Fermo / Firmum Picenum","raw_text":"Publi M Pyl","date_from":0,"date_to":0,"marker_gender":"male","is_individual":false,"edcs_url":"https://edcs.hist.uzh.ch/en/document?edcs-id=EDCS-17500476","persons":[{"nomen":"","gender":"male","raw_name":"P. M() Pyl()","praenomen":"Publius","cognomen":"Pylus"}]}},{"type":"Feature","geometry":{"type":"Point","coordinates":[13.72,43.16]},"properties":{"edcs_id":"EDCS-17500482","findspot":"Fermo / Firmum Picenum","raw_text":"Publi A V","date_from":0,"date_to":0,"marker_gender":"male","is_individual":false,"edcs_url":"https://edcs.hist.uzh.ch/en/document?edcs-id=EDCS-17500482","persons":[{"nomen":"","gender":"male","raw_name":"P. A() V()","praenomen":"Publius"}]}},{"type":"Feature","geometry":{"type":"Point","coordinates":[13.72,43.16]},"properties":{"edcs_id":"EDCS-17500483","findspot":"Fermo / Firmum Picenum","raw_text":"Luci Aemili Secundi","date_from":0,"date_to":0,"marker_gender":"male","is_individual":false,"edcs_url":"https://edcs.hist.uzh.ch/en/document?edcs-id=EDCS-17500483","persons":[{"nomen":"Aemilius","gender":"male","raw_name":"L. Aemili Secundi","praenomen":"Lucius","cognomen":"Secundus"}]}},{"type":"Feature","geometry":{"type":"Point","coordinates":[13.72,43.16]},"properties":{"edcs_id":"EDCS-17500486","findspot":"Fermo / Firmum Picenum","raw_text":"Geniali","date_from":0,"date_to":0,"marker_gender":"male","is_individual":false,"edcs_url":"https://edcs.hist.uzh.ch/en/document?edcs-id=EDCS-17500486","persons":[{"nomen":"","gender":"male","raw_name":"Geniali","cognomen":"Genialis"}]}},{"type":"Feature","geometry":{"type":"Point","coordinates":[13.72,43.16]},"properties":{"edcs_id":"EDCS-17500488","findspot":"Fermo / Firmum Picenum","raw_text":"Publi Cinti Pancrati Secundi","date_from":0,"date_to":0,"marker_gender":"male","is_individual":false,"edcs_url":"https://edcs.hist.uzh.ch/en/document?edcs-id=EDCS-17500488","persons":[{"nomen":"Cintius","gender":"male","raw_name":"P. Cinti Pancrati Secundi","praenomen":"Publius","cognomen":"Pancratius Secundus"}]}},{"type":"Feature","geometry":{"type":"Point","coordinates":[13.72,43.16]},"properties":{"edcs_id":"EDCS-17500489","findspot":"Fermo / Firmum Picenum","raw_text":"Cai Atafni Primigeni Cai Atafni Primigeni","date_from":0,"date_to":0,"marker_gender":"male","is_individual":false,"edcs_url":"https://edcs.hist.uzh.ch/en/document?edcs-id=EDCS-17500489","persons":[{"nomen":"Atafnius","gender":"male","raw_name":"C. Atafni Primigeni","praenomen":"Caius","cognomen":"Primigenius"}]}},{"type":"Feature","geometry":{"type":"Point","coordinates":[13.72,43.16]},"properties":{"edcs_id":"EDCS-17500490","findspot":"Fermo / Firmum Picenum","raw_text":"Satur","date_from":0,"date_to":0,"marker_gender":"male","is_individual":false,"edcs_url":"https://edcs.hist.uzh.ch/en/document?edcs-id=EDCS-17500490","persons":[{"nomen":"","gender":"male","raw_name":"Satur()","cognomen":"Saturus"}]}},{"type":"Feature","geometry":{"type":"Point","coordinates":[13.72,43.16]},"properties":{"edcs_id":"EDCS-17500491","findspot":"Fermo / Firmum Picenum","raw_text":"Rutili L","date_from":0,"date_to":0,"marker_gender":"unknown","is_individual":false,"edcs_url":"https://edcs.hist.uzh.ch/en/document?edcs-id=EDCS-17500491","persons":[{"nomen":"Rutilius","gender":"unknown","raw_name":"Rutili L["}]}},{"type":"Feature","geometry":{"type":"Point","coordinates":[13.72,43.16]},"properties":{"edcs_id":"EDCS-17500493","findspot":"Fermo / Firmum Picenum","raw_text":"Cai Rabiri et Sexti","date_from":0,"date_to":0,"marker_gender":"male","is_individual":false,"edcs_url":"https://edcs.hist.uzh.ch/en/document?edcs-id=EDCS-17500493","persons":[{"nomen":"Rabirius","gender":"male","raw_name":"C. Rabir.","praenomen":"Gaius"},{"nomen":"","gender":"male","raw_name":"Sex.","praenomen":"Sextus"}]}},{"type":"Feature","geometry":{"type":"Point","coordinates":[13.72,43.16]},"properties":{"edcs_id":"EDCS-17500494","findspot":"Fermo / Firmum Picenum","raw_text":"Publius Publicius Ater","date_from":0,"date_to":0,"marker_gender":"male","is_individual":false,"edcs_url":"https://edcs.hist.uzh.ch/en/document?edcs-id=EDCS-17500494","persons":[{"nomen":"Publicius","gender":"male","raw_name":"P. Publicius Ater","praenomen":"Publius","cognomen":"Ater"}]}},{"type":"Feature","geometry":{"type":"Point","coordinates":[13.72,43.16]},"properties":{"edcs_id":"EDCS-17500495","findspot":"Fermo / Firmum Picenum","raw_text":"Publi Pos","date_from":0,"date_to":0,"marker_gender":"male","is_individual":false,"edcs_url":"https://edcs.hist.uzh.ch/en/document?edcs-id=EDCS-17500495","persons":[{"nomen":"Publicius","gender":"male","raw_name":"P. Publi[","praenomen":"Publius"}]}},{"type":"Feature","geometry":{"type":"Point","coordinates":[13.72,43.16]},"properties":{"edcs_id":"EDCS-17500497","findspot":"Fermo / Firmum Picenum","raw_text":"Pamphili","date_from":0,"date_to":0,"marker_gender":"male","is_individual":false,"edcs_url":"https://edcs.hist.uzh.ch/en/document?edcs-id=EDCS-17500497","persons":[{"nomen":"","gender":"male","raw_name":"Pamphil","cognomen":"Pamphilus"}]}},{"type":"Feature","geometry":{"type":"Point","coordinates":[13.72,43.16]},"properties":{"edcs_id":"EDCS-17500498","findspot":"Fermo / Firmum Picenum","raw_text":"Quinti Munati","date_from":0,"date_to":0,"marker_gender":"male","is_individual":false,"edcs_url":"https://edcs.hist.uzh.ch/en/document?edcs-id=EDCS-17500498","persons":[{"nomen":"Munatius","gender":"male","raw_name":"Q. Munati","praenomen":"Quintus"}]}},{"type":"Feature","geometry":{"type":"Point","coordinates":[13.72,43.16]},"properties":{"edcs_id":"EDCS-17500500","findspot":"Fermo / Firmum Picenum","raw_text":"Cnaeus Mallius Agrippa","date_from":0,"date_to":0,"marker_gender":"male","is_individual":false,"edcs_url":"https://edcs.hist.uzh.ch/en/document?edcs-id=EDCS-17500500","persons":[{"nomen":"Mallius","gender":"male","raw_name":"Cn. Mallius Agrippa","praenomen":"Gnaeus","cognomen":"Agrippa"}]}},{"type":"Feature","geometry":{"type":"Point","coordinates":[13.58,42.85]},"properties":{"edcs_id":"EDCS-17500504","findspot":"Ascoli Piceno / Asculum Picenum","raw_text":"Fortunat","date_from":0,"date_to":0,"marker_gender":"male","is_individual":true,"edcs_url":"https://edcs.hist.uzh.ch/en/document?edcs-id=EDCS-17500504","persons":[{"nomen":"","gender":"male","raw_name":"Fortunat()","cognomen":"Fortunatus","cluster_id":1170,"cluster_size":2,"cluster_confidence":"low"}]}},{"type":"Feature","geometry":{"type":"Point","coordinates":[13.58,42.85]},"properties":{"edcs_id":"EDCS-17500505","findspot":"Ascoli Piceno / Asculum Picenum","raw_text":"Marci Hor Aeliani","date_from":0,"date_to":0,"marker_gender":"male","is_individual":true,"edcs_url":"https://edcs.hist.uzh.ch/en/document?edcs-id=EDCS-17500505","persons":[{"nomen":"Horatius","gender":"male","raw_name":"M. Hor.   Aelia(ni)","praenomen":"Marcus","cognomen":"Aelianus"}]}},{"type":"Feature","geometry":{"type":"Point","coordinates":[13.58,42.85]},"properties":{"edcs_id":"EDCS-17500506","findspot":"Ascoli Piceno / Asculum Picenum","raw_text":"Luci Licini Prisci","date_from":0,"date_to":0,"marker_gender":"male","is_individual":true,"edcs_url":"https://edcs.hist.uzh.ch/en/document?edcs-id=EDCS-17500506","persons":[{"nomen":"Licinius","gender":"male","raw_name":"L. Licini Prisci","praenomen":"Lucius","cognomen":"Priscus"}]}},{"type":"Feature","geometry":{"type":"Point","coordinates":[13.58,42.85]},"properties":{"edcs_id":"EDCS-17500507","findspot":"Ascoli Piceno / Asculum Picenum","raw_text":"Iuvenalis","date_from":0,"date_to":0,"marker_gender":"male","is_individual":true,"edcs_url":"https://edcs.hist.uzh.ch/en/document?edcs-id=EDCS-17500507","persons":[{"nomen":"","gender":"male","raw_name":"Iuvenalis","cognomen":"Iuvenalis"}]}},{"type":"Feature","geometry":{"type":"Point","coordinates":[13.58,42.85]},"properties":{"edcs_id":"EDCS-17500508","findspot":"Ascoli Piceno / Asculum Picenum","raw_text":"Sexti M R","date_from":0,"date_to":0,"marker_gender":"unknown","is_individual":true,"edcs_url":"https://edcs.hist.uzh.ch/en/document?edcs-id=EDCS-17500508","persons":[{"nomen":"","gender":"unknown","raw_name":"Sex. M. R.","praenomen":"Sextus"}]}},{"type":"Feature","geometry":{"type":"Point","coordinates":[13.7,42.66]},"properties":{"edcs_id":"EDCS-17500520","findspot":"Teramo / Interamnia Praetuttiorum","raw_text":"Caiae Deciae Staberiae","date_from":0,"date_to":0,"marker_gender":"female","is_individual":false,"edcs_url":"https://edcs.hist.uzh.ch/en/document?edcs-id=EDCS-17500520","persons":[{"nomen":"Decia","gender":"female","raw_name":"Caiae Deciae Staberiae","cognomen":"Staberia"}]}},{"type":"Feature","geometry":{"type":"Point","coordinates":[13.7,42.66]},"properties":{"edcs_id":"EDCS-17500521","findspot":"Teramo / Interamnia Praetuttiorum","raw_text":"Caius Clodius Cai filius Velina","date_from":0,"date_to":0,"marker_gender":"male","is_individual":false,"edcs_url":"https://edcs.hist.uzh.ch/en/document?edcs-id=EDCS-17500521","persons":[{"nomen":"Clodius","gender":"male","raw_name":"C. Clodius C. f. Vel.","praenomen":"Caius","status":"Cai filius, tribus: Velina"}]}},{"type":"Feature","geometry":{"type":"Point","coordinates":[13.7,42.66]},"properties":{"edcs_id":"EDCS-17500522","findspot":"Teramo / Interamnia Praetuttiorum","raw_text":"Quintus M Maximus","date_from":0,"date_to":0,"marker_gender":"male","is_individual":false,"edcs_url":"https://edcs.hist.uzh.ch/en/document?edcs-id=EDCS-17500522","persons":[{"nomen":"","gender":"male","raw_name":"Q. M. Maximu(s)","praenomen":"Quintus","cognomen":"Maximus"}]}},{"type":"Feature","geometry":{"type":"Point","coordinates":[13.7,42.66]},"properties":{"edcs_id":"EDCS-17500523","findspot":"Teramo / Interamnia Praetuttiorum","raw_text":"Vibianus","date_from":0,"date_to":0,"marker_gender":"unknown","is_individual":false,"edcs_url":"https://edcs.hist.uzh.ch/en/document?edcs-id=EDCS-17500523","persons":[{"nomen":"","gender":"unknown","raw_name":"Vibianus","cognomen":"Vibianus"}]}},{"type":"Feature","geometry":{"type":"Point","coordinates":[13.7,42.66]},"properties":{"edcs_id":"EDCS-17500524","findspot":"Teramo / Interamnia Praetuttiorum","raw_text":"Quinti G C","date_from":0,"date_to":0,"marker_gender":"male","is_individual":false,"edcs_url":"https://edcs.hist.uzh.ch/en/document?edcs-id=EDCS-17500524","persons":[{"nomen":"","gender":"male","raw_name":"Q. G() C()","praenomen":"Quintus"}]}},{"type":"Feature","geometry":{"type":"Point","coordinates":[13.7,42.66]},"properties":{"edcs_id":"EDCS-17500525","findspot":"Teramo / Interamnia Praetuttiorum","raw_text":"Fortis","date_from":0,"date_to":0,"marker_gender":"unknown","is_individual":false,"edcs_url":"https://edcs.hist.uzh.ch/en/document?edcs-id=EDCS-17500525","persons":[{"nomen":"","gender":"unknown","raw_name":"Fortis","cognomen":"Fortis","cluster_id":1648,"cluster_size":2,"cluster_confidence":"low"}]}},{"type":"Feature","geometry":{"type":"Point","coordinates":[13.7,42.66]},"properties":{"edcs_id":"EDCS-17500526","findspot":"Teramo / Interamnia Praetuttiorum","raw_text":"Fortis","date_from":0,"date_to":0,"marker_gender":"unknown","is_individual":false,"edcs_url":"https://edcs.hist.uzh.ch/en/document?edcs-id=EDCS-17500526","persons":[{"nomen":"","gender":"unknown","raw_name":"Fortis","cognomen":"Fortis","cluster_id":1648,"cluster_size":2,"cluster_confidence":"low"}]}},{"type":"Feature","geometry":{"type":"Point","coordinates":[13.7,42.66]},"properties":{"edcs_id":"EDCS-17500527","findspot":"Teramo / Interamnia Praetuttiorum","raw_text":"Clodi Hel","date_from":0,"date_to":0,"marker_gender":"male","is_individual":false,"edcs_url":"https://edcs.hist.uzh.ch/en/document?edcs-id=EDCS-17500527","persons":[{"nomen":"Clodius","gender":"male","raw_name":"Clo(di)"}]}},{"type":"Feature","geometry":{"type":"Point","coordinates":[13.7,42.66]},"properties":{"edcs_id":"EDCS-17500528","findspot":"Teramo / Interamnia Praetuttiorum","raw_text":"Luci Cameili","date_from":0,"date_to":0,"marker_gender":"male","is_individual":false,"edcs_url":"https://edcs.hist.uzh.ch/en/document?edcs-id=EDCS-17500528","persons":[{"nomen":"Cameleon","gender":"male","raw_name":"L. Camei li","praenomen":"Lucius"}]}},{"type":"Feature","geometry":{"type":"Point","coordinates":[13.7,42.66]},"properties":{"edcs_id":"EDCS-17500529","findspot":"Teramo / Interamnia Praetuttiorum","raw_text":"Cai Corneli Ursi","date_from":0,"date_to":0,"marker_gender":"male","is_individual":false,"edcs_url":"https://edcs.hist.uzh.ch/en/document?edcs-id=EDCS-17500529","persons":[{"nomen":"Cornelius","gender":"male","raw_name":"C. Cor. Urs(i)","praenomen":"Caius","cognomen":"Ursi"}]}},{"type":"Feature","geometry":{"type":"Point","coordinates":[13.7,42.66]},"properties":{"edcs_id":"EDCS-17500530","findspot":"Teramo / Interamnia Praetuttiorum","raw_text":"Crescens","date_from":0,"date_to":0,"marker_gender":"male","is_individual":false,"edcs_url":"https://edcs.hist.uzh.ch/en/document?edcs-id=EDCS-17500530","persons":[{"nomen":"","gender":"male","raw_name":"Cresce(n) s","cognomen":"Crescens","cluster_id":1658,"cluster_size":2,"cluster_confidence":"low"}]}},{"type":"Feature","geometry":{"type":"Point","coordinates":[13.38,43.2]},"properties":{"edcs_id":"EDCS-17500549","findspot":"Urbisaglia / Urbs Salvia","raw_text":"Luci Septineni","date_from":0,"date_to":0,"marker_gender":"male","is_individual":true,"edcs_url":"https://edcs.hist.uzh.ch/en/document?edcs-id=EDCS-17500549","persons":[{"nomen":"Septinenius","gender":"male","raw_name":"L. Septineni"}]}},{"type":"Feature","geometry":null,"properties":{"edcs_id":"EDCS-17600122","findspot":"Massaccio, Cupramontana / Cupra Montana","raw_text":"Utere felix","date_from":0,"date_to":0,"marker_gender":"male","is_individual":true,"edcs_url":"https://edcs.hist.uzh.ch/en/document?edcs-id=EDCS-17600122","persons":[{"nomen":"","gender":"male","raw_name":"Utere Felix","cognomen":"Felix"}]}},{"type":"Feature","geometry":null,"properties":{"edcs_id":"EDCS-17600124","findspot":"Massaccio, Cupramontana / Cupra Montana","raw_text":"Sexti Vaei Felicis","date_from":0,"date_to":0,"marker_gender":"male","is_individual":true,"edcs_url":"https://edcs.hist.uzh.ch/en/document?edcs-id=EDCS-17600124","persons":[{"nomen":"Vaeius","gender":"male","raw_name":"Sex. Vaei(?) Felicis","praenomen":"Sextus","cognomen":"Felix"}]}},{"type":"Feature","geometry":{"type":"Point","coordinates":[13.72,43.16]},"properties":{"edcs_id":"EDCS-17600130","findspot":"Fermo / Firmum Picenum","raw_text":"Fortuni","date_from":0,"date_to":0,"marker_gender":"male","is_individual":false,"edcs_url":"https://edcs.hist.uzh.ch/en/document?edcs-id=EDCS-17600130","persons":[{"nomen":"","gender":"male","raw_name":"Fort uni","cognomen":"Fortunus"}]}},{"type":"Feature","geometry":{"type":"Point","coordinates":[13.72,43.16]},"properties":{"edcs_id":"EDCS-17600132","findspot":"Fermo / Firmum Picenum","raw_text":"Ianuari","date_from":0,"date_to":0,"marker_gender":"male","is_individual":false,"edcs_url":"https://edcs.hist.uzh.ch/en/document?edcs-id=EDCS-17600132","persons":[{"nomen":"","gender":"male","raw_name":"Ianuar i","cognomen":"Ianuarius"}]}},{"type":"Feature","geometry":{"type":"Point","coordinates":[13.72,43.16]},"properties":{"edcs_id":"EDCS-17600137","findspot":"Fermo / Firmum Picenum","raw_text":"Cai Oppi Restituti","date_from":0,"date_to":0,"marker_gender":"male","is_individual":false,"edcs_url":"https://edcs.hist.uzh.ch/en/document?edcs-id=EDCS-17600137","persons":[{"nomen":"Oppius","gender":"male","raw_name":"C. Oppi Res(tituti)","praenomen":"Caius","cognomen":"Restitutus"}]}},{"type":"Feature","geometry":{"type":"Point","coordinates":[13.72,43.16]},"properties":{"edcs_id":"EDCS-17600138","findspot":"Fermo / Firmum Picenum","raw_text":"Phoetaspi","date_from":0,"date_to":0,"marker_gender":"male","is_individual":false,"edcs_url":"https://edcs.hist.uzh.ch/en/document?edcs-id=EDCS-17600138","persons":[{"nomen":"","gender":"male","raw_name":"Phoetasp[i]","cognomen":"Phoetaspius"}]}},{"type":"Feature","geometry":{"type":"Point","coordinates":[13.72,43.16]},"properties":{"edcs_id":"EDCS-17600139","findspot":"Fermo / Firmum Picenum","raw_text":"Optat","date_from":0,"date_to":0,"marker_gender":"male","is_individual":false,"edcs_url":"https://edcs.hist.uzh.ch/en/document?edcs-id=EDCS-17600139","persons":[{"nomen":"","gender":"male","raw_name":"Optat()","cognomen":"Optatus"}]}},{"type":"Feature","geometry":{"type":"Point","coordinates":[13.72,43.16]},"properties":{"edcs_id":"EDCS-17600140","findspot":"Fermo / Firmum Picenum","raw_text":"Proculi","date_from":0,"date_to":0,"marker_gender":"male","is_individual":false,"edcs_url":"https://edcs.hist.uzh.ch/en/document?edcs-id=EDCS-17600140","persons":[{"nomen":"","gender":"male","raw_name":"Proculi","cognomen":"Proculus"}]}},{"type":"Feature","geometry":{"type":"Point","coordinates":[13.72,43.16]},"properties":{"edcs_id":"EDCS-17600141","findspot":"Fermo / Firmum Picenum","raw_text":"Strobili","date_from":0,"date_to":0,"marker_gender":"male","is_individual":false,"edcs_url":"https://edcs.hist.uzh.ch/en/document?edcs-id=EDCS-17600141","persons":[{"nomen":"","gender":"male","raw_name":"Strobili","cognomen":"Strobili"}]}},{"type":"Feature","geometry":{"type":"Point","coordinates":[13.72,43.16]},"properties":{"edcs_id":"EDCS-17600142","findspot":"Fermo / Firmum Picenum","raw_text":"Thymelicus","date_from":0,"date_to":0,"marker_gender":"male","is_individual":false,"edcs_url":"https://edcs.hist.uzh.ch/en/document?edcs-id=EDCS-17600142","persons":[{"nomen":"","gender":"male","raw_name":"Thymelicus","cognomen":"Thymelicus"}]}},{"type":"Feature","geometry":{"type":"Point","coordinates":[13.72,43.16]},"properties":{"edcs_id":"EDCS-17600145","findspot":"Fermo / Firmum Picenum","raw_text":"Vivas","date_from":0,"date_to":0,"marker_gender":"unknown","is_individual":false,"edcs_url":"https://edcs.hist.uzh.ch/en/document?edcs-id=EDCS-17600145","persons":[{"nomen":"","gender":"unknown","raw_name":"Viva","cognomen":"Vivas","cluster_id":1412,"cluster_size":2,"cluster_confidence":"low"}]}},{"type":"Feature","geometry":{"type":"Point","coordinates":[13.72,43.16]},"properties":{"edcs_id":"EDCS-17600151","findspot":"Fermo / Firmum Picenum","raw_text":"Arbitratu Cai Iuli Poly","date_from":0,"date_to":0,"marker_gender":"male","is_individual":false,"edcs_url":"https://edcs.hist.uzh.ch/en/document?edcs-id=EDCS-17600151","persons":[{"nomen":"Iulius","gender":"male","raw_name":"C. Iul. Poly()","praenomen":"Gaius","cognomen":"Pollius","cluster_id":463,"cluster_size":2}]}},{"type":"Feature","geometry":{"type":"Point","coordinates":[13.72,43.16]},"properties":{"edcs_id":"EDCS-17600152","findspot":"Fermo / Firmum Picenum","raw_text":"Arbitratu Cai Iuli Poly","date_from":0,"date_to":0,"marker_gender":"male","is_individual":false,"edcs_url":"https://edcs.hist.uzh.ch/en/document?edcs-id=EDCS-17600152","persons":[{"nomen":"Iulius","gender":"male","raw_name":"C. Iul. Poly()","praenomen":"Gaius","cognomen":"Pollius","cluster_id":463,"cluster_size":2}]}},{"type":"Feature","geometry":{"type":"Point","coordinates":[13.72,43.16]},"properties":{"edcs_id":"EDCS-17600153","findspot":"Fermo / Firmum Picenum","raw_text":"Crescentis CAEFAV RS","date_from":0,"date_to":0,"marker_gender":"male","is_individual":false,"edcs_url":"https://edcs.hist.uzh.ch/en/document?edcs-id=EDCS-17600153","persons":[{"nomen":"","gender":"male","raw_name":"Crescentis","cognomen":"Crescens","cluster_id":1390,"cluster_size":2,"cluster_confidence":"low"}]}},{"type":"Feature","geometry":{"type":"Point","coordinates":[13.72,43.16]},"properties":{"edcs_id":"EDCS-17600154","findspot":"Fermo / Firmum Picenum","raw_text":"Dicaeus E","date_from":0,"date_to":0,"marker_gender":"male","is_individual":false,"edcs_url":"https://edcs.hist.uzh.ch/en/document?edcs-id=EDCS-17600154","persons":[{"nomen":"","gender":"male","raw_name":"Dicaeus E","cognomen":"Dicaeus"}]}},{"type":"Feature","geometry":{"type":"Point","coordinates":[13.72,43.16]},"properties":{"edcs_id":"EDCS-17600156","findspot":"Fermo / Firmum Picenum","raw_text":"Proti","date_from":0,"date_to":0,"marker_gender":"male","is_individual":false,"edcs_url":"https://edcs.hist.uzh.ch/en/document?edcs-id=EDCS-17600156","persons":[{"nomen":"","gender":"male","raw_name":"Proti","cognomen":"Protus"}]}},{"type":"Feature","geometry":{"type":"Point","coordinates":[13.72,43.16]},"properties":{"edcs_id":"EDCS-17600159","findspot":"Fermo / Firmum Picenum","raw_text":"Marci A T de figlinas Marsianesses","date_from":0,"date_to":0,"marker_gender":"male","is_individual":false,"edcs_url":"https://edcs.hist.uzh.ch/en/document?edcs-id=EDCS-17600159","persons":[{"nomen":"Annius","gender":"male","raw_name":"M. A() T()","praenomen":"Marcus","cognomen":"Titus"}]}},{"type":"Feature","geometry":{"type":"Point","coordinates":[13.72,43.16]},"properties":{"edcs_id":"EDCS-17600161","findspot":"Fermo / Firmum Picenum","raw_text":"Atimeti","date_from":0,"date_to":0,"marker_gender":"male","is_individual":false,"edcs_url":"https://edcs.hist.uzh.ch/en/document?edcs-id=EDCS-17600161","persons":[{"nomen":"","gender":"male","raw_name":"Atimeti","cognomen":"Atimetus"}]}},{"type":"Feature","geometry":{"type":"Point","coordinates":[13.72,43.16]},"properties":{"edcs_id":"EDCS-17600166","findspot":"Fermo / Firmum Picenum","raw_text":"Crescens","date_from":0,"date_to":0,"marker_gender":"male","is_individual":false,"edcs_url":"https://edcs.hist.uzh.ch/en/document?edcs-id=EDCS-17600166","persons":[{"nomen":"","gender":"male","raw_name":"Cresce(n) s","cognomen":"Crescens","cluster_id":1390,"cluster_size":2,"cluster_confidence":"low"}]}},{"type":"Feature","geometry":{"type":"Point","coordinates":[13.72,43.16]},"properties":{"edcs_id":"EDCS-17600167","findspot":"Fermo / Firmum Picenum","raw_text":"Cai Dessi","date_from":0,"date_to":0,"marker_gender":"unknown","is_individual":false,"edcs_url":"https://edcs.hist.uzh.ch/en/document?edcs-id=EDCS-17600167","persons":[{"nomen":"Dessi","gender":"unknown","raw_name":"C. Dessi","praenomen":"Caius"}]}},{"type":"Feature","geometry":{"type":"Point","coordinates":[13.72,43.16]},"properties":{"edcs_id":"EDCS-17600169","findspot":"Fermo / Firmum Picenum","raw_text":"Facundi","date_from":0,"date_to":0,"marker_gender":"male","is_individual":false,"edcs_url":"https://edcs.hist.uzh.ch/en/document?edcs-id=EDCS-17600169","persons":[{"nomen":"","gender":"male","raw_name":"Facun di","cognomen":"Facundus"}]}},{"type":"Feature","geometry":{"type":"Point","coordinates":[13.72,43.16]},"properties":{"edcs_id":"EDCS-17600170","findspot":"Fermo / Firmum Picenum","raw_text":"Festi","date_from":0,"date_to":0,"marker_gender":"male","is_individual":false,"edcs_url":"https://edcs.hist.uzh.ch/en/document?edcs-id=EDCS-17600170","persons":[{"nomen":"","gender":"male","raw_name":"Festi","cognomen":"Festus"}]}},{"type":"Feature","geometry":{"type":"Point","coordinates":[13.72,43.16]},"properties":{"edcs_id":"EDCS-17600171","findspot":"Fermo / Firmum Picenum","raw_text":"viocei","date_from":0,"date_to":0,"marker_gender":"unknown","is_individual":false,"edcs_url":"https://edcs.hist.uzh.ch/en/document?edcs-id=EDCS-17600171","persons":[{"nomen":"","gender":"unknown","raw_name":"]viocei","cognomen":"Vioceius"}]}},{"type":"Feature","geometry":{"type":"Point","coordinates":[13.72,43.16]},"properties":{"edcs_id":"EDCS-17600175","findspot":"Fermo / Firmum Picenum","raw_text":"Suavis","date_from":0,"date_to":0,"marker_gender":"unknown","is_individual":false,"edcs_url":"https://edcs.hist.uzh.ch/en/document?edcs-id=EDCS-17600175","persons":[{"nomen":"","gender":"unknown","raw_name":"Suavis","cognomen":"Suavis"}]}},{"type":"Feature","geometry":{"type":"Point","coordinates":[13.72,43.16]},"properties":{"edcs_id":"EDCS-17600178","findspot":"Fermo / Firmum Picenum","raw_text":"Vivas","date_from":0,"date_to":0,"marker_gender":"unknown","is_individual":false,"edcs_url":"https://edcs.hist.uzh.ch/en/document?edcs-id=EDCS-17600178","persons":[{"nomen":"","gender":"unknown","raw_name":"Vivas","cognomen":"Vivas","cluster_id":1412,"cluster_size":2,"cluster_confidence":"low"}]}},{"type":"Feature","geometry":{"type":"Point","coordinates":[13.72,43.16]},"properties":{"edcs_id":"EDCS-17600179","findspot":"Fermo / Firmum Picenum","raw_text":"Valerius Priscus","date_from":0,"date_to":0,"marker_gender":"male","is_individual":false,"edcs_url":"https://edcs.hist.uzh.ch/en/document?edcs-id=EDCS-17600179","persons":[{"nomen":"Valerius","gender":"male","raw_name":"Valerius Priscus","cognomen":"Priscus"}]}},{"type":"Feature","geometry":{"type":"Point","coordinates":[13.72,43.16]},"properties":{"edcs_id":"EDCS-17600180","findspot":"Fermo / Firmum Picenum","raw_text":"Valeriae Luci filiae Rufinae","date_from":0,"date_to":0,"marker_gender":"female","is_individual":false,"edcs_url":"https://edcs.hist.uzh.ch/en/document?edcs-id=EDCS-17600180","persons":[{"nomen":"Valerius","gender":"female","raw_name":"Valeriae L. f. Rufinae","praenomen":"Lucius","cognomen":"Rufinus"}]}},{"type":"Feature","geometry":{"type":"Point","coordinates":[13.72,43.16]},"properties":{"edcs_id":"EDCS-17600187","findspot":"Fermo / Firmum Picenum","raw_text":"Romana","date_from":0,"date_to":0,"marker_gender":"female","is_individual":false,"edcs_url":"https://edcs.hist.uzh.ch/en/document?edcs-id=EDCS-17600187","persons":[{"nomen":"Romana","gender":"female","raw_name":"Romana"}]}},{"type":"Feature","geometry":{"type":"Point","coordinates":[13.44,43.31]},"properties":{"edcs_id":"EDCS-17600209","findspot":"Helvia Recina / Helvia Ricina / Ricina","raw_text":"R Rogi Montani","date_from":0,"date_to":0,"marker_gender":"male","is_individual":false,"edcs_url":"https://edcs.hist.uzh.ch/en/document?edcs-id=EDCS-17600209","persons":[{"nomen":"","gender":"male","raw_name":"R Rogi","cognomen":"Rogi"},{"nomen":"","gender":"male","raw_name":"Montani","cognomen":"Montani"}]}},{"type":"Feature","geometry":{"type":"Point","coordinates":[13.98,42.58]},"properties":{"edcs_id":"EDCS-17600220","findspot":"Atri / Hadria / Adria","raw_text":"Quinti Ti F","date_from":0,"date_to":0,"marker_gender":"male","is_individual":false,"edcs_url":"https://edcs.hist.uzh.ch/en/document?edcs-id=EDCS-17600220","persons":[{"nomen":"Titius","gender":"male","raw_name":"Q(uinti) Ti() F()","praenomen":"Quintus"}]}},{"type":"Feature","geometry":{"type":"Point","coordinates":[13.98,42.58]},"properties":{"edcs_id":"EDCS-17600221","findspot":"Atri / Hadria / Adria","raw_text":"Servili Sulpicii Gratini","date_from":0,"date_to":0,"marker_gender":"male","is_individual":false,"edcs_url":"https://edcs.hist.uzh.ch/en/document?edcs-id=EDCS-17600221","persons":[{"nomen":"Servilius","gender":"male","raw_name":"Servili Sulpi cii Gratini","cognomen":"Gratinus"}]}},{"type":"Feature","geometry":null,"properties":{"edcs_id":"EDCS-17600224","findspot":"Cellino Attanasio","raw_text":"Publi Vetteni Atiliani","date_from":0,"date_to":0,"marker_gender":"male","is_individual":true,"edcs_url":"https://edcs.hist.uzh.ch/en/document?edcs-id=EDCS-17600224","persons":[{"nomen":"Vettenius","gender":"male","raw_name":"P. Vetteni Atiliani","cognomen":"Atilianus"}]}},{"type":"Feature","geometry":{"type":"Point","coordinates":[13.86,43.03]},"properties":{"edcs_id":"EDCS-17600225","findspot":"Cupra Marittima / Marano / Cupra Maritima","raw_text":"Quintus Volusius Eutyches","date_from":0,"date_to":0,"marker_gender":"male","is_individual":false,"edcs_url":"https://edcs.hist.uzh.ch/en/document?edcs-id=EDCS-17600225","persons":[{"nomen":"Volusius","gender":"male","raw_name":"Q. Volusius Eutyches","praenomen":"Quintus","cognomen":"Eutyches"}]}},{"type":"Feature","geometry":{"type":"Point","coordinates":[13.7,42.66]},"properties":{"edcs_id":"EDCS-17600226","findspot":"Teramo / Interamnia Praetuttiorum","raw_text":"Cambi HYGHGIA","date_from":0,"date_to":0,"marker_gender":"female","is_individual":false,"edcs_url":"https://edcs.hist.uzh.ch/en/document?edcs-id=EDCS-17600226","persons":[{"nomen":"","gender":"female","raw_name":"HYGHGIA(?)","cognomen":"Hygeia","is_deity":true,"cluster_confidence":"excluded"}]}},{"type":"Feature","geometry":{"type":"Point","coordinates":[13.97,42.75]},"properties":{"edcs_id":"EDCS-17600300","findspot":"Giulianova / Castrum Novum","raw_text":"Quinti Arri","date_from":0,"date_to":0,"marker_gender":"unknown","is_individual":false,"edcs_url":"https://edcs.hist.uzh.ch/en/document?edcs-id=EDCS-17600300","persons":[{"nomen":"Arrius","gender":"unknown","raw_name":"Q(uinti) Arri [","praenomen":"Quintus"}]}},{"type":"Feature","geometry":{"type":"Point","coordinates":[13.97,42.75]},"properties":{"edcs_id":"EDCS-17600301","findspot":"Giulianova / Castrum Novum","raw_text":"Sexti L Alfici","date_from":0,"date_to":0,"marker_gender":"male","is_individual":false,"edcs_url":"https://edcs.hist.uzh.ch/en/document?edcs-id=EDCS-17600301","persons":[{"nomen":"Alficius","gender":"male","raw_name":"S(exti) L() Alfici","praenomen":"Sextus"}]}},{"type":"Feature","geometry":{"type":"Point","coordinates":[13.97,42.75]},"properties":{"edcs_id":"EDCS-17600302","findspot":"Giulianova / Castrum Novum","raw_text":"Vesta","date_from":0,"date_to":0,"marker_gender":"female","is_individual":false,"edcs_url":"https://edcs.hist.uzh.ch/en/document?edcs-id=EDCS-17600302","persons":[{"nomen":"","gender":"female","raw_name":"Vesta","cognomen":"Vesta","is_deity":true,"cluster_confidence":"excluded"}]}},{"type":"Feature","geometry":{"type":"Point","coordinates":[13.58,42.85]},"properties":{"edcs_id":"EDCS-17600308","findspot":"Ascoli Piceno / Asculum Picenum","raw_text":"Admeti","date_from":0,"date_to":0,"marker_gender":"male","is_individual":true,"edcs_url":"https://edcs.hist.uzh.ch/en/document?edcs-id=EDCS-17600308","persons":[{"nomen":"","gender":"male","raw_name":"Admeti","cognomen":"Admetus"}]}},{"type":"Feature","geometry":{"type":"Point","coordinates":[13.58,42.85]},"properties":{"edcs_id":"EDCS-17600309","findspot":"Ascoli Piceno / Asculum Picenum","raw_text":"Cai Enni Iuvenalis","date_from":0,"date_to":0,"marker_gender":"male","is_individual":true,"edcs_url":"https://edcs.hist.uzh.ch/en/document?edcs-id=EDCS-17600309","persons":[{"nomen":"Ennius","gender":"male","raw_name":"C. Enni Iuvenalis","praenomen":"Gaius","cognomen":"Iuvenalis"}]}},{"type":"Feature","geometry":{"type":"Point","coordinates":[13.58,42.85]},"properties":{"edcs_id":"EDCS-17600311","findspot":"Ascoli Piceno / Asculum Picenum","raw_text":"Fortunati Petroni","date_from":0,"date_to":0,"marker_gender":"male","is_individual":true,"edcs_url":"https://edcs.hist.uzh.ch/en/document?edcs-id=EDCS-17600311","persons":[{"nomen":"","gender":"male","raw_name":"Fortunati","cognomen":"Fortunatus","cluster_id":1170,"cluster_size":2,"cluster_confidence":"low"},{"nomen":"","gender":"male","raw_name":"Petroni","cognomen":"Petronius"}]}},{"type":"Feature","geometry":{"type":"Point","coordinates":[13.97,42.75]},"properties":{"edcs_id":"EDCS-17600393","findspot":"Giulianova / Castrum Novum","raw_text":"Cai Sornati Cai filii","date_from":0,"date_to":0,"marker_gender":"male","is_individual":false,"edcs_url":"https://edcs.hist.uzh.ch/en/document?edcs-id=EDCS-17600393","persons":[{"nomen":"Sornatius","gender":"male","raw_name":"C(ai) Sornati C(ai) f(ilii) [","praenomen":"Caius","status":"Cai filius"}]}},{"type":"Feature","geometry":{"type":"Point","coordinates":[13.97,42.75]},"properties":{"edcs_id":"EDCS-17600394","findspot":"Giulianova / Castrum Novum","raw_text":"Cai Iuli Marcelli","date_from":0,"date_to":0,"marker_gender":"male","is_individual":false,"edcs_url":"https://edcs.hist.uzh.ch/en/document?edcs-id=EDCS-17600394","persons":[{"nomen":"Iulius","gender":"male","raw_name":"C(ai) Iuli Marcelli","praenomen":"Gaius","cognomen":"Marcellus"}]}},{"type":"Feature","geometry":{"type":"Point","coordinates":[13.97,42.75]},"properties":{"edcs_id":"EDCS-17600395","findspot":"Giulianova / Castrum Novum","raw_text":"Caius Afrius E","date_from":0,"date_to":0,"marker_gender":"male","is_individual":false,"edcs_url":"https://edcs.hist.uzh.ch/en/document?edcs-id=EDCS-17600395","persons":[{"nomen":"Afrius","gender":"male","raw_name":"C(aius) Afrius E","praenomen":"Gaius","cognomen":"E..."}]}},{"type":"Feature","geometry":{"type":"Point","coordinates":[13.85,43.03]},"properties":{"edcs_id":"EDCS-17700670","findspot":"Ripatransone / Cupra Maritima","raw_text":"Passerus","date_from":0,"date_to":0,"marker_gender":"male","is_individual":false,"edcs_url":"https://edcs.hist.uzh.ch/en/document?edcs-id=EDCS-17700670","persons":[{"nomen":"","gender":"male","raw_name":"Passerus","cognomen":"Passerus"}]}},{"type":"Feature","geometry":{"type":"Point","coordinates":[13.85,43.03]},"properties":{"edcs_id":"EDCS-17700673","findspot":"Ripatransone / Cupra Maritima","raw_text":"ulli Sabini","date_from":0,"date_to":0,"marker_gender":"male","is_individual":false,"edcs_url":"https://edcs.hist.uzh.ch/en/document?edcs-id=EDCS-17700673","persons":[{"nomen":"Ullius","gender":"male","raw_name":"[3]ulli Sabini","cognomen":"Sabinus"}]}},{"type":"Feature","geometry":{"type":"Point","coordinates":[13.85,43.03]},"properties":{"edcs_id":"EDCS-17700678","findspot":"Ripatransone / Cupra Maritima","raw_text":"Cai Vibi Fortunati","date_from":0,"date_to":0,"marker_gender":"male","is_individual":false,"edcs_url":"https://edcs.hist.uzh.ch/en/document?edcs-id=EDCS-17700678","persons":[{"nomen":"Vibius","gender":"male","raw_name":"C. Vibi Fortunati","praenomen":"Caius","cognomen":"Fortunatus"}]}},{"type":"Feature","geometry":{"type":"Point","coordinates":[13.85,43.03]},"properties":{"edcs_id":"EDCS-17700680","findspot":"Ripatransone / Cupra Maritima","raw_text":"Auli Faesoni Auli filii","date_from":0,"date_to":0,"marker_gender":"male","is_individual":false,"edcs_url":"https://edcs.hist.uzh.ch/en/document?edcs-id=EDCS-17700680","persons":[{"nomen":"Faesonius","gender":"male","raw_name":"A. Faesoni A. f.","praenomen":"Aulus","status":"Auli filius"}]}},{"type":"Feature","geometry":{"type":"Point","coordinates":[13.85,43.03]},"properties":{"edcs_id":"EDCS-17700681","findspot":"Ripatransone / Cupra Maritima","raw_text":"Auli Faesoni Auli filii","date_from":0,"date_to":0,"marker_gender":"male","is_individual":false,"edcs_url":"https://edcs.hist.uzh.ch/en/document?edcs-id=EDCS-17700681","persons":[{"nomen":"Faesonius","gender":"male","raw_name":"A. Faesoni A. f.","praenomen":"Aulus","status":"Auli filius"}]}},{"type":"Feature","geometry":{"type":"Point","coordinates":[13.85,43.03]},"properties":{"edcs_id":"EDCS-17700682","findspot":"Ripatransone / Cupra Maritima","raw_text":"Epidiorum","date_from":0,"date_to":0,"marker_gender":"male","is_individual":false,"edcs_url":"https://edcs.hist.uzh.ch/en/document?edcs-id=EDCS-17700682","persons":[{"nomen":"Epidius","gender":"male","raw_name":"Epidiorum"}]}},{"type":"Feature","geometry":{"type":"Point","coordinates":[13.85,43.03]},"properties":{"edcs_id":"EDCS-17700683","findspot":"Ripatransone / Cupra Maritima","raw_text":"Duorum Domitiorum","date_from":0,"date_to":0,"marker_gender":"male","is_individual":false,"edcs_url":"https://edcs.hist.uzh.ch/en/document?edcs-id=EDCS-17700683","persons":[{"nomen":"Domitius","gender":"male","raw_name":"Duorum"},{"nomen":"Domitius","gender":"male","raw_name":"Domitiorum"}]}},{"type":"Feature","geometry":{"type":"Point","coordinates":[13.85,43.03]},"properties":{"edcs_id":"EDCS-17700684","findspot":"Ripatransone / Cupra Maritima","raw_text":"Duorum Domitiorum","date_from":0,"date_to":0,"marker_gender":"male","is_individual":false,"edcs_url":"https://edcs.hist.uzh.ch/en/document?edcs-id=EDCS-17700684","persons":[{"nomen":"Domitius","gender":"male","raw_name":"Duorum   Domitiorum"}]}},{"type":"Feature","geometry":{"type":"Point","coordinates":[13.85,43.03]},"properties":{"edcs_id":"EDCS-17700685","findspot":"Ripatransone / Cupra Maritima","raw_text":"Domitii","date_from":0,"date_to":0,"marker_gender":"male","is_individual":false,"edcs_url":"https://edcs.hist.uzh.ch/en/document?edcs-id=EDCS-17700685","persons":[{"nomen":"Domitius","gender":"male","raw_name":"Domitii"}]}},{"type":"Feature","geometry":{"type":"Point","coordinates":[13.85,43.03]},"properties":{"edcs_id":"EDCS-17700686","findspot":"Ripatransone / Cupra Maritima","raw_text":"Claudiae Tiberi filiae Cornelianae","date_from":0,"date_to":0,"marker_gender":"female","is_individual":false,"edcs_url":"https://edcs.hist.uzh.ch/en/document?edcs-id=EDCS-17700686","persons":[{"nomen":"Claudia","gender":"female","raw_name":"Claudiae T(iberi) f(iliae) Cornelianae","cognomen":"Corneliana","status":"Tiberi filia","cluster_id":679,"cluster_size":2}]}},{"type":"Feature","geometry":{"type":"Point","coordinates":[13.85,43.03]},"properties":{"edcs_id":"EDCS-17700687","findspot":"Ripatransone / Cupra Maritima","raw_text":"Cetron","date_from":0,"date_to":0,"marker_gender":"unknown","is_individual":false,"edcs_url":"https://edcs.hist.uzh.ch/en/document?edcs-id=EDCS-17700687","persons":[{"nomen":"","gender":"unknown","raw_name":"Cetron[","cognomen":"Cetron"}]}},{"type":"Feature","geometry":{"type":"Point","coordinates":[13.85,43.03]},"properties":{"edcs_id":"EDCS-17700688","findspot":"Ripatransone / Cupra Maritima","raw_text":"Balbus","date_from":0,"date_to":0,"marker_gender":"male","is_individual":false,"edcs_url":"https://edcs.hist.uzh.ch/en/document?edcs-id=EDCS-17700688","persons":[{"nomen":"","gender":"male","raw_name":"Balbus","cognomen":"Balbus"}]}},{"type":"Feature","geometry":{"type":"Point","coordinates":[13.85,43.03]},"properties":{"edcs_id":"EDCS-17700689","findspot":"Ripatransone / Cupra Maritima","raw_text":"Aufidi Rufi tegula","date_from":0,"date_to":0,"marker_gender":"male","is_individual":false,"edcs_url":"https://edcs.hist.uzh.ch/en/document?edcs-id=EDCS-17700689","persons":[{"nomen":"Aufidius","gender":"male","raw_name":"Aufidi Rufi te<g=C>ula","cognomen":"Tecula","status":"Rufi"}]}},{"type":"Feature","geometry":null,"properties":{"edcs_id":"EDCS-17700695","findspot":"Salinello, Fiume","raw_text":"Luci Karmini Marci Arminii","date_from":0,"date_to":0,"marker_gender":"male","is_individual":true,"edcs_url":"https://edcs.hist.uzh.ch/en/document?edcs-id=EDCS-17700695","persons":[{"nomen":"Karminius","gender":"male","raw_name":"L. Karmini","praenomen":"Lucius"},{"nomen":"Arminius","gender":"male","raw_name":"M. Arminii","praenomen":"Marcus"}]}},{"type":"Feature","geometry":null,"properties":{"edcs_id":"EDCS-17700697","findspot":"Salinello, Fiume","raw_text":"Marci Obultroni","date_from":0,"date_to":0,"marker_gender":"male","is_individual":true,"edcs_url":"https://edcs.hist.uzh.ch/en/document?edcs-id=EDCS-17700697","persons":[{"nomen":"Obultronius","gender":"male","raw_name":"M. Obultroni","praenomen":"Marcus"}]}},{"type":"Feature","geometry":{"type":"Point","coordinates":[13.84,42.83]},"properties":{"edcs_id":"EDCS-17700706","findspot":"Corropoli / Truentum / Castrum Truentinum","raw_text":"Cai Valeri Proculi","date_from":0,"date_to":0,"marker_gender":"male","is_individual":false,"edcs_url":"https://edcs.hist.uzh.ch/en/document?edcs-id=EDCS-17700706","persons":[{"nomen":"Valerius","gender":"male","raw_name":"C. Valeri Proculi","praenomen":"Caius","cognomen":"Proculus"}]}},{"type":"Feature","geometry":{"type":"Point","coordinates":[13.84,42.83]},"properties":{"edcs_id":"EDCS-17700707","findspot":"Corropoli / Truentum / Castrum Truentinum","raw_text":"Luci Epidi Theodori","date_from":0,"date_to":0,"marker_gender":"male","is_individual":false,"edcs_url":"https://edcs.hist.uzh.ch/en/document?edcs-id=EDCS-17700707","persons":[{"nomen":"Epidius","gender":"male","raw_name":"L. Epidi Theodori","praenomen":"Lucius","cognomen":"Theodorus"}]}},{"type":"Feature","geometry":{"type":"Point","coordinates":[13.84,42.83]},"properties":{"edcs_id":"EDCS-17700708","findspot":"Corropoli / Truentum / Castrum Truentinum","raw_text":"M(arci) Antoni Se/verini c(larissimi) v(iri)","date_from":0,"date_to":0,"marker_gender":"male","is_individual":false,"edcs_url":"https://edcs.hist.uzh.ch/en/document?edcs-id=EDCS-17700708","persons":[{"nomen":"Antonius","gender":"male","raw_name":"M. Antoni Se verini","praenomen":"Marcus","cognomen":"Severinus","status":"clarissimi viri"}]}},{"type":"Feature","geometry":null,"properties":{"edcs_id":"EDCS-17700709","findspot":"Monte Roberto","raw_text":"Aureli An s","date_from":0,"date_to":0,"marker_gender":"unknown","is_individual":true,"edcs_url":"https://edcs.hist.uzh.ch/en/document?edcs-id=EDCS-17700709","persons":[{"nomen":"Aurelius","gender":"unknown","raw_name":"Aureli An[3]s"}]}},{"type":"Feature","geometry":null,"properties":{"edcs_id":"EDCS-17700712","findspot":"Montefortino / Arcevia","raw_text":"Tiberi Claudi Herculani","date_from":0,"date_to":0,"marker_gender":"male","is_individual":true,"edcs_url":"https://edcs.hist.uzh.ch/en/document?edcs-id=EDCS-17700712","persons":[{"nomen":"Claudius","gender":"male","raw_name":"Ti. Claudi Herculani","praenomen":"Tiberius","cognomen":"Herculanus","cluster_id":620,"cluster_size":2}]}},{"type":"Feature","geometry":null,"properties":{"edcs_id":"EDCS-17700716","findspot":"Salino, Torrente","raw_text":"Quinti Nini Secundi","date_from":0,"date_to":0,"marker_gender":"male","is_individual":true,"edcs_url":"https://edcs.hist.uzh.ch/en/document?edcs-id=EDCS-17700716","persons":[{"nomen":"Ninius","gender":"male","raw_name":"Q. Nini Secundi","praenomen":"Quintus","cognomen":"Secundus"}]}},{"type":"Feature","geometry":null,"properties":{"edcs_id":"EDCS-17700717","findspot":"Salino, Torrente","raw_text":"Maioris Hisis","date_from":0,"date_to":0,"marker_gender":"male","is_individual":true,"edcs_url":"https://edcs.hist.uzh.ch/en/document?edcs-id=EDCS-17700717","persons":[{"nomen":"","gender":"male","raw_name":"Maioris","cognomen":"Maior"},{"nomen":"Hisius","gender":"unknown","raw_name":"Hisis"}]}},{"type":"Feature","geometry":null,"properties":{"edcs_id":"EDCS-17700718","findspot":"Salino, Torrente","raw_text":"Crescen Crisan","date_from":0,"date_to":0,"marker_gender":"male","is_individual":true,"edcs_url":"https://edcs.hist.uzh.ch/en/document?edcs-id=EDCS-17700718","persons":[{"nomen":"","gender":"male","raw_name":"Crescen()","cognomen":"Crescens"},{"nomen":"","gender":"male","raw_name":"Crisan()","cognomen":"Crisanus"}]}},{"type":"Feature","geometry":null,"properties":{"edcs_id":"EDCS-17700724","findspot":"Torre di Palme","raw_text":"Quinti Statori Luci filii","date_from":0,"date_to":0,"marker_gender":"male","is_individual":true,"edcs_url":"https://edcs.hist.uzh.ch/en/document?edcs-id=EDCS-17700724","persons":[{"nomen":"Statorius","gender":"male","raw_name":"Q. Statori L. f(ilii)","praenomen":"Quintus","status":"Luci filius"}]}},{"type":"Feature","geometry":null,"properties":{"edcs_id":"EDCS-17700725","findspot":"Torre di Palme","raw_text":"Luci Karmini","date_from":0,"date_to":0,"marker_gender":"male","is_individual":true,"edcs_url":"https://edcs.hist.uzh.ch/en/document?edcs-id=EDCS-17700725","persons":[{"nomen":"Karminus","gender":"male","raw_name":"L. Karmini","praenomen":"Lucius"}]}},{"type":"Feature","geometry":{"type":"Point","coordinates":[13.85,43.03]},"properties":{"edcs_id":"EDCS-17700727","findspot":"Ripatransone / Cupra Maritima","raw_text":"IP Trosi","date_from":0,"date_to":0,"marker_gender":"male","is_individual":false,"edcs_url":"https://edcs.hist.uzh.ch/en/document?edcs-id=EDCS-17700727","persons":[{"nomen":"","gender":"male","raw_name":"IP Trosi","cognomen":"Tros"}]}},{"type":"Feature","geometry":{"type":"Point","coordinates":[13.85,43.03]},"properties":{"edcs_id":"EDCS-17700728","findspot":"Ripatransone / Cupra Maritima","raw_text":"Duorum Domitiorum","date_from":0,"date_to":0,"marker_gender":"male","is_individual":false,"edcs_url":"https://edcs.hist.uzh.ch/en/document?edcs-id=EDCS-17700728","persons":[{"nomen":"Domitius","gender":"male","raw_name":"Duorum   Domitiorum"}]}},{"type":"Feature","geometry":{"type":"Point","coordinates":[13.85,43.03]},"properties":{"edcs_id":"EDCS-17700729","findspot":"Ripatransone / Cupra Maritima","raw_text":"Claudiae Tiberi filiae Cornelianae","date_from":0,"date_to":0,"marker_gender":"female","is_individual":false,"edcs_url":"https://edcs.hist.uzh.ch/en/document?edcs-id=EDCS-17700729","persons":[{"nomen":"Claudia","gender":"female","raw_name":"Claudiae Ti(beri) f(iliae) Cornelianae","cognomen":"Corneliana","status":"Tiberi filia","cluster_id":679,"cluster_size":2}]}},{"type":"Feature","geometry":null,"properties":{"edcs_id":"EDCS-17700730","findspot":"Tortoreto","raw_text":"Menola","date_from":0,"date_to":0,"marker_gender":"male","is_individual":true,"edcs_url":"https://edcs.hist.uzh.ch/en/document?edcs-id=EDCS-17700730","persons":[{"nomen":"","gender":"male","raw_name":"Menola","cognomen":"Menola"}]}},{"type":"Feature","geometry":null,"properties":{"edcs_id":"EDCS-17700731","findspot":"Tortoreto","raw_text":"Cai Dexi Staberiani","date_from":0,"date_to":0,"marker_gender":"mixed","is_individual":true,"edcs_url":"https://edcs.hist.uzh.ch/en/document?edcs-id=EDCS-17700731","persons":[{"nomen":"Dexius","gender":"male","raw_name":"C. Dexi","praenomen":"Caius"},{"nomen":"Staberia","gender":"female","raw_name":"Staberia(ni)"}]}},{"type":"Feature","geometry":null,"properties":{"edcs_id":"EDCS-17700732","findspot":"Campofilone / Cupra Maritima","raw_text":"Nummi","date_from":0,"date_to":0,"marker_gender":"male","is_individual":true,"edcs_url":"https://edcs.hist.uzh.ch/en/document?edcs-id=EDCS-17700732","persons":[{"nomen":"","gender":"male","raw_name":"Nummi","cognomen":"Nummius"}]}},{"type":"Feature","geometry":null,"properties":{"edcs_id":"EDCS-17700733","findspot":"Campofilone / Cupra Maritima","raw_text":"Epidi Theodori","date_from":0,"date_to":0,"marker_gender":"male","is_individual":true,"edcs_url":"https://edcs.hist.uzh.ch/en/document?edcs-id=EDCS-17700733","persons":[{"nomen":"","gender":"male","raw_name":"Epid(i) Theodori","cognomen":"Epidius Theodorus"}]}},{"type":"Feature","geometry":null,"properties":{"edcs_id":"EDCS-17700734","findspot":"Grottammare","raw_text":"Domitiaes utere felix","date_from":0,"date_to":0,"marker_gender":"female","is_individual":true,"edcs_url":"https://edcs.hist.uzh.ch/en/document?edcs-id=EDCS-17700734","persons":[{"nomen":"Domitia","gender":"female","raw_name":"Domiti (a)es","status":"utere felix"}]}},{"type":"Feature","geometry":null,"properties":{"edcs_id":"EDCS-17700736","findspot":"Recanati","raw_text":"Lucio Pleto Celadi","date_from":0,"date_to":0,"marker_gender":"male","is_individual":true,"edcs_url":"https://edcs.hist.uzh.ch/en/document?edcs-id=EDCS-17700736","persons":[{"nomen":"Pletus","gender":"male","raw_name":"L. Pleto Celadi","praenomen":"Lucius","cognomen":"Celadus"}]}},{"type":"Feature","geometry":{"type":"Point","coordinates":[13.84,42.83]},"properties":{"edcs_id":"EDCS-17700740","findspot":"Corropoli / Truentum / Castrum Truentinum","raw_text":"Sagitti","date_from":0,"date_to":0,"marker_gender":"male","is_individual":false,"edcs_url":"https://edcs.hist.uzh.ch/en/document?edcs-id=EDCS-17700740","persons":[{"nomen":"","gender":"male","raw_name":"Sagitti","cognomen":"Sagittius"}]}},{"type":"Feature","geometry":{"type":"Point","coordinates":[13.65,42.54]},"properties":{"edcs_id":"EDCS-17700744","findspot":"Tossicia","raw_text":"Satullini Luci Licini Martialis Satullini Luci Licini Martialis","date_from":0,"date_to":0,"marker_gender":"male","is_individual":false,"edcs_url":"https://edcs.hist.uzh.ch/en/document?edcs-id=EDCS-17700744","persons":[{"nomen":"Saturninus","gender":"male","raw_name":"Satullini L. L. Martialis","cognomen":"Martialis","cluster_id":1005,"cluster_size":2},{"nomen":"Saturninus","gender":"male","raw_name":"S. L. L. M.","cognomen":"Martialis","cluster_id":1005,"cluster_size":2}]}},{"type":"Feature","geometry":null,"properties":{"edcs_id":"EDCS-17700755","findspot":"Civita / Civita di Colonnella / Castrum Truentinum","raw_text":"Luci Trebi Aru","date_from":0,"date_to":0,"marker_gender":"male","is_individual":true,"edcs_url":"https://edcs.hist.uzh.ch/en/document?edcs-id=EDCS-17700755","persons":[{"nomen":"Trebius","gender":"male","raw_name":"L. Trebi Aru","praenomen":"Lucius"}]}},{"type":"Feature","geometry":null,"properties":{"edcs_id":"EDCS-17700770","findspot":"Acquasanta Terme / Ad Aquas","raw_text":"Liberatori orbis Romani restitutori libertatis et rei publicae conservatori militum et provincialium domino nostro Magnentio Invicto principi victori ac triumfatori semper Augusto DDDominis nnnostris Valentiniano Valenti et Gratiano Piis Felicibus ac triumphatoribus semper Augggustis bono rei publicae natis CXIII","date_from":0,"date_to":0,"marker_gender":"male","is_individual":true,"edcs_url":"https://edcs.hist.uzh.ch/en/document?edcs-id=EDCS-17700770","persons":[{"nomen":"","gender":"male","raw_name":"Magne(n)tio Invicto prin cipi victori ac triumfat ori semper Aug(usto)","cognomen":"Magnentius Invictus Princeps Victor ac Triumphator Semper Augustus","status":"Dominus Noster","is_imperial":true},{"nomen":"","gender":"male","raw_name":"Valentiniano Vale nti","cognomen":"Valentinianus Valens","status":"Domini Nostri, Pius Felix ac Triumphator Semper Augustus","is_imperial":true},{"nomen":"","gender":"male","raw_name":"Gratiano","cognomen":"Gratianus","status":"Domini Nostri, Pius Felix ac Triumphator Semper Augustus","is_imperial":true}]}},{"type":"Feature","geometry":null,"properties":{"edcs_id":"EDCS-17700771","findspot":"Sant'Omero / Truentum / Castrum Truentinum","raw_text":"Lucius Caecilius Quinti filius Metellus consul CXIX Roma","date_from":0,"date_to":0,"marker_gender":"male","is_individual":true,"edcs_url":"https://edcs.hist.uzh.ch/en/document?edcs-id=EDCS-17700771","persons":[{"nomen":"Caecilius","gender":"male","raw_name":"L. Caecilius Q. f. Metellus cons. CXIX","praenomen":"Lucius","cognomen":"Metellus","status":"Quinti filius, consul"}]}},{"type":"Feature","geometry":null,"properties":{"edcs_id":"EDCS-17700819","findspot":"Porto di Cognola","raw_text":"Arbitratu Cai Iuli Poly","date_from":0,"date_to":0,"marker_gender":"male","is_individual":true,"edcs_url":"https://edcs.hist.uzh.ch/en/document?edcs-id=EDCS-17700819","persons":[{"nomen":"Iulius","gender":"male","raw_name":"C. Iul. Poly()","praenomen":"Caius","status":"Arb(itratu)"}]}},{"type":"Feature","geometry":{"type":"Point","coordinates":[13.18,43.23]},"properties":{"edcs_id":"EDCS-17800049","findspot":"San Severino Marche / Septempeda","raw_text":"PhilIVotas Arri Quinti servus","date_from":0,"date_to":0,"marker_gender":"male","is_individual":false,"edcs_url":"https://edcs.hist.uzh.ch/en/document?edcs-id=EDCS-17800049","persons":[{"nomen":"Arrius","gender":"male","raw_name":"<Phil=IIV>ota(s) Arri Q. s.","cognomen":"Philotas","status":"Quinti servus"}]}},{"type":"Feature","geometry":{"type":"Point","coordinates":[13.98,42.58]},"properties":{"edcs_id":"EDCS-18000001","findspot":"Atri / Hadria / Adria","raw_text":"Pathice N VIII","date_from":0,"date_to":0,"marker_gender":"unknown","is_individual":false,"edcs_url":"https://edcs.hist.uzh.ch/en/document?edcs-id=EDCS-18000001","persons":[{"nomen":"","gender":"unknown","raw_name":"Pat(h)ice","cognomen":"Pathice"}]}},{"type":"Feature","geometry":{"type":"Point","coordinates":[13.84,42.83]},"properties":{"edcs_id":"EDCS-18000006","findspot":"Corropoli / Truentum / Castrum Truentinum","raw_text":"Caius Cadius C","date_from":0,"date_to":0,"marker_gender":"male","is_individual":false,"edcs_url":"https://edcs.hist.uzh.ch/en/document?edcs-id=EDCS-18000006","persons":[{"nomen":"Cadius","gender":"male","raw_name":"C. Cadius","praenomen":"Gaius"}]}},{"type":"Feature","geometry":{"type":"Point","coordinates":[13.84,42.83]},"properties":{"edcs_id":"EDCS-18000011","findspot":"Corropoli / Truentum / Castrum Truentinum","raw_text":"Itali Titus Lafrenius praetor","date_from":0,"date_to":0,"marker_gender":"male","is_individual":false,"edcs_url":"https://edcs.hist.uzh.ch/en/document?edcs-id=EDCS-18000011","persons":[{"nomen":"Lafrenius","gender":"male","raw_name":"T. Laf. pr.","praenomen":"Titus","status":"praetor"}]}},{"type":"Feature","geometry":{"type":"Point","coordinates":[13.58,42.85]},"properties":{"edcs_id":"EDCS-18000103","findspot":"Ascoli Piceno / Asculum Picenum","raw_text":"Galba","date_from":0,"date_to":0,"marker_gender":"male","is_individual":true,"edcs_url":"https://edcs.hist.uzh.ch/en/document?edcs-id=EDCS-18000103","persons":[{"nomen":"","gender":"male","raw_name":"Galba","cognomen":"Galba"}]}},{"type":"Feature","geometry":{"type":"Point","coordinates":[13.58,42.85]},"properties":{"edcs_id":"EDCS-18000110","findspot":"Ascoli Piceno / Asculum Picenum","raw_text":"Pompeio","date_from":0,"date_to":0,"marker_gender":"male","is_individual":true,"edcs_url":"https://edcs.hist.uzh.ch/en/document?edcs-id=EDCS-18000110","persons":[{"nomen":"","gender":"male","raw_name":"Pompeio","cognomen":"Pompeius","cluster_id":1169,"cluster_size":8,"cluster_confidence":"low"}]}},{"type":"Feature","geometry":{"type":"Point","coordinates":[13.58,42.85]},"properties":{"edcs_id":"EDCS-18000112","findspot":"Ascoli Piceno / Asculum Picenum","raw_text":"Feri Pompeium","date_from":0,"date_to":0,"marker_gender":"male","is_individual":true,"edcs_url":"https://edcs.hist.uzh.ch/en/document?edcs-id=EDCS-18000112","persons":[{"nomen":"","gender":"male","raw_name":"Pomp(eium)","cognomen":"Pompeius","cluster_id":1169,"cluster_size":8,"cluster_confidence":"low"}]}},{"type":"Feature","geometry":{"type":"Point","coordinates":[13.58,42.85]},"properties":{"edcs_id":"EDCS-18000113","findspot":"Ascoli Piceno / Asculum Picenum","raw_text":"Feri Pompeium","date_from":0,"date_to":0,"marker_gender":"male","is_individual":true,"edcs_url":"https://edcs.hist.uzh.ch/en/document?edcs-id=EDCS-18000113","persons":[{"nomen":"","gender":"male","raw_name":"Pomp(eium)","cognomen":"Pompeius","cluster_id":1169,"cluster_size":8,"cluster_confidence":"low"}]}},{"type":"Feature","geometry":{"type":"Point","coordinates":[13.58,42.85]},"properties":{"edcs_id":"EDCS-18000114","findspot":"Ascoli Piceno / Asculum Picenum","raw_text":"Feri Pompeium","date_from":0,"date_to":0,"marker_gender":"male","is_individual":true,"edcs_url":"https://edcs.hist.uzh.ch/en/document?edcs-id=EDCS-18000114","persons":[{"nomen":"","gender":"male","raw_name":"Pompeium","cognomen":"Pompeius","cluster_id":1169,"cluster_size":8,"cluster_confidence":"low"}]}},{"type":"Feature","geometry":{"type":"Point","coordinates":[13.58,42.85]},"properties":{"edcs_id":"EDCS-18000115","findspot":"Ascoli Piceno / Asculum Picenum","raw_text":"Feri Pompeium","date_from":0,"date_to":0,"marker_gender":"male","is_individual":true,"edcs_url":"https://edcs.hist.uzh.ch/en/document?edcs-id=EDCS-18000115","persons":[{"nomen":"","gender":"male","raw_name":"Pomp(eium)","cognomen":"Pompeius","cluster_id":1169,"cluster_size":8,"cluster_confidence":"low"}]}},{"type":"Feature","geometry":{"type":"Point","coordinates":[13.58,42.85]},"properties":{"edcs_id":"EDCS-18000118","findspot":"Ascoli Piceno / Asculum Picenum","raw_text":"Feri Pompeium","date_from":0,"date_to":0,"marker_gender":"male","is_individual":true,"edcs_url":"https://edcs.hist.uzh.ch/en/document?edcs-id=EDCS-18000118","persons":[{"nomen":"","gender":"male","raw_name":"Pomp(eium)","cognomen":"Pompeius","cluster_id":1169,"cluster_size":8,"cluster_confidence":"low"}]}},{"type":"Feature","geometry":{"type":"Point","coordinates":[13.58,42.85]},"properties":{"edcs_id":"EDCS-18000120","findspot":"Ascoli Piceno / Asculum Picenum","raw_text":"Feri Pompeium","date_from":0,"date_to":0,"marker_gender":"male","is_individual":true,"edcs_url":"https://edcs.hist.uzh.ch/en/document?edcs-id=EDCS-18000120","persons":[{"nomen":"","gender":"male","raw_name":"Pomp(eium)","cognomen":"Pompeius","cluster_id":1169,"cluster_size":8,"cluster_confidence":"low"}]}},{"type":"Feature","geometry":{"type":"Point","coordinates":[13.58,42.85]},"properties":{"edcs_id":"EDCS-18000121","findspot":"Ascoli Piceno / Asculum Picenum","raw_text":"Feri Pompeium","date_from":0,"date_to":0,"marker_gender":"male","is_individual":true,"edcs_url":"https://edcs.hist.uzh.ch/en/document?edcs-id=EDCS-18000121","persons":[{"nomen":"","gender":"male","raw_name":"Pomp(eium)","cognomen":"Pompeius","cluster_id":1169,"cluster_size":8,"cluster_confidence":"low"}]}},{"type":"Feature","geometry":{"type":"Point","coordinates":[13.58,42.85]},"properties":{"edcs_id":"EDCS-18000143","findspot":"Ascoli Piceno / Asculum Picenum","raw_text":"Itali","date_from":0,"date_to":0,"marker_gender":"male","is_individual":true,"edcs_url":"https://edcs.hist.uzh.ch/en/document?edcs-id=EDCS-18000143","persons":[{"nomen":"","gender":"male","raw_name":"Ital(i)","cognomen":"Italus"}]}},{"type":"Feature","geometry":null,"properties":{"edcs_id":"EDCS-18000156","findspot":"Tortoreto","raw_text":"Itali","date_from":0,"date_to":0,"marker_gender":"male","is_individual":true,"edcs_url":"https://edcs.hist.uzh.ch/en/document?edcs-id=EDCS-18000156","persons":[{"nomen":"","gender":"male","raw_name":"Ital(i)","cognomen":"Italus"}]}},{"type":"Feature","geometry":{"type":"Point","coordinates":[13.72,43.16]},"properties":{"edcs_id":"EDCS-18000246","findspot":"Fermo / Firmum Picenum","raw_text":"Ex auctor(e) / Q(uinti) Iuni Rustic[i] / praef(ecti) u[rb(i)]","date_from":0,"date_to":0,"marker_gender":"male","is_individual":false,"edcs_url":"https://edcs.hist.uzh.ch/en/document?edcs-id=EDCS-18000246","persons":[{"nomen":"Iunius","gender":"male","raw_name":"Q. Iuni Rustic[i]","praenomen":"Quintus","cognomen":"Rusticus","status":"ex auctore, praefectus urbi"}]}},{"type":"Feature","geometry":{"type":"Point","coordinates":[13.85,43.03]},"properties":{"edcs_id":"EDCS-18000283","findspot":"Ripatransone / Cupra Maritima","raw_text":"Luci Plani Luci filii Russini","date_from":0,"date_to":0,"marker_gender":"male","is_individual":false,"edcs_url":"https://edcs.hist.uzh.ch/en/document?edcs-id=EDCS-18000283","persons":[{"nomen":"Planius","gender":"male","raw_name":"L. Plani L. f. Russini","praenomen":"Lucius","cognomen":"Russinus","status":"Luci filius"}]}},{"type":"Feature","geometry":{"type":"Point","coordinates":[13.38,43.2]},"properties":{"edcs_id":"EDCS-18200348","findspot":"Urbisaglia / Urbs Salvia","raw_text":"diae Balbu","date_from":0,"date_to":0,"marker_gender":"male","is_individual":true,"edcs_url":"https://edcs.hist.uzh.ch/en/document?edcs-id=EDCS-18200348","persons":[{"nomen":"","gender":"male","raw_name":"[3] Balbu[","cognomen":"Balbus"}]}},{"type":"Feature","geometry":{"type":"Point","coordinates":[13.38,43.2]},"properties":{"edcs_id":"EDCS-18200351","findspot":"Urbisaglia / Urbs Salvia","raw_text":"li Capriolo Vettia Marcia coniugi bene merenti","date_from":0,"date_to":0,"marker_gender":"mixed","is_individual":true,"edcs_url":"https://edcs.hist.uzh.ch/en/document?edcs-id=EDCS-18200351","persons":[{"nomen":"","gender":"male","raw_name":"li Ca priolo","cognomen":"Capriolus"},{"nomen":"Vettia","gender":"female","raw_name":"Vettia Marcia coniugi","cognomen":"Marcia","status":"coniugi bene merenti"}]}},{"type":"Feature","geometry":{"type":"Point","coordinates":[13.38,43.2]},"properties":{"edcs_id":"EDCS-18200352","findspot":"Urbisaglia / Urbs Salvia","raw_text":"D(is) M(anibus) / Salviae C(ai) l(ibertae) / Primitivae / Perses coniugi / bene merenti et sibi","date_from":0,"date_to":0,"marker_gender":"mixed","is_individual":true,"edcs_url":"https://edcs.hist.uzh.ch/en/document?edcs-id=EDCS-18200352","persons":[{"nomen":"Salvia","gender":"female","raw_name":"Salviae C. libertae Primitivae","cognomen":"Primitiva","status":"C. libertae"},{"nomen":"","gender":"male","raw_name":"Perses coniugi bene merenti et sibi","cognomen":"Perses","status":"coniugi bene merenti et sibi"}]}},{"type":"Feature","geometry":{"type":"Point","coordinates":[13.28,43.21]},"properties":{"edcs_id":"EDCS-18200353","findspot":"Tolentino / Tolentinum","raw_text":"Iunoni [3] / Nonia [","date_from":0,"date_to":0,"marker_gender":"female","is_individual":false,"edcs_url":"https://edcs.hist.uzh.ch/en/document?edcs-id=EDCS-18200353","persons":[{"nomen":"Nonia","gender":"female","raw_name":"Nonia"}]}},{"type":"Feature","geometry":{"type":"Point","coordinates":[13.28,43.21]},"properties":{"edcs_id":"EDCS-18200361","findspot":"Tolentino / Tolentinum","raw_text":"Mecloni/ae P(ubli) lib(ertae) / Picentinae / [6] / [6] / matri / piissimae","date_from":0,"date_to":0,"marker_gender":"female","is_individual":false,"edcs_url":"https://edcs.hist.uzh.ch/en/document?edcs-id=EDCS-18200361","persons":[{"nomen":"","gender":"female","raw_name":"Mecloni ae P. lib. Picentinae","cognomen":"Meclonia","status":"Publi liberta, Picentinae, matri piissimae"}]}},{"type":"Feature","geometry":{"type":"Point","coordinates":[13.28,43.21]},"properties":{"edcs_id":"EDCS-18200362","findspot":"Tolentino / Tolentinum","raw_text":"Q(uintus) Plotius Q(uinti) l(ibertus) Pelops / Pupia L(uci) l(iberta) Rufa / Ploti[a] Q(uinti) l(iberta) Fausta Pia / Q(uintus) Plotius Q(uinti) l(ibertus) Stabilio / P(ublius) Pupius P(ubli) [l(ibertus)] Philades / Q(uintus) Plotius P(ubli) f(ilius) Celer","date_from":0,"date_to":0,"marker_gender":"mixed","is_individual":false,"edcs_url":"https://edcs.hist.uzh.ch/en/document?edcs-id=EDCS-18200362","persons":[{"nomen":"Plotius","gender":"male","raw_name":"Q. Plotius Q. l. Pelops","praenomen":"Quintus","cognomen":"Pelops","status":"Quinti libertus"},{"nomen":"Pupia","gender":"female","raw_name":"Pupia L. l. Rufa","cognomen":"Rufa","status":"Luci liberta"},{"nomen":"Plotia","gender":"female","raw_name":"Plot[ia] Q. l. Fausta Pia","cognomen":"Fausta Pia","status":"Quinti liberta"},{"nomen":"Plotius","gender":"male","raw_name":"Q. Plotius Q. l. Stabilio","praenomen":"Quintus","cognomen":"Stabilio","status":"Quinti libertus"},{"nomen":"Pupius","gender":"male","raw_name":"P. Pupius P. [l.] Philades","praenomen":"Publius","cognomen":"Philades","status":"Publi libertus"},{"nomen":"Plotius","gender":"male","raw_name":"Q. Plotius P. f. Celer","praenomen":"Quintus","cognomen":"Celer","status":"Publi filius"}]}},{"type":"Feature","geometry":{"type":"Point","coordinates":[13.62,43.37]},"properties":{"edcs_id":"EDCS-18200367","findspot":"Potenza Picena / Santa Maria a Potenza / Potentia","raw_text":"Dis Man(ibus) / T(itus) Publicius / Geminus / Numitoriae / Ionidi / coniugi b(ene) m(erenti) / et Numitoria / Licetis pa/tronae pientis/simae et sor(or)i / eius Herenni/ae Arsinoe","date_from":0,"date_to":0,"marker_gender":"mixed","is_individual":false,"edcs_url":"https://edcs.hist.uzh.ch/en/document?edcs-id=EDCS-18200367","persons":[{"nomen":"Publicius","gender":"male","raw_name":"T. Publicius Geminus","praenomen":"Titus","cognomen":"Geminus"},{"nomen":"Numitoria","gender":"female","raw_name":"Numitoriae Ionidi","cognomen":"Ionis","status":"coniugi bene merenti"},{"nomen":"Numitoria","gender":"female","raw_name":"Numitoria Licetis patronae piientissimae et sorori Herenni(a)e Arsinoe","cognomen":"Arsinoe","status":"patronae piisimae et sorori eius"}]}},{"type":"Feature","geometry":{"type":"Point","coordinates":[13.48,43.49]},"properties":{"edcs_id":"EDCS-18200368","findspot":"Osimo / Auximum","raw_text":"L(ucius) Vettius L(uci) f(ilius) / Vel(ina) / Aninianus / tr(ibunus) mil(itum) leg(ionis) VI","date_from":0,"date_to":0,"marker_gender":"male","is_individual":false,"edcs_url":"https://edcs.hist.uzh.ch/en/document?edcs-id=EDCS-18200368","persons":[{"nomen":"Vettius","gender":"male","raw_name":"L. Vettius L. f. Vel. Aninianus","praenomen":"Lucius","cognomen":"Aninianus","status":"Luci filius, tribus: Velina, tribunus militum legionis VI"}]}},{"type":"Feature","geometry":{"type":"Point","coordinates":[13.48,43.49]},"properties":{"edcs_id":"EDCS-18200369","findspot":"Osimo / Auximum","raw_text":"C(aius) Plautius C(ai) f(ilius) / Rufus pr(aetor) bis","date_from":0,"date_to":0,"marker_gender":"male","is_individual":false,"edcs_url":"https://edcs.hist.uzh.ch/en/document?edcs-id=EDCS-18200369","persons":[{"nomen":"Plautius","gender":"male","raw_name":"C. Plautius C. f. Rufus","praenomen":"Gaius","cognomen":"Rufus","status":"Cai filius, praetor bis","cluster_id":666,"cluster_size":2}]}},{"type":"Feature","geometry":{"type":"Point","coordinates":[13.48,43.49]},"properties":{"edcs_id":"EDCS-18200370","findspot":"Osimo / Auximum","raw_text":"Q(uintus) Sept<i=U>mius C(ai) f(ilius) / Niger L{e}iberal(is)","date_from":0,"date_to":0,"marker_gender":"male","is_individual":false,"edcs_url":"https://edcs.hist.uzh.ch/en/document?edcs-id=EDCS-18200370","persons":[{"nomen":"Septimius","gender":"male","raw_name":"Q. Sept<i=U>mius C. f. Niger L{e}iberalis","praenomen":"Quintus","cognomen":"Niger Liberalis","status":"Cai filius"}]}},{"type":"Feature","geometry":{"type":"Point","coordinates":[13.52,43.62]},"properties":{"edcs_id":"EDCS-18200371","findspot":"Ancona","raw_text":"Bonae memoriae Flavio Aureliano veterano qui vixit annis LXII menses V dies VI Valeria Viatorina coniugi dulcissimo et Flavius Callidius patri bene merenti posuerunt","date_from":0,"date_to":0,"marker_gender":"mixed","is_individual":false,"edcs_url":"https://edcs.hist.uzh.ch/en/document?edcs-id=EDCS-18200371","persons":[{"nomen":"Flavius","gender":"male","raw_name":"Flavio Aureliano","cognomen":"Aurelianus","status":"veterano qui vixit annis LXII me(n)ses V dies VI"},{"nomen":"Valeria","gender":"female","raw_name":"Valeria Viatorina","cognomen":"Viatorina","status":"coniu[g]i dulcissimo"},{"nomen":"Flavius","gender":"male","raw_name":"Fla vius Callidius","cognomen":"Callidius","status":"patri bene merenti"}]}},{"type":"Feature","geometry":{"type":"Point","coordinates":[13.58,42.85]},"properties":{"edcs_id":"EDCS-18200375","findspot":"Ascoli Piceno / Asculum Picenum","raw_text":"Mariae Au/rel(iae) Violentil/lae Perpetui / cons(ularis) viri fil(iae) / cons(ularis) femin(ae) / co(n)iugi Q(uinti) Eg/nati Proculi / co(n)s(ulis) / dec(uriones) et plebs / Ascul(ana) ob sing(ularem) / erga se amor(em)","date_from":0,"date_to":0,"marker_gender":"mixed","is_individual":true,"edcs_url":"https://edcs.hist.uzh.ch/en/document?edcs-id=EDCS-18200375","persons":[{"nomen":"Maria","gender":"female","raw_name":"Mariae Aureliae Violentil lae Perpetui cons. viri fil. cons. femin. coniugi Q. Eg nati Proculi cons. dec. et plebs Ascul. ob sing. erga se amor.","cognomen":"Violentilla","status":"consularis viro filia, consularis feminae coniugi Quint(i) Eg nati Proculi consulis, decuriones et plebs Ascul(ana) ob singularem erga se amorem"},{"nomen":"Egnatius","gender":"male","raw_name":"Q. Eg nati Proculi","praenomen":"Quintus","cognomen":"Proculus","status":"consul"}]}},{"type":"Feature","geometry":{"type":"Point","coordinates":[13.58,42.85]},"properties":{"edcs_id":"EDCS-18200376","findspot":"Ascoli Piceno / Asculum Picenum","raw_text":"P(ublius) Caetrenus |(mulieris) l(ibertus) Faustus / sexvir Tib[e]rialis creatus a [3] / arbitratu / T(iti) Appusu[l]eni [3]","date_from":0,"date_to":0,"marker_gender":"male","is_individual":true,"edcs_url":"https://edcs.hist.uzh.ch/en/document?edcs-id=EDCS-18200376","persons":[{"nomen":"","gender":"male","raw_name":"P. Caetrenus |(mulieris) l. Faustus sexvir Tib[e]rialis creatus a [3] arbitratu T. Appusu[l]eni [3]","cognomen":"Faustus","status":"mulieris libertus, sexvir Tiberialis creatus arbitratu Titi Appusuleni"},{"nomen":"Appusulenius","gender":"unknown","raw_name":"T. Appusu[l]eni","praenomen":"Titus"}]}},{"type":"Feature","geometry":{"type":"Point","coordinates":[13.58,42.85]},"properties":{"edcs_id":"EDCS-18200377","findspot":"Ascoli Piceno / Asculum Picenum","raw_text":"D(is) M(anibus) / P(ubli) Salvi Philanti / veter(ani) sibi et / Salviae Cypare / uxori et Salvio Di/[","date_from":0,"date_to":0,"marker_gender":"mixed","is_individual":true,"edcs_url":"https://edcs.hist.uzh.ch/en/document?edcs-id=EDCS-18200377","persons":[{"nomen":"Salvius","gender":"male","raw_name":"P. Salvi Philanti veter(ani) sibi et Salviae Cypare uxori et Salvio Di[","cognomen":"Philantus","status":"veteranus, sibi et Salviae Cypare uxori et Salvio Di[...]"},{"nomen":"Salvia","gender":"female","raw_name":"Salviae Cypare","cognomen":"Cypare","status":"uxor"},{"nomen":"Salvius","gender":"male","raw_name":"Salvio Di["}]}},{"type":"Feature","geometry":{"type":"Point","coordinates":[13.58,42.85]},"properties":{"edcs_id":"EDCS-18200378","findspot":"Ascoli Piceno / Asculum Picenum","raw_text":"Choerio","date_from":0,"date_to":0,"marker_gender":"male","is_individual":true,"edcs_url":"https://edcs.hist.uzh.ch/en/document?edcs-id=EDCS-18200378","persons":[{"nomen":"","gender":"male","raw_name":"Choe rio","cognomen":"Choerius"}]}},{"type":"Feature","geometry":{"type":"Point","coordinates":[13.47,43.11]},"properties":{"edcs_id":"EDCS-18200393","findspot":"Falerone / Falerio Picenus","raw_text":"Caesiae / Atticae / C(aius) Cusinius / Natalis uxori / carissimae posui(t) / Attica quae fuerat / Cusini fidissima coniu(n)x / condita secura iam / requiescit humo / quaeque viri casus nu<m=N>/quam mutata reliqui<t=D> / ex{s}emplum fidei / coniugiiq(ue) / decus","date_from":0,"date_to":0,"marker_gender":"mixed","is_individual":false,"edcs_url":"https://edcs.hist.uzh.ch/en/document?edcs-id=EDCS-18200393","persons":[{"nomen":"Caesius","gender":"female","raw_name":"Caesiae Atticae","cognomen":"Attica"},{"nomen":"Cusinius","gender":"male","raw_name":"C. Cusinius Natalis","praenomen":"Caius","cognomen":"Natalis","status":"uxori carissimae posuit, Attica quae fuerat Cusini fidissima coniunx"},{"nomen":"Attica","gender":"female","raw_name":"Attica","status":"coniugis"}]}},{"type":"Feature","geometry":{"type":"Point","coordinates":[13.92,42.89]},"properties":{"edcs_id":"EDCS-18200400","findspot":"Martinsicuro / Truentum / Castrum Truentinum","raw_text":"tidius Albanus Petulcia","date_from":0,"date_to":0,"marker_gender":"mixed","is_individual":false,"edcs_url":"https://edcs.hist.uzh.ch/en/document?edcs-id=EDCS-18200400","persons":[{"nomen":"","gender":"male","raw_name":"Albanus","cognomen":"Albanus"},{"nomen":"","gender":"female","raw_name":"Petulcia","cognomen":"Petulcia"}]}},{"type":"Feature","geometry":{"type":"Point","coordinates":[13.92,42.89]},"properties":{"edcs_id":"EDCS-18200401","findspot":"Martinsicuro / Truentum / Castrum Truentinum","raw_text":"ullius Cai libertus Faustus ucia Salvia","date_from":0,"date_to":0,"marker_gender":"mixed","is_individual":false,"edcs_url":"https://edcs.hist.uzh.ch/en/document?edcs-id=EDCS-18200401","persons":[{"nomen":"","gender":"male","raw_name":"C. l. Faustus","cognomen":"Faustus","status":"Cai libertus"},{"nomen":"","gender":"female","raw_name":"Salvia","cognomen":"Salvia"}]}},{"type":"Feature","geometry":{"type":"Point","coordinates":[13.92,42.89]},"properties":{"edcs_id":"EDCS-18200402","findspot":"Martinsicuro / Truentum / Castrum Truentinum","raw_text":"Vibius Mumius Cai filius","date_from":0,"date_to":0,"marker_gender":"male","is_individual":false,"edcs_url":"https://edcs.hist.uzh.ch/en/document?edcs-id=EDCS-18200402","persons":[{"nomen":"Vibius","gender":"male","raw_name":"Vibius Mumi. C. f.","cognomen":"Mumius","status":"Cai filius"}]}},{"type":"Feature","geometry":null,"properties":{"edcs_id":"EDCS-18200403","findspot":"Monsampolo del Tronto / Asculum Picenum","raw_text":"Felici Bassi servo Nomas et Primus conservi de suo","date_from":0,"date_to":0,"marker_gender":"male","is_individual":true,"edcs_url":"https://edcs.hist.uzh.ch/en/document?edcs-id=EDCS-18200403","persons":[{"nomen":"","gender":"male","raw_name":"Nomas","cognomen":"Nomas","status":"conservus, Felici Bassi servo"},{"nomen":"","gender":"male","raw_name":"Primus","cognomen":"Primus","status":"conservus, Felici Bassi servo"}]}},{"type":"Feature","geometry":null,"properties":{"edcs_id":"EDCS-19700190","findspot":"Mosciano Sant'Angelo","raw_text":"Lucius Opios Cai libertus Apollini dono dedit merito","date_from":0,"date_to":0,"marker_gender":"male","is_individual":true,"edcs_url":"https://edcs.hist.uzh.ch/en/document?edcs-id=EDCS-19700190","persons":[{"nomen":"Opius","gender":"male","raw_name":"L. Opio(s) C. l. Apol(l)<i=E>n<i=E>","praenomen":"Lucius","cognomen":"Apollin","status":"libertus Cai"}]}},{"type":"Feature","geometry":{"type":"Point","coordinates":[13.7,42.66]},"properties":{"edcs_id":"EDCS-19700604","findspot":"Teramo / Interamnia Praetuttiorum","raw_text":"Quintus Maeilius","date_from":0,"date_to":0,"marker_gender":"male","is_individual":false,"edcs_url":"https://edcs.hist.uzh.ch/en/document?edcs-id=EDCS-19700604","persons":[{"nomen":"Maeilius","gender":"male","raw_name":"Q. Maeili(us)","praenomen":"Quintus"}]}},{"type":"Feature","geometry":{"type":"Point","coordinates":[13.52,43.62]},"properties":{"edcs_id":"EDCS-19700630","findspot":"Ancona","raw_text":"Lucius Iunios Scevas","date_from":0,"date_to":0,"marker_gender":"male","is_individual":false,"edcs_url":"https://edcs.hist.uzh.ch/en/document?edcs-id=EDCS-19700630","persons":[{"nomen":"Iunios","gender":"male","raw_name":"L. Iunios Scevas","praenomen":"Lucius","cognomen":"Scevas"}]}},{"type":"Feature","geometry":{"type":"Point","coordinates":[13.58,42.85]},"properties":{"edcs_id":"EDCS-19700631","findspot":"Ascoli Piceno / Asculum Picenum","raw_text":"Rarias","date_from":0,"date_to":0,"marker_gender":"female","is_individual":true,"edcs_url":"https://edcs.hist.uzh.ch/en/document?edcs-id=EDCS-19700631","persons":[{"nomen":"Raria","gender":"female","raw_name":"Rarias"}]}},{"type":"Feature","geometry":{"type":"Point","coordinates":[13.58,42.85]},"properties":{"edcs_id":"EDCS-20401481","findspot":"Ascoli Piceno / Asculum Picenum","raw_text":"]ionem [popu]/[lo] dedit / L(ucio) Cossinio L(uci) f(ilio) L(uci) [n(epoti)] / [Cu]rvo pontifici / [ae]dili epulum / [po]pulo dedit Helenus l(ibertus) / v(ivus) f(ecit)","date_from":0,"date_to":0,"marker_gender":"male","is_individual":true,"edcs_url":"https://edcs.hist.uzh.ch/en/document?edcs-id=EDCS-20401481","persons":[{"nomen":"Cossinius","gender":"male","raw_name":"L. Cossinio L. f. L. [n(epoti)]   [Cu]rvo pontifici","praenomen":"Lucius","cognomen":"Curvo","status":"L. f. L. nepotis pontifici"},{"nomen":"","gender":"male","raw_name":"Helenus l(ibertus)   v(ivus) f(ecit)","cognomen":"Helenus","status":"libertus, vivus fecit"}]}},{"type":"Feature","geometry":{"type":"Point","coordinates":[13.58,42.85]},"properties":{"edcs_id":"EDCS-20401482","findspot":"Ascoli Piceno / Asculum Picenum","raw_text":"[3]","date_from":0,"date_to":0,"marker_gender":"female","is_individual":true,"edcs_url":"https://edcs.hist.uzh.ch/en/document?edcs-id=EDCS-20401482","persons":[{"nomen":"Licinia","gender":"female","raw_name":"Licinia P. f. Tert[3]","cognomen":"Tertia","status":"Publi filia"}]}},{"type":"Feature","geometry":{"type":"Point","coordinates":[13.58,42.85]},"properties":{"edcs_id":"EDCS-20401484","findspot":"Ascoli Piceno / Asculum Picenum","raw_text":"D(is) M(anibus) / Sex(to) O[ll]io Helio[doro(?)] / fil(io) et Oll[i]a[e] / Melitineni co(n)iu[gi] / L(ucius) Allius Iustus / b(ene) m(erentibus) v(ivus) fec[it]","date_from":0,"date_to":0,"marker_gender":"mixed","is_individual":true,"edcs_url":"https://edcs.hist.uzh.ch/en/document?edcs-id=EDCS-20401484","persons":[{"nomen":"Ollia","gender":"male","raw_name":"Sex. O[ll]io Helio[doro(?)] fil(io)","cognomen":"Heliodorus","status":"filio"},{"nomen":"Ollia","gender":"female","raw_name":"Oll[i]ae Melitineni","cognomen":"Melitineni","status":"coniugi"},{"nomen":"Allius","gender":"male","raw_name":"L. Allius Iustus","praenomen":"Lucius","cognomen":"Iustus","status":"bene merentibus vivus fecit"}]}},{"type":"Feature","geometry":{"type":"Point","coordinates":[13.58,42.85]},"properties":{"edcs_id":"EDCS-20401485","findspot":"Ascoli Piceno / Asculum Picenum","raw_text":"]THV[3] / [3]essia L(uci) l(iberta) / Timothea / [T(itus)] Helvius T(iti) l(ibertus) / Antiochus / [3] Betutius / Venustus","date_from":0,"date_to":0,"marker_gender":"mixed","is_individual":true,"edcs_url":"https://edcs.hist.uzh.ch/en/document?edcs-id=EDCS-20401485","persons":[{"nomen":"Messia","gender":"female","raw_name":"[3]essia L. l. Timothea","cognomen":"Timothea","status":"Luci liberta"},{"nomen":"Helvius","gender":"male","raw_name":"[T. Titus] Helvius T. l. Antiochus","praenomen":"Titus","cognomen":"Antiochus","status":"Titi libertus"},{"nomen":"","gender":"male","raw_name":"[3] Betutius Venustus","cognomen":"Venustus"}]}},{"type":"Feature","geometry":{"type":"Point","coordinates":[13.58,42.85]},"properties":{"edcs_id":"EDCS-20401486","findspot":"Ascoli Piceno / Asculum Picenum","raw_text":"Dis Man(ibus) / Memmiae Sp(uri) f(iliae) / Maximae / Thym[ele(?)] patr[o]/[nae(?)","date_from":0,"date_to":0,"marker_gender":"female","is_individual":true,"edcs_url":"https://edcs.hist.uzh.ch/en/document?edcs-id=EDCS-20401486","persons":[{"nomen":"Memmia","gender":"female","raw_name":"Memmiae Sp. f. Maximae","cognomen":"Maxima","status":"Spuri filia"},{"nomen":"","gender":"female","raw_name":"Thym[ele(?)] patr[o] [nae(?)]","cognomen":"Thymele","status":"patronae"}]}},{"type":"Feature","geometry":null,"properties":{"edcs_id":"EDCS-20401487","findspot":"Porchiano / Asculum Picenum","raw_text":"Cnaeus Statius Mani filius praefectus III","date_from":0,"date_to":0,"marker_gender":"male","is_individual":true,"edcs_url":"https://edcs.hist.uzh.ch/en/document?edcs-id=EDCS-20401487","persons":[{"nomen":"Statius","gender":"male","raw_name":"Cn. Statius M. f. pra<e=I>f. III","praenomen":"Gnaeus","status":"Mani filius, praefectus III"}]}},{"type":"Feature","geometry":{"type":"Point","coordinates":[13.72,43.16]},"properties":{"edcs_id":"EDCS-20401488","findspot":"Fermo / Firmum Picenum","raw_text":"Ossa / Myrsinenis / Agathemer / vicariae / p(osuit) d(e) s(uo) / v(ixit) a(nnos) VIII","date_from":0,"date_to":0,"marker_gender":"unknown","is_individual":false,"edcs_url":"https://edcs.hist.uzh.ch/en/document?edcs-id=EDCS-20401488","persons":[{"nomen":"","gender":"unknown","raw_name":"Agathemer","cognomen":"Agathemer","status":"vicariae"},{"nomen":"","gender":"unknown","raw_name":"Myrsinenis","cognomen":"Myrsinenis"}]}},{"type":"Feature","geometry":{"type":"Point","coordinates":[13.72,43.16]},"properties":{"edcs_id":"EDCS-20401489","findspot":"Fermo / Firmum Picenum","raw_text":"Ossa / P(ubli) Iuni Maxum(i!)","date_from":0,"date_to":0,"marker_gender":"male","is_individual":false,"edcs_url":"https://edcs.hist.uzh.ch/en/document?edcs-id=EDCS-20401489","persons":[{"nomen":"Iunius","gender":"male","raw_name":"P. Iuni Maxum(i!)","cognomen":"Maxumus"}]}},{"type":"Feature","geometry":{"type":"Point","coordinates":[13.72,43.08]},"properties":{"edcs_id":"EDCS-20401491","findspot":"Monterubbiano / Firmum Picenum","raw_text":"Titi Arusi","date_from":0,"date_to":0,"marker_gender":"unknown","is_individual":false,"edcs_url":"https://edcs.hist.uzh.ch/en/document?edcs-id=EDCS-20401491","persons":[{"nomen":"Arusius","gender":"unknown","raw_name":"T. Arusi","praenomen":"Titus"}]}},{"type":"Feature","geometry":{"type":"Point","coordinates":[13.72,43.08]},"properties":{"edcs_id":"EDCS-20401492","findspot":"Monterubbiano / Firmum Picenum","raw_text":"Balbus","date_from":0,"date_to":0,"marker_gender":"male","is_individual":false,"edcs_url":"https://edcs.hist.uzh.ch/en/document?edcs-id=EDCS-20401492","persons":[{"nomen":"","gender":"male","raw_name":"Balbus","cognomen":"Balbus"}]}},{"type":"Feature","geometry":{"type":"Point","coordinates":[13.48,43.49]},"properties":{"edcs_id":"EDCS-21200601","findspot":"Osimo / Auximum","raw_text":"Claudi Liviani","date_from":0,"date_to":0,"marker_gender":"male","is_individual":false,"edcs_url":"https://edcs.hist.uzh.ch/en/document?edcs-id=EDCS-21200601","persons":[{"nomen":"Claudius","gender":"male","raw_name":"Cl. Liviani","cognomen":"Livianus"}]}},{"type":"Feature","geometry":{"type":"Point","coordinates":[13.62,43.37]},"properties":{"edcs_id":"EDCS-21300236","findspot":"Potenza Picena / Santa Maria a Potenza / Potentia","raw_text":"Augustae Iuliae Drusi f(iliae)","date_from":0,"date_to":0,"marker_gender":"female","is_individual":false,"edcs_url":"https://edcs.hist.uzh.ch/en/document?edcs-id=EDCS-21300236","persons":[{"nomen":"Iulia","gender":"female","raw_name":"Augustae Iuliae Drusi f(iliae)","status":"Drusi filia"}]}},{"type":"Feature","geometry":{"type":"Point","coordinates":[13.58,42.85]},"properties":{"edcs_id":"EDCS-21300255","findspot":"Ascoli Piceno / Asculum Picenum","raw_text":"Aulus Gavius Primigenius","date_from":0,"date_to":0,"marker_gender":"male","is_individual":true,"edcs_url":"https://edcs.hist.uzh.ch/en/document?edcs-id=EDCS-21300255","persons":[{"nomen":"Gavius","gender":"male","raw_name":"A. Gavius Primigenius","praenomen":"Aulus","cognomen":"Primigenius"}]}},{"type":"Feature","geometry":{"type":"Point","coordinates":[13.58,42.85]},"properties":{"edcs_id":"EDCS-21300256","findspot":"Ascoli Piceno / Asculum Picenum","raw_text":"Felici Cateno","date_from":0,"date_to":0,"marker_gender":"male","is_individual":true,"edcs_url":"https://edcs.hist.uzh.ch/en/document?edcs-id=EDCS-21300256","persons":[{"nomen":"","gender":"male","raw_name":"Felici Cateno","cognomen":"Catenus"}]}},{"type":"Feature","geometry":{"type":"Point","coordinates":[13.58,42.85]},"properties":{"edcs_id":"EDCS-21300257","findspot":"Ascoli Piceno / Asculum Picenum","raw_text":"Areti","date_from":0,"date_to":0,"marker_gender":"male","is_individual":true,"edcs_url":"https://edcs.hist.uzh.ch/en/document?edcs-id=EDCS-21300257","persons":[{"nomen":"","gender":"male","raw_name":"Areti","cognomen":"Aretus"}]}},{"type":"Feature","geometry":null,"properties":{"edcs_id":"EDCS-21300266","findspot":"Salinello, Fiume","raw_text":"Statii","date_from":0,"date_to":0,"marker_gender":"unknown","is_individual":true,"edcs_url":"https://edcs.hist.uzh.ch/en/document?edcs-id=EDCS-21300266","persons":[{"nomen":"Statius","gender":"unknown","raw_name":"Statii"}]}},{"type":"Feature","geometry":null,"properties":{"edcs_id":"EDCS-21300267","findspot":"Salinello, Fiume","raw_text":"Hilarus","date_from":0,"date_to":0,"marker_gender":"male","is_individual":true,"edcs_url":"https://edcs.hist.uzh.ch/en/document?edcs-id=EDCS-21300267","persons":[{"nomen":"","gender":"male","raw_name":"Hilarus","cognomen":"Hilarus"}]}},{"type":"Feature","geometry":null,"properties":{"edcs_id":"EDCS-21300268","findspot":"Salinello, Fiume","raw_text":"Afreni","date_from":0,"date_to":0,"marker_gender":"unknown","is_individual":true,"edcs_url":"https://edcs.hist.uzh.ch/en/document?edcs-id=EDCS-21300268","persons":[{"nomen":"Afrenius","gender":"unknown","raw_name":"Afreni"}]}},{"type":"Feature","geometry":null,"properties":{"edcs_id":"EDCS-21300277","findspot":"Massaccio, Cupramontana / Cupra Montana","raw_text":"Cai Clodi Sabini","date_from":0,"date_to":0,"marker_gender":"male","is_individual":true,"edcs_url":"https://edcs.hist.uzh.ch/en/document?edcs-id=EDCS-21300277","persons":[{"nomen":"Clodius","gender":"male","raw_name":"C. Cl. Sabini","praenomen":"Caius","cognomen":"Sabinus"}]}},{"type":"Feature","geometry":null,"properties":{"edcs_id":"EDCS-21300281","findspot":"Tortoreto","raw_text":"Cai Cluvi Bassi","date_from":0,"date_to":0,"marker_gender":"male","is_individual":true,"edcs_url":"https://edcs.hist.uzh.ch/en/document?edcs-id=EDCS-21300281","persons":[{"nomen":"Cluvius","gender":"male","raw_name":"C. Cluvi Bassi","praenomen":"Caius","cognomen":"Basso"}]}},{"type":"Feature","geometry":null,"properties":{"edcs_id":"EDCS-21300288","findspot":"Massignano","raw_text":"Felix","date_from":0,"date_to":0,"marker_gender":"male","is_individual":true,"edcs_url":"https://edcs.hist.uzh.ch/en/document?edcs-id=EDCS-21300288","persons":[{"nomen":"","gender":"male","raw_name":"Felix","cognomen":"Felix"}]}},{"type":"Feature","geometry":null,"properties":{"edcs_id":"EDCS-21300299","findspot":"Sant'Omero / Truentum / Castrum Truentinum","raw_text":"Luci Saturnini","date_from":0,"date_to":0,"marker_gender":"male","is_individual":true,"edcs_url":"https://edcs.hist.uzh.ch/en/document?edcs-id=EDCS-21300299","persons":[{"nomen":"Saturninus","gender":"male","raw_name":"L. Saturnini","praenomen":"Lucius"}]}},{"type":"Feature","geometry":{"type":"Point","coordinates":[13.86,43.03]},"properties":{"edcs_id":"EDCS-21300300","findspot":"Cupra Marittima / Marano / Cupra Maritima","raw_text":"Paulin","date_from":0,"date_to":0,"marker_gender":"male","is_individual":false,"edcs_url":"https://edcs.hist.uzh.ch/en/document?edcs-id=EDCS-21300300","persons":[{"nomen":"","gender":"male","raw_name":"]   Paulin[","cognomen":"Paulinus","cluster_id":1301,"cluster_size":2,"cluster_confidence":"low"}]}},{"type":"Feature","geometry":{"type":"Point","coordinates":[13.7,42.66]},"properties":{"edcs_id":"EDCS-21300301","findspot":"Teramo / Interamnia Praetuttiorum","raw_text":"Marci V M","date_from":0,"date_to":0,"marker_gender":"male","is_individual":false,"edcs_url":"https://edcs.hist.uzh.ch/en/document?edcs-id=EDCS-21300301","persons":[{"nomen":"","gender":"male","raw_name":"M. V() M()","praenomen":"Marcus"}]}},{"type":"Feature","geometry":{"type":"Point","coordinates":[13.7,42.66]},"properties":{"edcs_id":"EDCS-21300302","findspot":"Teramo / Interamnia Praetuttiorum","raw_text":"Probus","date_from":0,"date_to":0,"marker_gender":"unknown","is_individual":false,"edcs_url":"https://edcs.hist.uzh.ch/en/document?edcs-id=EDCS-21300302","persons":[{"nomen":"","gender":"unknown","raw_name":"Probus","cognomen":"Probus"}]}},{"type":"Feature","geometry":{"type":"Point","coordinates":[13.7,42.66]},"properties":{"edcs_id":"EDCS-21300303","findspot":"Teramo / Interamnia Praetuttiorum","raw_text":"Lucius","date_from":0,"date_to":0,"marker_gender":"male","is_individual":false,"edcs_url":"https://edcs.hist.uzh.ch/en/document?edcs-id=EDCS-21300303","persons":[{"nomen":"","gender":"male","raw_name":"Lucius","praenomen":"Lucius"}]}},{"type":"Feature","geometry":null,"properties":{"edcs_id":"EDCS-21300308","findspot":"Salino, Torrente","raw_text":"Gnaeus Antheus","date_from":0,"date_to":0,"marker_gender":"male","is_individual":true,"edcs_url":"https://edcs.hist.uzh.ch/en/document?edcs-id=EDCS-21300308","persons":[{"nomen":"","gender":"male","raw_name":"Gn. Anthe()","praenomen":"Gnaeus","cognomen":"Antheus"}]}},{"type":"Feature","geometry":{"type":"Point","coordinates":[13.72,43.16]},"properties":{"edcs_id":"EDCS-23300040","findspot":"Fermo / Firmum Picenum","raw_text":"Lucius Piso Luci filius Consul","date_from":0,"date_to":0,"marker_gender":"male","is_individual":false,"edcs_url":"https://edcs.hist.uzh.ch/en/document?edcs-id=EDCS-23300040","persons":[{"nomen":"Pisus","gender":"male","raw_name":"L. Piso L. f.","praenomen":"Lucius","status":"Luci filius, Consul"}]}},{"type":"Feature","geometry":null,"properties":{"edcs_id":"EDCS-23300085","findspot":"Montefortino / Arcevia","raw_text":"Tiberi Claudi Herculani","date_from":0,"date_to":0,"marker_gender":"male","is_individual":true,"edcs_url":"https://edcs.hist.uzh.ch/en/document?edcs-id=EDCS-23300085","persons":[{"nomen":"Claudius","gender":"male","raw_name":"Ti. Claudi Herculani","praenomen":"Tiberius","cognomen":"Herculanus","cluster_id":620,"cluster_size":2}]}},{"type":"Feature","geometry":null,"properties":{"edcs_id":"EDCS-23300086","findspot":"Montefortino / Arcevia","raw_text":"Tertull","date_from":0,"date_to":0,"marker_gender":"male","is_individual":true,"edcs_url":"https://edcs.hist.uzh.ch/en/document?edcs-id=EDCS-23300086","persons":[{"nomen":"","gender":"male","raw_name":"Tertull()","cognomen":"Tertullus"}]}},{"type":"Feature","geometry":{"type":"Point","coordinates":[13.84,42.83]},"properties":{"edcs_id":"EDCS-23300130","findspot":"Corropoli / Truentum / Castrum Truentinum","raw_text":"Sagitti","date_from":0,"date_to":0,"marker_gender":"unknown","is_individual":false,"edcs_url":"https://edcs.hist.uzh.ch/en/document?edcs-id=EDCS-23300130","persons":[{"nomen":"","gender":"unknown","raw_name":"Sagitti","cognomen":"Sagitta"}]}},{"type":"Feature","geometry":null,"properties":{"edcs_id":"EDCS-23800791","findspot":"Campofilone / Cupra Maritima","raw_text":"Titi Calestri Ionici Calestria Nice","date_from":0,"date_to":0,"marker_gender":"mixed","is_individual":true,"edcs_url":"https://edcs.hist.uzh.ch/en/document?edcs-id=EDCS-23800791","persons":[{"nomen":"Calestrius","gender":"male","raw_name":"T(iti) Calestri   Ionici","cognomen":"Ionicus","status":"Titi filius"},{"nomen":"Calestria","gender":"female","raw_name":"Calestria   Nic[e","cognomen":"Nice"}]}},{"type":"Feature","geometry":{"type":"Point","coordinates":[13.76,43.0]},"properties":{"edcs_id":"EDCS-23800792","findspot":"Ripatransone / Cupra Maritima","raw_text":"D(is) M(anibus) / Pominia Secu/nda fecit Ti(berio) Cl/audio Leoni con/iugi carissimo et bene / merenti fecit qui mi(hi) / facere debuit","date_from":0,"date_to":0,"marker_gender":"mixed","is_individual":true,"edcs_url":"https://edcs.hist.uzh.ch/en/document?edcs-id=EDCS-23800792","persons":[{"nomen":"Pominia","gender":"female","raw_name":"Pominia Secunda","cognomen":"Secunda","status":"fecit"},{"nomen":"Claudius","gender":"male","raw_name":"Ti. Claudio Leoni","praenomen":"Tiberius","cognomen":"Leo","status":"coniugi carissimo et bene merenti fecit qui mihi facere debuit"}]}},{"type":"Feature","geometry":{"type":"Point","coordinates":[13.72,43.16]},"properties":{"edcs_id":"EDCS-23800793","findspot":"Fermo / Firmum Picenum","raw_text":"Publi Aufidei","date_from":0,"date_to":0,"marker_gender":"male","is_individual":false,"edcs_url":"https://edcs.hist.uzh.ch/en/document?edcs-id=EDCS-23800793","persons":[{"nomen":"Aufidius","gender":"male","raw_name":"P. Aufidei","praenomen":"Publius"}]}},{"type":"Feature","geometry":{"type":"Point","coordinates":[13.38,43.2]},"properties":{"edcs_id":"EDCS-23800796","findspot":"Urbisaglia / Urbs Salvia","raw_text":"Tegula doliaris Luci Aufidi","date_from":0,"date_to":0,"marker_gender":"male","is_individual":true,"edcs_url":"https://edcs.hist.uzh.ch/en/document?edcs-id=EDCS-23800796","persons":[{"nomen":"Aufidius","gender":"male","raw_name":"L. Auf(idi)","praenomen":"Lucius"}]}},{"type":"Feature","geometry":null,"properties":{"edcs_id":"EDCS-24400775","findspot":"Canzano","raw_text":"Cai Ceioni Musi","date_from":0,"date_to":0,"marker_gender":"male","is_individual":true,"edcs_url":"https://edcs.hist.uzh.ch/en/document?edcs-id=EDCS-24400775","persons":[{"nomen":"Ceionius","gender":"male","raw_name":"C(ai) Ceioni Musi","praenomen":"Caius","cognomen":"Mus"}]}},{"type":"Feature","geometry":null,"properties":{"edcs_id":"EDCS-24700087","findspot":"Cellino Attanasio","raw_text":"Marcus Petrucidius Cai filius Lucius Pacidius Publi filius aras crepidinem columnas magistris de allectorum sententia","date_from":0,"date_to":0,"marker_gender":"male","is_individual":true,"edcs_url":"https://edcs.hist.uzh.ch/en/document?edcs-id=EDCS-24700087","persons":[{"nomen":"Petrucidius","gender":"male","raw_name":"M. Petrucidi(us) C. f.","praenomen":"Marcus","status":"C. f."},{"nomen":"Pacidius","gender":"male","raw_name":"L. Pacidi(us) P. [f.]","praenomen":"Lucius","status":"P. f."}]}},{"type":"Feature","geometry":{"type":"Point","coordinates":[13.7,42.66]},"properties":{"edcs_id":"EDCS-24700088","findspot":"Teramo / Interamnia Praetuttiorum","raw_text":"Q(uinto) Poppaeo Q(uinti) f(ilio) / munic(ipes) et colon(i) / patrono","date_from":0,"date_to":0,"marker_gender":"male","is_individual":false,"edcs_url":"https://edcs.hist.uzh.ch/en/document?edcs-id=EDCS-24700088","persons":[{"nomen":"Poppaeus","gender":"male","raw_name":"Q(uinto) Poppaeo Q(uinti) f(ilio)","praenomen":"Quintus","status":"Quinti filius, municeps, colonus, patronus"}]}},{"type":"Feature","geometry":{"type":"Point","coordinates":[13.7,42.66]},"properties":{"edcs_id":"EDCS-24700089","findspot":"Teramo / Interamnia Praetuttiorum","raw_text":"L(ucius) Fistanus L(uci) f(ilius) / L(ucius) Tettaienus L(uci) f(ilius) / Barcha / IIvir(i) / [i]ter in campum ex c(onscriptorum) d(ecreto) / pe<c=Q>nia sociorum / campi faciundum / coeravere eidemq(ue) / probavere // Extra / maceria(m) / in agrum / precar(io)","date_from":0,"date_to":0,"marker_gender":"male","is_individual":false,"edcs_url":"https://edcs.hist.uzh.ch/en/document?edcs-id=EDCS-24700089","persons":[{"nomen":"Fistanus","gender":"male","raw_name":"L. Fistanus L. f(ilius)","praenomen":"Lucius","status":"Luci filius"},{"nomen":"Tettaienus","gender":"male","raw_name":"L. Tettaienus L. f(ilius) Barcha","praenomen":"Lucius","cognomen":"Barcha","status":"Luci filius, IIvir(i), iter in campum ex conscriptorum dectreto pecunia sociorum campi faciundum co[h]eravere eidemque probavere","cluster_id":910,"cluster_size":2}]}},{"type":"Feature","geometry":{"type":"Point","coordinates":[13.42,43.56]},"properties":{"edcs_id":"EDCS-24700090","findspot":"Gallignano","raw_text":"]ma ca/[lath]us coli / l(ana?) / [h]ospes reseiste et aspice aet[ernam] / domu(m) pro mer{e}itis statuit / co(n)iu(n)x co(n)iug/e=i e[t sibi]","date_from":0,"date_to":0,"marker_gender":"male","is_individual":true,"edcs_url":"https://edcs.hist.uzh.ch/en/document?edcs-id=EDCS-24700090","persons":[{"nomen":"","gender":"male","raw_name":"hospes","cognomen":"hospes"},{"nomen":"","gender":"unknown","raw_name":"coniu(n)x","cognomen":"coniunx"}]}},{"type":"Feature","geometry":null,"properties":{"edcs_id":"EDCS-26500863","findspot":"Cerrano, Torrente / Hadria","raw_text":"Mienervae Lucius Rutilacius Marci filius praetor isdem probavit","date_from":0,"date_to":0,"marker_gender":"male","is_individual":true,"edcs_url":"https://edcs.hist.uzh.ch/en/document?edcs-id=EDCS-26500863","persons":[{"nomen":"Rutilacius","gender":"male","raw_name":"L. Rutilacius M. f. praetor","praenomen":"Lucius","status":"M. f. praetor"}]}},{"type":"Feature","geometry":null,"properties":{"edcs_id":"EDCS-26500864","findspot":"Cerrano, Torrente / Hadria","raw_text":"Marcus Aninius Marci filius","date_from":0,"date_to":0,"marker_gender":"male","is_individual":true,"edcs_url":"https://edcs.hist.uzh.ch/en/document?edcs-id=EDCS-26500864","persons":[{"nomen":"Aninius","gender":"male","raw_name":"M. Aninius M. f. [3]","praenomen":"Marcus","status":"M. f."}]}},{"type":"Feature","geometry":{"type":"Point","coordinates":[13.98,42.58]},"properties":{"edcs_id":"EDCS-26500865","findspot":"Atri / Hadria / Adria","raw_text":"Publius Aufilius Publi filius Caius Magius Marci filius magistri","date_from":0,"date_to":0,"marker_gender":"male","is_individual":false,"edcs_url":"https://edcs.hist.uzh.ch/en/document?edcs-id=EDCS-26500865","persons":[{"nomen":"Auilius","gender":"male","raw_name":"P. Au[f]ilius P. f.","praenomen":"Publius","status":"Publi filius, magister"},{"nomen":"Magius","gender":"male","raw_name":"C. Magius M. f.","praenomen":"Gaius","status":"Marci filius, magister"}]}},{"type":"Feature","geometry":{"type":"Point","coordinates":[13.74,42.59]},"properties":{"edcs_id":"EDCS-26500866","findspot":"Basciano / Interamnia Praetuttiorum","raw_text":"Grattius Marci filius Herculi donum dedit","date_from":0,"date_to":0,"marker_gender":"male","is_individual":false,"edcs_url":"https://edcs.hist.uzh.ch/en/document?edcs-id=EDCS-26500866","persons":[{"nomen":"Grattius","gender":"male","raw_name":"Gratti(us) M. f. Her(culi)","praenomen":"Marcus","status":"filius, herculi donum dedit"}]}},{"type":"Feature","geometry":{"type":"Point","coordinates":[13.43,43.32]},"properties":{"edcs_id":"EDCS-26500868","findspot":"Villa Potenza / Ricina","raw_text":"[A]thamans / Tarquiti(orum) Q(uinti) A(uli) L(uci) s(ervus) / pa[1]lo[3]s","date_from":0,"date_to":0,"marker_gender":"male","is_individual":false,"edcs_url":"https://edcs.hist.uzh.ch/en/document?edcs-id=EDCS-26500868","persons":[{"nomen":"","gender":"male","raw_name":"[A]thamans Tarquiti(orum) Q(uinti) A(uli) L(uci) s(ervus)","cognomen":"Athamans","status":"Tarquitiorum Q(uinti) A(uli) L(uci) servus"}]}},{"type":"Feature","geometry":{"type":"Point","coordinates":[13.48,43.49]},"properties":{"edcs_id":"EDCS-26500869","findspot":"Osimo / Auximum","raw_text":"Marcus BA DO","date_from":0,"date_to":0,"marker_gender":"male","is_individual":false,"edcs_url":"https://edcs.hist.uzh.ch/en/document?edcs-id=EDCS-26500869","persons":[{"nomen":"","gender":"male","raw_name":"] M(arcus) BA[3]","praenomen":"Marcus"}]}},{"type":"Feature","geometry":null,"properties":{"edcs_id":"EDCS-26700404","findspot":"Aso","raw_text":"Caius Po os Iovi sacrum","date_from":0,"date_to":0,"marker_gender":"male","is_individual":true,"edcs_url":"https://edcs.hist.uzh.ch/en/document?edcs-id=EDCS-26700404","persons":[{"nomen":"Pooius","gender":"male","raw_name":"C. Po[3]os","praenomen":"Caius"}]}},{"type":"Feature","geometry":{"type":"Point","coordinates":[13.45,43.3]},"properties":{"edcs_id":"EDCS-26700419","findspot":"Macerata / Ricina","raw_text":"C Io Tito Vibio","date_from":0,"date_to":0,"marker_gender":"male","is_individual":false,"edcs_url":"https://edcs.hist.uzh.ch/en/document?edcs-id=EDCS-26700419","persons":[{"nomen":"","gender":"male","raw_name":"C() Io() T(ito) Vib(io)","cognomen":"Titus Vibius"}]}},{"type":"Feature","geometry":{"type":"Point","coordinates":[13.69,42.73]},"properties":{"edcs_id":"EDCS-26700429","findspot":"Campli / Interamnia Praetuttiorum","raw_text":"Herculi Nel","date_from":0,"date_to":0,"marker_gender":"unknown","is_individual":false,"edcs_url":"https://edcs.hist.uzh.ch/en/document?edcs-id=EDCS-26700429","persons":[{"nomen":"","gender":"unknown","raw_name":"Herc(uli) Nel()","cognomen":"Nel","status":"herculi","is_deity":true,"cluster_confidence":"excluded"}]}},{"type":"Feature","geometry":null,"properties":{"edcs_id":"EDCS-27601660","findspot":"Sant'Egidio alla Vibrata","raw_text":"Publius Vettius Cai libertus Burria Marti donum dedit","date_from":0,"date_to":0,"marker_gender":"male","is_individual":true,"edcs_url":"https://edcs.hist.uzh.ch/en/document?edcs-id=EDCS-27601660","persons":[{"nomen":"Vettius","gender":"male","raw_name":"P. Vettius C. l. Burria","praenomen":"Publius","cognomen":"Burria","status":"Cai libertus"}]}},{"type":"Feature","geometry":{"type":"Point","coordinates":[13.38,43.2]},"properties":{"edcs_id":"EDCS-27601661","findspot":"Urbisaglia / Urbs Salvia","raw_text":"Muria flos XX Cai P P","date_from":0,"date_to":0,"marker_gender":"female","is_individual":true,"edcs_url":"https://edcs.hist.uzh.ch/en/document?edcs-id=EDCS-27601661","persons":[{"nomen":"Muria","gender":"female","raw_name":"Mur(ia) flos","cognomen":"Flos"}]}},{"type":"Feature","geometry":{"type":"Point","coordinates":[13.66,43.44]},"properties":{"edcs_id":"EDCS-27601667","findspot":"Porto Recanati / Potentia","raw_text":"]a Secundi[3] / [3 S]ecunda [","date_from":0,"date_to":0,"marker_gender":"mixed","is_individual":false,"edcs_url":"https://edcs.hist.uzh.ch/en/document?edcs-id=EDCS-27601667","persons":[{"nomen":"","gender":"male","raw_name":"Secundi","cognomen":"Secundus"},{"nomen":"","gender":"female","raw_name":"Secunda","cognomen":"Secunda"}]}},{"type":"Feature","geometry":{"type":"Point","coordinates":[13.66,43.44]},"properties":{"edcs_id":"EDCS-27601668","findspot":"Porto Recanati / Potentia","raw_text":"L(ucius) Cornelius Iucundus / C(aius) Virtius [3]IIBIPO[3]","date_from":0,"date_to":0,"marker_gender":"male","is_individual":false,"edcs_url":"https://edcs.hist.uzh.ch/en/document?edcs-id=EDCS-27601668","persons":[{"nomen":"Cornelius","gender":"male","raw_name":"L. Cornelius Iucundus","praenomen":"Lucius","cognomen":"Iucundus"}]}},{"type":"Feature","geometry":{"type":"Point","coordinates":[13.66,43.44]},"properties":{"edcs_id":"EDCS-27601669","findspot":"Porto Recanati / Potentia","raw_text":"Primigenia / [","date_from":0,"date_to":0,"marker_gender":"female","is_individual":false,"edcs_url":"https://edcs.hist.uzh.ch/en/document?edcs-id=EDCS-27601669","persons":[{"nomen":"","gender":"female","raw_name":"Primigenia","cognomen":"Primigenia"}]}},{"type":"Feature","geometry":{"type":"Point","coordinates":[13.58,42.85]},"properties":{"edcs_id":"EDCS-28800700","findspot":"Ascoli Piceno / Asculum Picenum","raw_text":"D(is) M(anibus) / M(arco) Valerio col(oniae) l(iberto) / Vernae sexvir(o) / Aug(ustali) et Tib(eriali) / Ianuarius [c]ol(oniae) di[sp(ensator)] / qui fuerat [arc]arius(?) / eiu[s i]tem / Vibia Primil[l]a uxo[r] / [s]ib[i e]t po[ste]ris eorum","date_from":0,"date_to":0,"marker_gender":"mixed","is_individual":true,"edcs_url":"https://edcs.hist.uzh.ch/en/document?edcs-id=EDCS-28800700","persons":[{"nomen":"Valerius","gender":"male","raw_name":"M. Valerio col. l. Vernae sexvir Aug. et Tib.","praenomen":"Marcus","cognomen":"Verna","status":"coloniae libertus, sexvir Augustalis et Tiberialis"},{"nomen":"Ianuarius","gender":"male","raw_name":"Ianuarius col. di[sp(ensator)] qui fuerat arc(arius) eius i tem","status":"coloniae dispensator, qui fuerat arcarius eius item"},{"nomen":"Vibia","gender":"female","raw_name":"Vibia Primil[l]a uxo[r] sib[i e]t po[ste]ris eorum","cognomen":"Primitilla","status":"uxor, sibi et posteris eorum"}]}},{"type":"Feature","geometry":{"type":"Point","coordinates":[13.22,43.37]},"properties":{"edcs_id":"EDCS-29200115","findspot":"Cingoli / Cingulum","raw_text":"Di{i}s Manib[us] / Vibiae P(ubli) f(iliae) Cels[","date_from":0,"date_to":0,"marker_gender":"female","is_individual":false,"edcs_url":"https://edcs.hist.uzh.ch/en/document?edcs-id=EDCS-29200115","persons":[{"nomen":"Vibius","gender":"female","raw_name":"Vibiae P(ubli) f(iliae) Cels","praenomen":"Publius","cognomen":"Celsus"}]}},{"type":"Feature","geometry":{"type":"Point","coordinates":[13.98,42.58]},"properties":{"edcs_id":"EDCS-29600352","findspot":"Atri / Hadria / Adria","raw_text":"Paullo Fabio Maxi[mo] / co(n)s(uli) pontif(ici) patron(o) / coloniae","date_from":0,"date_to":0,"marker_gender":"male","is_individual":false,"edcs_url":"https://edcs.hist.uzh.ch/en/document?edcs-id=EDCS-29600352","persons":[{"nomen":"Paullus","gender":"male","raw_name":"Paullo Fabio Maximo","cognomen":"Fabius Maximus","status":"consul, pontifex, patronus coloniae"}]}},{"type":"Feature","geometry":{"type":"Point","coordinates":[13.85,43.03]},"properties":{"edcs_id":"EDCS-29900317","findspot":"Ripatransone / Cupra Maritima","raw_text":"Marci Arri Ili","date_from":0,"date_to":0,"marker_gender":"male","is_individual":false,"edcs_url":"https://edcs.hist.uzh.ch/en/document?edcs-id=EDCS-29900317","persons":[{"nomen":"Arrius","gender":"male","raw_name":"M. Arri Ili","praenomen":"Marcus","cognomen":"Ilius"}]}},{"type":"Feature","geometry":{"type":"Point","coordinates":[13.86,43.03]},"properties":{"edcs_id":"EDCS-29900318","findspot":"Cupra Marittima / Marano / Cupra Maritima","raw_text":"Caius Ost","date_from":0,"date_to":0,"marker_gender":"male","is_individual":false,"edcs_url":"https://edcs.hist.uzh.ch/en/document?edcs-id=EDCS-29900318","persons":[{"nomen":"Ostius","gender":"male","raw_name":"C. Ost[","praenomen":"Gaius"}]}},{"type":"Feature","geometry":{"type":"Point","coordinates":[13.38,43.2]},"properties":{"edcs_id":"EDCS-29900319","findspot":"Urbisaglia / Urbs Salvia","raw_text":"Cai Herenni Diog","date_from":0,"date_to":0,"marker_gender":"male","is_individual":true,"edcs_url":"https://edcs.hist.uzh.ch/en/document?edcs-id=EDCS-29900319","persons":[{"nomen":"Herennius","gender":"male","raw_name":"C. Her(enni) Diog()","praenomen":"Gaius","cognomen":"Diogenes"}]}},{"type":"Feature","geometry":{"type":"Point","coordinates":[13.38,43.2]},"properties":{"edcs_id":"EDCS-29900320","findspot":"Urbisaglia / Urbs Salvia","raw_text":"Cai Herenni Reg","date_from":0,"date_to":0,"marker_gender":"male","is_individual":true,"edcs_url":"https://edcs.hist.uzh.ch/en/document?edcs-id=EDCS-29900320","persons":[{"nomen":"Herennius","gender":"male","raw_name":"C. Herenni Reg()","praenomen":"Gaius","cognomen":"Regulus"}]}},{"type":"Feature","geometry":{"type":"Point","coordinates":[13.57,43.34]},"properties":{"edcs_id":"EDCS-29900321","findspot":"Montelupone / Pausulae","raw_text":"D(is) M(anibus) / M(arco) Curveno / M(arci) f(ilio) Ianuario / Vibia Ampliata / co(n)iugi b(ene) m(erenti) / c(um) q(uo) v(ixit) a(nnos) XVI","date_from":0,"date_to":0,"marker_gender":"mixed","is_individual":true,"edcs_url":"https://edcs.hist.uzh.ch/en/document?edcs-id=EDCS-29900321","persons":[{"nomen":"Curvenus","gender":"male","raw_name":"M. Curveno M. f. Ianuario","praenomen":"Marcus","cognomen":"Ianuarius","status":"Marci filius, cum quo vixit annos XVI"},{"nomen":"Vibia","gender":"female","raw_name":"Vibia Ampliata","cognomen":"Ampliata","status":"coniugi bene merenti"}]}},{"type":"Feature","geometry":{"type":"Point","coordinates":[13.72,43.16]},"properties":{"edcs_id":"EDCS-30400547","findspot":"Fermo / Firmum Picenum","raw_text":"Luci Munati Crescentis","date_from":0,"date_to":0,"marker_gender":"male","is_individual":false,"edcs_url":"https://edcs.hist.uzh.ch/en/document?edcs-id=EDCS-30400547","persons":[{"nomen":"Munatius","gender":"male","raw_name":"L. M. Crescentis","praenomen":"Lucius","cognomen":"Crescens"}]}},{"type":"Feature","geometry":{"type":"Point","coordinates":[13.72,43.16]},"properties":{"edcs_id":"EDCS-30800312","findspot":"Fermo / Firmum Picenum","raw_text":"Opus doliare de praediis Augusti nostri ex figlinis veteribus Caeciliae Amandae","date_from":0,"date_to":0,"marker_gender":"female","is_individual":false,"edcs_url":"https://edcs.hist.uzh.ch/en/document?edcs-id=EDCS-30800312","persons":[{"nomen":"Caecilia","gender":"female","raw_name":"Caeciliae Amandae","cognomen":"Amanda","status":"ex praediis Augusti nostri, figlinis veteribus","cluster_id":452,"cluster_size":2}]}},{"type":"Feature","geometry":{"type":"Point","coordinates":[13.72,43.16]},"properties":{"edcs_id":"EDCS-30800313","findspot":"Fermo / Firmum Picenum","raw_text":"Opus doliare de praediis Auggustorum nnostrorum ex figlinis veteribus Caeciliae Amandae","date_from":0,"date_to":0,"marker_gender":"female","is_individual":false,"edcs_url":"https://edcs.hist.uzh.ch/en/document?edcs-id=EDCS-30800313","persons":[{"nomen":"Caecilia","gender":"female","raw_name":"Caecil. Amandae","cognomen":"Amanda","status":"ex praediis Augustorum nostrorum, figlinis veteribus","cluster_id":452,"cluster_size":2}]}},{"type":"Feature","geometry":{"type":"Point","coordinates":[13.72,43.16]},"properties":{"edcs_id":"EDCS-30800314","findspot":"Fermo / Firmum Picenum","raw_text":"Opus doliare ex praediis Augusti nostri figlinis novis Sabiniae Ingenuae","date_from":0,"date_to":0,"marker_gender":"female","is_individual":false,"edcs_url":"https://edcs.hist.uzh.ch/en/document?edcs-id=EDCS-30800314","persons":[{"nomen":"Sabinia","gender":"female","raw_name":"Sabiniae Ingenuae","cognomen":"Ingenua","status":"ex praediis Augusti nostri, figlinis novis"}]}},{"type":"Feature","geometry":{"type":"Point","coordinates":[13.7,42.66]},"properties":{"edcs_id":"EDCS-31300234","findspot":"Teramo / Interamnia Praetuttiorum","raw_text":"D(is) M(anibus) / Archipetae / eunucho / merenti / domini","date_from":0,"date_to":0,"marker_gender":"male","is_individual":false,"edcs_url":"https://edcs.hist.uzh.ch/en/document?edcs-id=EDCS-31300234","persons":[{"nomen":"","gender":"male","raw_name":"Archipetae eunucho","cognomen":"Archipeta","status":"eunucho, merenti domini"}]}},{"type":"Feature","geometry":{"type":"Point","coordinates":[13.92,42.89]},"properties":{"edcs_id":"EDCS-31300235","findspot":"Martinsicuro / Truentum / Castrum Truentinum","raw_text":"Ob merita / Claudiae Hedones et memori/am Ti(beri) Claudi Himeri fili(i) eius / cultores Herculis universi iu/rati per I(ovem) O(ptimum) M(aximum) Geniumque Imp(eratoris) / Caesaris Nervae Traiani Aug(usti) / Ger(manici) ita censuerunt / placere sibi posterisque suis / uti quodannis in perpetuum / VI Idus Febr(uarias) natale Ti(beri) Clau/di Himeri colerent vesce/renturque in templo Her/culis quod si ita non / fecissent tunc eo an/no quo cessatum fuisset / hi cultores Herculis qui / in titulo marmoreo scri/pti sunt posterique eorum / inferrent cultoribus / imaginum Caesaris n(ostri) qui / sunt in vico strament(o) annuos HS CC n(ummum) / item [ // ] / mat[","date_from":0,"date_to":0,"marker_gender":"mixed","is_individual":false,"edcs_url":"https://edcs.hist.uzh.ch/en/document?edcs-id=EDCS-31300235","persons":[{"nomen":"Claudia","gender":"female","raw_name":"Claudiae Hedones","cognomen":"Hedones","status":"cultores Herculis universi iurati per Iovem Optimum Maximum Geniumque Imperatoris Caesaris Nervae Traiani Augusti Germanici ita censuerunt placere sibi posterisque suis uti quodannis in perpetuum VI Idus Februarias natale Ti. Claudi Himeri colerent vescerenturque in templo Herculis quod si ita non fecissent tunc eo anno quo cessatum fuisset hi cultores Herculis qui in titulo marmoreo scripti sunt posterique eorum inferrent cultoribus imaginum Caesaris nostri qui sunt in vico stramento annuos HS CC nummum item mat"},{"nomen":"Claudius","gender":"male","raw_name":"Ti. Claudi Himeri fili(i) eius","praenomen":"Tiberius","cognomen":"Himerus","status":"eius filius, cultores Herculis universi iurati per Iovem Optimum Maximum Geniumque Imperatoris Caesaris Nervae Traiani Augusti Germanici ita censuerunt placere sibi posterisque suis uti quodannis in perpetuum VI Idus Februarias natale Ti. Claudi Himeri colerent vescerenturque in templo Herculis quod si ita non fecissent tunc eo anno quo cessatum fuisset hi cultores Herculis qui in titulo marmoreo scripti sunt posterique eorum inferrent cultoribus imaginum Caesaris nostri qui sunt in vico stramento annuos HS CC nummum item mat"}]}},{"type":"Feature","geometry":{"type":"Point","coordinates":[13.72,43.16]},"properties":{"edcs_id":"EDCS-31600239","findspot":"Fermo / Firmum Picenum","raw_text":"Imp(eratoris) Cae(saris) Tr<a=O>(iani) Aug(usti) / ex figli(nis) Marc(ianis) doli(are) / C(ai) Cal(petani) Favoris","date_from":0,"date_to":0,"marker_gender":"male","is_individual":false,"edcs_url":"https://edcs.hist.uzh.ch/en/document?edcs-id=EDCS-31600239","persons":[{"nomen":"Calpetanus","gender":"male","raw_name":"C. Calpetani Favoris","praenomen":"Gaius","cognomen":"Favor","status":"ex praediis Imperatoris Caesaris Traiani Augusti, ex figlinis Marcianis"}]}},{"type":"Feature","geometry":{"type":"Point","coordinates":[13.72,43.16]},"properties":{"edcs_id":"EDCS-31600240","findspot":"Fermo / Firmum Picenum","raw_text":"Ex praediis Titi Statili Maximi opus doliare ex figlinis Fortunati","date_from":0,"date_to":0,"marker_gender":"male","is_individual":false,"edcs_url":"https://edcs.hist.uzh.ch/en/document?edcs-id=EDCS-31600240","persons":[{"nomen":"","gender":"male","raw_name":"Fortunati","cognomen":"Fortunatus","status":"ex praediis T. Statili Maximi, ex figlinis","cluster_id":1400,"cluster_size":3,"cluster_confidence":"low"}]}},{"type":"Feature","geometry":{"type":"Point","coordinates":[13.72,43.16]},"properties":{"edcs_id":"EDCS-31700146","findspot":"Fermo / Firmum Picenum","raw_text":"Cai Aquili Aprilis ex praediis Caesaris bipedale doliare","date_from":0,"date_to":0,"marker_gender":"male","is_individual":false,"edcs_url":"https://edcs.hist.uzh.ch/en/document?edcs-id=EDCS-31700146","persons":[{"nomen":"Aquilius","gender":"male","raw_name":"C. Aquili Aprilis","praenomen":"Caius","cognomen":"Aprilis"}]}},{"type":"Feature","geometry":{"type":"Point","coordinates":[13.72,43.16]},"properties":{"edcs_id":"EDCS-31800218","findspot":"Fermo / Firmum Picenum","raw_text":"Ex praediis Luci Aureli Commodi Augusti ex figlinis Oceanis minoribus a Tontio Barbaro opus doliare","date_from":0,"date_to":0,"marker_gender":"male","is_individual":false,"edcs_url":"https://edcs.hist.uzh.ch/en/document?edcs-id=EDCS-31800218","persons":[{"nomen":"Aurelius","gender":"male","raw_name":"L. Aur. Commodi Aug.","praenomen":"Lucius","cognomen":"Commodus Antoninus","status":"Augustus","is_imperial":true},{"nomen":"","gender":"male","raw_name":"Tontio Barbaro","cognomen":"Barbarus"}]}},{"type":"Feature","geometry":{"type":"Point","coordinates":[13.72,43.16]},"properties":{"edcs_id":"EDCS-32200895","findspot":"Fermo / Firmum Picenum","raw_text":"Opus doliare ex figlinis Publilianis de praediis Aemiliae Severae negotiatione Iuniaes Antoniaes","date_from":0,"date_to":0,"marker_gender":"female","is_individual":false,"edcs_url":"https://edcs.hist.uzh.ch/en/document?edcs-id=EDCS-32200895","persons":[{"nomen":"Aemilia","gender":"female","raw_name":"Aemiliae Seve(rae)","cognomen":"Severa"},{"nomen":"Iunia","gender":"female","raw_name":"Iuniaes Antoniaes","cognomen":"Antonia"}]}},{"type":"Feature","geometry":{"type":"Point","coordinates":[13.72,43.16]},"properties":{"edcs_id":"EDCS-32301007","findspot":"Fermo / Firmum Picenum","raw_text":"Lucio Venuleio Aproniano Quinto Articuleio Paetino consulibus ex figlinis Marci Anni Veri Salarese Publi P B","date_from":0,"date_to":0,"marker_gender":"male","is_individual":false,"edcs_url":"https://edcs.hist.uzh.ch/en/document?edcs-id=EDCS-32301007","persons":[{"nomen":"Venuleius","gender":"male","raw_name":"L. Venuleio Apron(iano)","praenomen":"Lucius","cognomen":"Apronianus"},{"nomen":"Articuleius","gender":"male","raw_name":"Q. Artic(uleio) Paet(ino)","praenomen":"Quintus","cognomen":"Paetinus"},{"nomen":"Annius","gender":"male","raw_name":"M. Ann. Veri","praenomen":"Marcus","cognomen":"Verus"}]}},{"type":"Feature","geometry":{"type":"Point","coordinates":[13.48,43.49]},"properties":{"edcs_id":"EDCS-32301024","findspot":"Osimo / Auximum","raw_text":"Ex pr(aediis) Agat(hyrsi) Aug(usti) l(iberti) Q(uinti) / Pomp(oni) Ianuar(i) Paeti[n(o)] / et Aproniano co(n)s(ulibus)","date_from":0,"date_to":0,"marker_gender":"male","is_individual":false,"edcs_url":"https://edcs.hist.uzh.ch/en/document?edcs-id=EDCS-32301024","persons":[{"nomen":"","gender":"male","raw_name":"Agat(hyrsi) Aug(usti) l(iberti)","cognomen":"Agathyrsus","status":"Augusti libertus"},{"nomen":"Pomponius","gender":"male","raw_name":"Q. Pomp(oni) Ianuar(i) Paeti[n(o)]","praenomen":"Quintus","cognomen":"Paetinus Ianuarius"}]}},{"type":"Feature","geometry":{"type":"Point","coordinates":[13.72,43.16]},"properties":{"edcs_id":"EDCS-32800362","findspot":"Fermo / Firmum Picenum","raw_text":"Salarese ex praediis Trebiciae","date_from":0,"date_to":0,"marker_gender":"female","is_individual":false,"edcs_url":"https://edcs.hist.uzh.ch/en/document?edcs-id=EDCS-32800362","persons":[{"nomen":"","gender":"unknown","raw_name":"Sal(arese)","cognomen":"Salarese"},{"nomen":"Trebicia","gender":"female","raw_name":"Trebicia"}]}},{"type":"Feature","geometry":{"type":"Point","coordinates":[13.72,43.16]},"properties":{"edcs_id":"EDCS-32800365","findspot":"Fermo / Firmum Picenum","raw_text":"Marci Vinici Salviani Sulpicianum","date_from":0,"date_to":0,"marker_gender":"male","is_individual":false,"edcs_url":"https://edcs.hist.uzh.ch/en/document?edcs-id=EDCS-32800365","persons":[{"nomen":"Vinicius","gender":"male","raw_name":"M. Vinic[i] Salvian[i]","praenomen":"Marcus","cognomen":"Salvianus"}]}},{"type":"Feature","geometry":{"type":"Point","coordinates":[13.72,43.16]},"properties":{"edcs_id":"EDCS-32800367","findspot":"Fermo / Firmum Picenum","raw_text":"Opus doliare ex praediis Augusti nostri figlinis Terentianis Luciorum Aeliorum II Secundi et Aprilis","date_from":0,"date_to":0,"marker_gender":"male","is_individual":false,"edcs_url":"https://edcs.hist.uzh.ch/en/document?edcs-id=EDCS-32800367","persons":[{"nomen":"Aelius","gender":"male","raw_name":"L. Aeli Secundi","praenomen":"Lucius","cognomen":"Secundus"},{"nomen":"","gender":"male","raw_name":"Aprilis","cognomen":"Aprilis"}]}},{"type":"Feature","geometry":{"type":"Point","coordinates":[13.72,43.16]},"properties":{"edcs_id":"EDCS-32800368","findspot":"Fermo / Firmum Picenum","raw_text":"Opus doliare ex praediis Auggustorum nnostrorum figlinis Terentianis Lucio Aelio Phidele","date_from":0,"date_to":0,"marker_gender":"male","is_individual":false,"edcs_url":"https://edcs.hist.uzh.ch/en/document?edcs-id=EDCS-32800368","persons":[{"nomen":"Aelius","gender":"male","raw_name":"L. Aelio Phidele","praenomen":"Lucius","cognomen":"Phidelis"}]}},{"type":"Feature","geometry":{"type":"Point","coordinates":[13.32,43.11]},"properties":{"edcs_id":"EDCS-32805380","findspot":"San Ginesio","raw_text":"fi Secundi","date_from":0,"date_to":0,"marker_gender":"male","is_individual":false,"edcs_url":"https://edcs.hist.uzh.ch/en/document?edcs-id=EDCS-32805380","persons":[{"nomen":"","gender":"male","raw_name":"fi Secundi","cognomen":"Secundus"}]}},{"type":"Feature","geometry":{"type":"Point","coordinates":[13.48,43.49]},"properties":{"edcs_id":"EDCS-32900047","findspot":"Osimo / Auximum","raw_text":"Cai Iuli Phili","date_from":0,"date_to":0,"marker_gender":"male","is_individual":false,"edcs_url":"https://edcs.hist.uzh.ch/en/document?edcs-id=EDCS-32900047","persons":[{"nomen":"Iulius","gender":"male","raw_name":"C. Iu. Phili","praenomen":"Gaius","cognomen":"Philus"}]}},{"type":"Feature","geometry":{"type":"Point","coordinates":[13.98,42.58]},"properties":{"edcs_id":"EDCS-32900050","findspot":"Atri / Hadria / Adria","raw_text":"Iegidi","date_from":0,"date_to":0,"marker_gender":"male","is_individual":false,"edcs_url":"https://edcs.hist.uzh.ch/en/document?edcs-id=EDCS-32900050","persons":[{"nomen":"","gender":"male","raw_name":"Iegidi","cognomen":"Iegidius"}]}},{"type":"Feature","geometry":{"type":"Point","coordinates":[13.98,42.58]},"properties":{"edcs_id":"EDCS-32900051","findspot":"Atri / Hadria / Adria","raw_text":"Communis","date_from":0,"date_to":0,"marker_gender":"male","is_individual":false,"edcs_url":"https://edcs.hist.uzh.ch/en/document?edcs-id=EDCS-32900051","persons":[{"nomen":"","gender":"male","raw_name":"Com(m)unis","cognomen":"Communis"}]}},{"type":"Feature","geometry":{"type":"Point","coordinates":[13.58,42.85]},"properties":{"edcs_id":"EDCS-32900071","findspot":"Ascoli Piceno / Asculum Picenum","raw_text":"Cai Dessi","date_from":0,"date_to":0,"marker_gender":"male","is_individual":true,"edcs_url":"https://edcs.hist.uzh.ch/en/document?edcs-id=EDCS-32900071","persons":[{"nomen":"Delsius","gender":"male","raw_name":"C. Dessi","praenomen":"Gaius"}]}},{"type":"Feature","geometry":{"type":"Point","coordinates":[13.58,42.85]},"properties":{"edcs_id":"EDCS-32900072","findspot":"Ascoli Piceno / Asculum Picenum","raw_text":"Luci Cameili","date_from":0,"date_to":0,"marker_gender":"male","is_individual":true,"edcs_url":"https://edcs.hist.uzh.ch/en/document?edcs-id=EDCS-32900072","persons":[{"nomen":"Cameleon","gender":"male","raw_name":"L. Camei","praenomen":"Lucius"}]}},{"type":"Feature","geometry":{"type":"Point","coordinates":[13.58,42.85]},"properties":{"edcs_id":"EDCS-32900073","findspot":"Ascoli Piceno / Asculum Picenum","raw_text":"Luci Cameili","date_from":0,"date_to":0,"marker_gender":"male","is_individual":true,"edcs_url":"https://edcs.hist.uzh.ch/en/document?edcs-id=EDCS-32900073","persons":[{"nomen":"Cameleon","gender":"male","raw_name":"L. Camei","praenomen":"Lucius"}]}},{"type":"Feature","geometry":{"type":"Point","coordinates":[13.86,43.03]},"properties":{"edcs_id":"EDCS-32900083","findspot":"Cupra Marittima / Marano / Cupra Maritima","raw_text":"Aprio","date_from":0,"date_to":0,"marker_gender":"male","is_individual":false,"edcs_url":"https://edcs.hist.uzh.ch/en/document?edcs-id=EDCS-32900083","persons":[{"nomen":"","gender":"male","raw_name":"Aprio","cognomen":"Aprio","cluster_id":1300,"cluster_size":2,"cluster_confidence":"low"}]}},{"type":"Feature","geometry":null,"properties":{"edcs_id":"EDCS-32900085","findspot":"Salinello, Fiume","raw_text":"Favor","date_from":0,"date_to":0,"marker_gender":"unknown","is_individual":true,"edcs_url":"https://edcs.hist.uzh.ch/en/document?edcs-id=EDCS-32900085","persons":[{"nomen":"","gender":"unknown","raw_name":"Fav()","cognomen":"Favor"}]}},{"type":"Feature","geometry":null,"properties":{"edcs_id":"EDCS-32900087","findspot":"Salinello, Fiume","raw_text":"Urania docet","date_from":0,"date_to":0,"marker_gender":"female","is_individual":true,"edcs_url":"https://edcs.hist.uzh.ch/en/document?edcs-id=EDCS-32900087","persons":[{"nomen":"","gender":"female","raw_name":"Urania docet","cognomen":"Urania","status":"docet","is_deity":true,"cluster_confidence":"excluded"}]}},{"type":"Feature","geometry":{"type":"Point","coordinates":[13.86,43.03]},"properties":{"edcs_id":"EDCS-32900091","findspot":"Cupra Marittima / Marano / Cupra Maritima","raw_text":"Aprio","date_from":0,"date_to":0,"marker_gender":"male","is_individual":false,"edcs_url":"https://edcs.hist.uzh.ch/en/document?edcs-id=EDCS-32900091","persons":[{"nomen":"","gender":"male","raw_name":"Aprio","cognomen":"Aprio","cluster_id":1300,"cluster_size":2,"cluster_confidence":"low"}]}},{"type":"Feature","geometry":{"type":"Point","coordinates":[13.98,42.58]},"properties":{"edcs_id":"EDCS-32900103","findspot":"Atri / Hadria / Adria","raw_text":"Cadmus","date_from":0,"date_to":0,"marker_gender":"male","is_individual":false,"edcs_url":"https://edcs.hist.uzh.ch/en/document?edcs-id=EDCS-32900103","persons":[{"nomen":"","gender":"male","raw_name":"Cadmus","cognomen":"Cadmus"}]}},{"type":"Feature","geometry":{"type":"Point","coordinates":[13.98,42.58]},"properties":{"edcs_id":"EDCS-32900105","findspot":"Atri / Hadria / Adria","raw_text":"Vasp Titus Ainius Titi filius Fir","date_from":0,"date_to":0,"marker_gender":"male","is_individual":false,"edcs_url":"https://edcs.hist.uzh.ch/en/document?edcs-id=EDCS-32900105","persons":[{"nomen":"Ainius","gender":"male","raw_name":"Vasp() T(itus) Ainius T(iti) f(ilius) Fir()","praenomen":"Titus","cognomen":"Fursi"}]}},{"type":"Feature","geometry":{"type":"Point","coordinates":[13.72,43.16]},"properties":{"edcs_id":"EDCS-32900117","findspot":"Fermo / Firmum Picenum","raw_text":"Quinti Clodi Ambrosi","date_from":0,"date_to":0,"marker_gender":"male","is_individual":false,"edcs_url":"https://edcs.hist.uzh.ch/en/document?edcs-id=EDCS-32900117","persons":[{"nomen":"Clodius","gender":"male","raw_name":"Q. Clodi Ambrosi","praenomen":"Quintus","cognomen":"Ambrosius","cluster_id":455,"cluster_size":2}]}},{"type":"Feature","geometry":{"type":"Point","coordinates":[13.72,43.16]},"properties":{"edcs_id":"EDCS-32900118","findspot":"Fermo / Firmum Picenum","raw_text":"Marci Albi Rufi","date_from":0,"date_to":0,"marker_gender":"male","is_individual":false,"edcs_url":"https://edcs.hist.uzh.ch/en/document?edcs-id=EDCS-32900118","persons":[{"nomen":"Albius","gender":"male","raw_name":"M. Albi Rufi","praenomen":"Marcus","cognomen":"Rufus"}]}},{"type":"Feature","geometry":{"type":"Point","coordinates":[13.72,43.16]},"properties":{"edcs_id":"EDCS-32900119","findspot":"Fermo / Firmum Picenum","raw_text":"Decimi Tatedi","date_from":0,"date_to":0,"marker_gender":"male","is_individual":false,"edcs_url":"https://edcs.hist.uzh.ch/en/document?edcs-id=EDCS-32900119","persons":[{"nomen":"Tatedius","gender":"male","raw_name":"D. Tatedi","praenomen":"Decimus"}]}},{"type":"Feature","geometry":{"type":"Point","coordinates":[13.72,43.16]},"properties":{"edcs_id":"EDCS-32900120","findspot":"Fermo / Firmum Picenum","raw_text":"Quinti Basili Min","date_from":0,"date_to":0,"marker_gender":"male","is_individual":false,"edcs_url":"https://edcs.hist.uzh.ch/en/document?edcs-id=EDCS-32900120","persons":[{"nomen":"Basilius","gender":"male","raw_name":"Q. Basili Min[3]","praenomen":"Quintus"}]}},{"type":"Feature","geometry":{"type":"Point","coordinates":[13.72,43.16]},"properties":{"edcs_id":"EDCS-32900121","findspot":"Fermo / Firmum Picenum","raw_text":"Caecili Silonis","date_from":0,"date_to":0,"marker_gender":"male","is_individual":false,"edcs_url":"https://edcs.hist.uzh.ch/en/document?edcs-id=EDCS-32900121","persons":[{"nomen":"Caecilius","gender":"male","raw_name":"[3 C]aecili Silonis","cognomen":"Silo"}]}},{"type":"Feature","geometry":{"type":"Point","coordinates":[13.12,43.45]},"properties":{"edcs_id":"EDCS-33000295","findspot":"Cupramontana / Cupra Montana","raw_text":"De figlinis Caesaris nostri a Tito Flavio Corintho","date_from":0,"date_to":0,"marker_gender":"male","is_individual":false,"edcs_url":"https://edcs.hist.uzh.ch/en/document?edcs-id=EDCS-33000295","persons":[{"nomen":"Flavius","gender":"male","raw_name":"T. Fla. Corintho","praenomen":"Titus","cognomen":"Corinthus","status":"figlinis Caesaris nostri"}]}},{"type":"Feature","geometry":{"type":"Point","coordinates":[13.44,43.31]},"properties":{"edcs_id":"EDCS-33400687","findspot":"Helvia Recina / Helvia Ricina / Ricina","raw_text":"] / P(ubli) Egnati L(uci) [3] / sui quinq(uennalis) aug(uris) [3] / L(uci) Tusidi L(uci) f(ilii) Vel(ina) Ca[3] / aug(uris) patron(i) mun[icipii 3] / fe[cit","date_from":0,"date_to":0,"marker_gender":"male","is_individual":false,"edcs_url":"https://edcs.hist.uzh.ch/en/document?edcs-id=EDCS-33400687","persons":[{"nomen":"Egnatius","gender":"male","raw_name":"P. Egnati L. [3] sui quinq(uennalis) aug(uris)","praenomen":"Lucius","status":"quinquennalis auguris"},{"nomen":"Tusidius","gender":"male","raw_name":"L. Tusidi L. f. Vel. Ca[3] aug(uris) patron(i) mun[icipii","praenomen":"Lucius","status":"L. filius, tribus: Velina, auguris patroni municipii"}]}},{"type":"Feature","geometry":{"type":"Point","coordinates":[13.65,42.54]},"properties":{"edcs_id":"EDCS-33500190","findspot":"Tossicia","raw_text":"libertus Hilarus Flaminia Publi liberta Glychera in quadrato pedum XX","date_from":0,"date_to":0,"marker_gender":"mixed","is_individual":false,"edcs_url":"https://edcs.hist.uzh.ch/en/document?edcs-id=EDCS-33500190","persons":[{"nomen":"","gender":"male","raw_name":"] l. Hilarus","cognomen":"Hilarus"},{"nomen":"Flaminia","gender":"female","raw_name":"Flaminia P. l. Glychera","praenomen":"Publius","cognomen":"Glyscherra","status":"liberta"}]}},{"type":"Feature","geometry":{"type":"Point","coordinates":[13.38,43.2]},"properties":{"edcs_id":"EDCS-33500191","findspot":"Urbisaglia / Urbs Salvia","raw_text":"] / cur[3 Ha]/drian[i 3] / proc(urator) [","date_from":0,"date_to":0,"marker_gender":"male","is_individual":true,"edcs_url":"https://edcs.hist.uzh.ch/en/document?edcs-id=EDCS-33500191","persons":[{"nomen":"","gender":"male","raw_name":"Ha drian[i 3] proc","cognomen":"Hadrianus","status":"procurator","is_imperial":true}]}},{"type":"Feature","geometry":null,"properties":{"edcs_id":"EDCS-33800112","findspot":"Grottammare","raw_text":"Antiphilus","date_from":0,"date_to":0,"marker_gender":"male","is_individual":true,"edcs_url":"https://edcs.hist.uzh.ch/en/document?edcs-id=EDCS-33800112","persons":[{"nomen":"","gender":"male","raw_name":"Antiphilus","cognomen":"Antiphilus"}]}},{"type":"Feature","geometry":null,"properties":{"edcs_id":"EDCS-33800114","findspot":"Massaccio, Cupramontana / Cupra Montana","raw_text":"Octavi","date_from":0,"date_to":0,"marker_gender":"unknown","is_individual":true,"edcs_url":"https://edcs.hist.uzh.ch/en/document?edcs-id=EDCS-33800114","persons":[{"nomen":"","gender":"unknown","raw_name":"Octavi","cognomen":"Octavi"}]}},{"type":"Feature","geometry":null,"properties":{"edcs_id":"EDCS-33800116","findspot":"Montepagano","raw_text":"Octavi","date_from":0,"date_to":0,"marker_gender":"unknown","is_individual":true,"edcs_url":"https://edcs.hist.uzh.ch/en/document?edcs-id=EDCS-33800116","persons":[{"nomen":"Octavius","gender":"unknown","raw_name":"Octavi"}]}},{"type":"Feature","geometry":{"type":"Point","coordinates":[13.86,43.03]},"properties":{"edcs_id":"EDCS-33800118","findspot":"Cupra Marittima / Marano / Cupra Maritima","raw_text":"Paulin","date_from":0,"date_to":0,"marker_gender":"male","is_individual":false,"edcs_url":"https://edcs.hist.uzh.ch/en/document?edcs-id=EDCS-33800118","persons":[{"nomen":"","gender":"male","raw_name":"Paulin()","cognomen":"Paulinus","cluster_id":1301,"cluster_size":2,"cluster_confidence":"low"}]}},{"type":"Feature","geometry":{"type":"Point","coordinates":[13.86,43.03]},"properties":{"edcs_id":"EDCS-33800119","findspot":"Cupra Marittima / Marano / Cupra Maritima","raw_text":"Proculi","date_from":0,"date_to":0,"marker_gender":"male","is_individual":false,"edcs_url":"https://edcs.hist.uzh.ch/en/document?edcs-id=EDCS-33800119","persons":[{"nomen":"","gender":"male","raw_name":"Proculi","cognomen":"Proculus"}]}},{"type":"Feature","geometry":{"type":"Point","coordinates":[13.47,43.11]},"properties":{"edcs_id":"EDCS-33800120","findspot":"Falerone / Falerio Picenus","raw_text":"Quinti Q S","date_from":0,"date_to":0,"marker_gender":"male","is_individual":false,"edcs_url":"https://edcs.hist.uzh.ch/en/document?edcs-id=EDCS-33800120","persons":[{"nomen":"","gender":"male","raw_name":"Q. Q() S()","praenomen":"Quintus"}]}},{"type":"Feature","geometry":{"type":"Point","coordinates":[13.47,43.11]},"properties":{"edcs_id":"EDCS-33800121","findspot":"Falerone / Falerio Picenus","raw_text":"Sabini","date_from":0,"date_to":0,"marker_gender":"male","is_individual":false,"edcs_url":"https://edcs.hist.uzh.ch/en/document?edcs-id=EDCS-33800121","persons":[{"nomen":"","gender":"male","raw_name":"Sabini","cognomen":"Sabinus"}]}},{"type":"Feature","geometry":{"type":"Point","coordinates":[13.84,42.83]},"properties":{"edcs_id":"EDCS-33800128","findspot":"Corropoli / Truentum / Castrum Truentinum","raw_text":"Proculi","date_from":0,"date_to":0,"marker_gender":"male","is_individual":false,"edcs_url":"https://edcs.hist.uzh.ch/en/document?edcs-id=EDCS-33800128","persons":[{"nomen":"","gender":"male","raw_name":"Proculi","cognomen":"Proculus"}]}},{"type":"Feature","geometry":null,"properties":{"edcs_id":"EDCS-33900076","findspot":"Salino, Torrente","raw_text":"Sexti","date_from":0,"date_to":0,"marker_gender":"male","is_individual":true,"edcs_url":"https://edcs.hist.uzh.ch/en/document?edcs-id=EDCS-33900076","persons":[{"nomen":"","gender":"male","raw_name":"Sexti","praenomen":"Sextus"}]}},{"type":"Feature","geometry":{"type":"Point","coordinates":[13.72,43.16]},"properties":{"edcs_id":"EDCS-34000258","findspot":"Fermo / Firmum Picenum","raw_text":"]OS[3] / L(uci) f(ilius?) / [3]MALVO[","date_from":0,"date_to":0,"marker_gender":"unknown","is_individual":false,"edcs_url":"https://edcs.hist.uzh.ch/en/document?edcs-id=EDCS-34000258","persons":[{"nomen":"","gender":"unknown","raw_name":"]MALVO[","cognomen":"Malvo","status":"L. filius?"}]}},{"type":"Feature","geometry":{"type":"Point","coordinates":[13.72,43.16]},"properties":{"edcs_id":"EDCS-34000259","findspot":"Fermo / Firmum Picenum","raw_text":"] / Laberi[3] / Phae[3] / coniu[gi] / [","date_from":0,"date_to":0,"marker_gender":"unknown","is_individual":false,"edcs_url":"https://edcs.hist.uzh.ch/en/document?edcs-id=EDCS-34000259","persons":[{"nomen":"","gender":"unknown","raw_name":"Phae[3]","cognomen":"Phae"}]}},{"type":"Feature","geometry":{"type":"Point","coordinates":[13.72,43.16]},"properties":{"edcs_id":"EDCS-34000260","findspot":"Fermo / Firmum Picenum","raw_text":"Felix / Lacuri Biti / vix{s}it / a(nnos) VIII / [","date_from":0,"date_to":0,"marker_gender":"male","is_individual":false,"edcs_url":"https://edcs.hist.uzh.ch/en/document?edcs-id=EDCS-34000260","persons":[{"nomen":"","gender":"male","raw_name":"Felix","cognomen":"Felix","cluster_id":1467,"cluster_size":3,"cluster_confidence":"low"}]}},{"type":"Feature","geometry":{"type":"Point","coordinates":[13.66,43.1]},"properties":{"edcs_id":"EDCS-34000266","findspot":"Ponzano di Fermo / Firmum Picenum","raw_text":"Cisia M(arci) f(ilia) Ver[a] / C[e]ion(i)ae Sp(uri) f(iliae) mat[ri] / suae fecit","date_from":0,"date_to":0,"marker_gender":"female","is_individual":true,"edcs_url":"https://edcs.hist.uzh.ch/en/document?edcs-id=EDCS-34000266","persons":[{"nomen":"Cisia","gender":"female","raw_name":"Cisia M. f. Ver[a]","cognomen":"Vera","status":"Marci filia"}]}},{"type":"Feature","geometry":{"type":"Point","coordinates":[13.62,43.37]},"properties":{"edcs_id":"EDCS-34000272","findspot":"Potenza Picena / Santa Maria a Potenza / Potentia","raw_text":"Q(uintus) Vibius Secund(us) Sex(tus) Octavius Fron<t=I>o / Mar{r}ius Celsus A(ulus) Lappius Maximus / C(aius) Ia{e}v(o)lenus Priscus / Imp(eratore) Domit(iano) Caes(are) Aug(usto) XIII L(ucio) Volusio Saturn(ino) co(n)s(ulibus) / Calpurnius Piso Licinian(us) C(aius) Bellicius Natal(is) / C(aius) Ducenius Proculus C(aius) Cilnius Proculus / L(ucius) Neratius Priscus / Imp(eratore) Domit(iano) Caes(are) XIIII L(ucio) M<i=E>nicio Rufo co(n)s(ulibus) / D(ecimus) Plotius Grypus Q(uintus) Ninnius Hasta / Sex(tus) Iulius Sparsus <M=M>(anius) Otacilius Catulus / T(ito) Aurelio Fulvo M(arco) Asinio Atratino co(n)s(ulibus) / M(arcus) Peducaeus Saenianus P(ublius) Sallustius Blaes(us) / A(ulus) Vicirius Proculus <M=M>(anius) Laberius Maximus / Imp(eratore) Domit(iano) Aug(usto) Ger(manico) XV M(arco) Cocceio Nerva co(n)s(ulibus) / L(ucius) Cornelius Pusio L(ucius) Antistius Rusticus / Ser(vius) Iulius Servianus Q(uintus) Accaeus Rufus / C(aius) Caristanius Fronto P(ublius) Baebius Italicus / C(aius) Aquilius Proculus Cn(aeus) Pompeius Longin(us) / L(ucius) Pullaienus Pollio M(arcus) Tullius Cerialis / Cn(aeus) Pompeius Catullinus / <M=M>(anio) Acilio Glabrione M(arco) Ulpio Traiano (!) / D(ecimus) Minicius Faustinus P(ublius) Valerius M[a]rin(us) / Q(uintus) Valerius Vegetus P(ublius) Metilius Nepos / Imp(eratore) Domitiano XVI Q(uinto) Volusio Satu[rn(ino) co(n)s(ulibus)] / L(ucius) V<e=I>nul<e=L>ius Apronianus Ti(berius) I[ulius Polemaeanus] / L(ucius) Stertinius Avitus C(aius) Iu[lius Silanus] / Q(uintus) Arulenus Rusticus / Sex(to) Pompeio Colle[ga M(arco) Peducaeo Priscino co(n)s(ulibus)] / [T(itus)] Avidius Q[uietus(?) L(ucius) Dasumius Hadrianus] / [C(aius)] Corn[elius Naso(?) // [Imp(erator) Traianus Aug(ustus) VI T(itus) Sextius Africanus] / [Licinius Ruso] / [Cn(aeus) Cornelius Severus Q(uintus) Valerius Vegetus] / P(ublius) [Stertinius Quartus T(itus) Iulius Maximus] / C(aius) [Claudius Severus T(itus) Settidius Firmus] / L(ucius) Publili[us Celsus II C(aius) Clodius Crispinus] / Ser(vius) Corn[elius Dolabella] / L(ucius) Stertinius [Noricus L(ucius) Fadius Rufinus] / Cn(aeus) Cornelius U[rbicus T(itus) Sempronius Rufus] / P(ublius) Manilius Vop[iscus Q(uintus) Ninnius Hasta] / C(aius) Clodius Nummu[s L(ucius) Caesennius Sospes] / L(ucius) Lollianus Av[itus L(ucius) Messius Rusticus] / M(arcus) Vergilianus [Pedo L(ucius) Vipstanus Messalla] / L(ucius) Iulius [Frugi P(ublius) Iuventius Celsus] / M(arcus) Pomp[eius Macrinus T(itus) Vibius Varus] / L(ucius) Fund[anius Aelianus Sex(tus) Carminius Vetus] / Ti(berius) [Iulius Secundus","date_from":0,"date_to":0,"marker_gender":"male","is_individual":false,"edcs_url":"https://edcs.hist.uzh.ch/en/document?edcs-id=EDCS-34000272","persons":[{"nomen":"Vibius","gender":"male","raw_name":"Q. Vibius Secundus","praenomen":"Quintus","cognomen":"Secundus","status":"consul"},{"nomen":"Octavius","gender":"male","raw_name":"Sex. Octavius Fronto","praenomen":"Sextus","cognomen":"Fronto","status":"consul"},{"nomen":"Marrius","gender":"male","raw_name":"Marr(ius) Celsus","praenomen":"Caius","cognomen":"Celsus","status":"consul"},{"nomen":"Lappius","gender":"male","raw_name":"A. Lappius Maximus","praenomen":"Aulus","cognomen":"Maximus","status":"consul"},{"nomen":"Iavolenus","gender":"male","raw_name":"C. Iavolenus Priscus","praenomen":"Caius","cognomen":"Priscus","status":"consul"},{"nomen":"Calpurnius","gender":"male","raw_name":"Calpurnius Piso Licinianus","cognomen":"Licinianus","status":"consul"},{"nomen":"Bellicius","gender":"male","raw_name":"C. Bellicius Natalis","praenomen":"Caius","cognomen":"Natalis","status":"consul"},{"nomen":"Ducenius","gender":"male","raw_name":"C. Ducenius Proculus","praenomen":"Caius","cognomen":"Proculus","status":"consul"},{"nomen":"Cilnius","gender":"male","raw_name":"C. Cilnius Proculus","praenomen":"Caius","cognomen":"Proculus","status":"consul"},{"nomen":"Neratius","gender":"male","raw_name":"L. Neratius Priscus","praenomen":"Lucius","cognomen":"Priscus","status":"consul"},{"nomen":"Plotius","gender":"male","raw_name":"D. Plotius Grypus","praenomen":"Decimus","cognomen":"Grypus","status":"consul"},{"nomen":"Ninnius","gender":"male","raw_name":"Q. Ninnius Hasta","praenomen":"Quintus","cognomen":"Hasta","status":"consul","cluster_id":1070,"cluster_size":2},{"nomen":"Iulius","gender":"male","raw_name":"Sex. Iulius Sparsus","praenomen":"Sextus","cognomen":"Sparsus","status":"consul"},{"nomen":"Otacilius","gender":"male","raw_name":"M. Otacilius Catulus","praenomen":"Manius","cognomen":"Catulus","status":"consul"},{"nomen":"Aurelius","gender":"male","raw_name":"T. Aurelius Fulvo","praenomen":"Titus","cognomen":"Fulvus","status":"consul"},{"nomen":"Asinius","gender":"male","raw_name":"M. Asinius Atratino","praenomen":"Marcus","cognomen":"Atratinus","status":"consul"},{"nomen":"Peducaeus","gender":"male","raw_name":"M. Peducaeus Saenianus","praenomen":"Marcus","cognomen":"Saenianus","status":"consul"},{"nomen":"Sallustius","gender":"male","raw_name":"P. Sallustius Blaesus","praenomen":"Publius","cognomen":"Blaesus","status":"consul"},{"nomen":"Vivirius","gender":"male","raw_name":"A. Vicirius Proculus","praenomen":"Aulus","cognomen":"Proculus","status":"consul"},{"nomen":"Laberius","gender":"male","raw_name":"M. Laberius Maximus","praenomen":"Manius","cognomen":"Maximus","status":"consul"},{"nomen":"Cornelius","gender":"male","raw_name":"L. Cornelius Pusio","praenomen":"Lucius","cognomen":"Pusio","status":"consul"},{"nomen":"Antistius","gender":"male","raw_name":"L. Antistius Rusticus","praenomen":"Lucius","cognomen":"Rusticus","status":"consul"},{"nomen":"Iulius","gender":"male","raw_name":"Ser. Iulius Servianus","praenomen":"Servius","cognomen":"Servianus","status":"consul"},{"nomen":"Accaeus","gender":"male","raw_name":"Q. Accaeus Rufus","praenomen":"Quintus","cognomen":"Rufus","status":"consul"},{"nomen":"Caristanius","gender":"male","raw_name":"C. Caristanius Fronto","praenomen":"Caius","cognomen":"Fronto","status":"consul"},{"nomen":"Baebius","gender":"male","raw_name":"P. Baebius Italicus","praenomen":"Publius","cognomen":"Italicus","status":"consul"},{"nomen":"Aquilius","gender":"male","raw_name":"C. Aquilius Proculus","praenomen":"Caius","cognomen":"Proculus","status":"consul"},{"nomen":"Pompeius","gender":"male","raw_name":"Cn. Pompeius Longin(us)","praenomen":"Gnaeus","cognomen":"Longinus","status":"consul"},{"nomen":"Pullaienus","gender":"male","raw_name":"L. Pullaienus Pollio","praenomen":"Lucius","cognomen":"Pollio","status":"consul"},{"nomen":"Tullius","gender":"male","raw_name":"M. Tullius Cerialis","praenomen":"Marcus","cognomen":"Cerialis","status":"consul"},{"nomen":"Pompeius","gender":"male","raw_name":"Cn. Pompeius Catullinus","praenomen":"Gnaeus","cognomen":"Catullinus","status":"consul"},{"nomen":"Acilius","gender":"male","raw_name":"M. Acilio Glabrione","praenomen":"Manius","cognomen":"Glabrio","status":"consul"},{"nomen":"Ulpius","gender":"male","raw_name":"M. Ulpio Traiano","praenomen":"Marcus","cognomen":"Traianus","status":"consul"},{"nomen":"Minicius","gender":"male","raw_name":"D. Minicius Faustinus","praenomen":"Decimus","cognomen":"Faustinus","status":"consul"},{"nomen":"Valerius","gender":"male","raw_name":"P. Valerius M[a]rin(us)","praenomen":"Publius","cognomen":"Marinus","status":"consul"},{"nomen":"Valerius","gender":"male","raw_name":"Q. Valerius Vegetus","praenomen":"Quintus","cognomen":"Vegetus","status":"consul","cluster_id":1094,"cluster_size":2},{"nomen":"Metilius","gender":"male","raw_name":"P. Metilius Nepos","praenomen":"Publius","cognomen":"Nepos","status":"consul"},{"nomen":"Venuileius","gender":"male","raw_name":"L. Venuleius Apronianus","praenomen":"Lucius","cognomen":"Apronianus","status":"consul"},{"nomen":"Iulius","gender":"male","raw_name":"Ti. Iulius Polemaeanus","praenomen":"Tiberius","cognomen":"Polemaeanus","status":"consul"},{"nomen":"Stertinius","gender":"male","raw_name":"L. Stertinius Avitus","praenomen":"Lucius","cognomen":"Avitus","status":"consul"},{"nomen":"Iulius","gender":"male","raw_name":"C. Iulius Silanus","praenomen":"Caius","cognomen":"Silanus","status":"consul"},{"nomen":"Arulenus","gender":"male","raw_name":"Q. Arulenus Rusticus","praenomen":"Quintus","cognomen":"Rusticus","status":"consul"},{"nomen":"Pompeius","gender":"male","raw_name":"Sex. Pompeius Colega","praenomen":"Sextus","cognomen":"Colega","status":"consul"},{"nomen":"Peducaeus","gender":"male","raw_name":"M. Peducaeus Priscino","praenomen":"Marcus","cognomen":"Priscinus","status":"consul"},{"nomen":"Avidius","gender":"male","raw_name":"T. Avidius Quietus","praenomen":"Titus","cognomen":"Quietus","status":"consul"},{"nomen":"Dasumius","gender":"male","raw_name":"L. Dasumius Hadrianus","praenomen":"Lucius","cognomen":"Hadrianus","status":"consul"},{"nomen":"Cornelius","gender":"male","raw_name":"C. Cornelius Naso","praenomen":"Caius","cognomen":"Naso","status":"consul"},{"nomen":"Licinius","gender":"male","raw_name":"Licinius Ruso","praenomen":"Lucius","cognomen":"Ruso","status":"consul"},{"nomen":"Cornelius","gender":"male","raw_name":"Cn. Cornelius Severus","praenomen":"Gnaeus","cognomen":"Severus","status":"consul"},{"nomen":"Valerius","gender":"male","raw_name":"Q. Valerius Vegetus","praenomen":"Quintus","cognomen":"Vegetus","status":"consul","cluster_id":1094,"cluster_size":2},{"nomen":"Stertinius","gender":"male","raw_name":"P. Stertinius Quartus","praenomen":"Publius","cognomen":"Quartus","status":"consul"},{"nomen":"Iulius","gender":"male","raw_name":"T. Iulius Maximus","praenomen":"Titus","cognomen":"Maximus","status":"consul"},{"nomen":"Claudius","gender":"male","raw_name":"C. Claudius Severus","praenomen":"Caius","cognomen":"Severus","status":"consul","cluster_id":715,"cluster_size":2},{"nomen":"Settidius","gender":"male","raw_name":"T. Settidius Firmus","praenomen":"Titus","cognomen":"Firmus","status":"consul"},{"nomen":"Publilius","gender":"male","raw_name":"L. Publilius Celsus","praenomen":"Lucius","cognomen":"Celsus","status":"consul"},{"nomen":"Clodius","gender":"male","raw_name":"C. Clodius Crispinus","praenomen":"Caius","cognomen":"Crispinus","status":"consul"},{"nomen":"Cornelius","gender":"male","raw_name":"Ser. Cornelius Dolabella","praenomen":"Servius","cognomen":"Dolabella","status":"consul"},{"nomen":"Stertinius","gender":"male","raw_name":"L. Stertinius Noricus","praenomen":"Lucius","cognomen":"Noricus","status":"consul"},{"nomen":"Fadius","gender":"male","raw_name":"L. Fadius Rufinus","praenomen":"Lucius","cognomen":"Rufinus","status":"consul"},{"nomen":"Cornelius","gender":"male","raw_name":"Cn. Cornelius Urbicus","praenomen":"Gnaeus","cognomen":"Urbicus","status":"consul"},{"nomen":"Sempronius","gender":"male","raw_name":"T. Sempronius Rufus","praenomen":"Titus","cognomen":"Rufus","status":"consul"},{"nomen":"Manilius","gender":"male","raw_name":"P. Manilius Vopiscus","praenomen":"Publius","cognomen":"Vopiscus","status":"consul"},{"nomen":"Ninnius","gender":"male","raw_name":"Q. Ninnius Hasta","praenomen":"Quintus","cognomen":"Hasta","status":"consul","cluster_id":1070,"cluster_size":2},{"nomen":"Clodius","gender":"male","raw_name":"C. Clodius Nummus","praenomen":"Caius","cognomen":"Nummus","status":"consul"},{"nomen":"Caesennius","gender":"male","raw_name":"L. Caesennius Sospes","praenomen":"Lucius","cognomen":"Sospes","status":"consul"},{"nomen":"Lollianus","gender":"male","raw_name":"L. Lollianus Avitus","praenomen":"Lucius","cognomen":"Avitus","status":"consul"},{"nomen":"Messius","gender":"male","raw_name":"L. Messius Rusticus","praenomen":"Lucius","cognomen":"Rusticus","status":"consul"},{"nomen":"Vergilianus","gender":"male","raw_name":"M. Vergilianus Pedo","praenomen":"Marcus","cognomen":"Pedo","status":"consul"},{"nomen":"Vipstanus","gender":"male","raw_name":"L. Vipstanus Messalla","praenomen":"Lucius","cognomen":"Messalla","status":"consul"},{"nomen":"Iulius","gender":"male","raw_name":"L. Iulius Frugi","praenomen":"Lucius","cognomen":"Frugi","status":"consul"},{"nomen":"Iuventius","gender":"male","raw_name":"P. Iuventius Celsus","praenomen":"Publius","cognomen":"Celsus","status":"consul"},{"nomen":"Pompeius","gender":"male","raw_name":"M. Pompeius Macrinus","praenomen":"Marcus","cognomen":"Macrinus","status":"consul"},{"nomen":"Vibius","gender":"male","raw_name":"T. Vibius Varus","praenomen":"Titus","cognomen":"Varus","status":"consul"},{"nomen":"Fundanius","gender":"male","raw_name":"L. Fundanius Aelianus","praenomen":"Lucius","cognomen":"Aelianus","status":"consul"},{"nomen":"Carminius","gender":"male","raw_name":"Sex. Carminius Vetus","praenomen":"Sextus","cognomen":"Vetus","status":"consul"},{"nomen":"Iulius","gender":"male","raw_name":"Ti. Iulius Secundus","praenomen":"Tiberius","cognomen":"Secundus","status":"consul"}]}},{"type":"Feature","geometry":{"type":"Point","coordinates":[13.66,43.44]},"properties":{"edcs_id":"EDCS-34000274","findspot":"Porto Recanati / Potentia","raw_text":"Aurelius / Callistra/tus Aureli/ae Trofime/ni co(n)iugi a/mantissimae / [","date_from":0,"date_to":0,"marker_gender":"mixed","is_individual":false,"edcs_url":"https://edcs.hist.uzh.ch/en/document?edcs-id=EDCS-34000274","persons":[{"nomen":"Aurelius","gender":"male","raw_name":"Aurelius Callistra","cognomen":"Callistratus"},{"nomen":"","gender":"female","raw_name":"Aureliae Trofimeni","cognomen":"Trofimenus","status":"Aureliae coniugi amantissimae"}]}},{"type":"Feature","geometry":{"type":"Point","coordinates":[13.66,43.44]},"properties":{"edcs_id":"EDCS-34000275","findspot":"Porto Recanati / Potentia","raw_text":"M(arcus?) A[3]","date_from":0,"date_to":0,"marker_gender":"male","is_individual":false,"edcs_url":"https://edcs.hist.uzh.ch/en/document?edcs-id=EDCS-34000275","persons":[{"nomen":"","gender":"male","raw_name":"M. A[3]","praenomen":"Marcus"}]}},{"type":"Feature","geometry":{"type":"Point","coordinates":[13.66,43.44]},"properties":{"edcs_id":"EDCS-34000291","findspot":"Porto Recanati / Potentia","raw_text":"Sosia faber","date_from":0,"date_to":0,"marker_gender":"female","is_individual":false,"edcs_url":"https://edcs.hist.uzh.ch/en/document?edcs-id=EDCS-34000291","persons":[{"nomen":"Sosia","gender":"female","raw_name":"Sosia faber","cognomen":"Faber"}]}},{"type":"Feature","geometry":{"type":"Point","coordinates":[13.67,43.38]},"properties":{"edcs_id":"EDCS-34000298","findspot":"Pilocco, Fosso / Potentia","raw_text":"L(uci) Lae(li?)","date_from":0,"date_to":0,"marker_gender":"male","is_individual":true,"edcs_url":"https://edcs.hist.uzh.ch/en/document?edcs-id=EDCS-34000298","persons":[{"nomen":"Laelius","gender":"male","raw_name":"L. Laeli?","praenomen":"Lucius"}]}},{"type":"Feature","geometry":{"type":"Point","coordinates":[13.98,42.58]},"properties":{"edcs_id":"EDCS-34300147","findspot":"Atri / Hadria / Adria","raw_text":"Antistiae Spuri filiae Cedatio Publi filio Mai Cedatio Publi filio Mai votum solverunt libentes de sua pecunia","date_from":0,"date_to":0,"marker_gender":"mixed","is_individual":false,"edcs_url":"https://edcs.hist.uzh.ch/en/document?edcs-id=EDCS-34300147","persons":[{"nomen":"Antistia","gender":"female","raw_name":"Antistiae Sp. f. [3]","status":"Spuri filia"},{"nomen":"Cedatius","gender":"male","raw_name":"Cedatio P. f. Mai[3]","praenomen":"Publius","cognomen":"Maior","cluster_id":81,"cluster_size":2},{"nomen":"Cedatius","gender":"male","raw_name":"Cedatio P. f. Mai[3]","praenomen":"Publius","cognomen":"Maior","cluster_id":81,"cluster_size":2}]}},{"type":"Feature","geometry":{"type":"Point","coordinates":[13.7,42.66]},"properties":{"edcs_id":"EDCS-34300148","findspot":"Teramo / Interamnia Praetuttiorum","raw_text":"D(is) M(anibus) / Valeriae / Praetutti/anae co(n)iu/gi Droserus Int(eramnatium?) / b(ene) m(erenti)","date_from":0,"date_to":0,"marker_gender":"mixed","is_individual":false,"edcs_url":"https://edcs.hist.uzh.ch/en/document?edcs-id=EDCS-34300148","persons":[{"nomen":"Valeria","gender":"female","raw_name":"Valeriae Praetuttianae","cognomen":"Praetuttiana","status":"coniugi, bene merenti"},{"nomen":"","gender":"male","raw_name":"Droserus Int(eramnatium?)","cognomen":"Droserus","status":"Interamnatium(?), bene merenti"}]}},{"type":"Feature","geometry":null,"properties":{"edcs_id":"EDCS-34300149","findspot":"Marino del Tronto / Asculum Picenum","raw_text":"io Publi filio Vi II vir quinquennalis Caio Laelio Cai filio Palatina Sapienti","date_from":0,"date_to":0,"marker_gender":"male","is_individual":true,"edcs_url":"https://edcs.hist.uzh.ch/en/document?edcs-id=EDCS-34300149","persons":[{"nomen":"","gender":"male","raw_name":"]io P. filio Vi [3]","cognomen":"Sapiens","status":"Publi filio, IIvir quinquennalis"},{"nomen":"Laelius","gender":"male","raw_name":"C. Laelio C. f. Pa[l(atina?)]","praenomen":"Gaius","status":"Cai filio, tribus: Palatina"}]}},{"type":"Feature","geometry":{"type":"Point","coordinates":[13.58,42.85]},"properties":{"edcs_id":"EDCS-34300151","findspot":"Ascoli Piceno / Asculum Picenum","raw_text":"EI ochus X vir","date_from":0,"date_to":0,"marker_gender":"male","is_individual":true,"edcs_url":"https://edcs.hist.uzh.ch/en/document?edcs-id=EDCS-34300151","persons":[{"nomen":"","gender":"male","raw_name":"]EI [3]ochus [3]Xvir","cognomen":"Ochus","status":"sexvir"}]}},{"type":"Feature","geometry":{"type":"Point","coordinates":[13.58,42.85]},"properties":{"edcs_id":"EDCS-34300153","findspot":"Ascoli Piceno / Asculum Picenum","raw_text":"Caius Fundanius Cai libertus Bato sexvir vivus fecit","date_from":0,"date_to":0,"marker_gender":"male","is_individual":true,"edcs_url":"https://edcs.hist.uzh.ch/en/document?edcs-id=EDCS-34300153","persons":[{"nomen":"Fundanius","gender":"male","raw_name":"C. Fundanius C. [l.] Bato [3] sexvir [3]","praenomen":"Gaius","cognomen":"Bato","status":"Cai libertus, sexvir"}]}},{"type":"Feature","geometry":{"type":"Point","coordinates":[13.58,42.85]},"properties":{"edcs_id":"EDCS-34300154","findspot":"Ascoli Piceno / Asculum Picenum","raw_text":"] Fre[i 3] / Prot[3] / Freia T(iti) l(iberta) I[3] / Freia T(iti) l(iberta) C[3] / T(itus) Freius T(iti) [3] / Lesbiu[s] / in f(ronte) p(edes) XI[3] / in a(gro) p(edes) X[3]","date_from":0,"date_to":0,"marker_gender":"mixed","is_individual":true,"edcs_url":"https://edcs.hist.uzh.ch/en/document?edcs-id=EDCS-34300154","persons":[{"nomen":"","gender":"male","raw_name":"] Fre[i 3]","cognomen":"Freius"},{"nomen":"","gender":"male","raw_name":"Prot[3]","cognomen":"Protus"},{"nomen":"Freia","gender":"female","raw_name":"Freia T. l. I[3]","status":"Titi liberta"},{"nomen":"Freia","gender":"female","raw_name":"Freia T. l. C[3]","status":"Titi liberta"},{"nomen":"Freius","gender":"male","raw_name":"T. Freius T. [3]","praenomen":"Titus"},{"nomen":"","gender":"male","raw_name":"Lesbiu[s]","cognomen":"Lesbius"}]}},{"type":"Feature","geometry":{"type":"Point","coordinates":[13.58,42.85]},"properties":{"edcs_id":"EDCS-34300155","findspot":"Ascoli Piceno / Asculum Picenum","raw_text":"Pontulena Cas/ta Lol(liae) Procul(a)e / filiae dulcissim(a)e / bene merenti / fecit qu(a)e <v=B>ixit / annis XXXV","date_from":0,"date_to":0,"marker_gender":"female","is_individual":true,"edcs_url":"https://edcs.hist.uzh.ch/en/document?edcs-id=EDCS-34300155","persons":[{"nomen":"Pontulena","gender":"female","raw_name":"Pontulena Cas ta Lol(liae) Procul(a)e","cognomen":"Castalolllia Procula","status":"filiae dulcissimae, bene merenti, quae vixit annis XXXV"}]}},{"type":"Feature","geometry":{"type":"Point","coordinates":[13.83,42.92]},"properties":{"edcs_id":"EDCS-34300156","findspot":"Monteprandone / Truentum / Castrum Truentinum","raw_text":"Ossa / Theopompus et Attice / Theopompo f(ilio) v(ixit) a(nnos) III","date_from":0,"date_to":0,"marker_gender":"mixed","is_individual":true,"edcs_url":"https://edcs.hist.uzh.ch/en/document?edcs-id=EDCS-34300156","persons":[{"nomen":"","gender":"male","raw_name":"Theopompus","cognomen":"Theopompus","status":"filio vixit annos III"},{"nomen":"","gender":"female","raw_name":"Attice","cognomen":"Attice"}]}},{"type":"Feature","geometry":{"type":"Point","coordinates":[13.86,43.03]},"properties":{"edcs_id":"EDCS-34300161","findspot":"Cupra Marittima / Marano / Cupra Maritima","raw_text":"]/us C(ai) f(ilius) Vel(ina) SI[3] / C(aio) Papio C(ai) f(ilio) [3] / C(aio) Papio C(ai) f(ilio) Cr() [3]/tilia C(ai) f(ilia) M[","date_from":0,"date_to":0,"marker_gender":"male","is_individual":false,"edcs_url":"https://edcs.hist.uzh.ch/en/document?edcs-id=EDCS-34300161","persons":[{"nomen":"Papius","gender":"male","raw_name":"C(aio) Papio C(ai) f(ilio)","praenomen":"Caius","status":"Cai filius"},{"nomen":"Papius","gender":"male","raw_name":"C(aio) Papio C(ai) f(ilio)","praenomen":"Caius","status":"Cai filius"}]}},{"type":"Feature","geometry":{"type":"Point","coordinates":[13.86,43.03]},"properties":{"edcs_id":"EDCS-34300163","findspot":"Cupra Marittima / Marano / Cupra Maritima","raw_text":"asor ama fuit tessera XVII semis menses IIII Caius Saturius Titi filius Caius Tullienus Publi filius IP","date_from":0,"date_to":0,"marker_gender":"male","is_individual":false,"edcs_url":"https://edcs.hist.uzh.ch/en/document?edcs-id=EDCS-34300163","persons":[{"nomen":"Saturius","gender":"male","raw_name":"C(aius) Saturius T(iti) f(ilius)","praenomen":"Gaius","status":"Titi filius"},{"nomen":"Tullienus","gender":"male","raw_name":"C(aius) Tullienus P(ubli) f(ilius)","praenomen":"Gaius","status":"Publi filius"}]}},{"type":"Feature","geometry":{"type":"Point","coordinates":[13.86,43.03]},"properties":{"edcs_id":"EDCS-34300166","findspot":"Cupra Marittima / Marano / Cupra Maritima","raw_text":"T(itus) Veid(ius) [3] / L(ucius) Pice[","date_from":0,"date_to":0,"marker_gender":"male","is_individual":false,"edcs_url":"https://edcs.hist.uzh.ch/en/document?edcs-id=EDCS-34300166","persons":[{"nomen":"Veidius","gender":"male","raw_name":"T(itus) Veid(ius)","praenomen":"Titus"},{"nomen":"Pice","gender":"male","raw_name":"L(ucius) Pice","praenomen":"Lucius"}]}},{"type":"Feature","geometry":{"type":"Point","coordinates":[13.72,43.16]},"properties":{"edcs_id":"EDCS-34300167","findspot":"Fermo / Firmum Picenum","raw_text":"V]alerius Sex(ti) f(ilius) [3] / [R]ufus Augu[stalis(?)","date_from":0,"date_to":0,"marker_gender":"male","is_individual":false,"edcs_url":"https://edcs.hist.uzh.ch/en/document?edcs-id=EDCS-34300167","persons":[{"nomen":"Valerius","gender":"male","raw_name":"Valerius Sex. f. [3] Rufus Augu[stalis(?)","praenomen":"Sextus","cognomen":"Rufus","status":"filius, Augustalis"}]}},{"type":"Feature","geometry":{"type":"Point","coordinates":[13.32,43.11]},"properties":{"edcs_id":"EDCS-34300168","findspot":"San Ginesio","raw_text":"Ad oculorum dolorem aut angorem ELI ligavi patri et matri meo Toginamamarem Namfallum Tolof Famon Exaton Malemargon","date_from":0,"date_to":0,"marker_gender":"mixed","is_individual":false,"edcs_url":"https://edcs.hist.uzh.ch/en/document?edcs-id=EDCS-34300168","persons":[{"nomen":"","gender":"female","raw_name":"Toginamamarem","cognomen":"Toginamamarem","status":"patri et matri meo(?)"},{"nomen":"","gender":"male","raw_name":"Namfallum","cognomen":"Namfallum"},{"nomen":"","gender":"male","raw_name":"Tolof(?) Famon","cognomen":"Tolof Famon"},{"nomen":"","gender":"male","raw_name":"Exaton Ma lemargon","cognomen":"Exaton Malemargon"}]}},{"type":"Feature","geometry":{"type":"Point","coordinates":[13.72,43.16]},"properties":{"edcs_id":"EDCS-34500096","findspot":"Fermo / Firmum Picenum","raw_text":"Opus doliare ex praediis Faustinae Augustae nostrae","date_from":0,"date_to":0,"marker_gender":"female","is_individual":false,"edcs_url":"https://edcs.hist.uzh.ch/en/document?edcs-id=EDCS-34500096","persons":[{"nomen":"","gender":"female","raw_name":"Faust(inae) Aug(ustae)","cognomen":"Faustina","status":"Augusta","is_imperial":true}]}},{"type":"Feature","geometry":{"type":"Point","coordinates":[13.72,43.16]},"properties":{"edcs_id":"EDCS-34500097","findspot":"Fermo / Firmum Picenum","raw_text":"Ex praediis Faustiane opus doliare a Calpetano Crescente QVARTLA","date_from":0,"date_to":0,"marker_gender":"male","is_individual":false,"edcs_url":"https://edcs.hist.uzh.ch/en/document?edcs-id=EDCS-34500097","persons":[{"nomen":"","gender":"male","raw_name":"Calpeteta(no) Crescente","cognomen":"Calpetanus","status":"ex praediis Faustianae, operis doliare, Crescens"},{"nomen":"","gender":"male","raw_name":"QVARTLA","cognomen":"Quartlus"}]}},{"type":"Feature","geometry":{"type":"Point","coordinates":[13.72,43.16]},"properties":{"edcs_id":"EDCS-34500098","findspot":"Fermo / Firmum Picenum","raw_text":"Ex praediis Caesaris Flavius Primitibus","date_from":0,"date_to":0,"marker_gender":"male","is_individual":false,"edcs_url":"https://edcs.hist.uzh.ch/en/document?edcs-id=EDCS-34500098","persons":[{"nomen":"","gender":"male","raw_name":"Flavius Primitibus(!)","cognomen":"Flavius Primitivus","status":"ex praediis Caesaris"}]}},{"type":"Feature","geometry":{"type":"Point","coordinates":[13.72,43.16]},"properties":{"edcs_id":"EDCS-34500102","findspot":"Fermo / Firmum Picenum","raw_text":"Cai Anni Flammae","date_from":0,"date_to":0,"marker_gender":"male","is_individual":false,"edcs_url":"https://edcs.hist.uzh.ch/en/document?edcs-id=EDCS-34500102","persons":[{"nomen":"Annius","gender":"male","raw_name":"C. Anni Flammae","praenomen":"Gaius","cognomen":"Flamma"}]}},{"type":"Feature","geometry":{"type":"Point","coordinates":[13.72,43.16]},"properties":{"edcs_id":"EDCS-34500103","findspot":"Fermo / Firmum Picenum","raw_text":"Marci Anni Hermetis ex praediis Anni Veri Aproniano Paetino consulibus","date_from":0,"date_to":0,"marker_gender":"male","is_individual":false,"edcs_url":"https://edcs.hist.uzh.ch/en/document?edcs-id=EDCS-34500103","persons":[{"nomen":"Annius","gender":"male","raw_name":"M. Ann. Hermet(is) ex p. Ann. Ver.","praenomen":"Marcus","cognomen":"Hermes","status":"ex praediis Anni Veri, Aproniano Paetino consulibus"}]}},{"type":"Feature","geometry":{"type":"Point","coordinates":[13.72,43.16]},"properties":{"edcs_id":"EDCS-34700300","findspot":"Fermo / Firmum Picenum","raw_text":"Vicciana de figulinis Canuleiae Crispinae","date_from":0,"date_to":0,"marker_gender":"female","is_individual":false,"edcs_url":"https://edcs.hist.uzh.ch/en/document?edcs-id=EDCS-34700300","persons":[{"nomen":"","gender":"female","raw_name":"Vicciana","cognomen":"Vicciana"},{"nomen":"Canuleia","gender":"female","raw_name":"Canuleiae Crisp(p)inae","cognomen":"Crispina"}]}},{"type":"Feature","geometry":{"type":"Point","coordinates":[13.48,43.49]},"properties":{"edcs_id":"EDCS-34700346","findspot":"Osimo / Auximum","raw_text":"Tegula doliaris de figlinis Iuliae Proculae fluviatili negotiatione","date_from":0,"date_to":0,"marker_gender":"female","is_individual":false,"edcs_url":"https://edcs.hist.uzh.ch/en/document?edcs-id=EDCS-34700346","persons":[{"nomen":"Iulia","gender":"female","raw_name":"Iuliae Procul(ae)","cognomen":"Procula"}]}},{"type":"Feature","geometry":{"type":"Point","coordinates":[13.7,42.66]},"properties":{"edcs_id":"EDCS-35100399","findspot":"Teramo / Interamnia Praetuttiorum","raw_text":"Sex(ti) Histimen[ni] / in fr(onte) p(edes) XVI / in ag(ro) p(edes) XXXVII","date_from":0,"date_to":0,"marker_gender":"male","is_individual":false,"edcs_url":"https://edcs.hist.uzh.ch/en/document?edcs-id=EDCS-35100399","persons":[{"nomen":"Histimennius","gender":"male","raw_name":"Sex. Histimen[ni]","praenomen":"Sextus"}]}},{"type":"Feature","geometry":{"type":"Point","coordinates":[13.72,43.16]},"properties":{"edcs_id":"EDCS-35400842","findspot":"Fermo / Firmum Picenum","raw_text":"CnCnaeorum Domitiorum Lucani et Tulli Cai Autroni Sotadaes","date_from":0,"date_to":0,"marker_gender":"male","is_individual":false,"edcs_url":"https://edcs.hist.uzh.ch/en/document?edcs-id=EDCS-35400842","persons":[{"nomen":"","gender":"male","raw_name":"Sotadaes","cognomen":"Sotadaes","status":"Cn. Cn. Domiciorum Lucani et Tulli"},{"nomen":"Autronius","gender":"male","raw_name":"C. Autroni","praenomen":"Gaius"}]}},{"type":"Feature","geometry":{"type":"Point","coordinates":[13.48,43.49]},"properties":{"edcs_id":"EDCS-35400857","findspot":"Osimo / Auximum","raw_text":"Apr(oniano) et Paet(ino) co(n)s(ulibus) / ex pr(aediis) Cl(audiae) Marc(ellinae)","date_from":0,"date_to":0,"marker_gender":"female","is_individual":false,"edcs_url":"https://edcs.hist.uzh.ch/en/document?edcs-id=EDCS-35400857","persons":[{"nomen":"Claudia","gender":"female","raw_name":"Cl(audiae) Marc(ellinae)","cognomen":"Marcellina"}]}},{"type":"Feature","geometry":{"type":"Point","coordinates":[13.72,43.16]},"properties":{"edcs_id":"EDCS-36100307","findspot":"Fermo / Firmum Picenum","raw_text":"Agathobuli Domiti Tulli","date_from":0,"date_to":0,"marker_gender":"male","is_individual":false,"edcs_url":"https://edcs.hist.uzh.ch/en/document?edcs-id=EDCS-36100307","persons":[{"nomen":"","gender":"male","raw_name":"Agathobuli","cognomen":"Agathobulus"},{"nomen":"Domitius","gender":"male","raw_name":"Domiti Tull(i)","cognomen":"Tullus"}]}},{"type":"Feature","geometry":{"type":"Point","coordinates":[13.72,43.16]},"properties":{"edcs_id":"EDCS-36100308","findspot":"Fermo / Firmum Picenum","raw_text":"Ex praediis Domitiae Lucillae opus doliare Fortunati Lucillae","date_from":0,"date_to":0,"marker_gender":"mixed","is_individual":false,"edcs_url":"https://edcs.hist.uzh.ch/en/document?edcs-id=EDCS-36100308","persons":[{"nomen":"Domitia","gender":"female","raw_name":"Domitiae Lucillae","cognomen":"Lucilla","status":"ex praediis"},{"nomen":"","gender":"male","raw_name":"Fortunati","cognomen":"Fortunatus","status":"Lucillae","cluster_id":1400,"cluster_size":3,"cluster_confidence":"low"}]}},{"type":"Feature","geometry":{"type":"Point","coordinates":[13.72,43.16]},"properties":{"edcs_id":"EDCS-36100309","findspot":"Fermo / Firmum Picenum","raw_text":"Cnaei Domiti Trophimi Valerio Asiatico II consule","date_from":0,"date_to":0,"marker_gender":"male","is_individual":false,"edcs_url":"https://edcs.hist.uzh.ch/en/document?edcs-id=EDCS-36100309","persons":[{"nomen":"Domitius","gender":"male","raw_name":"Cn. Domiti Trophimi","cognomen":"Trophimus","status":"Valerio Asiatico II consulibus"},{"nomen":"","gender":"male","raw_name":"Valerio Asiatico","cognomen":"Valerius Asiaticus","status":"consul"}]}},{"type":"Feature","geometry":{"type":"Point","coordinates":[13.72,43.16]},"properties":{"edcs_id":"EDCS-36100310","findspot":"Fermo / Firmum Picenum","raw_text":"Dori Servili Secundi","date_from":0,"date_to":0,"marker_gender":"male","is_individual":false,"edcs_url":"https://edcs.hist.uzh.ch/en/document?edcs-id=EDCS-36100310","persons":[{"nomen":"Servilius","gender":"male","raw_name":"Dori Servil. Secun.","cognomen":"Secundus"}]}},{"type":"Feature","geometry":{"type":"Point","coordinates":[13.72,43.16]},"properties":{"edcs_id":"EDCS-36100311","findspot":"Fermo / Firmum Picenum","raw_text":"Ex praediis Flavi Apri opus doliare a Larcio","date_from":0,"date_to":0,"marker_gender":"male","is_individual":false,"edcs_url":"https://edcs.hist.uzh.ch/en/document?edcs-id=EDCS-36100311","persons":[{"nomen":"Flavius","gender":"male","raw_name":"Flavi Apri","cognomen":"Aper","status":"ex praediis, a Larcio"},{"nomen":"","gender":"male","raw_name":"Larcio","cognomen":"Larcio"}]}},{"type":"Feature","geometry":{"type":"Point","coordinates":[13.3,42.77]},"properties":{"edcs_id":"EDCS-36400279","findspot":"Arquata del Tronto","raw_text":"Isidi / P(ublius) Bovius P(ubli) [3] / Sabinus / d(onum) d(edit)","date_from":0,"date_to":0,"marker_gender":"male","is_individual":true,"edcs_url":"https://edcs.hist.uzh.ch/en/document?edcs-id=EDCS-36400279","persons":[{"nomen":"Bovius","gender":"male","raw_name":"P(ublius) Bovius P(ubli) [3] Sabinus","praenomen":"Publius","cognomen":"Sabinus","status":"donum dedit"}]}},{"type":"Feature","geometry":{"type":"Point","coordinates":[13.74,42.59]},"properties":{"edcs_id":"EDCS-36900398","findspot":"Basciano / Interamnia Praetuttiorum","raw_text":"Titus Vibius","date_from":0,"date_to":0,"marker_gender":"male","is_individual":false,"edcs_url":"https://edcs.hist.uzh.ch/en/document?edcs-id=EDCS-36900398","persons":[{"nomen":"Vibius","gender":"male","raw_name":"T. Vibius","praenomen":"Titus"}]}},{"type":"Feature","geometry":{"type":"Point","coordinates":[13.72,43.16]},"properties":{"edcs_id":"EDCS-38301847","findspot":"Fermo / Firmum Picenum","raw_text":"Ex figlinis Asiniae Quadratillae opus doliare Cai Nunnidi Fortunati Severo et Stloga consulibus","date_from":0,"date_to":0,"marker_gender":"mixed","is_individual":false,"edcs_url":"https://edcs.hist.uzh.ch/en/document?edcs-id=EDCS-38301847","persons":[{"nomen":"","gender":"male","raw_name":"C. Nun. Fort.","cognomen":"Fortunatus","status":"ex figlinis Asiniae Quadratae, operis doliare, Severo et Stloga consulibus","cluster_id":1400,"cluster_size":3,"cluster_confidence":"low"},{"nomen":"","gender":"male","raw_name":"Severo","cognomen":"Severus","status":"consul"},{"nomen":"","gender":"female","raw_name":"Stloga","cognomen":"Stloga","status":"consul"}]}},{"type":"Feature","geometry":{"type":"Point","coordinates":[13.48,43.49]},"properties":{"edcs_id":"EDCS-38301857","findspot":"Osimo / Auximum","raw_text":"Ex fig(linis) Q(uinti) Asini Marcelli / d(oliare) op(us) f(ecit) C(aius) Nun(nidius) Fortuna(tus) / Q(uinto) Art(iculeio) Pae(tino) et Apronia(no) / co(n)s(ulibus)","date_from":0,"date_to":0,"marker_gender":"male","is_individual":false,"edcs_url":"https://edcs.hist.uzh.ch/en/document?edcs-id=EDCS-38301857","persons":[{"nomen":"Asinius","gender":"male","raw_name":"Q. Asini Marcelli","praenomen":"Quintus","cognomen":"Marcellus"},{"nomen":"Nunnidius","gender":"male","raw_name":"C. Nun(nidius) Fortuna(tus)","praenomen":"Caius","cognomen":"Fortunatus"}]}},{"type":"Feature","geometry":{"type":"Point","coordinates":[13.72,43.16]},"properties":{"edcs_id":"EDCS-39200588","findspot":"Fermo / Firmum Picenum","raw_text":"Βωλίων Ἡραγόρα χαῖρε","date_from":0,"date_to":0,"marker_gender":"male","is_individual":false,"edcs_url":"https://edcs.hist.uzh.ch/en/document?edcs-id=EDCS-39200588","persons":[{"nomen":"","gender":"male","raw_name":"Βωλίων","cognomen":"Bolion"},{"nomen":"","gender":"male","raw_name":"Ἡραγόρα","cognomen":"Heragoras"}]}},{"type":"Feature","geometry":{"type":"Point","coordinates":[13.47,43.11]},"properties":{"edcs_id":"EDCS-39200600","findspot":"Falerone / Falerio Picenus","raw_text":"ὀστᾶ / Ἀσκληπιάδου / Περγαμηνοῦ / ἰατροῦ","date_from":0,"date_to":0,"marker_gender":"male","is_individual":false,"edcs_url":"https://edcs.hist.uzh.ch/en/document?edcs-id=EDCS-39200600","persons":[{"nomen":"","gender":"male","raw_name":"Ἀσκληπιάδου","cognomen":"Asclepiades","status":"ιατρού"}]}},{"type":"Feature","geometry":{"type":"Point","coordinates":[13.72,43.16]},"properties":{"edcs_id":"EDCS-41700082","findspot":"Fermo / Firmum Picenum","raw_text":"Quinti Munati","date_from":0,"date_to":0,"marker_gender":"male","is_individual":false,"edcs_url":"https://edcs.hist.uzh.ch/en/document?edcs-id=EDCS-41700082","persons":[{"nomen":"Munatius","gender":"male","raw_name":"Q. Munati","praenomen":"Quintus"}]}},{"type":"Feature","geometry":{"type":"Point","coordinates":[13.72,43.16]},"properties":{"edcs_id":"EDCS-41700083","findspot":"Fermo / Firmum Picenum","raw_text":"Marci Procilli Meleagri","date_from":0,"date_to":0,"marker_gender":"male","is_individual":false,"edcs_url":"https://edcs.hist.uzh.ch/en/document?edcs-id=EDCS-41700083","persons":[{"nomen":"Procillius","gender":"male","raw_name":"M. Procill. Meleagr.","praenomen":"Marcus","cognomen":"Meleager"}]}},{"type":"Feature","geometry":{"type":"Point","coordinates":[13.72,43.16]},"properties":{"edcs_id":"EDCS-41700084","findspot":"Fermo / Firmum Picenum","raw_text":"Cai Rabiri et Sextiae","date_from":0,"date_to":0,"marker_gender":"male","is_individual":false,"edcs_url":"https://edcs.hist.uzh.ch/en/document?edcs-id=EDCS-41700084","persons":[{"nomen":"Rabirius","gender":"male","raw_name":"C. Rabiri","praenomen":"Caius"},{"nomen":"","gender":"unknown","raw_name":"Sex.?","praenomen":"Sextus"}]}},{"type":"Feature","geometry":{"type":"Point","coordinates":[13.31,43.31]},"properties":{"edcs_id":"EDCS-41700208","findspot":"Treia / Trea","raw_text":"Rufinae coniugi bene merenti Victor fecit quae vixit annos LXI mensem I","date_from":0,"date_to":0,"marker_gender":"mixed","is_individual":false,"edcs_url":"https://edcs.hist.uzh.ch/en/document?edcs-id=EDCS-41700208","persons":[{"nomen":"","gender":"female","raw_name":"Rufinae","cognomen":"Rufina","status":"coniugi bene merenti"},{"nomen":"","gender":"male","raw_name":"Victor","cognomen":"Victor"}]}},{"type":"Feature","geometry":{"type":"Point","coordinates":[13.72,43.16]},"properties":{"edcs_id":"EDCS-42300112","findspot":"Fermo / Firmum Picenum","raw_text":"Marci V Politici","date_from":0,"date_to":0,"marker_gender":"male","is_individual":false,"edcs_url":"https://edcs.hist.uzh.ch/en/document?edcs-id=EDCS-42300112","persons":[{"nomen":"","gender":"male","raw_name":"M. V() Politici","praenomen":"Marcus","cognomen":"Politicus"}]}},{"type":"Feature","geometry":{"type":"Point","coordinates":[13.5,43.27]},"properties":{"edcs_id":"EDCS-44100298","findspot":"San Claudio / San Claudio al Chienti / Pausulae","raw_text":"quem que inus filius Serena r","date_from":0,"date_to":0,"marker_gender":"female","is_individual":false,"edcs_url":"https://edcs.hist.uzh.ch/en/document?edcs-id=EDCS-44100298","persons":[{"nomen":"","gender":"female","raw_name":"[3] Serena","cognomen":"Serena"}]}},{"type":"Feature","geometry":{"type":"Point","coordinates":[13.5,43.27]},"properties":{"edcs_id":"EDCS-44100299","findspot":"San Claudio / San Claudio al Chienti / Pausulae","raw_text":"vae mulieris libertae Iucundae","date_from":0,"date_to":0,"marker_gender":"female","is_individual":false,"edcs_url":"https://edcs.hist.uzh.ch/en/document?edcs-id=EDCS-44100299","persons":[{"nomen":"","gender":"female","raw_name":"vae |(mulieris) l. Iucundae","cognomen":"Iucunda","status":"mulieris liberta"}]}},{"type":"Feature","geometry":{"type":"Point","coordinates":[13.5,43.27]},"properties":{"edcs_id":"EDCS-44100301","findspot":"San Claudio / San Claudio al Chienti / Pausulae","raw_text":"Titus Ficlius Cai filius","date_from":0,"date_to":0,"marker_gender":"male","is_individual":false,"edcs_url":"https://edcs.hist.uzh.ch/en/document?edcs-id=EDCS-44100301","persons":[{"nomen":"Ficlius","gender":"male","raw_name":"Cai f(ilius)","praenomen":"Titus","status":"Cai filius"}]}},{"type":"Feature","geometry":{"type":"Point","coordinates":[13.5,43.27]},"properties":{"edcs_id":"EDCS-44100302","findspot":"San Claudio / San Claudio al Chienti / Pausulae","raw_text":"Luci Did Lepor","date_from":0,"date_to":0,"marker_gender":"male","is_individual":false,"edcs_url":"https://edcs.hist.uzh.ch/en/document?edcs-id=EDCS-44100302","persons":[{"nomen":"Didius","gender":"male","raw_name":"L. Did() Lepor[3]","praenomen":"Lucius","cognomen":"Lepor"}]}},{"type":"Feature","geometry":{"type":"Point","coordinates":[13.97,42.75]},"properties":{"edcs_id":"EDCS-45600035","findspot":"Giulianova / Castrum Novum","raw_text":"[3]arius / [3] Mae(cia) Pius / [mil(es?) l]egionis XXIX / [3] hic sepul(tus) est in suo","date_from":0,"date_to":0,"marker_gender":"male","is_individual":false,"edcs_url":"https://edcs.hist.uzh.ch/en/document?edcs-id=EDCS-45600035","persons":[{"nomen":"","gender":"male","raw_name":"[3]arius [3] Mae(cia) Pius [mil(es?) l]egionis XXIX [3] hic sepul(tus) est in suo","cognomen":"Pius","status":"Maecia, miles legionis XXIX, hic sepultus est in suo"}]}},{"type":"Feature","geometry":{"type":"Point","coordinates":[13.7,42.66]},"properties":{"edcs_id":"EDCS-45600036","findspot":"Teramo / Interamnia Praetuttiorum","raw_text":"[3]onius C(ai) f(ilius) / [3] port(icum) l(ongam) p(edes) CCC","date_from":0,"date_to":0,"marker_gender":"male","is_individual":false,"edcs_url":"https://edcs.hist.uzh.ch/en/document?edcs-id=EDCS-45600036","persons":[{"nomen":"Iulius","gender":"male","raw_name":"[3]onius C. f.","status":"C. filius"}]}},{"type":"Feature","geometry":{"type":"Point","coordinates":[13.31,42.64]},"properties":{"edcs_id":"EDCS-45600037","findspot":"Sommati / Asculum Picenum","raw_text":"D(is) M(anibus) / Ianuariae / L(ucius) Mindius / Ampliatus / coniugi / bene mer(enti) / cum q(ua) v(ixit) a(nnos) / XXXI / {S} et sibi / s(it) t(ibi) t(erra) l(evis)","date_from":0,"date_to":0,"marker_gender":"mixed","is_individual":true,"edcs_url":"https://edcs.hist.uzh.ch/en/document?edcs-id=EDCS-45600037","persons":[{"nomen":"","gender":"female","raw_name":"Ianuariae","cognomen":"Ianuaria","status":"coniugi bene merenti"},{"nomen":"Mindius","gender":"male","raw_name":"L. Mindius Ampliatus","praenomen":"Lucius","cognomen":"Ampliatus"}]}},{"type":"Feature","geometry":{"type":"Point","coordinates":[13.12,43.45]},"properties":{"edcs_id":"EDCS-46600732","findspot":"Cupramontana / Cupra Montana","raw_text":"Cai Clodi Sabini","date_from":0,"date_to":0,"marker_gender":"male","is_individual":false,"edcs_url":"https://edcs.hist.uzh.ch/en/document?edcs-id=EDCS-46600732","persons":[{"nomen":"Clodius","gender":"male","raw_name":"C. Cl. Sab(ini)","praenomen":"Caius","cognomen":"Sabinus"}]}},{"type":"Feature","geometry":{"type":"Point","coordinates":[13.47,43.22]},"properties":{"edcs_id":"EDCS-46600971","findspot":"Petriolo","raw_text":"] / Man[3] f(ilia) / Urbana","date_from":0,"date_to":0,"marker_gender":"female","is_individual":false,"edcs_url":"https://edcs.hist.uzh.ch/en/document?edcs-id=EDCS-46600971","persons":[{"nomen":"","gender":"female","raw_name":"Man[3] f. Urbana","cognomen":"Urbana","status":"f(ilia)"}]}},{"type":"Feature","geometry":{"type":"Point","coordinates":[13.38,43.2]},"properties":{"edcs_id":"EDCS-46600974","findspot":"Urbisaglia / Urbs Salvia","raw_text":"M(arcus) Papirius |(mulieris) l(ibertus) / Liberalis quod / debuerat filius / facere mater fecit filio","date_from":0,"date_to":0,"marker_gender":"male","is_individual":true,"edcs_url":"https://edcs.hist.uzh.ch/en/document?edcs-id=EDCS-46600974","persons":[{"nomen":"","gender":"male","raw_name":"M. Papirius |(mulieris) l. Liberalis","praenomen":"Marcus","cognomen":"Liberalis","status":"mulieris libertus","cluster_id":1704,"cluster_size":3,"cluster_confidence":"low"}]}},{"type":"Feature","geometry":{"type":"Point","coordinates":[13.62,43.51]},"properties":{"edcs_id":"EDCS-46600978","findspot":"Numana","raw_text":"Iulia C(ai) l(iberta) Chelido / annor(um) XXV","date_from":0,"date_to":0,"marker_gender":"female","is_individual":false,"edcs_url":"https://edcs.hist.uzh.ch/en/document?edcs-id=EDCS-46600978","persons":[{"nomen":"Iulia","gender":"female","raw_name":"Iulia C. l. Chelido","cognomen":"Chelido","status":"liberta Cai"}]}},{"type":"Feature","geometry":{"type":"Point","coordinates":[13.52,43.62]},"properties":{"edcs_id":"EDCS-46600980","findspot":"Ancona","raw_text":"Aulus No Quintus C r Caio Ortorio AV IAN N OPCA","date_from":0,"date_to":0,"marker_gender":"male","is_individual":false,"edcs_url":"https://edcs.hist.uzh.ch/en/document?edcs-id=EDCS-46600980","persons":[{"nomen":"","gender":"male","raw_name":"A. No[3]","praenomen":"Aulus"},{"nomen":"","gender":"male","raw_name":"Q. C[3]r[3]","praenomen":"Quintus"},{"nomen":"Ortonius","gender":"male","raw_name":"C. Ortorio","status":"C(aio)"}]}},{"type":"Feature","geometry":{"type":"Point","coordinates":[13.58,43.55]},"properties":{"edcs_id":"EDCS-47000484","findspot":"Poggio","raw_text":"Cai Umbrici Philologi","date_from":0,"date_to":0,"marker_gender":"male","is_individual":false,"edcs_url":"https://edcs.hist.uzh.ch/en/document?edcs-id=EDCS-47000484","persons":[{"nomen":"Umbricius","gender":"male","raw_name":"C. Umb. Philo","praenomen":"Caius","cognomen":"Philo"}]}},{"type":"Feature","geometry":{"type":"Point","coordinates":[13.47,43.11]},"properties":{"edcs_id":"EDCS-47200335","findspot":"Falerone / Falerio Picenus","raw_text":"Herennius Repentin/us senior p(atronus) c(oloniae) suo om/ni sumptu provocatus amore civium / suor(um) (h)oc opus perfecit // Felix tesserarius fecit","date_from":0,"date_to":0,"marker_gender":"male","is_individual":false,"edcs_url":"https://edcs.hist.uzh.ch/en/document?edcs-id=EDCS-47200335","persons":[{"nomen":"Herennius","gender":"male","raw_name":"Herennius Repentin us senior p. c. suo om ni sumptu provocatus amore civium   suor(um) (h)oc opus perfecit","cognomen":"Repentinus senior","status":"patronus coloniae, provocatus amore civium suorum, om(ni) sumptu hoc opus perfecit"},{"nomen":"","gender":"male","raw_name":"Felix tesserarius fecit","cognomen":"Felix","status":"tesserarius fecit"}]}},{"type":"Feature","geometry":null,"properties":{"edcs_id":"EDCS-47901279","findspot":"Porchiano / Asculum Picenum","raw_text":"Aurelius pavimentarius bene futuentibus vitam","date_from":0,"date_to":0,"marker_gender":"male","is_individual":true,"edcs_url":"https://edcs.hist.uzh.ch/en/document?edcs-id=EDCS-47901279","persons":[{"nomen":"Aurelius","gender":"male","raw_name":"Aurelius","status":"pavimentarius"}]}},{"type":"Feature","geometry":null,"properties":{"edcs_id":"EDCS-47901280","findspot":"Bruciate","raw_text":"Hic est Herculis qui a matrastra sua perivit","date_from":0,"date_to":0,"marker_gender":"male","is_individual":true,"edcs_url":"https://edcs.hist.uzh.ch/en/document?edcs-id=EDCS-47901280","persons":[{"nomen":"","gender":"male","raw_name":"Herculis qu[i]","cognomen":"Hercules","status":"qui a matrastra sua perivit","is_deity":true,"cluster_confidence":"excluded"}]}},{"type":"Feature","geometry":{"type":"Point","coordinates":[13.45,43.3]},"properties":{"edcs_id":"EDCS-48000489","findspot":"Macerata / Ricina","raw_text":"Cai Dessi","date_from":0,"date_to":0,"marker_gender":"male","is_individual":false,"edcs_url":"https://edcs.hist.uzh.ch/en/document?edcs-id=EDCS-48000489","persons":[{"nomen":"Dessius","gender":"male","raw_name":"C. Dessi","praenomen":"Caius"}]}},{"type":"Feature","geometry":{"type":"Point","coordinates":[13.12,43.45]},"properties":{"edcs_id":"EDCS-48000498","findspot":"Cupramontana / Cupra Montana","raw_text":"Octavi","date_from":0,"date_to":0,"marker_gender":"male","is_individual":false,"edcs_url":"https://edcs.hist.uzh.ch/en/document?edcs-id=EDCS-48000498","persons":[{"nomen":"Octavius","gender":"male","raw_name":"Octavi"}]}},{"type":"Feature","geometry":{"type":"Point","coordinates":[13.5,43.27]},"properties":{"edcs_id":"EDCS-48500150","findspot":"San Claudio / San Claudio al Chienti / Pausulae","raw_text":"lelius Titi libertus Ap","date_from":0,"date_to":0,"marker_gender":"male","is_individual":false,"edcs_url":"https://edcs.hist.uzh.ch/en/document?edcs-id=EDCS-48500150","persons":[{"nomen":"Valerius","gender":"male","raw_name":"lelius T. l. Ap[3]","status":"Titi libertus"}]}},{"type":"Feature","geometry":{"type":"Point","coordinates":[13.7,42.66]},"properties":{"edcs_id":"EDCS-48700128","findspot":"Teramo / Interamnia Praetuttiorum","raw_text":"C(aio) Vettio C(ai) l(iberto) / Primo / Vettia C(ai) l(iberta) Bacu[la] / mater fecit e[t sibi et(?)] / C(aio) Vettio C(ai) l(iberto) [","date_from":0,"date_to":0,"marker_gender":"mixed","is_individual":false,"edcs_url":"https://edcs.hist.uzh.ch/en/document?edcs-id=EDCS-48700128","persons":[{"nomen":"Vettius","gender":"male","raw_name":"C. Vettio C. l. Primo","praenomen":"Caius","cognomen":"Primus","status":"Cai libertus"},{"nomen":"Vettia","gender":"female","raw_name":"Vettia C. l. Bacu[la]","cognomen":"Baccula","status":"Cai liberta, mater"},{"nomen":"Vettius","gender":"male","raw_name":"C. Vettio C. l. [","praenomen":"Caius","status":"Cai libertus"}]}},{"type":"Feature","geometry":{"type":"Point","coordinates":[13.58,42.85]},"properties":{"edcs_id":"EDCS-51200010","findspot":"Ascoli Piceno / Asculum Picenum","raw_text":"[T]rutiediae(?) / [L]ochiadis // Po<m=N>po[niae] / Cramin[3] / XXX","date_from":0,"date_to":0,"marker_gender":"female","is_individual":true,"edcs_url":"https://edcs.hist.uzh.ch/en/document?edcs-id=EDCS-51200010","persons":[{"nomen":"Trutiedia","gender":"female","raw_name":"[T]rutiediae(?)"},{"nomen":"Lochias","gender":"unknown","raw_name":"[L]ochiadis"},{"nomen":"Pomponia","gender":"female","raw_name":"Po<m=N>poniae"},{"nomen":"Craminia","gender":"female","raw_name":"Cramin[3]"}]}},{"type":"Feature","geometry":{"type":"Point","coordinates":[13.58,42.85]},"properties":{"edcs_id":"EDCS-51200011","findspot":"Ascoli Piceno / Asculum Picenum","raw_text":"nus Titi filius Patron","date_from":0,"date_to":0,"marker_gender":"male","is_individual":true,"edcs_url":"https://edcs.hist.uzh.ch/en/document?edcs-id=EDCS-51200011","persons":[{"nomen":"","gender":"male","raw_name":"nus T. f. Patron[","cognomen":"Patron","status":"Titi filius"}]}},{"type":"Feature","geometry":{"type":"Point","coordinates":[13.75,42.86]},"properties":{"edcs_id":"EDCS-51200012","findspot":"Tronto / Asculum Picenum","raw_text":"Primigenii / summa III s(emis) / Canusinis // P(ondo) XXII / X / n(ummi) XXVI / V","date_from":0,"date_to":0,"marker_gender":"male","is_individual":true,"edcs_url":"https://edcs.hist.uzh.ch/en/document?edcs-id=EDCS-51200012","persons":[{"nomen":"","gender":"male","raw_name":"Primigenii","cognomen":"Primigenius","status":"summa III semis"}]}},{"type":"Feature","geometry":null,"properties":{"edcs_id":"EDCS-51200013","findspot":"Rotella","raw_text":"Publius Fadius Publi libertus Faecida","date_from":0,"date_to":0,"marker_gender":"male","is_individual":true,"edcs_url":"https://edcs.hist.uzh.ch/en/document?edcs-id=EDCS-51200013","persons":[{"nomen":"Fadius","gender":"male","raw_name":"P. Fadius P. l. Faecida","praenomen":"Publius","cognomen":"Faecida","status":"Publi libertus"}]}},{"type":"Feature","geometry":null,"properties":{"edcs_id":"EDCS-51200014","findspot":"Rotella","raw_text":"Quinti Aemili Romula filio bene merenti posuit","date_from":0,"date_to":0,"marker_gender":"female","is_individual":true,"edcs_url":"https://edcs.hist.uzh.ch/en/document?edcs-id=EDCS-51200014","persons":[{"nomen":"Aemilia","gender":"female","raw_name":"Q. Aemili Romula","cognomen":"Romula","status":"filio bene merenti posuit?"}]}},{"type":"Feature","geometry":{"type":"Point","coordinates":[13.98,42.58]},"properties":{"edcs_id":"EDCS-52301908","findspot":"Atri / Hadria / Adria","raw_text":"Sulpici","date_from":0,"date_to":0,"marker_gender":"unknown","is_individual":false,"edcs_url":"https://edcs.hist.uzh.ch/en/document?edcs-id=EDCS-52301908","persons":[{"nomen":"Sulpicius","gender":"unknown","raw_name":"Sul(pici)"}]}},{"type":"Feature","geometry":{"type":"Point","coordinates":[13.28,43.21]},"properties":{"edcs_id":"EDCS-52600209","findspot":"Tolentino / Tolentinum","raw_text":"Fausti Anis","date_from":0,"date_to":0,"marker_gender":"male","is_individual":false,"edcs_url":"https://edcs.hist.uzh.ch/en/document?edcs-id=EDCS-52600209","persons":[{"nomen":"","gender":"male","raw_name":"[F]austi","cognomen":"Faustus"},{"nomen":"","gender":"unknown","raw_name":"Anis","cognomen":"Anis"}]}},{"type":"Feature","geometry":{"type":"Point","coordinates":[13.52,43.62]},"properties":{"edcs_id":"EDCS-52600312","findspot":"Ancona","raw_text":"ippae","date_from":0,"date_to":0,"marker_gender":"female","is_individual":false,"edcs_url":"https://edcs.hist.uzh.ch/en/document?edcs-id=EDCS-52600312","persons":[{"nomen":"","gender":"female","raw_name":"Iippae","cognomen":"Iippa"}]}},{"type":"Feature","geometry":{"type":"Point","coordinates":[13.52,43.62]},"properties":{"edcs_id":"EDCS-52600316","findspot":"Ancona","raw_text":"D(is) M(anibus) / P(ublio) Annio / Sabino / Annia / Sabina / fratri / pientissimo / posuit / b(ene) m(erenti)","date_from":0,"date_to":0,"marker_gender":"mixed","is_individual":false,"edcs_url":"https://edcs.hist.uzh.ch/en/document?edcs-id=EDCS-52600316","persons":[{"nomen":"Annius","gender":"male","raw_name":"P. Annio Sabino","praenomen":"Publius","cognomen":"Sabinus"},{"nomen":"Annia","gender":"female","raw_name":"Annia Sabina","cognomen":"Sabina","status":"fratri pientissimo"}]}},{"type":"Feature","geometry":{"type":"Point","coordinates":[13.52,43.62]},"properties":{"edcs_id":"EDCS-52600317","findspot":"Ancona","raw_text":"D(is) M(anibus) / Q(uinti) Rammi / Faceti / vix(it) annis / XXIII m(ensibus) VIII / dies(!) XII / parent(es) Crescens / et Helpis","date_from":0,"date_to":0,"marker_gender":"mixed","is_individual":false,"edcs_url":"https://edcs.hist.uzh.ch/en/document?edcs-id=EDCS-52600317","persons":[{"nomen":"Rammius","gender":"male","raw_name":"Q. Rammi Faceti","cognomen":"Facētus"},{"nomen":"","gender":"male","raw_name":"Crescens","cognomen":"Crescens","status":"parentes"},{"nomen":"","gender":"female","raw_name":"Helpis","cognomen":"Helpis","status":"parentes"}]}},{"type":"Feature","geometry":{"type":"Point","coordinates":[13.52,43.62]},"properties":{"edcs_id":"EDCS-52600320","findspot":"Ancona","raw_text":"Publi Titi Aesili sibi et suis","date_from":0,"date_to":0,"marker_gender":"male","is_individual":false,"edcs_url":"https://edcs.hist.uzh.ch/en/document?edcs-id=EDCS-52600320","persons":[{"nomen":"Titius","gender":"male","raw_name":"P(ubli) Titi Aesil[i]","praenomen":"Publius","cognomen":"Aesilius","status":"sibi et suis"}]}},{"type":"Feature","geometry":{"type":"Point","coordinates":[13.38,43.2]},"properties":{"edcs_id":"EDCS-53600004","findspot":"Urbisaglia / Urbs Salvia","raw_text":"Phila Semp","date_from":0,"date_to":0,"marker_gender":"unknown","is_individual":true,"edcs_url":"https://edcs.hist.uzh.ch/en/document?edcs-id=EDCS-53600004","persons":[{"nomen":"","gender":"unknown","raw_name":"Phila","cognomen":"Phila"}]}},{"type":"Feature","geometry":{"type":"Point","coordinates":[13.38,43.2]},"properties":{"edcs_id":"EDCS-53600005","findspot":"Urbisaglia / Urbs Salvia","raw_text":"Amato Achebi","date_from":0,"date_to":0,"marker_gender":"male","is_individual":true,"edcs_url":"https://edcs.hist.uzh.ch/en/document?edcs-id=EDCS-53600005","persons":[{"nomen":"","gender":"male","raw_name":"Amato","cognomen":"Amatus"},{"nomen":"","gender":"male","raw_name":"Achebi","cognomen":"Achebus"}]}},{"type":"Feature","geometry":{"type":"Point","coordinates":[13.38,43.2]},"properties":{"edcs_id":"EDCS-53600008","findspot":"Urbisaglia / Urbs Salvia","raw_text":"Luci Cameli","date_from":0,"date_to":0,"marker_gender":"male","is_individual":true,"edcs_url":"https://edcs.hist.uzh.ch/en/document?edcs-id=EDCS-53600008","persons":[{"nomen":"Camelius","gender":"male","raw_name":"L. Cam[e]","praenomen":"Lucius"}]}},{"type":"Feature","geometry":{"type":"Point","coordinates":[13.66,43.44]},"properties":{"edcs_id":"EDCS-53600070","findspot":"Porto Recanati / Potentia","raw_text":"Fortis","date_from":0,"date_to":0,"marker_gender":"unknown","is_individual":false,"edcs_url":"https://edcs.hist.uzh.ch/en/document?edcs-id=EDCS-53600070","persons":[{"nomen":"","gender":"unknown","raw_name":"Fortis","cognomen":"Fortis"}]}},{"type":"Feature","geometry":{"type":"Point","coordinates":[13.66,43.44]},"properties":{"edcs_id":"EDCS-53600072","findspot":"Porto Recanati / Potentia","raw_text":"Festi","date_from":0,"date_to":0,"marker_gender":"male","is_individual":false,"edcs_url":"https://edcs.hist.uzh.ch/en/document?edcs-id=EDCS-53600072","persons":[{"nomen":"","gender":"male","raw_name":"Festi","cognomen":"Festi"}]}},{"type":"Feature","geometry":{"type":"Point","coordinates":[13.66,43.44]},"properties":{"edcs_id":"EDCS-53600073","findspot":"Porto Recanati / Potentia","raw_text":"A Fesoniae","date_from":0,"date_to":0,"marker_gender":"female","is_individual":false,"edcs_url":"https://edcs.hist.uzh.ch/en/document?edcs-id=EDCS-53600073","persons":[{"nomen":"Fesonia","gender":"female","raw_name":"Fesoniae"}]}},{"type":"Feature","geometry":{"type":"Point","coordinates":[13.66,43.44]},"properties":{"edcs_id":"EDCS-53600077","findspot":"Porto Recanati / Potentia","raw_text":"Primigeni","date_from":0,"date_to":0,"marker_gender":"male","is_individual":false,"edcs_url":"https://edcs.hist.uzh.ch/en/document?edcs-id=EDCS-53600077","persons":[{"nomen":"","gender":"male","raw_name":"Primigeni","cognomen":"Primigeni"}]}},{"type":"Feature","geometry":{"type":"Point","coordinates":[13.66,43.44]},"properties":{"edcs_id":"EDCS-53600080","findspot":"Porto Recanati / Potentia","raw_text":"Solonas","date_from":0,"date_to":0,"marker_gender":"unknown","is_individual":false,"edcs_url":"https://edcs.hist.uzh.ch/en/document?edcs-id=EDCS-53600080","persons":[{"nomen":"","gender":"unknown","raw_name":"Solonas","cognomen":"Solonas","cluster_id":1547,"cluster_size":2,"cluster_confidence":"low"}]}},{"type":"Feature","geometry":{"type":"Point","coordinates":[13.66,43.44]},"properties":{"edcs_id":"EDCS-53600082","findspot":"Porto Recanati / Potentia","raw_text":"Solonate","date_from":0,"date_to":0,"marker_gender":"unknown","is_individual":false,"edcs_url":"https://edcs.hist.uzh.ch/en/document?edcs-id=EDCS-53600082","persons":[{"nomen":"","gender":"unknown","raw_name":"Solonate","cognomen":"Solonate"}]}},{"type":"Feature","geometry":{"type":"Point","coordinates":[13.66,43.44]},"properties":{"edcs_id":"EDCS-53600083","findspot":"Porto Recanati / Potentia","raw_text":"Solonas","date_from":0,"date_to":0,"marker_gender":"unknown","is_individual":false,"edcs_url":"https://edcs.hist.uzh.ch/en/document?edcs-id=EDCS-53600083","persons":[{"nomen":"","gender":"unknown","raw_name":"Solonas","cognomen":"Solonas","cluster_id":1547,"cluster_size":2,"cluster_confidence":"low"}]}},{"type":"Feature","geometry":{"type":"Point","coordinates":[13.66,43.44]},"properties":{"edcs_id":"EDCS-53600085","findspot":"Porto Recanati / Potentia","raw_text":"Octavi","date_from":0,"date_to":0,"marker_gender":"unknown","is_individual":false,"edcs_url":"https://edcs.hist.uzh.ch/en/document?edcs-id=EDCS-53600085","persons":[{"nomen":"","gender":"unknown","raw_name":"Octavi","cognomen":"Octavius"}]}},{"type":"Feature","geometry":{"type":"Point","coordinates":[13.66,43.44]},"properties":{"edcs_id":"EDCS-53600088","findspot":"Porto Recanati / Potentia","raw_text":"Atimeti","date_from":0,"date_to":0,"marker_gender":"unknown","is_individual":false,"edcs_url":"https://edcs.hist.uzh.ch/en/document?edcs-id=EDCS-53600088","persons":[{"nomen":"","gender":"unknown","raw_name":"Atime(ti)","cognomen":"Atimetus"}]}},{"type":"Feature","geometry":{"type":"Point","coordinates":[13.66,43.44]},"properties":{"edcs_id":"EDCS-53600096","findspot":"Porto Recanati / Potentia","raw_text":"Luci Tetti Samia","date_from":0,"date_to":0,"marker_gender":"female","is_individual":false,"edcs_url":"https://edcs.hist.uzh.ch/en/document?edcs-id=EDCS-53600096","persons":[{"nomen":"Tettius","gender":"female","raw_name":"L. Tetti Samia","praenomen":"Lucius","cognomen":"Samia"}]}},{"type":"Feature","geometry":{"type":"Point","coordinates":[13.66,43.44]},"properties":{"edcs_id":"EDCS-53600097","findspot":"Porto Recanati / Potentia","raw_text":"Memor Publi Corneli","date_from":0,"date_to":0,"marker_gender":"male","is_individual":false,"edcs_url":"https://edcs.hist.uzh.ch/en/document?edcs-id=EDCS-53600097","persons":[{"nomen":"","gender":"male","raw_name":"Memor","cognomen":"Memor"},{"nomen":"Cornelius","gender":"male","raw_name":"P. Corn(eli)","praenomen":"Publius"}]}},{"type":"Feature","geometry":{"type":"Point","coordinates":[13.66,43.44]},"properties":{"edcs_id":"EDCS-53600099","findspot":"Porto Recanati / Potentia","raw_text":"Liccae","date_from":0,"date_to":0,"marker_gender":"female","is_individual":false,"edcs_url":"https://edcs.hist.uzh.ch/en/document?edcs-id=EDCS-53600099","persons":[{"nomen":"","gender":"female","raw_name":"Lic cae","cognomen":"Licca"}]}},{"type":"Feature","geometry":null,"properties":{"edcs_id":"EDCS-53600111","findspot":"Cesano / Cesano di Senigallia","raw_text":"Antiochi","date_from":0,"date_to":0,"marker_gender":"male","is_individual":true,"edcs_url":"https://edcs.hist.uzh.ch/en/document?edcs-id=EDCS-53600111","persons":[{"nomen":"","gender":"male","raw_name":"[A]ntioc(hi)","cognomen":"Antiochus"}]}},{"type":"Feature","geometry":null,"properties":{"edcs_id":"EDCS-53600113","findspot":"Cesano / Cesano di Senigallia","raw_text":"Atienod","date_from":0,"date_to":0,"marker_gender":"male","is_individual":true,"edcs_url":"https://edcs.hist.uzh.ch/en/document?edcs-id=EDCS-53600113","persons":[{"nomen":"","gender":"male","raw_name":"Atienod[3]","cognomen":"Atienodus","cluster_id":1258,"cluster_size":2,"cluster_confidence":"low"}]}},{"type":"Feature","geometry":null,"properties":{"edcs_id":"EDCS-53600114","findspot":"Cesano / Cesano di Senigallia","raw_text":"Atienodo","date_from":0,"date_to":0,"marker_gender":"male","is_individual":true,"edcs_url":"https://edcs.hist.uzh.ch/en/document?edcs-id=EDCS-53600114","persons":[{"nomen":"","gender":"male","raw_name":"Atie nodo[3]","cognomen":"Atienodus","cluster_id":1258,"cluster_size":2,"cluster_confidence":"low"}]}},{"type":"Feature","geometry":null,"properties":{"edcs_id":"EDCS-53600115","findspot":"Cesano / Cesano di Senigallia","raw_text":"Menander","date_from":0,"date_to":0,"marker_gender":"male","is_individual":true,"edcs_url":"https://edcs.hist.uzh.ch/en/document?edcs-id=EDCS-53600115","persons":[{"nomen":"","gender":"male","raw_name":"Menande(r)","cognomen":"Menander"}]}},{"type":"Feature","geometry":null,"properties":{"edcs_id":"EDCS-53600117","findspot":"Cesano / Cesano di Senigallia","raw_text":"Salvi","date_from":0,"date_to":0,"marker_gender":"male","is_individual":true,"edcs_url":"https://edcs.hist.uzh.ch/en/document?edcs-id=EDCS-53600117","persons":[{"nomen":"","gender":"male","raw_name":"Salvi","cognomen":"Salvius"}]}},{"type":"Feature","geometry":{"type":"Point","coordinates":[13.18,43.23]},"properties":{"edcs_id":"EDCS-53600125","findspot":"San Severino Marche / Septempeda","raw_text":"Fortis","date_from":0,"date_to":0,"marker_gender":"male","is_individual":false,"edcs_url":"https://edcs.hist.uzh.ch/en/document?edcs-id=EDCS-53600125","persons":[{"nomen":"","gender":"male","raw_name":"Fortis","cognomen":"Fortis"}]}},{"type":"Feature","geometry":{"type":"Point","coordinates":[13.18,43.23]},"properties":{"edcs_id":"EDCS-53600126","findspot":"San Severino Marche / Septempeda","raw_text":"Fronto","date_from":0,"date_to":0,"marker_gender":"male","is_individual":false,"edcs_url":"https://edcs.hist.uzh.ch/en/document?edcs-id=EDCS-53600126","persons":[{"nomen":"","gender":"male","raw_name":"Fronto","cognomen":"Fronto"}]}},{"type":"Feature","geometry":{"type":"Point","coordinates":[13.51,43.25]},"properties":{"edcs_id":"EDCS-54800201","findspot":"Corridonia / Pausulae","raw_text":"Laelius Titi libertus Ap","date_from":0,"date_to":0,"marker_gender":"male","is_individual":false,"edcs_url":"https://edcs.hist.uzh.ch/en/document?edcs-id=EDCS-54800201","persons":[{"nomen":"Laelius","gender":"male","raw_name":"L. Laelius T. l. Ap[3]","status":"Titi libertus"}]}},{"type":"Feature","geometry":{"type":"Point","coordinates":[13.38,43.2]},"properties":{"edcs_id":"EDCS-54800209","findspot":"Urbisaglia / Urbs Salvia","raw_text":"] / Ti(berius?) [","date_from":0,"date_to":0,"marker_gender":"male","is_individual":true,"edcs_url":"https://edcs.hist.uzh.ch/en/document?edcs-id=EDCS-54800209","persons":[{"nomen":"","gender":"male","raw_name":"Ti. [","praenomen":"Tiberius"}]}},{"type":"Feature","geometry":{"type":"Point","coordinates":[13.47,43.11]},"properties":{"edcs_id":"EDCS-54800224","findspot":"Falerone / Falerio Picenus","raw_text":"] / [mat]ri e[t] / [3 A]suvio Rufi/no fratri et / L(ucio) Asuvio Fe/roci a(v)o / L(ucius) Asuvius / Rufus paren/tibus bene me/rentibus posuit","date_from":0,"date_to":0,"marker_gender":"male","is_individual":false,"edcs_url":"https://edcs.hist.uzh.ch/en/document?edcs-id=EDCS-54800224","persons":[{"nomen":"Asuvius","gender":"male","raw_name":"[3 A]suvio Rufi no","cognomen":"Rufinus","status":"fratri"},{"nomen":"Asuvius","gender":"male","raw_name":"L. Asuvio Fe roci","praenomen":"Lucius","cognomen":"Ferox","status":"avo"},{"nomen":"Asuvius","gender":"male","raw_name":"L. Asuvius   Rufus paren tibus bene me rentibus posuit","praenomen":"Lucius","cognomen":"Rufus","status":"parentibus bene merentibus posuit"}]}},{"type":"Feature","geometry":{"type":"Point","coordinates":[13.47,43.11]},"properties":{"edcs_id":"EDCS-54800225","findspot":"Falerone / Falerio Picenus","raw_text":"]i/ Modestae filia[e] / Ser(vius) Faden[us] / Mintionius / Modestus / con(iugi) / Acoristus Car[is] / Yialissus / matri soro[ri] / d(e) s(uo) p(osuerunt)","date_from":0,"date_to":0,"marker_gender":"mixed","is_individual":false,"edcs_url":"https://edcs.hist.uzh.ch/en/document?edcs-id=EDCS-54800225","persons":[{"nomen":"","gender":"female","raw_name":"Modestae filia[e]","cognomen":"Modesta","status":"filiae"},{"nomen":"Servius","gender":"male","raw_name":"Ser. Faden[us]","cognomen":"Fadenus"},{"nomen":"Mintionius","gender":"male","raw_name":"Mintionius   Modestus con(iugi)","cognomen":"Modestus","status":"coniugi"},{"nomen":"","gender":"male","raw_name":"Acoristus Car[is]","cognomen":"Acoristus","status":"Caris"},{"nomen":"","gender":"male","raw_name":"Yialissus   matri soro[ri]","cognomen":"Yialissus","status":"matri soro[ri]"}]}},{"type":"Feature","geometry":{"type":"Point","coordinates":[13.45,43.3]},"properties":{"edcs_id":"EDCS-54800227","findspot":"Macerata / Ricina","raw_text":"Pud(e)n()","date_from":0,"date_to":0,"marker_gender":"male","is_individual":false,"edcs_url":"https://edcs.hist.uzh.ch/en/document?edcs-id=EDCS-54800227","persons":[{"nomen":"","gender":"male","raw_name":"Pud(e)n()","cognomen":"Pudens"}]}},{"type":"Feature","geometry":{"type":"Point","coordinates":[13.73,43.3]},"properties":{"edcs_id":"EDCS-54800233","findspot":"Civitanova Marche / Porto Civitanova / Cluana","raw_text":"g Flavius Pr","date_from":0,"date_to":0,"marker_gender":"unknown","is_individual":false,"edcs_url":"https://edcs.hist.uzh.ch/en/document?edcs-id=EDCS-54800233","persons":[{"nomen":"Flavius","gender":"unknown","raw_name":"Fl. Pr[","cognomen":"Pr"}]}},{"type":"Feature","geometry":{"type":"Point","coordinates":[13.72,43.16]},"properties":{"edcs_id":"EDCS-55500820","findspot":"Fermo / Firmum Picenum","raw_text":"Felix Laguri Biti vixit annos VIII","date_from":0,"date_to":0,"marker_gender":"male","is_individual":false,"edcs_url":"https://edcs.hist.uzh.ch/en/document?edcs-id=EDCS-55500820","persons":[{"nomen":"","gender":"male","raw_name":"Felix","cognomen":"Felix","cluster_id":1467,"cluster_size":3,"cluster_confidence":"low"},{"nomen":"","gender":"male","raw_name":"Laguri","cognomen":"Laguri","status":"pater"},{"nomen":"","gender":"male","raw_name":"Biti","cognomen":"Bitius"}]}},{"type":"Feature","geometry":{"type":"Point","coordinates":[13.72,43.16]},"properties":{"edcs_id":"EDCS-55500821","findspot":"Fermo / Firmum Picenum","raw_text":"horithyae l barbius l lib theopompus nac mercat v s","date_from":0,"date_to":0,"marker_gender":"male","is_individual":false,"edcs_url":"https://edcs.hist.uzh.ch/en/document?edcs-id=EDCS-55500821","persons":[{"nomen":"","gender":"male","raw_name":"barbius l lib theopompus","cognomen":"Theopompus","status":"l. lib. (pater?)"}]}},{"type":"Feature","geometry":{"type":"Point","coordinates":[13.86,43.03]},"properties":{"edcs_id":"EDCS-55702064","findspot":"Cupra Marittima / Marano / Cupra Maritima","raw_text":"] M(arcus) Nic() [","date_from":0,"date_to":0,"marker_gender":"male","is_individual":false,"edcs_url":"https://edcs.hist.uzh.ch/en/document?edcs-id=EDCS-55702064","persons":[{"nomen":"","gender":"male","raw_name":"] M. Nic() [","praenomen":"Marcus"}]}},{"type":"Feature","geometry":{"type":"Point","coordinates":[13.72,43.16]},"properties":{"edcs_id":"EDCS-55702065","findspot":"Fermo / Firmum Picenum","raw_text":"Dis Manibus sacrum Titiediae Luci libertae Venustae Allidius Claudius matri bene merenti","date_from":0,"date_to":0,"marker_gender":"mixed","is_individual":false,"edcs_url":"https://edcs.hist.uzh.ch/en/document?edcs-id=EDCS-55702065","persons":[{"nomen":"","gender":"female","raw_name":"Titiediae L. lib. Venustae","cognomen":"Venusta","status":"liberta L., matri bene merenti"},{"nomen":"Allidius","gender":"male","raw_name":"Allidius Claudi[us]","cognomen":"Claudius"}]}},{"type":"Feature","geometry":null,"properties":{"edcs_id":"EDCS-55702067","findspot":"San Vittore / San Vittore di Cingoli / Planina","raw_text":"Luci Tusi Successi","date_from":0,"date_to":0,"marker_gender":"male","is_individual":true,"edcs_url":"https://edcs.hist.uzh.ch/en/document?edcs-id=EDCS-55702067","persons":[{"nomen":"Tusidius","gender":"male","raw_name":"L. Tusi Suc(cessi)","praenomen":"Lucius","cognomen":"Successus"}]}},{"type":"Feature","geometry":{"type":"Point","coordinates":[13.48,43.49]},"properties":{"edcs_id":"EDCS-55800159","findspot":"Osimo / Auximum","raw_text":"[3]o C(ai) f(ilio) Vel(ina) [","date_from":0,"date_to":0,"marker_gender":"male","is_individual":false,"edcs_url":"https://edcs.hist.uzh.ch/en/document?edcs-id=EDCS-55800159","persons":[{"nomen":"","gender":"male","raw_name":"C. f(ilio) Vel(ina)","praenomen":"Caius","status":"filius, tribus: Velina"}]}},{"type":"Feature","geometry":{"type":"Point","coordinates":[13.48,43.49]},"properties":{"edcs_id":"EDCS-55800160","findspot":"Osimo / Auximum","raw_text":"llinus Cai filius I","date_from":0,"date_to":0,"marker_gender":"male","is_individual":false,"edcs_url":"https://edcs.hist.uzh.ch/en/document?edcs-id=EDCS-55800160","persons":[{"nomen":"","gender":"male","raw_name":"C. f(ilius)","praenomen":"Caius","status":"filius"}]}},{"type":"Feature","geometry":{"type":"Point","coordinates":[13.48,43.49]},"properties":{"edcs_id":"EDCS-55800163","findspot":"Osimo / Auximum","raw_text":"Luci Vetti Prisci","date_from":0,"date_to":0,"marker_gender":"male","is_individual":false,"edcs_url":"https://edcs.hist.uzh.ch/en/document?edcs-id=EDCS-55800163","persons":[{"nomen":"Vettius","gender":"male","raw_name":"L. Vetti Prisci","praenomen":"Lucius","cognomen":"Priscus"}]}},{"type":"Feature","geometry":{"type":"Point","coordinates":[13.44,43.31]},"properties":{"edcs_id":"EDCS-56900012","findspot":"Helvia Recina / Helvia Ricina / Ricina","raw_text":"Dis Manibus Caio Aelio Vero bene merenti locus datus decreto decurionum","date_from":0,"date_to":0,"marker_gender":"male","is_individual":false,"edcs_url":"https://edcs.hist.uzh.ch/en/document?edcs-id=EDCS-56900012","persons":[{"nomen":"Aelius","gender":"male","raw_name":"C. Aelio Vero","praenomen":"Gaius","cognomen":"Verus","status":"bene merenti, locus datus decreto decurionum"}]}},{"type":"Feature","geometry":{"type":"Point","coordinates":[13.45,43.3]},"properties":{"edcs_id":"EDCS-56900038","findspot":"Macerata / Ricina","raw_text":"[3] Curpenni","date_from":0,"date_to":0,"marker_gender":"male","is_individual":false,"edcs_url":"https://edcs.hist.uzh.ch/en/document?edcs-id=EDCS-56900038","persons":[{"nomen":"","gender":"male","raw_name":"[3] Curpenni","cognomen":"Curpennius"}]}},{"type":"Feature","geometry":{"type":"Point","coordinates":[13.47,43.11]},"properties":{"edcs_id":"EDCS-57100152","findspot":"Falerone / Falerio Picenus","raw_text":"Caio Publicio Hor Caius Hirrius Cai filius facivit","date_from":0,"date_to":0,"marker_gender":"male","is_individual":false,"edcs_url":"https://edcs.hist.uzh.ch/en/document?edcs-id=EDCS-57100152","persons":[{"nomen":"Publilius","gender":"male","raw_name":"C. Publ[icio 3]","praenomen":"Caius"},{"nomen":"Hirrius","gender":"male","raw_name":"C. Hirrius C. f.","praenomen":"Caius","status":"Cai filius"}]}},{"type":"Feature","geometry":{"type":"Point","coordinates":[13.47,43.11]},"properties":{"edcs_id":"EDCS-57100153","findspot":"Falerone / Falerio Picenus","raw_text":"udio Marci filio ccello nino","date_from":0,"date_to":0,"marker_gender":"male","is_individual":false,"edcs_url":"https://edcs.hist.uzh.ch/en/document?edcs-id=EDCS-57100153","persons":[{"nomen":"","gender":"male","raw_name":"]udio M. f.","cognomen":"Laudior","status":"Marci filio"},{"nomen":"","gender":"male","raw_name":"[3]ccello","cognomen":"Accellus"},{"nomen":"","gender":"male","raw_name":"[3]nino","cognomen":"Ninus"}]}},{"type":"Feature","geometry":{"type":"Point","coordinates":[13.47,43.11]},"properties":{"edcs_id":"EDCS-57100154","findspot":"Falerone / Falerio Picenus","raw_text":"relio","date_from":0,"date_to":0,"marker_gender":"unknown","is_individual":false,"edcs_url":"https://edcs.hist.uzh.ch/en/document?edcs-id=EDCS-57100154","persons":[{"nomen":"","gender":"unknown","raw_name":"]relio","cognomen":"Aurelius"}]}},{"type":"Feature","geometry":{"type":"Point","coordinates":[13.47,43.11]},"properties":{"edcs_id":"EDCS-57100156","findspot":"Falerone / Falerio Picenus","raw_text":"D(is) M(anibus) / Fabiae / Priscae / Fabius / Dexter / coniugi / inco<m=N>pa/[rabili]","date_from":0,"date_to":0,"marker_gender":"mixed","is_individual":false,"edcs_url":"https://edcs.hist.uzh.ch/en/document?edcs-id=EDCS-57100156","persons":[{"nomen":"Fabia","gender":"female","raw_name":"Fabiae Priscae","cognomen":"Prisca"},{"nomen":"Fabius","gender":"male","raw_name":"Fabius Dexter coniugi incomp[arabli]","cognomen":"Dexter","status":"coniugi incomparabili"}]}},{"type":"Feature","geometry":{"type":"Point","coordinates":[13.72,43.17]},"properties":{"edcs_id":"EDCS-58400063","findspot":"Fermo / Firmum Picenum","raw_text":"Imp(erator) Caesar Augustus / pontifex maximus / parens coloniae / dedit","date_from":0,"date_to":0,"marker_gender":"male","is_individual":false,"edcs_url":"https://edcs.hist.uzh.ch/en/document?edcs-id=EDCS-58400063","persons":[{"nomen":"Augustus","gender":"male","raw_name":"Imp. Caesar Augustus","status":"Imperator Caesar, pontifex maximus, parens coloniae","is_imperial":true}]}},{"type":"Feature","geometry":{"type":"Point","coordinates":[13.67,42.77]},"properties":{"edcs_id":"EDCS-58900584","findspot":"Civitella del Tronto","raw_text":"L(ucius) Billienus L(uci) f(ilius) Fab(ia) / Niger filius / C(aius) Billienus L(uci) f(ilius) Fab(ia) / Rufus filius / factum ex testamento / L(uci) Billieni Sp(uri) f(ilii) Col(lina)","date_from":0,"date_to":0,"marker_gender":"male","is_individual":true,"edcs_url":"https://edcs.hist.uzh.ch/en/document?edcs-id=EDCS-58900584","persons":[{"nomen":"Billienus","gender":"male","raw_name":"L. Billienus L. f. Fab. Niger","praenomen":"Lucius","cognomen":"Niger","status":"Luci filius, Fabia"},{"nomen":"Billienus","gender":"male","raw_name":"C. Billienus L. f. Fab. Rufus","praenomen":"Caius","cognomen":"Rufus","status":"Luci filius, Fabia"},{"nomen":"Billienus","gender":"male","raw_name":"L. Billieni Sp. f. Collina","status":"Spuri filius, Collina"}]}},{"type":"Feature","geometry":{"type":"Point","coordinates":[13.51,43.25]},"properties":{"edcs_id":"EDCS-58900587","findspot":"Corridonia / Pausulae","raw_text":"]vae / |(mulieris) l(ibertae) / Iucundae","date_from":0,"date_to":0,"marker_gender":"female","is_individual":false,"edcs_url":"https://edcs.hist.uzh.ch/en/document?edcs-id=EDCS-58900587","persons":[{"nomen":"","gender":"female","raw_name":"vae |(mulieris) l. Iucundae","cognomen":"Iucunda","status":"mulieris liberta"}]}},{"type":"Feature","geometry":{"type":"Point","coordinates":[13.58,42.85]},"properties":{"edcs_id":"EDCS-59400031","findspot":"Ascoli Piceno / Asculum Picenum","raw_text":"Quinti Fundili Antonini Fundili Antonini","date_from":0,"date_to":0,"marker_gender":"male","is_individual":true,"edcs_url":"https://edcs.hist.uzh.ch/en/document?edcs-id=EDCS-59400031","persons":[{"nomen":"Fundilius","gender":"male","raw_name":"Q. Fundili Antonini","cognomen":"Antoninus","status":"Quinti","cluster_id":162,"cluster_size":2},{"nomen":"Fundilius","gender":"male","raw_name":"F. A.","cognomen":"Antoninus","cluster_id":162,"cluster_size":2}]}},{"type":"Feature","geometry":{"type":"Point","coordinates":[13.58,42.85]},"properties":{"edcs_id":"EDCS-59400033","findspot":"Ascoli Piceno / Asculum Picenum","raw_text":"Quinti Ulvii signum","date_from":0,"date_to":0,"marker_gender":"unknown","is_individual":true,"edcs_url":"https://edcs.hist.uzh.ch/en/document?edcs-id=EDCS-59400033","persons":[{"nomen":"Ulvius","gender":"unknown","raw_name":"Q. Ulvii","status":"Quinti"}]}},{"type":"Feature","geometry":{"type":"Point","coordinates":[13.62,43.37]},"properties":{"edcs_id":"EDCS-59400034","findspot":"Potenza Picena / Santa Maria a Potenza / Potentia","raw_text":"Trosi","date_from":0,"date_to":0,"marker_gender":"male","is_individual":false,"edcs_url":"https://edcs.hist.uzh.ch/en/document?edcs-id=EDCS-59400034","persons":[{"nomen":"","gender":"male","raw_name":"Trosi","cognomen":"Tros"}]}},{"type":"Feature","geometry":{"type":"Point","coordinates":[13.47,43.11]},"properties":{"edcs_id":"EDCS-61000025","findspot":"Falerone / Falerio Picenus","raw_text":"arbitratu Livi Luci filii Romilia","date_from":0,"date_to":0,"marker_gender":"unknown","is_individual":false,"edcs_url":"https://edcs.hist.uzh.ch/en/document?edcs-id=EDCS-61000025","persons":[{"nomen":"Livius","gender":"unknown","raw_name":"[3] Livi L. f. Rom(ilia)","status":"Luci filius, Romilia"}]}},{"type":"Feature","geometry":{"type":"Point","coordinates":[13.47,43.11]},"properties":{"edcs_id":"EDCS-61000026","findspot":"Falerone / Falerio Picenus","raw_text":"] / Q(uinto) Lucieno Q(uinti) [3] / Secundo / Num[3]i |(centuria?) / Au[3] / C[3] / [3] sib<i=E>","date_from":0,"date_to":0,"marker_gender":"male","is_individual":false,"edcs_url":"https://edcs.hist.uzh.ch/en/document?edcs-id=EDCS-61000026","persons":[{"nomen":"Lucienus","gender":"male","raw_name":"Q. Lucieno Q. [3] Secundo","praenomen":"Quintus","cognomen":"Secundus"}]}},{"type":"Feature","geometry":{"type":"Point","coordinates":[13.47,43.11]},"properties":{"edcs_id":"EDCS-61000031","findspot":"Falerone / Falerio Picenus","raw_text":"DDominis nnostris Flavio Valerio Constantio et Galerio Maximiano Invictis et clementissimis Auggustis","date_from":0,"date_to":0,"marker_gender":"male","is_individual":false,"edcs_url":"https://edcs.hist.uzh.ch/en/document?edcs-id=EDCS-61000031","persons":[{"nomen":"Flavius","gender":"male","raw_name":"DD. nn. Flavio Constantio","cognomen":"Constantius","status":"Dominis nostris, clementissimis Augustis","cluster_id":377,"cluster_size":2},{"nomen":"Valerius","gender":"male","raw_name":"Valerio <G=C>alerio Maximo","cognomen":"Maximinus","status":"Invictis et clementissimis Augustis"}]}},{"type":"Feature","geometry":{"type":"Point","coordinates":[13.47,43.11]},"properties":{"edcs_id":"EDCS-61000032","findspot":"Falerone / Falerio Picenus","raw_text":"Imp(eratori) Caes(ari) M(arco) Valerio / Claudio Invicto / Pio Fel(ici) Aug(usto)","date_from":0,"date_to":0,"marker_gender":"male","is_individual":false,"edcs_url":"https://edcs.hist.uzh.ch/en/document?edcs-id=EDCS-61000032","persons":[{"nomen":"Valerius","gender":"male","raw_name":"Imp. Caes. M. Valerio Claudio Invicto","praenomen":"Marcus","cognomen":"Cladius Invictus","status":"Imperator Caesar, Pio Felici Augusto","is_imperial":true}]}},{"type":"Feature","geometry":{"type":"Point","coordinates":[13.52,43.62]},"properties":{"edcs_id":"EDCS-61700662","findspot":"Ancona","raw_text":"Faesoniae","date_from":0,"date_to":0,"marker_gender":"female","is_individual":false,"edcs_url":"https://edcs.hist.uzh.ch/en/document?edcs-id=EDCS-61700662","persons":[{"nomen":"Faesonia","gender":"female","raw_name":"Faesoniae"}]}},{"type":"Feature","geometry":{"type":"Point","coordinates":[13.52,43.62]},"properties":{"edcs_id":"EDCS-61700663","findspot":"Ancona","raw_text":"Quinti Clodi Ambros","date_from":0,"date_to":0,"marker_gender":"male","is_individual":false,"edcs_url":"https://edcs.hist.uzh.ch/en/document?edcs-id=EDCS-61700663","persons":[{"nomen":"Clodius","gender":"male","raw_name":"Q(uinti) Clod(i) Ambros()","praenomen":"Quintus","cognomen":"Ambrosius"}]}},{"type":"Feature","geometry":{"type":"Point","coordinates":[13.47,43.11]},"properties":{"edcs_id":"EDCS-62501271","findspot":"Falerone / Falerio Picenus","raw_text":"DDDominis nnnostris FFFlllavis Valentianiano Valenti Gratiano CLXIX","date_from":0,"date_to":0,"marker_gender":"male","is_individual":false,"edcs_url":"https://edcs.hist.uzh.ch/en/document?edcs-id=EDCS-62501271","persons":[{"nomen":"Flavius","gender":"male","raw_name":"DDD. FFFlll. Valentianiano","cognomen":"Valentinianus","status":"Dominis nostris"},{"nomen":"","gender":"male","raw_name":"Valenti Gratiano","cognomen":"Gratianus","status":"Valenti"}]}},{"type":"Feature","geometry":null,"properties":{"edcs_id":"EDCS-62900247","findspot":"Morro d'Alba","raw_text":"VV Vettia Me Salvia in fronte pedes XII in agro pedes X","date_from":0,"date_to":0,"marker_gender":"female","is_individual":true,"edcs_url":"https://edcs.hist.uzh.ch/en/document?edcs-id=EDCS-62900247","persons":[{"nomen":"","gender":"female","raw_name":"Vettia","cognomen":"Vettia"},{"nomen":"","gender":"female","raw_name":"Salvia","cognomen":"Salvia"}]}},{"type":"Feature","geometry":{"type":"Point","coordinates":[13.98,42.58]},"properties":{"edcs_id":"EDCS-62900254","findspot":"Atri / Hadria / Adria","raw_text":"T(itus) Stlabil/lenus Zet/hus T(ito) Stlabille/no Amaetusto / patrono suo be/ne merenti posuit","date_from":0,"date_to":0,"marker_gender":"male","is_individual":false,"edcs_url":"https://edcs.hist.uzh.ch/en/document?edcs-id=EDCS-62900254","persons":[{"nomen":"Stlabillenus","gender":"male","raw_name":"T. Stlabil lenus Zet hus","praenomen":"Titus","cognomen":"Zethus"},{"nomen":"Stlabillenus","gender":"male","raw_name":"T. Stlabille no Amaetusto","praenomen":"Titus","cognomen":"Amaetustus","status":"patrono suo bene merenti"}]}},{"type":"Feature","geometry":{"type":"Point","coordinates":[13.98,42.58]},"properties":{"edcs_id":"EDCS-62900255","findspot":"Atri / Hadria / Adria","raw_text":"O ASP Titus Ainius Titi filius Fir","date_from":0,"date_to":0,"marker_gender":"male","is_individual":false,"edcs_url":"https://edcs.hist.uzh.ch/en/document?edcs-id=EDCS-62900255","persons":[{"nomen":"Annius","gender":"male","raw_name":"T. Ainius T. f. Fir[","praenomen":"Titus","cognomen":"Firmus","status":"Titi filius"}]}},{"type":"Feature","geometry":null,"properties":{"edcs_id":"EDCS-62900273","findspot":"Appignano","raw_text":"Sai Luci libert Appi","date_from":0,"date_to":0,"marker_gender":"male","is_individual":true,"edcs_url":"https://edcs.hist.uzh.ch/en/document?edcs-id=EDCS-62900273","persons":[{"nomen":"Appius","gender":"male","raw_name":"L(uci) l(ibert) Appi[3]","status":"libertus Luci"}]}},{"type":"Feature","geometry":{"type":"Point","coordinates":[13.52,43.62]},"properties":{"edcs_id":"EDCS-63800002","findspot":"Ancona","raw_text":"ANO[3] / Q(uintus?) C[3]R[3] / C(aio) Ortorio [3] / AV[3]IAN[3] / N[3]OPCA[","date_from":0,"date_to":0,"marker_gender":"male","is_individual":false,"edcs_url":"https://edcs.hist.uzh.ch/en/document?edcs-id=EDCS-63800002","persons":[{"nomen":"Ortonius","gender":"male","raw_name":"C. Ortorio"}]}},{"type":"Feature","geometry":{"type":"Point","coordinates":[13.97,42.75]},"properties":{"edcs_id":"EDCS-63800144","findspot":"Giulianova / Castrum Novum","raw_text":"Caio Petisedio Lascivo veterano Auggustorum nnostrorum seniori patri Caius Petisedius Lascivus iunior miles XXII cohortis XII urbanae patri pientissimo bene merito fecit","date_from":0,"date_to":0,"marker_gender":"male","is_individual":false,"edcs_url":"https://edcs.hist.uzh.ch/en/document?edcs-id=EDCS-63800144","persons":[{"nomen":"Petisedius","gender":"male","raw_name":"C(aio) P<e=I>tisedio Lascivo veter(ano) Augg(ustorum) nn(ostrorum) seniori patri","praenomen":"Caius","cognomen":"Lascivus","status":"veteranus Augg. nn. seniori patri pientissimo bene merito"},{"nomen":"Petisedius","gender":"male","raw_name":"C(aius) Petisedius Lascivus iun(ior) mil(es) XXII[3]","praenomen":"Caius","status":"iunior miles XXII[3] cohortis XII urbanae patri pientissimo bene merito"}]}},{"type":"Feature","geometry":null,"properties":{"edcs_id":"EDCS-63800146","findspot":"Sant'Omero / Truentum / Castrum Truentinum","raw_text":"minia Quarta","date_from":0,"date_to":0,"marker_gender":"female","is_individual":true,"edcs_url":"https://edcs.hist.uzh.ch/en/document?edcs-id=EDCS-63800146","persons":[{"nomen":"","gender":"female","raw_name":"Quarta","cognomen":"Quarta"}]}},{"type":"Feature","geometry":{"type":"Point","coordinates":[13.47,43.11]},"properties":{"edcs_id":"EDCS-63800148","findspot":"Falerone / Falerio Picenus","raw_text":"] / avus [3] / Lidiae [3] / vixit [","date_from":0,"date_to":0,"marker_gender":"female","is_individual":false,"edcs_url":"https://edcs.hist.uzh.ch/en/document?edcs-id=EDCS-63800148","persons":[{"nomen":"","gender":"female","raw_name":"Lidiae [3]","cognomen":"Lidia"}]}},{"type":"Feature","geometry":{"type":"Point","coordinates":[13.47,43.11]},"properties":{"edcs_id":"EDCS-63800150","findspot":"Falerone / Falerio Picenus","raw_text":"M(arco) Cassio Cornasidio Sa[bino] / curam agen(te) colon(iae?) F[aleron(ensium?)]","date_from":0,"date_to":0,"marker_gender":"male","is_individual":false,"edcs_url":"https://edcs.hist.uzh.ch/en/document?edcs-id=EDCS-63800150","persons":[{"nomen":"Cassius","gender":"male","raw_name":"M. Cassio Cornasidio Sa[bino]","praenomen":"Marcus","cognomen":"Sabinus","status":"curam agente coloniae Faleronensium"}]}},{"type":"Feature","geometry":{"type":"Point","coordinates":[13.47,43.11]},"properties":{"edcs_id":"EDCS-63800154","findspot":"Falerone / Falerio Picenus","raw_text":"[3]lfidio / [3] Celado / [3]r filio / [","date_from":0,"date_to":0,"marker_gender":"male","is_individual":false,"edcs_url":"https://edcs.hist.uzh.ch/en/document?edcs-id=EDCS-63800154","persons":[{"nomen":"","gender":"male","raw_name":"]lfidio","cognomen":"Selfidius"},{"nomen":"","gender":"male","raw_name":"[3] Celado","cognomen":"Celadus"}]}},{"type":"Feature","geometry":{"type":"Point","coordinates":[13.47,43.11]},"properties":{"edcs_id":"EDCS-63800155","findspot":"Falerone / Falerio Picenus","raw_text":"Dis Ma[nibus] / C(ai?) Decim[i","date_from":0,"date_to":0,"marker_gender":"male","is_individual":false,"edcs_url":"https://edcs.hist.uzh.ch/en/document?edcs-id=EDCS-63800155","persons":[{"nomen":"Decimius","gender":"male","raw_name":"C. Decim[i","praenomen":"Gaius"}]}},{"type":"Feature","geometry":{"type":"Point","coordinates":[13.47,43.11]},"properties":{"edcs_id":"EDCS-63800156","findspot":"Falerone / Falerio Picenus","raw_text":"M(arcus?) A[3] / Mod[3] IIv[ir","date_from":0,"date_to":0,"marker_gender":"male","is_individual":false,"edcs_url":"https://edcs.hist.uzh.ch/en/document?edcs-id=EDCS-63800156","persons":[{"nomen":"Marcus","gender":"male","raw_name":"M. A[3] Mod[3]","status":"IIvir"}]}},{"type":"Feature","geometry":{"type":"Point","coordinates":[13.47,43.11]},"properties":{"edcs_id":"EDCS-63800158","findspot":"Falerone / Falerio Picenus","raw_text":"[3]us M(arci) f(ilius) / [3] Scapus","date_from":0,"date_to":0,"marker_gender":"male","is_individual":false,"edcs_url":"https://edcs.hist.uzh.ch/en/document?edcs-id=EDCS-63800158","persons":[{"nomen":"","gender":"male","raw_name":"[3]us M. f. [3] Scapus","cognomen":"Scapus","status":"Marci filius"}]}},{"type":"Feature","geometry":{"type":"Point","coordinates":[13.47,43.11]},"properties":{"edcs_id":"EDCS-63800159","findspot":"Falerone / Falerio Picenus","raw_text":"a Spuri filia Tertia","date_from":0,"date_to":0,"marker_gender":"female","is_individual":false,"edcs_url":"https://edcs.hist.uzh.ch/en/document?edcs-id=EDCS-63800159","persons":[{"nomen":"","gender":"female","raw_name":"[3]a Sp. f. Tertia [","cognomen":"Tertia","status":"Spuri filia"}]}},{"type":"Feature","geometry":{"type":"Point","coordinates":[13.47,43.11]},"properties":{"edcs_id":"EDCS-63800161","findspot":"Falerone / Falerio Picenus","raw_text":"Amninia endor","date_from":0,"date_to":0,"marker_gender":"female","is_individual":false,"edcs_url":"https://edcs.hist.uzh.ch/en/document?edcs-id=EDCS-63800161","persons":[{"nomen":"Amninia","gender":"female","raw_name":"Amninia [3]"}]}},{"type":"Feature","geometry":{"type":"Point","coordinates":[13.98,42.58]},"properties":{"edcs_id":"EDCS-63800166","findspot":"Atri / Hadria / Adria","raw_text":"ius Cai filius IVM VM","date_from":0,"date_to":0,"marker_gender":"male","is_individual":false,"edcs_url":"https://edcs.hist.uzh.ch/en/document?edcs-id=EDCS-63800166","persons":[{"nomen":"","gender":"male","raw_name":"[3]ius C. f.","praenomen":"Caius"}]}},{"type":"Feature","geometry":{"type":"Point","coordinates":[13.98,42.58]},"properties":{"edcs_id":"EDCS-63800168","findspot":"Atri / Hadria / Adria","raw_text":"Pontedia Cai filia Chia","date_from":0,"date_to":0,"marker_gender":"female","is_individual":false,"edcs_url":"https://edcs.hist.uzh.ch/en/document?edcs-id=EDCS-63800168","persons":[{"nomen":"Pontedius","gender":"female","raw_name":"Pontedia C. f. Chia","praenomen":"Caius","cognomen":"Chia"}]}},{"type":"Feature","geometry":{"type":"Point","coordinates":[13.7,42.66]},"properties":{"edcs_id":"EDCS-63900003","findspot":"Teramo / Interamnia Praetuttiorum","raw_text":"C(aius) Acurius [3] fil(ius) Quir(ina) / Clemens / IIvir / [","date_from":0,"date_to":0,"marker_gender":"male","is_individual":false,"edcs_url":"https://edcs.hist.uzh.ch/en/document?edcs-id=EDCS-63900003","persons":[{"nomen":"Acurius","gender":"male","raw_name":"C. Acurius [3] fil. Quir. Clemens","praenomen":"Gaius","cognomen":"Clemens","status":"filius, tribus: Quirina, IIvir"}]}},{"type":"Feature","geometry":{"type":"Point","coordinates":[13.7,42.66]},"properties":{"edcs_id":"EDCS-63900005","findspot":"Teramo / Interamnia Praetuttiorum","raw_text":"Diphilus S","date_from":0,"date_to":0,"marker_gender":"male","is_individual":false,"edcs_url":"https://edcs.hist.uzh.ch/en/document?edcs-id=EDCS-63900005","persons":[{"nomen":"","gender":"male","raw_name":"Diphilus S[","cognomen":"Diphilus","cluster_id":1665,"cluster_size":2,"cluster_confidence":"low"}]}},{"type":"Feature","geometry":{"type":"Point","coordinates":[13.7,42.66]},"properties":{"edcs_id":"EDCS-63900011","findspot":"Teramo / Interamnia Praetuttiorum","raw_text":"F Viciniae Cai libertae Hilarae F Viciniae Cai libertae De F Viciniae Cai libertae","date_from":0,"date_to":0,"marker_gender":"female","is_individual":false,"edcs_url":"https://edcs.hist.uzh.ch/en/document?edcs-id=EDCS-63900011","persons":[{"nomen":"Vidinia","gender":"female","raw_name":"F() Viciniae C. l. Hil(arae?)","cognomen":"Hilara","status":"Cai liberta"},{"nomen":"Vidinia","gender":"female","raw_name":"F() Viciniae C. l. De[3]","status":"Cai liberta"},{"nomen":"Vidinia","gender":"female","raw_name":"F() Viciniae C. l. [","status":"Cai liberta"}]}},{"type":"Feature","geometry":{"type":"Point","coordinates":[13.7,42.66]},"properties":{"edcs_id":"EDCS-63900012","findspot":"Teramo / Interamnia Praetuttiorum","raw_text":"Vivit / P(ublius) Trutriniu[s] / |(mulieris) l(ibertus) Pamphilu[s] / sib{e}i et / Trutrinia[e] / C(ai) f(iliae) et su{e}[is]","date_from":0,"date_to":0,"marker_gender":"mixed","is_individual":false,"edcs_url":"https://edcs.hist.uzh.ch/en/document?edcs-id=EDCS-63900012","persons":[{"nomen":"Trutrinius","gender":"male","raw_name":"P. Trutriniu[s] |(mulieris) l. Pamphilu[s]","praenomen":"Publius","cognomen":"Pamphilus","status":"mulieris libertus"},{"nomen":"Trutrinia","gender":"female","raw_name":"Trutrinia[e] C. f. et su{e}[is]","status":"Cai filiae et su(i)s"}]}},{"type":"Feature","geometry":{"type":"Point","coordinates":[13.7,42.66]},"properties":{"edcs_id":"EDCS-63900015","findspot":"Teramo / Interamnia Praetuttiorum","raw_text":"[3]etillius C(ai) f(ilius) / [","date_from":0,"date_to":0,"marker_gender":"male","is_individual":false,"edcs_url":"https://edcs.hist.uzh.ch/en/document?edcs-id=EDCS-63900015","persons":[{"nomen":"Aetillius","gender":"male","raw_name":"[3]etillius C. f.","status":"Cai filius"}]}},{"type":"Feature","geometry":{"type":"Point","coordinates":[13.86,43.03]},"properties":{"edcs_id":"EDCS-64000023","findspot":"Cupra Marittima / Marano / Cupra Maritima","raw_text":"Ti(berio) Claudio Nerone / iterum Cn(aeo) Pisone co(n)s(ulibus) / Q(uintus) Haius A[3] a[e]d(ilis) [i]teru(m) q(uaestor?) / aquam du[xit et o]p[us] signinu[m] / fecit [3 cu]rante / Sal(vio) B[3]ervo","date_from":0,"date_to":0,"marker_gender":"male","is_individual":false,"edcs_url":"https://edcs.hist.uzh.ch/en/document?edcs-id=EDCS-64000023","persons":[{"nomen":"Claudius","gender":"male","raw_name":"Ti. Claudio Nerone","cognomen":"Nero","status":"consul"},{"nomen":"Pisus","gender":"male","raw_name":"Cn. Pisone","praenomen":"Gnaeus","status":"consul"},{"nomen":"Haeus","gender":"male","raw_name":"Q. Haius A[3] a[e]d(ilis) [i]teru(m) q(uaestor?)","praenomen":"Quintus","status":"aedilis iterum, quaestor"},{"nomen":"Salvius","gender":"male","raw_name":"Sal. B[3]ervo","cognomen":"Bervus"}]}},{"type":"Feature","geometry":{"type":"Point","coordinates":[13.47,43.11]},"properties":{"edcs_id":"EDCS-64000031","findspot":"Falerone / Falerio Picenus","raw_text":"[3 Pr]obi Invict(i) Aug(usti) / [3]no restituit / [3] Falerionensium","date_from":0,"date_to":0,"marker_gender":"male","is_individual":false,"edcs_url":"https://edcs.hist.uzh.ch/en/document?edcs-id=EDCS-64000031","persons":[{"nomen":"","gender":"male","raw_name":"Probi Invict(i) Aug(usti)","cognomen":"Probus","status":"Invictus Augustus","is_imperial":true}]}},{"type":"Feature","geometry":null,"properties":{"edcs_id":"EDCS-64000033","findspot":"Porto Sant'Elpidio / Firmum Picenum","raw_text":"ne vixit annos Lucius Lollius Avi Hel","date_from":0,"date_to":0,"marker_gender":"male","is_individual":true,"edcs_url":"https://edcs.hist.uzh.ch/en/document?edcs-id=EDCS-64000033","persons":[{"nomen":"Lollius","gender":"male","raw_name":"L. Lol[lius(?)] Avi[3]","praenomen":"Lucius"}]}},{"type":"Feature","geometry":{"type":"Point","coordinates":[13.18,43.23]},"properties":{"edcs_id":"EDCS-64300088","findspot":"San Severino Marche / Septempeda","raw_text":"C(aius) Flavius C(ai) l(ibertus) Faustus","date_from":0,"date_to":0,"marker_gender":"male","is_individual":false,"edcs_url":"https://edcs.hist.uzh.ch/en/document?edcs-id=EDCS-64300088","persons":[{"nomen":"Flavius","gender":"male","raw_name":"C. Flavius C. l. Faustus","praenomen":"Gaius","cognomen":"Faustus","status":"libertus Cai","cluster_id":788,"cluster_size":3}]}},{"type":"Feature","geometry":{"type":"Point","coordinates":[13.18,43.23]},"properties":{"edcs_id":"EDCS-64300089","findspot":"San Severino Marche / Septempeda","raw_text":"C(aius) Flavius C(ai) l(ibertus) Faust[us]","date_from":0,"date_to":0,"marker_gender":"male","is_individual":false,"edcs_url":"https://edcs.hist.uzh.ch/en/document?edcs-id=EDCS-64300089","persons":[{"nomen":"Flavius","gender":"male","raw_name":"C. Flavius C. l. Faust[us]","praenomen":"Gaius","cognomen":"Faustus","status":"libertus Cai","cluster_id":788,"cluster_size":3}]}},{"type":"Feature","geometry":{"type":"Point","coordinates":[13.38,43.2]},"properties":{"edcs_id":"EDCS-64400378","findspot":"Urbisaglia / Urbs Salvia","raw_text":"D(is) M(anibus) / Sabino / Laevia / Festiva / co(n)i(ugi) cum q(uo) / vix(it) ann(os) XII / me(n)s(es) V[3] / b(ene) m(erenti) [p(osuit?)]","date_from":0,"date_to":0,"marker_gender":"mixed","is_individual":true,"edcs_url":"https://edcs.hist.uzh.ch/en/document?edcs-id=EDCS-64400378","persons":[{"nomen":"","gender":"male","raw_name":"Sabino","cognomen":"Sabinus"},{"nomen":"Laevia","gender":"female","raw_name":"Laevia Festiva","cognomen":"Festiva","status":"coniugi cum quo vixit annos XII menses V, bene merenti"}]}},{"type":"Feature","geometry":{"type":"Point","coordinates":[13.38,43.2]},"properties":{"edcs_id":"EDCS-64500556","findspot":"Urbisaglia / Urbs Salvia","raw_text":"] / Secundillae Sul[3] / plebs Salviensium / aere conlato / bene merent(i)","date_from":0,"date_to":0,"marker_gender":"female","is_individual":true,"edcs_url":"https://edcs.hist.uzh.ch/en/document?edcs-id=EDCS-64500556","persons":[{"nomen":"","gender":"female","raw_name":"Secundillae","cognomen":"Secundilla"}]}},{"type":"Feature","geometry":{"type":"Point","coordinates":[13.7,42.66]},"properties":{"edcs_id":"EDCS-64700401","findspot":"Teramo / Interamnia Praetuttiorum","raw_text":"S]ecundu[s 3] / b(ene) m(erenti) f(ecit)","date_from":0,"date_to":0,"marker_gender":"male","is_individual":false,"edcs_url":"https://edcs.hist.uzh.ch/en/document?edcs-id=EDCS-64700401","persons":[{"nomen":"","gender":"male","raw_name":"Secundu[s]","cognomen":"Secundus","status":"bene merenti fecit","cluster_id":1640,"cluster_size":2,"cluster_confidence":"low"}]}},{"type":"Feature","geometry":{"type":"Point","coordinates":[13.51,43.25]},"properties":{"edcs_id":"EDCS-64900852","findspot":"Corridonia / Pausulae","raw_text":"T(itus) Ficeus C(ai) f(ilius)","date_from":0,"date_to":0,"marker_gender":"male","is_individual":false,"edcs_url":"https://edcs.hist.uzh.ch/en/document?edcs-id=EDCS-64900852","persons":[{"nomen":"Ficeus","gender":"male","raw_name":"T. Ficeus C. f.","praenomen":"Titus","status":"Cai filius"}]}},{"type":"Feature","geometry":{"type":"Point","coordinates":[13.7,42.66]},"properties":{"edcs_id":"EDCS-64900987","findspot":"Teramo / Interamnia Praetuttiorum","raw_text":"C(aio) Pitisedio Lascivo veter(ano) Augg(ustorum) nn(ostrorum) seniori patri / C(aius) Petisedius Lascivus iun(ior) mil(es) XXII[3] / cohortis XII urbanae patri / pientissimo bene meriti fecit","date_from":0,"date_to":0,"marker_gender":"male","is_individual":false,"edcs_url":"https://edcs.hist.uzh.ch/en/document?edcs-id=EDCS-64900987","persons":[{"nomen":"Petisedius","gender":"male","raw_name":"C. Pitisedio Lascivo veter(ano) Augg(ustorum) nn(ostrorum) seniori patri","praenomen":"Caius","cognomen":"Lascivus","status":"veteranus Augustorum nostrorum seniori patri, pientissimo bene meriti"},{"nomen":"Petisedius","gender":"male","raw_name":"C. Petisedius Lascivus iun(ior) mil(es) XXII[3]","praenomen":"Caius","status":"miles XXII[3] cohortis XII urbanae"}]}},{"type":"Feature","geometry":{"type":"Point","coordinates":[13.58,42.85]},"properties":{"edcs_id":"EDCS-64900993","findspot":"Ascoli Piceno / Asculum Picenum","raw_text":"Sen[t]ia T(iti) l(iberta) Epistolium / mag(istra) Vener(is) / d(onum) d(edit)","date_from":0,"date_to":0,"marker_gender":"female","is_individual":true,"edcs_url":"https://edcs.hist.uzh.ch/en/document?edcs-id=EDCS-64900993","persons":[{"nomen":"","gender":"female","raw_name":"Sentia T. l. Epistolium","praenomen":"Titus","cognomen":"Epistolium","status":"Titi liberta, magistra Veneris"}]}},{"type":"Feature","geometry":{"type":"Point","coordinates":[13.86,43.03]},"properties":{"edcs_id":"EDCS-65400051","findspot":"Cupra Marittima / Marano / Cupra Maritima","raw_text":"Ossa / Clymeni / v(ixit) a(nnos) X","date_from":0,"date_to":0,"marker_gender":"male","is_individual":false,"edcs_url":"https://edcs.hist.uzh.ch/en/document?edcs-id=EDCS-65400051","persons":[{"nomen":"","gender":"male","raw_name":"Clymeni","cognomen":"Clymenus"}]}},{"type":"Feature","geometry":null,"properties":{"edcs_id":"EDCS-65900037","findspot":"Torricella Sicura / Interamnia Praetuttiorum","raw_text":"Dis Manibus Laelia Exoche fecit Marciae Myrineni filiae carissimae vixit annos V menses IIII dies XXI","date_from":0,"date_to":0,"marker_gender":"female","is_individual":true,"edcs_url":"https://edcs.hist.uzh.ch/en/document?edcs-id=EDCS-65900037","persons":[{"nomen":"","gender":"female","raw_name":"Exoche","cognomen":"Exoche","status":"fecit"},{"nomen":"Laelia","gender":"female","raw_name":"Laelia Myrineni f(iliae) c(arissimae?)","cognomen":"Myrineni","status":"filiae carissimae, vixit annos V menses IIII dies XXI"}]}},{"type":"Feature","geometry":{"type":"Point","coordinates":[13.38,43.2]},"properties":{"edcs_id":"EDCS-65903899","findspot":"Urbisaglia / Urbs Salvia","raw_text":"Liberalis","date_from":0,"date_to":0,"marker_gender":"male","is_individual":true,"edcs_url":"https://edcs.hist.uzh.ch/en/document?edcs-id=EDCS-65903899","persons":[{"nomen":"","gender":"male","raw_name":"Liberalis","cognomen":"Liberalis","cluster_id":1704,"cluster_size":3,"cluster_confidence":"low"}]}},{"type":"Feature","geometry":{"type":"Point","coordinates":[13.38,43.2]},"properties":{"edcs_id":"EDCS-65903900","findspot":"Urbisaglia / Urbs Salvia","raw_text":"Quinti Numeri","date_from":0,"date_to":0,"marker_gender":"male","is_individual":true,"edcs_url":"https://edcs.hist.uzh.ch/en/document?edcs-id=EDCS-65903900","persons":[{"nomen":"Numerius","gender":"male","raw_name":"Q. Numeri","praenomen":"Quintus"}]}},{"type":"Feature","geometry":{"type":"Point","coordinates":[13.62,43.37]},"properties":{"edcs_id":"EDCS-65903901","findspot":"Potenza Picena / Santa Maria a Potenza / Potentia","raw_text":"Quinti Numeri","date_from":0,"date_to":0,"marker_gender":"male","is_individual":false,"edcs_url":"https://edcs.hist.uzh.ch/en/document?edcs-id=EDCS-65903901","persons":[{"nomen":"Numerius","gender":"male","raw_name":"Q. Numeri","praenomen":"Quintus"}]}},{"type":"Feature","geometry":null,"properties":{"edcs_id":"EDCS-67400217","findspot":"Monsampolo del Tronto / Asculum Picenum","raw_text":"Quinti Poppae","date_from":0,"date_to":0,"marker_gender":"unknown","is_individual":true,"edcs_url":"https://edcs.hist.uzh.ch/en/document?edcs-id=EDCS-67400217","persons":[{"nomen":"Poppaeus","gender":"unknown","raw_name":"Q. Poppae()","praenomen":"Quintus"}]}},{"type":"Feature","geometry":{"type":"Point","coordinates":[13.85,43.03]},"properties":{"edcs_id":"EDCS-67400218","findspot":"Ripatransone / Cupra Maritima","raw_text":"Cai Cosconi Gemelli","date_from":0,"date_to":0,"marker_gender":"male","is_individual":false,"edcs_url":"https://edcs.hist.uzh.ch/en/document?edcs-id=EDCS-67400218","persons":[{"nomen":"Cosconius","gender":"male","raw_name":"C. Cosconi Gemelli","praenomen":"Caius","cognomen":"Gemellus"}]}},{"type":"Feature","geometry":{"type":"Point","coordinates":[13.85,43.03]},"properties":{"edcs_id":"EDCS-67400219","findspot":"Ripatransone / Cupra Maritima","raw_text":"Laetus","date_from":0,"date_to":0,"marker_gender":"male","is_individual":false,"edcs_url":"https://edcs.hist.uzh.ch/en/document?edcs-id=EDCS-67400219","persons":[{"nomen":"","gender":"male","raw_name":"Laetus","cognomen":"Laetus"}]}},{"type":"Feature","geometry":{"type":"Point","coordinates":[13.85,43.03]},"properties":{"edcs_id":"EDCS-67400220","findspot":"Ripatransone / Cupra Maritima","raw_text":"Anni Licini Hermadionis","date_from":0,"date_to":0,"marker_gender":"male","is_individual":false,"edcs_url":"https://edcs.hist.uzh.ch/en/document?edcs-id=EDCS-67400220","persons":[{"nomen":"Annius","gender":"male","raw_name":"Anni Licini   Hermadionis","cognomen":"Hermadion"}]}},{"type":"Feature","geometry":{"type":"Point","coordinates":[13.85,43.03]},"properties":{"edcs_id":"EDCS-67400221","findspot":"Ripatransone / Cupra Maritima","raw_text":"Olivi novi","date_from":0,"date_to":0,"marker_gender":"unknown","is_individual":false,"edcs_url":"https://edcs.hist.uzh.ch/en/document?edcs-id=EDCS-67400221","persons":[{"nomen":"","gender":"unknown","raw_name":"Olivi n(ovi?)","cognomen":"Olivi","status":"novi"}]}},{"type":"Feature","geometry":{"type":"Point","coordinates":[13.85,43.03]},"properties":{"edcs_id":"EDCS-67400222","findspot":"Ripatransone / Cupra Maritima","raw_text":"Publi Robili","date_from":0,"date_to":0,"marker_gender":"male","is_individual":false,"edcs_url":"https://edcs.hist.uzh.ch/en/document?edcs-id=EDCS-67400222","persons":[{"nomen":"Robilius","gender":"male","raw_name":"P. Robil(i)","praenomen":"Publius"}]}},{"type":"Feature","geometry":{"type":"Point","coordinates":[13.85,43.03]},"properties":{"edcs_id":"EDCS-67400223","findspot":"Ripatransone / Cupra Maritima","raw_text":"Luci Stlabi Celeris","date_from":0,"date_to":0,"marker_gender":"male","is_individual":false,"edcs_url":"https://edcs.hist.uzh.ch/en/document?edcs-id=EDCS-67400223","persons":[{"nomen":"Stlabius","gender":"male","raw_name":"L. Stlabi Celeris","praenomen":"Lucius","cognomen":"Celer"}]}},{"type":"Feature","geometry":{"type":"Point","coordinates":[13.69,43.23]},"properties":{"edcs_id":"EDCS-67400224","findspot":"Sant'Elpidio a Mare / Firmum Picenum","raw_text":"Alexsander","date_from":0,"date_to":0,"marker_gender":"male","is_individual":true,"edcs_url":"https://edcs.hist.uzh.ch/en/document?edcs-id=EDCS-67400224","persons":[{"nomen":"","gender":"male","raw_name":"Alexsander(!)","cognomen":"Alexander"}]}},{"type":"Feature","geometry":{"type":"Point","coordinates":[13.66,43.44]},"properties":{"edcs_id":"EDCS-67400228","findspot":"Porto Recanati / Potentia","raw_text":"Cai Lucreti Festivi FSL","date_from":0,"date_to":0,"marker_gender":"male","is_individual":false,"edcs_url":"https://edcs.hist.uzh.ch/en/document?edcs-id=EDCS-67400228","persons":[{"nomen":"Lucretius","gender":"male","raw_name":"C. Lucreti Festivi","praenomen":"Caius","cognomen":"Festivus"}]}},{"type":"Feature","geometry":{"type":"Point","coordinates":[13.58,42.85]},"properties":{"edcs_id":"EDCS-68100032","findspot":"Ascoli Piceno / Asculum Picenum","raw_text":"Fortis","date_from":0,"date_to":0,"marker_gender":"male","is_individual":true,"edcs_url":"https://edcs.hist.uzh.ch/en/document?edcs-id=EDCS-68100032","persons":[{"nomen":"","gender":"male","raw_name":"Fortis","cognomen":"Fortis","cluster_id":1177,"cluster_size":3,"cluster_confidence":"low"}]}},{"type":"Feature","geometry":{"type":"Point","coordinates":[13.58,42.85]},"properties":{"edcs_id":"EDCS-68100033","findspot":"Ascoli Piceno / Asculum Picenum","raw_text":"Cominia Gentilium Pamphila","date_from":0,"date_to":0,"marker_gender":"female","is_individual":true,"edcs_url":"https://edcs.hist.uzh.ch/en/document?edcs-id=EDCS-68100033","persons":[{"nomen":"Cominia","gender":"female","raw_name":"Cominia Gentilium","cognomen":"Gentilium"},{"nomen":"","gender":"female","raw_name":"[3] Pamphila","cognomen":"Pamphila"}]}},{"type":"Feature","geometry":{"type":"Point","coordinates":[13.58,42.85]},"properties":{"edcs_id":"EDCS-68100038","findspot":"Ascoli Piceno / Asculum Picenum","raw_text":"En Primi","date_from":0,"date_to":0,"marker_gender":"male","is_individual":true,"edcs_url":"https://edcs.hist.uzh.ch/en/document?edcs-id=EDCS-68100038","persons":[{"nomen":"","gender":"male","raw_name":"Primi","cognomen":"Primus"}]}},{"type":"Feature","geometry":{"type":"Point","coordinates":[13.58,42.85]},"properties":{"edcs_id":"EDCS-68100039","findspot":"Ascoli Piceno / Asculum Picenum","raw_text":"Cai Aetreni","date_from":0,"date_to":0,"marker_gender":"male","is_individual":true,"edcs_url":"https://edcs.hist.uzh.ch/en/document?edcs-id=EDCS-68100039","persons":[{"nomen":"Aetrenus","gender":"male","raw_name":"C. Aetreni","praenomen":"Caius"}]}},{"type":"Feature","geometry":{"type":"Point","coordinates":[13.58,42.85]},"properties":{"edcs_id":"EDCS-68100040","findspot":"Ascoli Piceno / Asculum Picenum","raw_text":"Cnaeus Statius Mani filius praefectus III","date_from":0,"date_to":0,"marker_gender":"male","is_individual":true,"edcs_url":"https://edcs.hist.uzh.ch/en/document?edcs-id=EDCS-68100040","persons":[{"nomen":"Statius","gender":"male","raw_name":"Cn. Statius M. f. praefectus","praenomen":"Gnaeus","status":"Mani filius, praefectus"}]}},{"type":"Feature","geometry":{"type":"Point","coordinates":[13.58,42.85]},"properties":{"edcs_id":"EDCS-68100042","findspot":"Ascoli Piceno / Asculum Picenum","raw_text":"Lucro","date_from":0,"date_to":0,"marker_gender":"male","is_individual":true,"edcs_url":"https://edcs.hist.uzh.ch/en/document?edcs-id=EDCS-68100042","persons":[{"nomen":"","gender":"male","raw_name":"Lucro","cognomen":"Lucrus"}]}},{"type":"Feature","geometry":{"type":"Point","coordinates":[13.58,42.85]},"properties":{"edcs_id":"EDCS-68100043","findspot":"Ascoli Piceno / Asculum Picenum","raw_text":"] Primig[eni 3] / [3]nia D(ecimi) f(ilia) / [3 A]ttico [","date_from":0,"date_to":0,"marker_gender":"male","is_individual":true,"edcs_url":"https://edcs.hist.uzh.ch/en/document?edcs-id=EDCS-68100043","persons":[{"nomen":"","gender":"male","raw_name":"Primigeni","cognomen":"Primigenius","cluster_id":1175,"cluster_size":2,"cluster_confidence":"low"},{"nomen":"","gender":"male","raw_name":"nia D. f. Attico","cognomen":"Atticus","status":"Decimi filia"}]}},{"type":"Feature","geometry":{"type":"Point","coordinates":[13.58,42.85]},"properties":{"edcs_id":"EDCS-68100044","findspot":"Ascoli Piceno / Asculum Picenum","raw_text":"Fortis","date_from":0,"date_to":0,"marker_gender":"male","is_individual":true,"edcs_url":"https://edcs.hist.uzh.ch/en/document?edcs-id=EDCS-68100044","persons":[{"nomen":"","gender":"male","raw_name":"Fortis","cognomen":"Fortis","cluster_id":1177,"cluster_size":3,"cluster_confidence":"low"}]}},{"type":"Feature","geometry":{"type":"Point","coordinates":[13.58,42.85]},"properties":{"edcs_id":"EDCS-68100045","findspot":"Ascoli Piceno / Asculum Picenum","raw_text":"Publius Flavius Publi libertus Rufio Publius Flavius Publi libertus Sodalis","date_from":0,"date_to":0,"marker_gender":"male","is_individual":true,"edcs_url":"https://edcs.hist.uzh.ch/en/document?edcs-id=EDCS-68100045","persons":[{"nomen":"Flavius","gender":"male","raw_name":"P. Flavius P. l. Rufio","praenomen":"Publius","cognomen":"Rufio","status":"Publi libertus"},{"nomen":"Flavius","gender":"male","raw_name":"P. Flavius P. l. Sodalis","praenomen":"Publius","cognomen":"Sodalis","status":"Publi libertus"}]}},{"type":"Feature","geometry":{"type":"Point","coordinates":[13.58,42.85]},"properties":{"edcs_id":"EDCS-68100046","findspot":"Ascoli Piceno / Asculum Picenum","raw_text":"Sexti M R","date_from":0,"date_to":0,"marker_gender":"male","is_individual":true,"edcs_url":"https://edcs.hist.uzh.ch/en/document?edcs-id=EDCS-68100046","persons":[{"nomen":"","gender":"male","raw_name":"Sex. M. R.","praenomen":"Sextus"}]}},{"type":"Feature","geometry":{"type":"Point","coordinates":[13.58,42.85]},"properties":{"edcs_id":"EDCS-68100047","findspot":"Ascoli Piceno / Asculum Picenum","raw_text":"Crescens","date_from":0,"date_to":0,"marker_gender":"male","is_individual":true,"edcs_url":"https://edcs.hist.uzh.ch/en/document?edcs-id=EDCS-68100047","persons":[{"nomen":"","gender":"male","raw_name":"Cresce(n)s","cognomen":"Crescens","cluster_id":1178,"cluster_size":2,"cluster_confidence":"low"}]}},{"type":"Feature","geometry":{"type":"Point","coordinates":[13.58,42.85]},"properties":{"edcs_id":"EDCS-68100048","findspot":"Ascoli Piceno / Asculum Picenum","raw_text":"Fortis","date_from":0,"date_to":0,"marker_gender":"male","is_individual":true,"edcs_url":"https://edcs.hist.uzh.ch/en/document?edcs-id=EDCS-68100048","persons":[{"nomen":"","gender":"male","raw_name":"Fortis","cognomen":"Fortis","cluster_id":1177,"cluster_size":3,"cluster_confidence":"low"}]}},{"type":"Feature","geometry":{"type":"Point","coordinates":[13.58,42.85]},"properties":{"edcs_id":"EDCS-68100050","findspot":"Ascoli Piceno / Asculum Picenum","raw_text":"Luci Planci Stati filii","date_from":0,"date_to":0,"marker_gender":"male","is_individual":true,"edcs_url":"https://edcs.hist.uzh.ch/en/document?edcs-id=EDCS-68100050","persons":[{"nomen":"Plancius","gender":"male","raw_name":"L. Planci St. f.","praenomen":"Lucius","cognomen":"Statius","status":"filius"}]}},{"type":"Feature","geometry":{"type":"Point","coordinates":[13.58,42.85]},"properties":{"edcs_id":"EDCS-68100053","findspot":"Ascoli Piceno / Asculum Picenum","raw_text":"Ulpius Tutor","date_from":0,"date_to":0,"marker_gender":"male","is_individual":true,"edcs_url":"https://edcs.hist.uzh.ch/en/document?edcs-id=EDCS-68100053","persons":[{"nomen":"Ulpius","gender":"male","raw_name":"Ulpius Tutor","cognomen":"Tutor"}]}},{"type":"Feature","geometry":{"type":"Point","coordinates":[13.58,42.85]},"properties":{"edcs_id":"EDCS-68100054","findspot":"Ascoli Piceno / Asculum Picenum","raw_text":"Hilarus","date_from":0,"date_to":0,"marker_gender":"male","is_individual":true,"edcs_url":"https://edcs.hist.uzh.ch/en/document?edcs-id=EDCS-68100054","persons":[{"nomen":"","gender":"male","raw_name":"Hilarus","cognomen":"Hilarus"}]}},{"type":"Feature","geometry":{"type":"Point","coordinates":[13.58,42.85]},"properties":{"edcs_id":"EDCS-68100055","findspot":"Ascoli Piceno / Asculum Picenum","raw_text":"Cassi","date_from":0,"date_to":0,"marker_gender":"male","is_individual":true,"edcs_url":"https://edcs.hist.uzh.ch/en/document?edcs-id=EDCS-68100055","persons":[{"nomen":"Cassius","gender":"male","raw_name":"Cas(si)"}]}},{"type":"Feature","geometry":{"type":"Point","coordinates":[13.58,42.85]},"properties":{"edcs_id":"EDCS-68100056","findspot":"Ascoli Piceno / Asculum Picenum","raw_text":"Urania docet","date_from":0,"date_to":0,"marker_gender":"female","is_individual":true,"edcs_url":"https://edcs.hist.uzh.ch/en/document?edcs-id=EDCS-68100056","persons":[{"nomen":"","gender":"female","raw_name":"Urania docet","cognomen":"Urania","status":"docet","is_deity":true,"cluster_confidence":"excluded"}]}},{"type":"Feature","geometry":{"type":"Point","coordinates":[13.58,42.85]},"properties":{"edcs_id":"EDCS-68100058","findspot":"Ascoli Piceno / Asculum Picenum","raw_text":"Marci Obultroni","date_from":0,"date_to":0,"marker_gender":"male","is_individual":true,"edcs_url":"https://edcs.hist.uzh.ch/en/document?edcs-id=EDCS-68100058","persons":[{"nomen":"Obultronius","gender":"male","raw_name":"M. (O)bultroni","praenomen":"Marcus"}]}},{"type":"Feature","geometry":{"type":"Point","coordinates":[13.58,42.85]},"properties":{"edcs_id":"EDCS-68100059","findspot":"Ascoli Piceno / Asculum Picenum","raw_text":"Marci Obultroni","date_from":0,"date_to":0,"marker_gender":"male","is_individual":true,"edcs_url":"https://edcs.hist.uzh.ch/en/document?edcs-id=EDCS-68100059","persons":[{"nomen":"Obultronius","gender":"male","raw_name":"M. Obultroni","praenomen":"Marcus"}]}},{"type":"Feature","geometry":{"type":"Point","coordinates":[13.58,42.85]},"properties":{"edcs_id":"EDCS-68100060","findspot":"Ascoli Piceno / Asculum Picenum","raw_text":"Marci Arminii","date_from":0,"date_to":0,"marker_gender":"male","is_individual":true,"edcs_url":"https://edcs.hist.uzh.ch/en/document?edcs-id=EDCS-68100060","persons":[{"nomen":"Arminius","gender":"male","raw_name":"M. Arminii","praenomen":"Marcus"}]}},{"type":"Feature","geometry":{"type":"Point","coordinates":[13.58,42.85]},"properties":{"edcs_id":"EDCS-68100061","findspot":"Ascoli Piceno / Asculum Picenum","raw_text":"Karmini","date_from":0,"date_to":0,"marker_gender":"unknown","is_individual":true,"edcs_url":"https://edcs.hist.uzh.ch/en/document?edcs-id=EDCS-68100061","persons":[{"nomen":"Karminius","gender":"unknown","raw_name":"Karmini"}]}},{"type":"Feature","geometry":{"type":"Point","coordinates":[13.58,42.85]},"properties":{"edcs_id":"EDCS-68100063","findspot":"Ascoli Piceno / Asculum Picenum","raw_text":"Cominia Quarta","date_from":0,"date_to":0,"marker_gender":"female","is_individual":true,"edcs_url":"https://edcs.hist.uzh.ch/en/document?edcs-id=EDCS-68100063","persons":[{"nomen":"Cominia","gender":"female","raw_name":"Co]minia Quarta [","cognomen":"Quarta","cluster_id":87,"cluster_size":2}]}},{"type":"Feature","geometry":{"type":"Point","coordinates":[13.58,42.85]},"properties":{"edcs_id":"EDCS-68100065","findspot":"Ascoli Piceno / Asculum Picenum","raw_text":"Camuri","date_from":0,"date_to":0,"marker_gender":"male","is_individual":true,"edcs_url":"https://edcs.hist.uzh.ch/en/document?edcs-id=EDCS-68100065","persons":[{"nomen":"Camurius","gender":"male","raw_name":"Cam(u)ri"}]}},{"type":"Feature","geometry":{"type":"Point","coordinates":[13.58,42.85]},"properties":{"edcs_id":"EDCS-68100066","findspot":"Ascoli Piceno / Asculum Picenum","raw_text":"Strobili","date_from":0,"date_to":0,"marker_gender":"male","is_individual":true,"edcs_url":"https://edcs.hist.uzh.ch/en/document?edcs-id=EDCS-68100066","persons":[{"nomen":"","gender":"male","raw_name":"Strobili","cognomen":"Strobili"}]}},{"type":"Feature","geometry":null,"properties":{"edcs_id":"EDCS-68100088","findspot":"Montedinove / Novana","raw_text":"Hodoia","date_from":0,"date_to":0,"marker_gender":"unknown","is_individual":true,"edcs_url":"https://edcs.hist.uzh.ch/en/document?edcs-id=EDCS-68100088","persons":[{"nomen":"","gender":"unknown","raw_name":"Hodoia","cognomen":"Hodoia"}]}},{"type":"Feature","geometry":{"type":"Point","coordinates":[13.58,42.85]},"properties":{"edcs_id":"EDCS-69200062","findspot":"Ascoli Piceno / Asculum Picenum","raw_text":"[3]","date_from":0,"date_to":0,"marker_gender":"male","is_individual":true,"edcs_url":"https://edcs.hist.uzh.ch/en/document?edcs-id=EDCS-69200062","persons":[{"nomen":"Pompeius","gender":"male","raw_name":"Pompeius ab L. Alli[3 solo]","status":"ab Lucio Allio privatio"}]}},{"type":"Feature","geometry":{"type":"Point","coordinates":[12.49,41.89]},"properties":{"edcs_id":"EDCS-69200064","findspot":"Cingoli / Cingulum","raw_text":"Aroma Ambrosi Atruni Authemerum","date_from":0,"date_to":0,"marker_gender":"mixed","is_individual":false,"edcs_url":"https://edcs.hist.uzh.ch/en/document?edcs-id=EDCS-69200064","persons":[{"nomen":"","gender":"female","raw_name":"Aroma","cognomen":"Aroma"},{"nomen":"","gender":"male","raw_name":"Am[b]rosi","cognomen":"Ambrosius"},{"nomen":"Atrunius","gender":"male","raw_name":"Atruni"},{"nomen":"","gender":"male","raw_name":"[Auth]emerum","cognomen":"Authemerus"}]}},{"type":"Feature","geometry":{"type":"Point","coordinates":[13.43,43.32]},"properties":{"edcs_id":"EDCS-69200065","findspot":"Villa Potenza / Ricina","raw_text":"D(is) M(anibus) / Diodorae / qu(a)e vixit / annis XIII / filiae dulcis/sim(a)e Ion et / Argolice paren(tes)","date_from":0,"date_to":0,"marker_gender":"mixed","is_individual":false,"edcs_url":"https://edcs.hist.uzh.ch/en/document?edcs-id=EDCS-69200065","persons":[{"nomen":"","gender":"female","raw_name":"Diodorae","cognomen":"Diodora","status":"filiae dulcissimae"},{"nomen":"","gender":"male","raw_name":"Ion","cognomen":"Ion","status":"parentes"},{"nomen":"","gender":"male","raw_name":"Argolice","cognomen":"Argolice","status":"parentes"}]}},{"type":"Feature","geometry":{"type":"Point","coordinates":[13.58,42.85]},"properties":{"edcs_id":"EDCS-70700174","findspot":"Ascoli Piceno / Asculum Picenum","raw_text":"[3] Lateri / [","date_from":0,"date_to":0,"marker_gender":"unknown","is_individual":true,"edcs_url":"https://edcs.hist.uzh.ch/en/document?edcs-id=EDCS-70700174","persons":[{"nomen":"","gender":"unknown","raw_name":"Lateri","cognomen":"Lateri"}]}},{"type":"Feature","geometry":{"type":"Point","coordinates":[13.58,42.85]},"properties":{"edcs_id":"EDCS-70800187","findspot":"Ascoli Piceno / Asculum Picenum","raw_text":"] / Sex(ti) l(ibert) Cir[3] / P(ublius) Vibius [3] / Ventedia S[3] / et sibi [et suis] / P(ublius) Vibius [","date_from":0,"date_to":0,"marker_gender":"mixed","is_individual":true,"edcs_url":"https://edcs.hist.uzh.ch/en/document?edcs-id=EDCS-70800187","persons":[{"nomen":"","gender":"male","raw_name":"Sex. l. Cir[3]","cognomen":"Cir","status":"Sexti libert"},{"nomen":"Vibius","gender":"male","raw_name":"P. Vibius","praenomen":"Publius"},{"nomen":"","gender":"female","raw_name":"Ventedia S[3]","cognomen":"Ventedia"},{"nomen":"Vibius","gender":"male","raw_name":"P. Vibius","praenomen":"Publius","status":"et sibi et suis"}]}},{"type":"Feature","geometry":{"type":"Point","coordinates":[13.58,42.85]},"properties":{"edcs_id":"EDCS-70800212","findspot":"Ascoli Piceno / Asculum Picenum","raw_text":"Lucius Helvius Clien vixit annos X","date_from":0,"date_to":0,"marker_gender":"male","is_individual":true,"edcs_url":"https://edcs.hist.uzh.ch/en/document?edcs-id=EDCS-70800212","persons":[{"nomen":"Helvius","gender":"male","raw_name":"L. Hel[vius] Clien[3]","praenomen":"Lucius","cognomen":"Clien"}]}},{"type":"Feature","geometry":{"type":"Point","coordinates":[13.58,42.85]},"properties":{"edcs_id":"EDCS-70800379","findspot":"Ascoli Piceno / Asculum Picenum","raw_text":"[P]etroniae / [Tim]oteae // LEONTEP","date_from":0,"date_to":0,"marker_gender":"female","is_individual":true,"edcs_url":"https://edcs.hist.uzh.ch/en/document?edcs-id=EDCS-70800379","persons":[{"nomen":"Petronia","gender":"female","raw_name":"[P]etroniae [Tim]oteae","cognomen":"Timotea"}]}},{"type":"Feature","geometry":{"type":"Point","coordinates":[13.38,43.2]},"properties":{"edcs_id":"EDCS-70800380","findspot":"Urbisaglia / Urbs Salvia","raw_text":"Anna Mari Pist[3] / locus I","date_from":0,"date_to":0,"marker_gender":"female","is_individual":true,"edcs_url":"https://edcs.hist.uzh.ch/en/document?edcs-id=EDCS-70800380","persons":[{"nomen":"Anna","gender":"female","raw_name":"Anna Mari","cognomen":"Maria","cluster_id":994,"cluster_size":2}]}},{"type":"Feature","geometry":{"type":"Point","coordinates":[13.38,43.2]},"properties":{"edcs_id":"EDCS-70800381","findspot":"Urbisaglia / Urbs Salvia","raw_text":"Futi Laurenti St()","date_from":0,"date_to":0,"marker_gender":"male","is_individual":true,"edcs_url":"https://edcs.hist.uzh.ch/en/document?edcs-id=EDCS-70800381","persons":[{"nomen":"","gender":"male","raw_name":"Futi","cognomen":"Furius"},{"nomen":"","gender":"male","raw_name":"Laurenti","cognomen":"Laurentius"}]}},{"type":"Feature","geometry":{"type":"Point","coordinates":[13.86,43.03]},"properties":{"edcs_id":"EDCS-70900584","findspot":"Cupra Marittima / Marano / Cupra Maritima","raw_text":"[3] VIvir [3] / [3] uxor / [3]ctio VIIIvir Aug(ustalis) [3] / [3]PR frater / [3] mater / [3]ais soror / [3] l(ibertus) Ch[r]estus / [","date_from":0,"date_to":0,"marker_gender":"male","is_individual":false,"edcs_url":"https://edcs.hist.uzh.ch/en/document?edcs-id=EDCS-70900584","persons":[{"nomen":"","gender":"male","raw_name":"uctio VIIIvir Aug(ustalis)","cognomen":"Octio","status":"VIIIvir Aug(ustalis)"},{"nomen":"","gender":"male","raw_name":"l. Ch[r]estus","cognomen":"Christus","status":"libertus"}]}},{"type":"Feature","geometry":{"type":"Point","coordinates":[13.86,43.03]},"properties":{"edcs_id":"EDCS-70900591","findspot":"Cupra Marittima / Marano / Cupra Maritima","raw_text":"Caius Fi C","date_from":0,"date_to":0,"marker_gender":"male","is_individual":false,"edcs_url":"https://edcs.hist.uzh.ch/en/document?edcs-id=EDCS-70900591","persons":[{"nomen":"Fi","gender":"male","raw_name":"C(aius?) Fi","praenomen":"Caius"}]}},{"type":"Feature","geometry":{"type":"Point","coordinates":[13.86,43.03]},"properties":{"edcs_id":"EDCS-70900598","findspot":"Cupra Marittima / Marano / Cupra Maritima","raw_text":"P(ubli) Petroni / Callisti","date_from":0,"date_to":0,"marker_gender":"male","is_individual":false,"edcs_url":"https://edcs.hist.uzh.ch/en/document?edcs-id=EDCS-70900598","persons":[{"nomen":"Petronius","gender":"male","raw_name":"P. Petroni Callisti","cognomen":"Callistus"}]}},{"type":"Feature","geometry":{"type":"Point","coordinates":[13.62,43.51]},"properties":{"edcs_id":"EDCS-71000752","findspot":"Numana","raw_text":"Nardia Pupia de sua pecunia fecit","date_from":0,"date_to":0,"marker_gender":"female","is_individual":false,"edcs_url":"https://edcs.hist.uzh.ch/en/document?edcs-id=EDCS-71000752","persons":[{"nomen":"Nardia","gender":"female","raw_name":"Nardia Pupia","cognomen":"Pupia","status":"de sua pecunia fecit"}]}},{"type":"Feature","geometry":{"type":"Point","coordinates":[13.47,43.11]},"properties":{"edcs_id":"EDCS-71200158","findspot":"Falerone / Falerio Picenus","raw_text":"Lucio Britio Luci filio aedili II viro rei publicae remissum","date_from":0,"date_to":0,"marker_gender":"male","is_individual":false,"edcs_url":"https://edcs.hist.uzh.ch/en/document?edcs-id=EDCS-71200158","persons":[{"nomen":"Britius","gender":"male","raw_name":"L. Britio L. f.","praenomen":"Lucius","status":"Luci filio aedili IIviro rei publicae remissum"}]}},{"type":"Feature","geometry":null,"properties":{"edcs_id":"EDCS-71200318","findspot":"Pievefavera","raw_text":"Stenius Rutilios Somios","date_from":0,"date_to":0,"marker_gender":"male","is_individual":true,"edcs_url":"https://edcs.hist.uzh.ch/en/document?edcs-id=EDCS-71200318","persons":[{"nomen":"Stenius","gender":"male","raw_name":"Stenius Rutilios Somios(?)","cognomen":"Somios"}]}},{"type":"Feature","geometry":{"type":"Point","coordinates":[13.62,43.51]},"properties":{"edcs_id":"EDCS-72700139","findspot":"Numana","raw_text":"iovi opt max sereno l aurelius l l eutychus tabularius numan sacr","date_from":0,"date_to":0,"marker_gender":"male","is_individual":false,"edcs_url":"https://edcs.hist.uzh.ch/en/document?edcs-id=EDCS-72700139","persons":[{"nomen":"Aurelius","gender":"male","raw_name":"l aurelius l l eu tychus numan","cognomen":"Eutycus","status":"libertus libertus, tabularius Numani"}]}},{"type":"Feature","geometry":{"type":"Point","coordinates":[13.52,43.62]},"properties":{"edcs_id":"EDCS-73800088","findspot":"Ancona","raw_text":"D(is) M(anibus) / C(aio) Heiuleio / Paulino / Ramnia / Hermione / coniugi / piissimo / cum quo / vix(it) a(nnos) XXII / b(ene) m(erenti)","date_from":0,"date_to":0,"marker_gender":"mixed","is_individual":false,"edcs_url":"https://edcs.hist.uzh.ch/en/document?edcs-id=EDCS-73800088","persons":[{"nomen":"Heiuieius","gender":"male","raw_name":"C. Heiuleio Paulino","praenomen":"Caius","cognomen":"Paulinus"},{"nomen":"Ramnia","gender":"female","raw_name":"Ramnia Hermione","cognomen":"Hermione","status":"coniugi piissimo, vixit annos XXII, bene merenti"}]}},{"type":"Feature","geometry":{"type":"Point","coordinates":[13.52,43.62]},"properties":{"edcs_id":"EDCS-73800089","findspot":"Ancona","raw_text":"D(is) M(anibus) / [3] Acilio / [","date_from":0,"date_to":0,"marker_gender":"male","is_individual":false,"edcs_url":"https://edcs.hist.uzh.ch/en/document?edcs-id=EDCS-73800089","persons":[{"nomen":"","gender":"male","raw_name":"Acilio","cognomen":"Acilius"}]}},{"type":"Feature","geometry":{"type":"Point","coordinates":[13.47,43.11]},"properties":{"edcs_id":"EDCS-74200539","findspot":"Falerone / Falerio Picenus","raw_text":"D(is) M(anibus) / C(aio) Copo/nio Ru/fino / v(ixit) a(nnos) VIII / m(enses) VI d(ies) III / parentes","date_from":0,"date_to":0,"marker_gender":"male","is_individual":false,"edcs_url":"https://edcs.hist.uzh.ch/en/document?edcs-id=EDCS-74200539","persons":[{"nomen":"Coponius","gender":"male","raw_name":"C. Copo nino Ru fino","praenomen":"Caius","cognomen":"Rufinus","status":"vixit annos VIII menses VI dies III parentes"}]}},{"type":"Feature","geometry":{"type":"Point","coordinates":[13.38,43.2]},"properties":{"edcs_id":"EDCS-74300259","findspot":"Urbisaglia / Urbs Salvia","raw_text":"Oliva Picena ti","date_from":0,"date_to":0,"marker_gender":"female","is_individual":true,"edcs_url":"https://edcs.hist.uzh.ch/en/document?edcs-id=EDCS-74300259","persons":[{"nomen":"","gender":"female","raw_name":"Oliva","cognomen":"Oliva"},{"nomen":"","gender":"female","raw_name":"Picena","cognomen":"Picena"}]}},{"type":"Feature","geometry":{"type":"Point","coordinates":[13.58,42.85]},"properties":{"edcs_id":"EDCS-74300370","findspot":"Ascoli Piceno / Asculum Picenum","raw_text":"Pyrami","date_from":0,"date_to":0,"marker_gender":"unknown","is_individual":true,"edcs_url":"https://edcs.hist.uzh.ch/en/document?edcs-id=EDCS-74300370","persons":[{"nomen":"","gender":"unknown","raw_name":"Pyrami","cognomen":"Pyramis"}]}},{"type":"Feature","geometry":{"type":"Point","coordinates":[13.98,42.58]},"properties":{"edcs_id":"EDCS-74700735","findspot":"Atri / Hadria / Adria","raw_text":"M(arci) Velcini / Q(uinti) f(ilii)","date_from":0,"date_to":0,"marker_gender":"male","is_individual":false,"edcs_url":"https://edcs.hist.uzh.ch/en/document?edcs-id=EDCS-74700735","persons":[{"nomen":"Velcinius","gender":"male","raw_name":"M. Velcini Q. f.","praenomen":"Marcus","status":"Quinti filius"}]}},{"type":"Feature","geometry":{"type":"Point","coordinates":[13.72,43.16]},"properties":{"edcs_id":"EDCS-75000340","findspot":"Fermo / Firmum Picenum","raw_text":"Marco Tuscilio Marci filio Velina patri centurioni legionis X","date_from":0,"date_to":0,"marker_gender":"male","is_individual":false,"edcs_url":"https://edcs.hist.uzh.ch/en/document?edcs-id=EDCS-75000340","persons":[{"nomen":"Tusculius","gender":"male","raw_name":"M. Tuscilio M. f. Vel. patri","praenomen":"Marcus","status":"patris centurioni legionis X, tribus: Velina"}]}},{"type":"Feature","geometry":{"type":"Point","coordinates":[13.58,42.85]},"properties":{"edcs_id":"EDCS-75200389","findspot":"Ascoli Piceno / Asculum Picenum","raw_text":"] / Q(uintus?) An[3] / Q(uinti) l(ibertus?) Al[3] / Q(uintus?) Anti[","date_from":0,"date_to":0,"marker_gender":"male","is_individual":true,"edcs_url":"https://edcs.hist.uzh.ch/en/document?edcs-id=EDCS-75200389","persons":[{"nomen":"","gender":"male","raw_name":"Q. An[3] Q. l. Al[3]","praenomen":"Quintus","cognomen":"Albus","status":"Quinti libertus"},{"nomen":"","gender":"male","raw_name":"Q. Anti[","praenomen":"Quintus","cognomen":"Antoninus"}]}},{"type":"Feature","geometry":{"type":"Point","coordinates":[13.58,42.85]},"properties":{"edcs_id":"EDCS-76800116","findspot":"Ascoli Piceno / Asculum Picenum","raw_text":"T(itus) (H)elvius / T(iti) l(ibertus) Alauc(us) / viv<u=O>s / sib{e}i fec(it)","date_from":0,"date_to":0,"marker_gender":"male","is_individual":true,"edcs_url":"https://edcs.hist.uzh.ch/en/document?edcs-id=EDCS-76800116","persons":[{"nomen":"Helvius","gender":"male","raw_name":"T. Helvius T. l. Alauc(us)","praenomen":"Titus","cognomen":"Alaucus","status":"Titi libertus"}]}},{"type":"Feature","geometry":{"type":"Point","coordinates":[13.38,43.2]},"properties":{"edcs_id":"EDCS-78200020","findspot":"Urbisaglia / Urbs Salvia","raw_text":"Cai Sexil et Quinti M linea I loca","date_from":0,"date_to":0,"marker_gender":"male","is_individual":true,"edcs_url":"https://edcs.hist.uzh.ch/en/document?edcs-id=EDCS-78200020","persons":[{"nomen":"Sexilius","gender":"male","raw_name":"C. Sexil[3]","praenomen":"Gaius"},{"nomen":"Marcius","gender":"male","raw_name":"Q. M[3]","praenomen":"Quintus"}]}},{"type":"Feature","geometry":{"type":"Point","coordinates":[13.38,43.2]},"properties":{"edcs_id":"EDCS-78200021","findspot":"Urbisaglia / Urbs Salvia","raw_text":"filio Silvae praetori","date_from":0,"date_to":0,"marker_gender":"male","is_individual":true,"edcs_url":"https://edcs.hist.uzh.ch/en/document?edcs-id=EDCS-78200021","persons":[{"nomen":"","gender":"male","raw_name":"f(ilio) Silvae pr(aetori)","cognomen":"Silvanus","status":"filius, praetor","is_deity":true,"cluster_confidence":"excluded"}]}},{"type":"Feature","geometry":{"type":"Point","coordinates":[13.38,43.2]},"properties":{"edcs_id":"EDCS-79200150","findspot":"Urbisaglia / Urbs Salvia","raw_text":"]ERE/[3]s colo/[3] pater et / [3] Procu/[3] paren/[","date_from":0,"date_to":0,"marker_gender":"male","is_individual":true,"edcs_url":"https://edcs.hist.uzh.ch/en/document?edcs-id=EDCS-79200150","persons":[{"nomen":"","gender":"male","raw_name":"pater","cognomen":"pater"},{"nomen":"","gender":"male","raw_name":"Procu [3]","cognomen":"Procus"}]}},{"type":"Feature","geometry":{"type":"Point","coordinates":[13.38,43.2]},"properties":{"edcs_id":"EDCS-79200155","findspot":"Urbisaglia / Urbs Salvia","raw_text":"leae Clodius Victor bene merenti","date_from":0,"date_to":0,"marker_gender":"male","is_individual":true,"edcs_url":"https://edcs.hist.uzh.ch/en/document?edcs-id=EDCS-79200155","persons":[{"nomen":"","gender":"male","raw_name":"Clodius Victor","cognomen":"Victor"}]}},{"type":"Feature","geometry":{"type":"Point","coordinates":[13.62,43.51]},"properties":{"edcs_id":"EDCS-79300006","findspot":"Numana","raw_text":"Turos Gramatios","date_from":0,"date_to":0,"marker_gender":"male","is_individual":false,"edcs_url":"https://edcs.hist.uzh.ch/en/document?edcs-id=EDCS-79300006","persons":[{"nomen":"","gender":"male","raw_name":"Turo(s) Gramatio(s)","cognomen":"Turos Gramatios"}]}},{"type":"Feature","geometry":{"type":"Point","coordinates":[13.38,43.2]},"properties":{"edcs_id":"EDCS-81200092","findspot":"Urbisaglia / Urbs Salvia","raw_text":"M(arcus) Ve()","date_from":0,"date_to":0,"marker_gender":"male","is_individual":true,"edcs_url":"https://edcs.hist.uzh.ch/en/document?edcs-id=EDCS-81200092","persons":[{"nomen":"Velius","gender":"male","raw_name":"M. Ve()","praenomen":"Marcus"}]}},{"type":"Feature","geometry":{"type":"Point","coordinates":[13.38,43.2]},"properties":{"edcs_id":"EDCS-81200093","findspot":"Urbisaglia / Urbs Salvia","raw_text":"T(itus) Ve()","date_from":0,"date_to":0,"marker_gender":"male","is_individual":true,"edcs_url":"https://edcs.hist.uzh.ch/en/document?edcs-id=EDCS-81200093","persons":[{"nomen":"Velius","gender":"male","raw_name":"T. Ve()","praenomen":"Titus"}]}},{"type":"Feature","geometry":{"type":"Point","coordinates":[13.38,43.2]},"properties":{"edcs_id":"EDCS-81200094","findspot":"Urbisaglia / Urbs Salvia","raw_text":"C(aius) Galer[3]","date_from":0,"date_to":0,"marker_gender":"male","is_individual":true,"edcs_url":"https://edcs.hist.uzh.ch/en/document?edcs-id=EDCS-81200094","persons":[{"nomen":"Galerius","gender":"male","raw_name":"C. Galer[3]","praenomen":"Gaius","is_imperial":true}]}},{"type":"Feature","geometry":{"type":"Point","coordinates":[13.38,43.2]},"properties":{"edcs_id":"EDCS-81200095","findspot":"Urbisaglia / Urbs Salvia","raw_text":"A(uli) Vit(elli?) Neriti","date_from":0,"date_to":0,"marker_gender":"male","is_individual":true,"edcs_url":"https://edcs.hist.uzh.ch/en/document?edcs-id=EDCS-81200095","persons":[{"nomen":"Vitellius","gender":"male","raw_name":"A. Vit(elli?) Neriti","praenomen":"Aulus","cognomen":"Neritus"}]}},{"type":"Feature","geometry":{"type":"Point","coordinates":[13.7,42.66]},"properties":{"edcs_id":"EDCS-81500010","findspot":"Teramo / Interamnia Praetuttiorum","raw_text":"A(ulus) Populonius / A(uli) l(ibertus) Philogenes / quinq(ue)vir","date_from":0,"date_to":0,"marker_gender":"male","is_individual":false,"edcs_url":"https://edcs.hist.uzh.ch/en/document?edcs-id=EDCS-81500010","persons":[{"nomen":"Populonius","gender":"male","raw_name":"A. Populonius A. l. Philogenes","praenomen":"Aulus","cognomen":"Philogenes","status":"quinquevir, Auli libertus"}]}},{"type":"Feature","geometry":{"type":"Point","coordinates":[13.58,42.85]},"properties":{"edcs_id":"EDCS-81800046","findspot":"Ascoli Piceno / Asculum Picenum","raw_text":"]a / [3] aedil() / [3] Ascli / [3]os VIIII","date_from":0,"date_to":0,"marker_gender":"unknown","is_individual":true,"edcs_url":"https://edcs.hist.uzh.ch/en/document?edcs-id=EDCS-81800046","persons":[{"nomen":"","gender":"unknown","raw_name":"[3] Ascli","cognomen":"Asclius"}]}},{"type":"Feature","geometry":{"type":"Point","coordinates":[13.38,43.2]},"properties":{"edcs_id":"EDCS-82500002","findspot":"Urbisaglia / Urbs Salvia","raw_text":"Lucius Flavius pontifex","date_from":0,"date_to":0,"marker_gender":"male","is_individual":true,"edcs_url":"https://edcs.hist.uzh.ch/en/document?edcs-id=EDCS-82500002","persons":[{"nomen":"Flavius","gender":"male","raw_name":"L. Fl[avius]","praenomen":"Lucius","status":"pontifex"}]}},{"type":"Feature","geometry":{"type":"Point","coordinates":[13.38,43.2]},"properties":{"edcs_id":"EDCS-82500023","findspot":"Urbisaglia / Urbs Salvia","raw_text":"matris","date_from":0,"date_to":0,"marker_gender":"female","is_individual":true,"edcs_url":"https://edcs.hist.uzh.ch/en/document?edcs-id=EDCS-82500023","persons":[{"nomen":"","gender":"female","raw_name":"matris","cognomen":"mater"}]}},{"type":"Feature","geometry":{"type":"Point","coordinates":[13.38,43.2]},"properties":{"edcs_id":"EDCS-82500041","findspot":"Urbisaglia / Urbs Salvia","raw_text":"Cuneus V","date_from":0,"date_to":0,"marker_gender":"male","is_individual":true,"edcs_url":"https://edcs.hist.uzh.ch/en/document?edcs-id=EDCS-82500041","persons":[{"nomen":"","gender":"male","raw_name":"Cun(eus)","cognomen":"Cuneus"}]}},{"type":"Feature","geometry":{"type":"Point","coordinates":[13.38,43.2]},"properties":{"edcs_id":"EDCS-82500044","findspot":"Urbisaglia / Urbs Salvia","raw_text":"Anna Mari Pist Locus I","date_from":0,"date_to":0,"marker_gender":"female","is_individual":true,"edcs_url":"https://edcs.hist.uzh.ch/en/document?edcs-id=EDCS-82500044","persons":[{"nomen":"Anna","gender":"female","raw_name":"Anna Mari","cognomen":"Maria","cluster_id":994,"cluster_size":2}]}},{"type":"Feature","geometry":{"type":"Point","coordinates":[13.38,43.2]},"properties":{"edcs_id":"EDCS-82500045","findspot":"Urbisaglia / Urbs Salvia","raw_text":"Futi Laurenti St","date_from":0,"date_to":0,"marker_gender":"male","is_individual":true,"edcs_url":"https://edcs.hist.uzh.ch/en/document?edcs-id=EDCS-82500045","persons":[{"nomen":"Futi","gender":"male","raw_name":"Futi Laurenti","cognomen":"Laurenti"}]}},{"type":"Feature","geometry":{"type":"Point","coordinates":[13.38,43.2]},"properties":{"edcs_id":"EDCS-82500046","findspot":"Urbisaglia / Urbs Salvia","raw_text":"Caius Sextilius et Quintus M linea I loca","date_from":0,"date_to":0,"marker_gender":"male","is_individual":true,"edcs_url":"https://edcs.hist.uzh.ch/en/document?edcs-id=EDCS-82500046","persons":[{"nomen":"Sextilius","gender":"male","raw_name":"C. Sextil[ius(?) 3]","praenomen":"Gaius"},{"nomen":"","gender":"male","raw_name":"Q. M[3]","praenomen":"Quintus"}]}}]}