{"type":"FeatureCollection","features":[{"type":"Feature","geometry":{"type":"Point","coordinates":[-6.49,34.34]},"properties":{"edcs_id":"EDCS-04901135","findspot":"Sidi Ali Ben Ahmed / Thamusida","raw_text":"Imp(eratori) Caes(ari) Marco Aurel(io) / Antonino Aug(usto) Parthico / pontifici maximo tri/buniciae potestatis VII / co(n)s(uli) proco(n)s(uli) p(atri) p(atriae) / [Imp(eratoris) Caes(aris)] L(uci) Sept[i]m[i] Seve/[ri Pii] Pertinacis Aug(usti) [fi]lio / [3 res] p(ublica) Thamus[id]en[si]um [3] / [pro salut]e A[u]g[u]stor[u]m / [ex decreto ordinis po]suit sub [1]TE / [3]o proc(uratore)","date_from":null,"date_to":null,"marker_gender":"male","is_individual":false,"edcs_url":"https://edcs.hist.uzh.ch/en/document?edcs-id=EDCS-04901135","persons":[{"nomen":"Aurelius","gender":"male","raw_name":"Imp. Caes. Marco Aurel. Antonino Aug. Parthico pontifici maximo tribuniciae potestatis VII co(n)s(uli) proco(n)s(uli) p. p.","praenomen":"Marcus","cognomen":"Antoninus","status":"Imperator Caesar, Parthicus, pontifex maximus, tribunicae potestatis VII, consul, proconsul, pater patriae","is_imperial":true,"cluster_id":94,"cluster_size":4},{"nomen":"Septimius","gender":"male","raw_name":"Imp. Caes. L. Sept[i]m[i] Seve [ri Pii] Pertinacis Aug. [fi]lio","praenomen":"Lucius","cognomen":"Severus Pertinax","status":"Augustus, filius","is_imperial":true,"cluster_id":95,"cluster_size":2},{"nomen":"","gender":"unknown","raw_name":"[3 res] p(ublica) Thamus[id]en[si]um [3]","status":"res publica Thamusidensium"},{"nomen":"","gender":"unknown","raw_name":"[pro salut]e Au[g]u[stor]u[m] [ex decreto ordinis po]suit","status":"ex decreto ordinis"},{"nomen":"","gender":"unknown","raw_name":"[3]o proc(uratore)","status":"proc(urator)"}]}},{"type":"Feature","geometry":{"type":"Point","coordinates":[-5.4,35.55]},"properties":{"edcs_id":"EDCS-05000871","findspot":"Tamouda / Tamuda","raw_text":"I(ovi) O(ptimo) M(aximo) / pro salute et incolumi/tate ddd(ominorum) nnn(ostrorum) [L(uci)] Septimi / Seve[r]i Pii Pertinacis Aug(usti) / M(arci) Aurel(i) Antonini / Aug(usti) [[[et P(ubli) Septimi Getae Aug(usti) e]t]] / Iuli[ae] matri(s) Au/gu[[storum]] et cas/trorum totius/qu(e) domus Divi/nae procurante / [[6]] / [p]rocur(atore) eorum / Val(erius) Ma[3]tius(?) dec(urio) / [al]ae III Asturum prae/[po]situ[s] castelli Tamu/[den]sis c<y=I>at(h)um(?) produx(it?) / III [Idu]s Apriles / [Fa]ustino et Rufino / [co(n)s(ulibus)] et deinceps ob/[ser]vabimus","date_from":null,"date_to":null,"marker_gender":"mixed","is_individual":false,"edcs_url":"https://edcs.hist.uzh.ch/en/document?edcs-id=EDCS-05000871","persons":[{"nomen":"Septimius","gender":"male","raw_name":"L. Septimi Seve[r]i Pii Pertinacis Aug(usti)","praenomen":"Lucius","cognomen":"Severus Pertinax","status":"Augustus","is_imperial":true},{"nomen":"Aurelius","gender":"male","raw_name":"M. Aurel(i) Antonini Aug(usti)","praenomen":"Marcus","cognomen":"Antoninus","status":"Augustus","is_imperial":true},{"nomen":"Septimius","gender":"male","raw_name":"P. Septimi Getae Aug(usti)","praenomen":"Publius","cognomen":"Geta","status":"Augustus","is_imperial":true},{"nomen":"Iulia","gender":"female","raw_name":"Iuli[ae] matri(s) Au gu[[storum]] et cas trorum totius qu(e) domus Divi nae","status":"matris Augustorum et castrorum totiusque domus Divinae","is_imperial":true},{"nomen":"Valerius","gender":"male","raw_name":"Val(erius) Ma[3]tius(?)","cognomen":"Matius","status":"procurator eorum"}]}},{"type":"Feature","geometry":{"type":"Point","coordinates":[8.89,36.24]},"properties":{"edcs_id":"EDCS-05000873","findspot":"Ksar el-Kebir / Oppidum Novum","raw_text":"]O MAVNI[3] / [3]III / [","date_from":null,"date_to":null,"marker_gender":"unknown","is_individual":false,"edcs_url":"https://edcs.hist.uzh.ch/en/document?edcs-id=EDCS-05000873","persons":[{"nomen":"","gender":"unknown","raw_name":"]O MAVNI[3"}]}},{"type":"Feature","geometry":{"type":"Point","coordinates":[-4.68,34.42]},"properties":{"edcs_id":"EDCS-05000874","findspot":"Chellah / Sala","raw_text":"C(aio) Hosidio Cn(aei) f(ilio) Claud(ia) / Severo praef(ecto) fabr(um) / praef(ecto) coh(ortis) I Bosp{h}o/ranorum praef(ecto) coh(ortis) / IIII Raetorum trib(uno) mil(itum) / leg(ionis) VII Cl(audiae) P(iae) F(idelis) praef(ecto) eq(uitum) alae / Claudiae novae proc(uratori) Aug(usti) / ad census in Brit{t}an/nia / L(ucius) Marius L(uci) f(ilius) Claud(ia) Rufus Seve/rianus consobrino optimo","date_from":null,"date_to":null,"marker_gender":"male","is_individual":false,"edcs_url":"https://edcs.hist.uzh.ch/en/document?edcs-id=EDCS-05000874","persons":[{"nomen":"Hosidius","gender":"male","raw_name":"C. Hosidio Cn. f. Claud. Severo praef. fabr. praef. coh. I Bosp{h}oranorum praef. coh. IIII Raetorum trib. mil. leg. VII Cl. P. F. praef. eq. alae Claudiae novae proc. Aug. ad census in Brit{t}annia","praenomen":"Gaius","cognomen":"Severus Rufianus","status":"tribus: Claudia, praefectus fabrum, praefectus cohortis I Bospuranorum, praefectus cohortis IIII Raetorum, tribunus militum legionis VII Claudiae Piae Fideis, praefectus equitum alae Claudiae novae, procurator Augusti ad census in Britannia"},{"nomen":"Marius","gender":"male","raw_name":"L. Marius L. f. Claud. Rufus Severianus","praenomen":"Lucius","cognomen":"Rufus Severianus","status":"consobrinus optimus"}]}},{"type":"Feature","geometry":{"type":"Point","coordinates":[-5.55,34.08]},"properties":{"edcs_id":"EDCS-07400770","findspot":"Volubilis","raw_text":"Genio / municipi(i) / Sancto / [[Iulius Agr]]/[[i{i}anus]] v(ir) e(gregius) / proc(urator) Aug(usti) n(ostri) / pro legato","date_from":null,"date_to":null,"marker_gender":"male","is_individual":false,"edcs_url":"https://edcs.hist.uzh.ch/en/document?edcs-id=EDCS-07400770","persons":[{"nomen":"Iulius","gender":"male","raw_name":"[[Iulius Agr]] [[i{i}anus]]","cognomen":"Agrianus","status":"vir egregius, pro legatus, procurator Augusti nostri","is_imperial":true}]}},{"type":"Feature","geometry":{"type":"Point","coordinates":[-5.56,34.07]},"properties":{"edcs_id":"EDCS-07400773","findspot":"Volubilis","raw_text":"D(is) M(anibus) s(acrum) / (A)elia Manrellia / NANALDI patro/n(a)e indulgentissi/m(a)e an(norum) LXXX posuit","date_from":null,"date_to":null,"marker_gender":"female","is_individual":false,"edcs_url":"https://edcs.hist.uzh.ch/en/document?edcs-id=EDCS-07400773","persons":[{"nomen":"Aelia","gender":"female","raw_name":"(A)elia Manrellia","cognomen":"Manrellia","status":"patrona indulgentissima"}]}},{"type":"Feature","geometry":{"type":"Point","coordinates":[-5.56,34.07]},"properties":{"edcs_id":"EDCS-07400774","findspot":"Volubilis","raw_text":"D(is) M(anibus) s(acrum) / Aeli(a)e Quint/ae vixit an(n)i/s XLVI m(ensibus) no/ve(m) die(bu)s LIII PRE/CEFIQSE","date_from":null,"date_to":null,"marker_gender":"female","is_individual":false,"edcs_url":"https://edcs.hist.uzh.ch/en/document?edcs-id=EDCS-07400774","persons":[{"nomen":"Aelia","gender":"female","raw_name":"Aeli(a)e Quint ae","cognomen":"Quinta"}]}},{"type":"Feature","geometry":{"type":"Point","coordinates":[-5.56,34.07]},"properties":{"edcs_id":"EDCS-07400775","findspot":"Volubilis","raw_text":"D(is) M(anibus) s(acrum) / Annia Sabina / [vi]xit an(nos) VIII [3]asius frater / posuit","date_from":null,"date_to":null,"marker_gender":"mixed","is_individual":false,"edcs_url":"https://edcs.hist.uzh.ch/en/document?edcs-id=EDCS-07400775","persons":[{"nomen":"Annia","gender":"female","raw_name":"Annia Sabina","cognomen":"Sabina"},{"nomen":"","gender":"male","raw_name":"[3]asius","cognomen":"Asius","status":"frater"}]}},{"type":"Feature","geometry":{"type":"Point","coordinates":[-5.56,34.07]},"properties":{"edcs_id":"EDCS-07400776","findspot":"Volubilis","raw_text":"D(is) M(anibus) s(acrum) / Antonia Gala/tia Caecil(io) / Semectio / viro b(ene) m(e)r(enti) / q(ui) vix(it) ann(os) / LXV","date_from":null,"date_to":null,"marker_gender":"mixed","is_individual":false,"edcs_url":"https://edcs.hist.uzh.ch/en/document?edcs-id=EDCS-07400776","persons":[{"nomen":"Antonia","gender":"female","raw_name":"Antonia Gala tia Caecil(io) Semectio","cognomen":"Galatia","status":"uxor Caecilio Semectio"},{"nomen":"Caecilius","gender":"male","raw_name":"Caecil(io) Semectio","cognomen":"Semectio"}]}},{"type":"Feature","geometry":{"type":"Point","coordinates":[-5.56,34.07]},"properties":{"edcs_id":"EDCS-07400777","findspot":"Volubilis","raw_text":"D(is) M(anibus) s(acrum) / Ca(e)c(ili) Memo/ris a(nnorum) IV et lib(erti?) / Cae(cili) Clemen/tis","date_from":null,"date_to":null,"marker_gender":"male","is_individual":false,"edcs_url":"https://edcs.hist.uzh.ch/en/document?edcs-id=EDCS-07400777","persons":[{"nomen":"Caecilius","gender":"male","raw_name":"Ca(e)c(ili) Memoris","cognomen":"Memors"},{"nomen":"Caecilia","gender":"male","raw_name":"Cae(cili) Clementis","cognomen":"Clemens","status":"libertus","cluster_id":126,"cluster_size":5}]}},{"type":"Feature","geometry":{"type":"Point","coordinates":[-5.56,34.07]},"properties":{"edcs_id":"EDCS-07400778","findspot":"Volubilis","raw_text":"D(is) M(anibus) / Cae(c)ili(u)s / Cae{a}c(i)/lia(e) an(norum) XII","date_from":null,"date_to":null,"marker_gender":"mixed","is_individual":false,"edcs_url":"https://edcs.hist.uzh.ch/en/document?edcs-id=EDCS-07400778","persons":[{"nomen":"Caecilius","gender":"male","raw_name":"Cae(c)ili(u)s"},{"nomen":"Caecilia","gender":"female","raw_name":"Cae(c)iliae"}]}},{"type":"Feature","geometry":{"type":"Point","coordinates":[-5.56,34.07]},"properties":{"edcs_id":"EDCS-07400779","findspot":"Volubilis","raw_text":"[D(is)] M(anibus) s(acrum) / Caeciliae Paula(e) / filiae piissimae / Caec(ilius) Seneca pater / indulgentissimus p(osuit) / [ann(orum?)] XX","date_from":null,"date_to":null,"marker_gender":"mixed","is_individual":false,"edcs_url":"https://edcs.hist.uzh.ch/en/document?edcs-id=EDCS-07400779","persons":[{"nomen":"Caecilia","gender":"female","raw_name":"Caeciliae Paulae","cognomen":"Paula","status":"filia piissima"},{"nomen":"Caecilius","gender":"male","raw_name":"Caec(ilius) Seneca","cognomen":"Seneca","status":"indulgentissimus pater","cluster_id":116,"cluster_size":2}]}},{"type":"Feature","geometry":{"type":"Point","coordinates":[-5.56,34.07]},"properties":{"edcs_id":"EDCS-07400780","findspot":"Volubilis","raw_text":"D(is) M(anibus) s(acrum) / Cl(audia) Victo/rina vixit / annis LXII / Anto[nin]a / piissi[m]ae / [3] posuit","date_from":null,"date_to":null,"marker_gender":"female","is_individual":false,"edcs_url":"https://edcs.hist.uzh.ch/en/document?edcs-id=EDCS-07400780","persons":[{"nomen":"Claudia","gender":"female","raw_name":"Cl(audia) Victorina","cognomen":"Victorina"},{"nomen":"","gender":"female","raw_name":"Anto[nin]a","cognomen":"Antonina","status":"piissima"}]}},{"type":"Feature","geometry":{"type":"Point","coordinates":[-5.56,34.07]},"properties":{"edcs_id":"EDCS-07400782","findspot":"Volubilis","raw_text":"Iulia Peculia/ris an(norum) XXV pos/uit ASABAR / NEVO","date_from":null,"date_to":null,"marker_gender":"female","is_individual":false,"edcs_url":"https://edcs.hist.uzh.ch/en/document?edcs-id=EDCS-07400782","persons":[{"nomen":"Iulia","gender":"female","raw_name":"Iulia Peculiaris","cognomen":"Peculiaris"},{"nomen":"","gender":"unknown","raw_name":"ASABAR","cognomen":"Asabar"},{"nomen":"","gender":"unknown","raw_name":"NEVO","cognomen":"Nevo"}]}},{"type":"Feature","geometry":{"type":"Point","coordinates":[-5.56,34.07]},"properties":{"edcs_id":"EDCS-07400783","findspot":"Volubilis","raw_text":"D(is) [M(anibus) s(acrum)] / Val(erius) Bebul[u]/s vixit an/nis XXVIII / menses(!) VIII / Vellia mat(er) [p(osuit?)]","date_from":null,"date_to":null,"marker_gender":"mixed","is_individual":false,"edcs_url":"https://edcs.hist.uzh.ch/en/document?edcs-id=EDCS-07400783","persons":[{"nomen":"Valerius","gender":"male","raw_name":"Val(erius) Bebul[u] s","cognomen":"Bebulus"},{"nomen":"Vellia","gender":"female","raw_name":"Vellia mat(er)","status":"mater"}]}},{"type":"Feature","geometry":{"type":"Point","coordinates":[-5.56,34.07]},"properties":{"edcs_id":"EDCS-07400784","findspot":"Volubilis","raw_text":"D(is) M(anibus) / Vibia Iassia [v(ixit?)] / annis XX m[e]nsibu[s] / VIII [3]da[3] / [3]at[e]r fecit","date_from":null,"date_to":null,"marker_gender":"mixed","is_individual":false,"edcs_url":"https://edcs.hist.uzh.ch/en/document?edcs-id=EDCS-07400784","persons":[{"nomen":"Vibia","gender":"female","raw_name":"Vibia Iassia","cognomen":"Iassia"},{"nomen":"","gender":"male","raw_name":"[3]at[e]r","cognomen":"Ater","status":"pater"}]}},{"type":"Feature","geometry":{"type":"Point","coordinates":[-5.56,34.07]},"properties":{"edcs_id":"EDCS-07400785","findspot":"Volubilis","raw_text":"D(is) M(anibus) s(acrum) / Foebus(!) / vix(it) an(nos) XXX/V","date_from":null,"date_to":null,"marker_gender":"male","is_individual":false,"edcs_url":"https://edcs.hist.uzh.ch/en/document?edcs-id=EDCS-07400785","persons":[{"nomen":"","gender":"male","raw_name":"Foebus(!)","cognomen":"Phoebus"}]}},{"type":"Feature","geometry":{"type":"Point","coordinates":[-5.56,34.07]},"properties":{"edcs_id":"EDCS-07400786","findspot":"Volubilis","raw_text":"D(is) M(anibus) / SERFELSE/R(a)e mate(r) / f(iliae) p(iae) p(osuit) v(ixit) ann(os) / V m(enses) VII","date_from":null,"date_to":null,"marker_gender":"female","is_individual":false,"edcs_url":"https://edcs.hist.uzh.ch/en/document?edcs-id=EDCS-07400786","persons":[{"nomen":"","gender":"female","raw_name":"SERFELSE R(a)e","cognomen":"Serfelsius","status":"mater filiae pia"}]}},{"type":"Feature","geometry":{"type":"Point","coordinates":[-5.56,34.07]},"properties":{"edcs_id":"EDCS-07400787","findspot":"Volubilis","raw_text":"D(is) M(anibus) / Teusa[3]/tana AM[3] / African(a) / soror p(osuit)","date_from":null,"date_to":null,"marker_gender":"female","is_individual":false,"edcs_url":"https://edcs.hist.uzh.ch/en/document?edcs-id=EDCS-07400787","persons":[{"nomen":"","gender":"female","raw_name":"Teusa[3] tana","cognomen":"Teusatana"},{"nomen":"","gender":"female","raw_name":"AM[3] Africana","cognomen":"Africana","status":"soror"}]}},{"type":"Feature","geometry":{"type":"Point","coordinates":[-5.56,34.07]},"properties":{"edcs_id":"EDCS-07400788","findspot":"Volubilis","raw_text":"D(is) M(anibus) s(acrum) / [Annius] Dionysodorus / [Syrophoe]nix(?) hic situs est / [vixit annos] XXXIII Annius [3]inus fratri / [","date_from":null,"date_to":null,"marker_gender":"male","is_individual":false,"edcs_url":"https://edcs.hist.uzh.ch/en/document?edcs-id=EDCS-07400788","persons":[{"nomen":"Annius","gender":"male","raw_name":"[Annius] Dionysodorus","cognomen":"Dionysodorus"},{"nomen":"","gender":"male","raw_name":"[Syrophoe]nix(?)","cognomen":"Syrophoenix"},{"nomen":"Annius","gender":"male","raw_name":"Annius [3]inus","status":"frater"}]}},{"type":"Feature","geometry":{"type":"Point","coordinates":[-5.56,34.07]},"properties":{"edcs_id":"EDCS-07400789","findspot":"Volubilis","raw_text":"D(is) M(anibus) s(acrum) / Aur[elius(?)] / Ian[uarius(?)","date_from":null,"date_to":null,"marker_gender":"male","is_individual":false,"edcs_url":"https://edcs.hist.uzh.ch/en/document?edcs-id=EDCS-07400789","persons":[{"nomen":"Aurelius","gender":"male","raw_name":"Aur[elius(?)] Ian[uarius(?)","cognomen":"Ianuarius"}]}},{"type":"Feature","geometry":{"type":"Point","coordinates":[-5.56,34.07]},"properties":{"edcs_id":"EDCS-07400791","findspot":"Volubilis","raw_text":"[D(is)] M(anibus) s(acrum) / Mau[ra(?)] Cana/[3]mima [3]nio / mari[to 3] / qui vixit [a]nnis / XXXVI die(bu)s VII","date_from":null,"date_to":null,"marker_gender":"female","is_individual":false,"edcs_url":"https://edcs.hist.uzh.ch/en/document?edcs-id=EDCS-07400791","persons":[{"nomen":"","gender":"female","raw_name":"Mau[ra(?)]","cognomen":"Maura"},{"nomen":"","gender":"female","raw_name":"Cana [3]mima [3]nio","cognomen":"Canamima"}]}},{"type":"Feature","geometry":{"type":"Point","coordinates":[-6.02,35.27]},"properties":{"edcs_id":"EDCS-07400794","findspot":"Dchar Jedid / Dechra Jdid / Zilil","raw_text":"Imp(eratori) C(aio) Op{p}ellio Anto/nino Diadumenia/no Caes(ari) principi iu/ventutis / Imp(eratoris) M(arci) Opelli Severi / Macrini Aug(usti) filio / col(onia) Constantia de/votissima Numini / eius ex [de]creto / ordinis","date_from":null,"date_to":null,"marker_gender":"male","is_individual":false,"edcs_url":"https://edcs.hist.uzh.ch/en/document?edcs-id=EDCS-07400794","persons":[{"nomen":"Oppellius","gender":"male","raw_name":"Imp. C. Opellio Antonino Diadumeniano Caes(ari) principi iuventutis Imp(eratoris) M. Opelli Severi Macrini Aug(usti) filio","praenomen":"Gaius","cognomen":"Antoninus Diadumenianus","status":"Caesar princeps iuventutis, filius Imperatoris Marci Opelli Severi Macrini Augusti","is_imperial":true}]}},{"type":"Feature","geometry":{"type":"Point","coordinates":[-6.02,35.27]},"properties":{"edcs_id":"EDCS-07400795","findspot":"Dchar Jedid / Dechra Jdid / Zilil","raw_text":"Iuliae / Soaemiade(!) / Bas[si]anae A[u]g(ustae) / ma[tri] domini / nostri col(onia) Iul(ia) / Constan[ti]a Zilil / d(ecreto) o(rdinis) d(ecurionum)","date_from":null,"date_to":null,"marker_gender":"female","is_individual":false,"edcs_url":"https://edcs.hist.uzh.ch/en/document?edcs-id=EDCS-07400795","persons":[{"nomen":"Iulia","gender":"female","raw_name":"Iuliae Soaemiade Bassianae Aug(ustae) ma[tri] domini nostri","cognomen":"Soaemiade Bassiana","status":"Augustae, matri domini nostri"}]}},{"type":"Feature","geometry":{"type":"Point","coordinates":[-4.68,34.42]},"properties":{"edcs_id":"EDCS-08500654","findspot":"Chellah / Sala","raw_text":"Valeri V/etonis m(ilitis) / c(ohortis) I L<e=A>m(avorum) / |(centuria) Lucani / hic s(itus) e(st) / f(aciendum) cu(ravit) C(aius) Fl/avi(us) Pud(ens)","date_from":null,"date_to":null,"marker_gender":"male","is_individual":false,"edcs_url":"https://edcs.hist.uzh.ch/en/document?edcs-id=EDCS-08500654","persons":[{"nomen":"Valerius","gender":"male","raw_name":"Valeri Vetonis m. c. I Lemavorum | Lucani","cognomen":"Veto","status":"miles cohortis I Lemavorum, centuria Lucani"},{"nomen":"Flavius","gender":"male","raw_name":"C. Fl. Pudens","praenomen":"Gaius","cognomen":"Pudens","status":"faciendum curavit"}]}},{"type":"Feature","geometry":{"type":"Point","coordinates":[-5.81,35.79]},"properties":{"edcs_id":"EDCS-08800002","findspot":"Tanger / Tangier / Tingis","raw_text":"Q(uintus) Aelius Q(uinti) f(ilius) Gal(eria) / Verecundus / IIvir colon(iae) Ti[ng]itan(anae) / flamen colon(iae) eiusdem / ann(orum) LX h(ic) s(itus) e(st) s(it) t(ibi) t(erra) l(evis) / Q(uintus) Aelius Faustio lib(ertus) idemq(ue) / heres redempto a cohere/dibus suis solo et aedificio me/moria optimi patr(oni) praestitit","date_from":null,"date_to":null,"marker_gender":"male","is_individual":false,"edcs_url":"https://edcs.hist.uzh.ch/en/document?edcs-id=EDCS-08800002","persons":[{"nomen":"Aelius","gender":"male","raw_name":"Q. Aelius Q. f. Gal. Verecundus","praenomen":"Quintus","cognomen":"Verecundus","status":"IIvir coloniae Tingitanae, flamen coloniae eiusdem"},{"nomen":"Aelius","gender":"male","raw_name":"Q. Aelius Faustio lib. idemque","praenomen":"Quintus","cognomen":"Faustio","status":"libertus, heres, pater"}]}},{"type":"Feature","geometry":{"type":"Point","coordinates":[-5.81,35.79]},"properties":{"edcs_id":"EDCS-08800003","findspot":"Tanger / Tangier / Tingis","raw_text":"P(ublius) Aeli[us 3] / proc(urator) Aug(usti) / annor(um) LX / h(ic) s(itus) e(st) s(it) t(ibi) t(erra) l(evis)","date_from":null,"date_to":null,"marker_gender":"male","is_individual":false,"edcs_url":"https://edcs.hist.uzh.ch/en/document?edcs-id=EDCS-08800003","persons":[{"nomen":"Aelius","gender":"male","raw_name":"P. Aeli[3]","praenomen":"Publius","status":"procurator Augusti"}]}},{"type":"Feature","geometry":{"type":"Point","coordinates":[-5.81,35.79]},"properties":{"edcs_id":"EDCS-08800004","findspot":"Tanger / Tangier / Tingis","raw_text":"[3]nius Dex/[ter] sesqu<i=AE>/[plic]arius ala(e) / [I Ha]mi(orum) natione / [Card]utenus(?) an(norum) L / [h(ic) s(itus)] e(st) s(it) t(ibi) t(erra) l(evis) / [3]sius Martia/[3] f(aciendum) c(uravit)","date_from":null,"date_to":null,"marker_gender":"male","is_individual":false,"edcs_url":"https://edcs.hist.uzh.ch/en/document?edcs-id=EDCS-08800004","persons":[{"nomen":"","gender":"male","raw_name":"[3]nius Dex [ter]","cognomen":"Dexter","status":"sesquiplicarius alae I Hamiorum, natione Cardutenus"},{"nomen":"","gender":"male","raw_name":"[3]sius Martia [3]","cognomen":"Martialis"}]}},{"type":"Feature","geometry":{"type":"Point","coordinates":[-5.81,35.79]},"properties":{"edcs_id":"EDCS-08800005","findspot":"Tanger / Tangier / Tingis","raw_text":"D(is) M(anibus) / L(ucius) Anton(ius) / Puer / Duplicari f(ilius) / vix(it) an(nis) VIII / men(sibus) VIIII / dieb(us) XXIII / s(it) t(ibi) t(erra) l(evis)","date_from":null,"date_to":null,"marker_gender":"male","is_individual":false,"edcs_url":"https://edcs.hist.uzh.ch/en/document?edcs-id=EDCS-08800005","persons":[{"nomen":"Antonius","gender":"male","raw_name":"L. Antonius Puer","praenomen":"Lucius","cognomen":"Puer","status":"Duplicari filius"}]}},{"type":"Feature","geometry":{"type":"Point","coordinates":[-5.81,35.79]},"properties":{"edcs_id":"EDCS-08800006","findspot":"Tanger / Tangier / Tingis","raw_text":"D(is) M(anibus) s(acrum) / Antonia / Ianuaria / vixit an(n)is / XXXV h(ic) s(ita) e(st) / s(it) t(ibi) t(erra) l(evis)","date_from":null,"date_to":null,"marker_gender":"female","is_individual":false,"edcs_url":"https://edcs.hist.uzh.ch/en/document?edcs-id=EDCS-08800006","persons":[{"nomen":"Antonia","gender":"female","raw_name":"Antonia Ianuaria","cognomen":"Ianuaria"}]}},{"type":"Feature","geometry":{"type":"Point","coordinates":[-5.81,35.79]},"properties":{"edcs_id":"EDCS-08800007","findspot":"Tanger / Tangier / Tingis","raw_text":"D(is) M(anibus) / C(aius) Aurel(ius) Herma / Aur(eli) Natalis / lib(ertus) vix(it) an(nos) LV / h(ic) s(itus) e(st) s(it) t(ibi) t(erra) l(evis)","date_from":null,"date_to":null,"marker_gender":"male","is_individual":false,"edcs_url":"https://edcs.hist.uzh.ch/en/document?edcs-id=EDCS-08800007","persons":[{"nomen":"Aurelius","gender":"male","raw_name":"C. Aurel. Herma","praenomen":"Gaius","cognomen":"Herma","status":"libertus Aureli Natalis","cluster_id":130,"cluster_size":2},{"nomen":"Aurelius","gender":"male","raw_name":"Aur. Natalis","cognomen":"Natalis","status":"dominus","cluster_id":131,"cluster_size":2}]}},{"type":"Feature","geometry":{"type":"Point","coordinates":[-5.81,35.79]},"properties":{"edcs_id":"EDCS-08800008","findspot":"Tanger / Tangier / Tingis","raw_text":"D(is) M(anibus) s(acrum) / Aurelia Ma/xima vixit / annis L / h(ic) s(ita) e(st) s(it) t(ibi) t(erra) l(evis)","date_from":null,"date_to":null,"marker_gender":"female","is_individual":false,"edcs_url":"https://edcs.hist.uzh.ch/en/document?edcs-id=EDCS-08800008","persons":[{"nomen":"Aurelia","gender":"female","raw_name":"Aurelia Maxima","cognomen":"Maxima","cluster_id":129,"cluster_size":2}]}},{"type":"Feature","geometry":{"type":"Point","coordinates":[-5.81,35.79]},"properties":{"edcs_id":"EDCS-08800009","findspot":"Tanger / Tangier / Tingis","raw_text":"Aurelia Sabina ancilla / C(h)resti vix{s}it pl(us) mi(nus) / annis XXIII me(nsibus) V di(ebus) XIII / (h)or(is) VIIII fe(lix?) in pace requ(i)et / Amantio et Albino con/s<u=O>libus","date_from":null,"date_to":null,"marker_gender":"mixed","is_individual":false,"edcs_url":"https://edcs.hist.uzh.ch/en/document?edcs-id=EDCS-08800009","persons":[{"nomen":"","gender":"female","raw_name":"Aurelia Sabina","cognomen":"Aurelia Sabina","status":"ancilla Chresti"},{"nomen":"","gender":"male","raw_name":"Amantio","cognomen":"Amantio","status":"conlibertus"},{"nomen":"","gender":"male","raw_name":"Albino","cognomen":"Albinus","status":"conlibertus"}]}},{"type":"Feature","geometry":{"type":"Point","coordinates":[-5.81,35.79]},"properties":{"edcs_id":"EDCS-08800010","findspot":"Tanger / Tangier / Tingis","raw_text":"D(is) M(anibus) s(acrum) / Blanda vix(it) / annis L h(ic) s(ita) v(ir?) / u(xori?) o(ptimae?) o(b) m(erita?) t(estamento) h(eres) s(it) t(ibi) t(erra) l(evis) // D(is) M(anibus) / Caes(ilio) Pultario / vix(it) an(nos) XXXVIII / h(ic) s(itus) e(st) s(it) t(ibi) t(erra) l(evis)","date_from":null,"date_to":null,"marker_gender":"mixed","is_individual":false,"edcs_url":"https://edcs.hist.uzh.ch/en/document?edcs-id=EDCS-08800010","persons":[{"nomen":"","gender":"female","raw_name":"Blanda","cognomen":"Blanda","status":"uxori optimae ob merita testamento heres"},{"nomen":"Caesilius","gender":"male","raw_name":"Caesilio Pultario","cognomen":"Pultarius"}]}},{"type":"Feature","geometry":{"type":"Point","coordinates":[-5.81,35.79]},"properties":{"edcs_id":"EDCS-08800012","findspot":"Tanger / Tangier / Tingis","raw_text":"D(i)b(us?) Man(ibus) / Cassia Saturnin(a) / vix(it) an(nos) XXX / h(ic) s(ita) e(st) s(it) t(ibi) t(erra) l(evis)","date_from":null,"date_to":null,"marker_gender":"female","is_individual":false,"edcs_url":"https://edcs.hist.uzh.ch/en/document?edcs-id=EDCS-08800012","persons":[{"nomen":"Cassia","gender":"female","raw_name":"Cassia Saturnin(a)","cognomen":"Saturnina"}]}},{"type":"Feature","geometry":{"type":"Point","coordinates":[-5.81,35.79]},"properties":{"edcs_id":"EDCS-08800013","findspot":"Tanger / Tangier / Tingis","raw_text":"Cosconi/us Cal(v)us / h(ic) s(itus) est / s(it) t(ibi) t(erra) l(evis)","date_from":null,"date_to":null,"marker_gender":"male","is_individual":false,"edcs_url":"https://edcs.hist.uzh.ch/en/document?edcs-id=EDCS-08800013","persons":[{"nomen":"Cosconius","gender":"male","raw_name":"Cosconi(us) Cal(v)us","cognomen":"Calvus"}]}},{"type":"Feature","geometry":{"type":"Point","coordinates":[-5.81,35.79]},"properties":{"edcs_id":"EDCS-08800014","findspot":"Tanger / Tangier / Tingis","raw_text":"D(is) M(anibus) / Lyris vixit / ann(os) XVIII / h(ic) s(ita) e(st) s(it) t(ibi) t(erra) l(evis)","date_from":null,"date_to":null,"marker_gender":"female","is_individual":false,"edcs_url":"https://edcs.hist.uzh.ch/en/document?edcs-id=EDCS-08800014","persons":[{"nomen":"","gender":"female","raw_name":"Lyris","cognomen":"Lyris"}]}},{"type":"Feature","geometry":{"type":"Point","coordinates":[-5.81,35.79]},"properties":{"edcs_id":"EDCS-08800015","findspot":"Tanger / Tangier / Tingis","raw_text":"D(is) s(acrum) M(anibus) / Marcu/s Firm/us v(i)x(it) / a(nnos) XVIII / h(ic) s(itus) e(st) s(it) t(ibi) t(erra) l(evis)","date_from":null,"date_to":null,"marker_gender":"male","is_individual":false,"edcs_url":"https://edcs.hist.uzh.ch/en/document?edcs-id=EDCS-08800015","persons":[{"nomen":"","gender":"male","raw_name":"Marcus Firmus","cognomen":"Marcus Firmus"}]}},{"type":"Feature","geometry":{"type":"Point","coordinates":[-5.81,35.79]},"properties":{"edcs_id":"EDCS-08800016","findspot":"Tanger / Tangier / Tingis","raw_text":"Masonia / Victorina / vixit ann(os) XL / s(it) t(ibi) t(erra) l(evis)","date_from":null,"date_to":null,"marker_gender":"female","is_individual":false,"edcs_url":"https://edcs.hist.uzh.ch/en/document?edcs-id=EDCS-08800016","persons":[{"nomen":"Masonia","gender":"female","raw_name":"Masonia Victorina","cognomen":"Victorina"}]}},{"type":"Feature","geometry":{"type":"Point","coordinates":[-5.81,35.79]},"properties":{"edcs_id":"EDCS-08800017","findspot":"Tanger / Tangier / Tingis","raw_text":"D(is) M(anibus) s(acrum) / Sempronia / Prisca vix(it) / [3]L[","date_from":null,"date_to":null,"marker_gender":"female","is_individual":false,"edcs_url":"https://edcs.hist.uzh.ch/en/document?edcs-id=EDCS-08800017","persons":[{"nomen":"Sempronia","gender":"female","raw_name":"Sempronia Prisca","cognomen":"Prisca"}]}},{"type":"Feature","geometry":{"type":"Point","coordinates":[-5.81,35.79]},"properties":{"edcs_id":"EDCS-08800018","findspot":"Tanger / Tangier / Tingis","raw_text":"Time fam/ula Chr(isti) vi/xit anno u/no m(ensibus) VIII re/quies(cit) in pace","date_from":null,"date_to":null,"marker_gender":"female","is_individual":false,"edcs_url":"https://edcs.hist.uzh.ch/en/document?edcs-id=EDCS-08800018","persons":[{"nomen":"","gender":"female","raw_name":"Time","cognomen":"Time","status":"famula Christi"}]}},{"type":"Feature","geometry":{"type":"Point","coordinates":[-5.81,35.79]},"properties":{"edcs_id":"EDCS-08800019","findspot":"Tanger / Tangier / Tingis","raw_text":"Valerius Moci/mus Belbaraci / vet(eranus) vixit ann(os) LX / h(ic) s(itus) e(st) s(it) t(ibi) t(erra) l(evis)","date_from":null,"date_to":null,"marker_gender":"male","is_individual":false,"edcs_url":"https://edcs.hist.uzh.ch/en/document?edcs-id=EDCS-08800019","persons":[{"nomen":"Valerius","gender":"male","raw_name":"Valerius Mocimus Belbaraci","cognomen":"Mocimus Belbaracus","status":"veteranus"}]}},{"type":"Feature","geometry":{"type":"Point","coordinates":[-5.81,35.79]},"properties":{"edcs_id":"EDCS-08800020","findspot":"Tanger / Tangier / Tingis","raw_text":"Valeria Bastula / Cordube(n)sis an(norum) LXXX / h(ic) s(ita) e(st) s(it) t(ibi) t(erra) l(evis) Valerius Seve/rus eq(ues) al(a)e Gemellian(a)e / mon<u=I>mentum matri p(osuit)","date_from":null,"date_to":null,"marker_gender":"mixed","is_individual":false,"edcs_url":"https://edcs.hist.uzh.ch/en/document?edcs-id=EDCS-08800020","persons":[{"nomen":"Valeria","gender":"female","raw_name":"Valeria Bastula Cordube(n)sis","cognomen":"Bastula Cordubensis"},{"nomen":"Valerius","gender":"male","raw_name":"Valerius Seve rus eq(ues) al(a)e Gemellian(a)e","cognomen":"Severus","status":"eques alae Gemellianae"}]}},{"type":"Feature","geometry":{"type":"Point","coordinates":[-5.81,35.79]},"properties":{"edcs_id":"EDCS-08800021","findspot":"Tanger / Tangier / Tingis","raw_text":"D(is) M(anibus) / [V]aleria / [R]ogata / [v(ixit)] ann(os) XIIII / [h(ic)] s(ita) e(st) s(it) t(ibi) t(erra) l(evis)","date_from":null,"date_to":null,"marker_gender":"female","is_individual":false,"edcs_url":"https://edcs.hist.uzh.ch/en/document?edcs-id=EDCS-08800021","persons":[{"nomen":"Valeria","gender":"female","raw_name":"[V]aleria [R]ogata","cognomen":"Rogata"}]}},{"type":"Feature","geometry":{"type":"Point","coordinates":[-5.81,35.79]},"properties":{"edcs_id":"EDCS-08800022","findspot":"Tanger / Tangier / Tingis","raw_text":"D(is) M(anibus) s(acrum) / Valeria Sua/ula g(ente) Ting(itana) / vix(it) an(nos) XXXXV / h(ic) (!) s(it) t(ibi) t(erra) l(evis)","date_from":null,"date_to":null,"marker_gender":"female","is_individual":false,"edcs_url":"https://edcs.hist.uzh.ch/en/document?edcs-id=EDCS-08800022","persons":[{"nomen":"Valeria","gender":"female","raw_name":"Valeria Sua ula g(ente) Ting(itana)","cognomen":"Suaula","status":"gente Tingitana"}]}},{"type":"Feature","geometry":{"type":"Point","coordinates":[-5.81,35.79]},"properties":{"edcs_id":"EDCS-08800023","findspot":"Tanger / Tangier / Tingis","raw_text":"[Di]s Manibus / [Vale]rii Rohavi vet(erani) an(norum) LXX / [Valerii] Cadami vet(erani) an(norum) LXXX / h(ic) s(iti) s(it) i(llis) t(erra) l(evis) / Valerii [3] Maior [et 3] / [3 E]utych[ian]us lib(erti) et [heredes","date_from":null,"date_to":null,"marker_gender":"male","is_individual":false,"edcs_url":"https://edcs.hist.uzh.ch/en/document?edcs-id=EDCS-08800023","persons":[{"nomen":"Valerius","gender":"male","raw_name":"Valerii Rohavi","cognomen":"Rohavus","status":"veteranus"},{"nomen":"Valerius","gender":"male","raw_name":"Valerii Cadami","cognomen":"Cadamus","status":"veteranus"},{"nomen":"","gender":"unknown","raw_name":"Valerii [3] Maior","cognomen":"Maior"},{"nomen":"","gender":"male","raw_name":"[E]utych[ian]us","cognomen":"Eutychianus","status":"libertus"}]}},{"type":"Feature","geometry":{"type":"Point","coordinates":[-5.81,35.79]},"properties":{"edcs_id":"EDCS-08800024","findspot":"Tanger / Tangier / Tingis","raw_text":"]lius / [Epaph]roditus / vix(it) an(nos) LV / h(ic) s(itus) e(st) s(it) t(ibi) t(erra) l(evis)","date_from":null,"date_to":null,"marker_gender":"male","is_individual":false,"edcs_url":"https://edcs.hist.uzh.ch/en/document?edcs-id=EDCS-08800024","persons":[{"nomen":"","gender":"male","raw_name":"[Epaph]roditus","cognomen":"Epaphroditus"}]}},{"type":"Feature","geometry":{"type":"Point","coordinates":[-5.81,35.79]},"properties":{"edcs_id":"EDCS-08800036","findspot":"Tanger / Tangier / Tingis","raw_text":"] Q(uintus) Fabius O[","date_from":null,"date_to":null,"marker_gender":"male","is_individual":false,"edcs_url":"https://edcs.hist.uzh.ch/en/document?edcs-id=EDCS-08800036","persons":[{"nomen":"Fabius","gender":"male","raw_name":"Q. Fabius O","praenomen":"Quintus"}]}},{"type":"Feature","geometry":null,"properties":{"edcs_id":"EDCS-08800041","findspot":"Jarda","raw_text":"Dis Manibus sacrum Tacneidir Securi filius ex Masaisulis vixit annos XXXXV","date_from":null,"date_to":null,"marker_gender":"male","is_individual":true,"edcs_url":"https://edcs.hist.uzh.ch/en/document?edcs-id=EDCS-08800041","persons":[{"nomen":"","gender":"male","raw_name":"Tacneidir Securi [f(ilius)] ex Masaisulis","cognomen":"Tacneidir Securi","status":"filius ex Masaisulis"}]}},{"type":"Feature","geometry":null,"properties":{"edcs_id":"EDCS-08800042","findspot":"Khmis de l'Anjera","raw_text":"T I A VE II de Valentinianus est","date_from":null,"date_to":null,"marker_gender":"unknown","is_individual":true,"edcs_url":"https://edcs.hist.uzh.ch/en/document?edcs-id=EDCS-08800042","persons":[{"nomen":"","gender":"unknown","raw_name":"T[3]I A[3] VE II"}]}},{"type":"Feature","geometry":null,"properties":{"edcs_id":"EDCS-08800043","findspot":"Feddan Aakaba","raw_text":"Sasrap Dis Manibus","date_from":null,"date_to":null,"marker_gender":"male","is_individual":true,"edcs_url":"https://edcs.hist.uzh.ch/en/document?edcs-id=EDCS-08800043","persons":[{"nomen":"","gender":"male","raw_name":"Sasrap","cognomen":"Sasrap"}]}},{"type":"Feature","geometry":{"type":"Point","coordinates":[-5.5,35.5]},"properties":{"edcs_id":"EDCS-08800044","findspot":"Tamouda / Tamuda","raw_text":"]g() / [stati]m u[t] provinci/[am in]troivit barbaros / [qui T]amudam inrupe/[rant] fugavit et in pacem / [re]stituit / Vic(toriae) Aug(ustae) sacr(um)","date_from":null,"date_to":null,"marker_gender":"unknown","is_individual":true,"edcs_url":"https://edcs.hist.uzh.ch/en/document?edcs-id=EDCS-08800044","persons":[{"nomen":"","gender":"unknown","raw_name":"Aug]ustae","status":"Augusta","is_imperial":true}]}},{"type":"Feature","geometry":{"type":"Point","coordinates":[-5.4,35.55]},"properties":{"edcs_id":"EDCS-08800045","findspot":"Tamouda / Tamuda","raw_text":"D(is) M(anibus) s(acrum) / [3]lius Attian(us) / [ex] Br{e}itonibus / [iuve]ni fidelissimo / [vix(it)] annis XXIIII / [mens]ibus VI die/[bus 3]X hi(c) s(i)t(us) s(it) t(ibi) / t(erra) l(evis)","date_from":null,"date_to":null,"marker_gender":"male","is_individual":false,"edcs_url":"https://edcs.hist.uzh.ch/en/document?edcs-id=EDCS-08800045","persons":[{"nomen":"","gender":"male","raw_name":"[3]lius Attian(us)","cognomen":"Attianus"}]}},{"type":"Feature","geometry":null,"properties":{"edcs_id":"EDCS-08800048","findspot":"?","raw_text":"Iulius Censor carus suis annorum VIII hic situs est sit tibi terra levis","date_from":null,"date_to":null,"marker_gender":"male","is_individual":true,"edcs_url":"https://edcs.hist.uzh.ch/en/document?edcs-id=EDCS-08800048","persons":[{"nomen":"Iulius","gender":"male","raw_name":"Iuli[us] Censor","cognomen":"Censor"}]}},{"type":"Feature","geometry":{"type":"Point","coordinates":[-5.4,35.55]},"properties":{"edcs_id":"EDCS-08800049","findspot":"Tamouda / Tamuda","raw_text":"Dibu(s) Ma(nibus) Iulius / Muntanus / (A)elia Catura / pos(uerunt) tum(u)/lus(!) de f(ilio) / Nileio an(norum) XX/IX","date_from":null,"date_to":null,"marker_gender":"mixed","is_individual":false,"edcs_url":"https://edcs.hist.uzh.ch/en/document?edcs-id=EDCS-08800049","persons":[{"nomen":"Iulius","gender":"male","raw_name":"Iulius Muntanus","cognomen":"Muntanus"},{"nomen":"Aelia","gender":"female","raw_name":"(A)elia Catura","cognomen":"Catura"},{"nomen":"","gender":"male","raw_name":"Nileio","cognomen":"Nileius","status":"filius"}]}},{"type":"Feature","geometry":null,"properties":{"edcs_id":"EDCS-08800050","findspot":"?","raw_text":"ana mater de sua impensa donum dedit","date_from":null,"date_to":null,"marker_gender":"female","is_individual":true,"edcs_url":"https://edcs.hist.uzh.ch/en/document?edcs-id=EDCS-08800050","persons":[{"nomen":"","gender":"female","raw_name":"ana mater","status":"mater"}]}},{"type":"Feature","geometry":{"type":"Point","coordinates":[-6.02,35.27]},"properties":{"edcs_id":"EDCS-08800057","findspot":"Dchar Jedid / Dechra Jdid / Zilil","raw_text":"L(ucius) <G=C>avi/us Pro/culus / an(norum) L h(ic) [e(st)] s(itus)","date_from":null,"date_to":null,"marker_gender":"male","is_individual":false,"edcs_url":"https://edcs.hist.uzh.ch/en/document?edcs-id=EDCS-08800057","persons":[{"nomen":"Gavius","gender":"male","raw_name":"L. <G=C>avi Proculus","praenomen":"Lucius","cognomen":"Proculus"}]}},{"type":"Feature","geometry":{"type":"Point","coordinates":[-6.02,35.27]},"properties":{"edcs_id":"EDCS-08800058","findspot":"Dchar Jedid / Dechra Jdid / Zilil","raw_text":"D(is) M(anibus) s(acrum) / L(ucius) Iul(ius) Lucian/us vix(it) an(nos) V / m(enses) III d(ies) XVI / h(ic) s(itus) e(st) s(it) t(ibi) t(erra) l(evis)","date_from":null,"date_to":null,"marker_gender":"male","is_individual":false,"edcs_url":"https://edcs.hist.uzh.ch/en/document?edcs-id=EDCS-08800058","persons":[{"nomen":"Iulius","gender":"male","raw_name":"L. Iul. Lucianu","praenomen":"Lucius","cognomen":"Lucianus"}]}},{"type":"Feature","geometry":null,"properties":{"edcs_id":"EDCS-08800060","findspot":"Lixus, Ruines de","raw_text":"s Fabiae libertus Atimetus Augustalis ob honorum de sua pecunia dedit dedicavit","date_from":null,"date_to":null,"marker_gender":"male","is_individual":true,"edcs_url":"https://edcs.hist.uzh.ch/en/document?edcs-id=EDCS-08800060","persons":[{"nomen":"Fabia","gender":"male","raw_name":"[3]s Fabiae lib(ertus) A[ti]met[us(?) Au]gust","cognomen":"Atimeus","status":"libertus, Augustalis"}]}},{"type":"Feature","geometry":null,"properties":{"edcs_id":"EDCS-08800065","findspot":"Lixus, Ruines de","raw_text":"onio Marci filio ilio Lix us ponendum curaverunt donum dederunt dedicaverunt","date_from":null,"date_to":null,"marker_gender":"male","is_individual":true,"edcs_url":"https://edcs.hist.uzh.ch/en/document?edcs-id=EDCS-08800065","persons":[{"nomen":"","gender":"male","raw_name":"[3]ilio","cognomen":"Iulius","status":"filius Marci"}]}},{"type":"Feature","geometry":{"type":"Point","coordinates":[-6.12,34.6]},"properties":{"edcs_id":"EDCS-08800070","findspot":"Sidi Ali bou Jenoun / Sidi Ali bou Djenoun / Banasa","raw_text":"Genio / C(aius) Val(erius) / Pater/nus |(centurio) / leg(ionis) V M(acedonicae) / v(otum) l(ibens) m(erito) s(olvit)","date_from":null,"date_to":null,"marker_gender":"male","is_individual":false,"edcs_url":"https://edcs.hist.uzh.ch/en/document?edcs-id=EDCS-08800070","persons":[{"nomen":"Valerius","gender":"male","raw_name":"C(aius) Val(erius)   Pater nus |(centurio)","praenomen":"Gaius","cognomen":"Paternus","status":"centurio legionis V Macedonicae"}]}},{"type":"Feature","geometry":{"type":"Point","coordinates":[-6.12,34.6]},"properties":{"edcs_id":"EDCS-08800071","findspot":"Sidi Ali bou Jenoun / Sidi Ali bou Djenoun / Banasa","raw_text":"Isidi Aug(ustae) sacrum / L(ucius) Antonius Cha/rito L(uci) Antoni / Valentis lib(ertus) ob / honorem IIIIIIviratus d(onum) d(edit) d(e)d(icavit?)","date_from":null,"date_to":null,"marker_gender":"male","is_individual":false,"edcs_url":"https://edcs.hist.uzh.ch/en/document?edcs-id=EDCS-08800071","persons":[{"nomen":"Antonius","gender":"male","raw_name":"L(ucius) Antonius Cha rito L(uci) Antoni   Valentis lib(ertus)","praenomen":"Lucius","cognomen":"Charito","status":"libertus L(uci) Antoni Valentis, ob honorem IIIIIIviratus"}]}},{"type":"Feature","geometry":{"type":"Point","coordinates":[-6.12,34.6]},"properties":{"edcs_id":"EDCS-08800072","findspot":"Sidi Ali bou Jenoun / Sidi Ali bou Djenoun / Banasa","raw_text":"Iunoni / Aug(ustae) / ob honorem Pompei/{i}ae Valerinae filiae / Marcus Pompeius / Saturninus et / Valeria Fortuna/ta parentes posuerunt","date_from":null,"date_to":null,"marker_gender":"mixed","is_individual":false,"edcs_url":"https://edcs.hist.uzh.ch/en/document?edcs-id=EDCS-08800072","persons":[{"nomen":"Pompeius","gender":"male","raw_name":"Marcus Pompeius   Saturninus","praenomen":"Marcus","cognomen":"Saturninus","status":"parens"},{"nomen":"Valeria","gender":"female","raw_name":"Valeria Fortuna ta","cognomen":"Fortunata","status":"parens"}]}},{"type":"Feature","geometry":{"type":"Point","coordinates":[-6.12,34.6]},"properties":{"edcs_id":"EDCS-08800073","findspot":"Sidi Ali bou Jenoun / Sidi Ali bou Djenoun / Banasa","raw_text":"Minervae Aug(ustae) sacr(um) / M(arcus) Te/rent(ius) Primulus / Terent(iae) Marcianae / liber/tus ob honorem IIIIIIvir(atus) / d(e)d(icavit) d(e) p(roprio) d(edit)","date_from":null,"date_to":null,"marker_gender":"male","is_individual":false,"edcs_url":"https://edcs.hist.uzh.ch/en/document?edcs-id=EDCS-08800073","persons":[{"nomen":"Terentius","gender":"male","raw_name":"M(arcus) Te rent(ius) Primulus   Terent(iae) Marcianae   liber tus","cognomen":"Primulus","status":"libertus Terentiae Marcianae, ob honorem IIIIIIvir(atus)"}]}},{"type":"Feature","geometry":{"type":"Point","coordinates":[-6.12,34.6]},"properties":{"edcs_id":"EDCS-08800076","findspot":"Sidi Ali bou Jenoun / Sidi Ali bou Djenoun / Banasa","raw_text":"Ner]va T[raianus(?)","date_from":null,"date_to":null,"marker_gender":"male","is_individual":false,"edcs_url":"https://edcs.hist.uzh.ch/en/document?edcs-id=EDCS-08800076","persons":[{"nomen":"Nerva","gender":"male","raw_name":"Ner]va T[raianus(?)","cognomen":"Traianus"}]}},{"type":"Feature","geometry":{"type":"Point","coordinates":[-6.12,34.6]},"properties":{"edcs_id":"EDCS-08800078","findspot":"Sidi Ali bou Jenoun / Sidi Ali bou Djenoun / Banasa","raw_text":"Pro salute / Imp(eratoris) Caes(aris) Titi Aeli Hadrian[i Antonini] / Aug(usti) Pii p(atris) p(atriae) templum Matri deum [3] / ex decreto ordinis Tib(eri) Claudi Iu/lianus et Saturninus du(u)mviri / fratres a solo faciendum / curaverunt","date_from":null,"date_to":null,"marker_gender":"male","is_individual":false,"edcs_url":"https://edcs.hist.uzh.ch/en/document?edcs-id=EDCS-08800078","persons":[{"nomen":"","gender":"male","raw_name":"Imp(eratoris) Caes(aris) T. Aeli Hadrian[i Antonini] Aug(usti) Pii p(atris) p(atriae)","cognomen":"Antoninus","status":"Imperator Caesar, Pius, Pater Patriae","is_imperial":true,"cluster_id":573,"cluster_size":5,"cluster_confidence":"low"},{"nomen":"Iulianus","gender":"male","raw_name":"Iu lianus","status":"duumvir"},{"nomen":"","gender":"male","raw_name":"Saturninus","cognomen":"Saturninus","status":"duumvir, frater","cluster_id":523,"cluster_size":3,"cluster_confidence":"low"}]}},{"type":"Feature","geometry":{"type":"Point","coordinates":[-6.12,34.6]},"properties":{"edcs_id":"EDCS-08800079","findspot":"Sidi Ali bou Jenoun / Sidi Ali bou Djenoun / Banasa","raw_text":"Exemplum epistulae Imperatorum nostrorum An[toni]ni et Veri Augustorum ad Coiiedium Maximum / li{i}bellum Iuliani Zegrensis litteris tuis iunctum legimus et / quamquam civitas Romana non nisi maximis meritis pro/vocata in[dul]gentia principali gentilibus istis dari solita sit / tamen cum eum adfirmes et de primoribus esse popularium / suorum et nostris rebus prom(p)to obsequio fidissimum nec / multas familias arbitraremur apu<d=T> Zegrenses paria pos/s[e] de officis suis praedicare quamquam plurimos cupiamus ho/nore a nobis in istam domum conlato ad aemulationem Iuli/ani excitari non cunctamur et ipsi Ziddinae uxori item / liberis Iuliano Maximo Maximino Diogeniano civitatem / Romanam salvo iure gentis dare / exemplum epistulae Imperatorum Antonini et Commodi Augg(ustorum) / ad Vallium Maximianum / legimus libellum principis gentium Zegrensium animadverti/musq(ue) quali favore Epidi Quadrati praecessoris tui iuvetur pro/inde et illius testimonio et ipsius meritis et exemplis quae / allegat permoti uxori filiisq(ue) eius civitatem Romanam sal/vo iure gentis dedimus quod [ut] in commentarios nostros referri / possit explora quae cui{i}usq(ue) aeta{ti}s sit et scribe nobis / descriptum et recognitum ex commentario civitate Romana / donatorum divi Aug(usti) et Ti(beri) Caesaris Aug(usti) et C(ai) Caesaris et divi Claudi / et Neronis et Galbae et divorum Aug(ustorum) Vespasiani et Titi et Caesaris / Domitiani et divorum Aug(ustorum) Ner[v]ae et Trai{i}ani Parthici et Trai{i}ani / Hadriani et Hadriani Antonini Pii et Veri Germanici Medici / Parthici maximi et Imp(eratoris) Caesaris M(arci) Aureli Antonini Aug(usti) Germa/nici Sarmatici et Imp(eratoris) Caesaris L(uci) Aureli Commodi Aug(usti) Germanici Sar/matici quem protulit Asclepiodotus lib(ertus) id quod i(nfra) s(criptum) est / Imp(eratore) Caesare L(ucio) Aurelio Commodo Aug(usto) et M(arco) Plautio Quintilio co(n)s(ulibus) / pr(idie) Non(as) Iul(ias) Romae / Faggura uxor Iuliani principis gentis Zegrensium ann(orum) XXII / Iuliana ann(orum) VIII Maxima ann(orum) IIII Iulianus ann(orum) III Diogenia/nus ann(orum) II liberi Iuliani s(upra) s(cripti) / rog(atu) Aureli Iuliani principis Zegrensium per libellum suffra/gante Vallio Maximiano per epistulam his civitatem Romanam de/dimus salvo iure gentis sine diminutione tributorum et vect[i]gali/um populi et fisci / actum eodem die ibi isdem co(n)s(ulibus) / Asclepiodotus lib(ertus) recognovi / signaverunt / M(arcus) Gav[i]us M(arci) f(ilius) Pob(lilia) Squilla Ga[l]licanus / [M(anius)] Acilius [M(ani)] f(ilius) Gal(eria) Glabrio / T(itus) Sextius T(iti) f(ilius) Vo[t(uria)] Lateranus / C(aius) Septimius C(ai) f(ilius) Qui(rina) Severus / P(ublius) Iulius C(ai) f(ilius) Ser(gia) Scapula Tertul[l]us / T(itus) Varius T(iti) f(ilius) Cla(udia) Clemens / M(arcus) Bassaeus M(arci) f(ilius) Stel(latina) Rufus / P(ublius) Taruttienus P(ubli) f(ilius) Pob(lilia) Paternus / [[[Sex(tus) Tigidius 1 f(ilius) 3 Perennis]]] / Q(uintus) Cervidius Q(uinti) f(ilius) Arn(ensi) Scaevola / Q(uintus) Larcius Q(uinti) f(ilius) Qui(rina) Euripianus / T(itus) Fl(avius) T(iti) f(ilius) Pal(atina) Piso","date_from":null,"date_to":null,"marker_gender":"mixed","is_individual":false,"edcs_url":"https://edcs.hist.uzh.ch/en/document?edcs-id=EDCS-08800079","persons":[{"nomen":"","gender":"male","raw_name":"An[toni]ni","cognomen":"Antoninus","status":"Imperator Caesar Augustus","is_imperial":true,"cluster_id":573,"cluster_size":5,"cluster_confidence":"low"},{"nomen":"","gender":"male","raw_name":"Veri","cognomen":"Verus","status":"Augustus","is_imperial":true,"cluster_id":574,"cluster_size":2,"cluster_confidence":"low"},{"nomen":"Iulianus","gender":"male","raw_name":"Iuliani Zegrensis","status":"princeps gentis Zegrensium"},{"nomen":"","gender":"male","raw_name":"Commodi","cognomen":"Commodus","status":"Augustus","is_imperial":true,"cluster_id":575,"cluster_size":2,"cluster_confidence":"low"},{"nomen":"","gender":"male","raw_name":"Antonini","cognomen":"Antoninus","status":"Augustus","is_imperial":true,"cluster_id":573,"cluster_size":5,"cluster_confidence":"low"},{"nomen":"","gender":"male","raw_name":"Veri","cognomen":"Verus","status":"Augustus","is_imperial":true,"cluster_id":574,"cluster_size":2,"cluster_confidence":"low"},{"nomen":"","gender":"male","raw_name":"Antonini","cognomen":"Antoninus","status":"Augustus","is_imperial":true,"cluster_id":573,"cluster_size":5,"cluster_confidence":"low"},{"nomen":"","gender":"male","raw_name":"Commodi","cognomen":"Commodus","status":"Augustus","is_imperial":true,"cluster_id":575,"cluster_size":2,"cluster_confidence":"low"},{"nomen":"","gender":"female","raw_name":"Faggura","cognomen":"Faggura","status":"uxor Iuliani principis gentis Zegrensium"},{"nomen":"Iulianus","gender":"male","raw_name":"Iuliano","status":"liberus Iuliani s(upra) s(cripti)"},{"nomen":"","gender":"male","raw_name":"Maximo","cognomen":"Maximus","status":"liberus Iuliani s(upra) s(cripti)"},{"nomen":"","gender":"male","raw_name":"Diogeniano","cognomen":"Diogenianus","status":"liberus Iuliani s(upra) s(cripti)","cluster_id":578,"cluster_size":2,"cluster_confidence":"low"},{"nomen":"","gender":"female","raw_name":"Iuliana","cognomen":"Iuliana","status":"libera Iuliani s(upra) s(cripti)"},{"nomen":"","gender":"female","raw_name":"Maxima","cognomen":"Maxima","status":"libera Iuliani s(upra) s(cripti)"},{"nomen":"Iulianus","gender":"male","raw_name":"Iulianus","status":"liberus Iuliani s(upra) s(cripti)"},{"nomen":"","gender":"male","raw_name":"Diogenianus","cognomen":"Diogenianus","status":"liberus Iuliani s(upra) s(cripti)","cluster_id":578,"cluster_size":2,"cluster_confidence":"low"},{"nomen":"","gender":"male","raw_name":"Iuliani","cognomen":"Iulianus","status":"princeps Zegrensium"},{"nomen":"","gender":"male","raw_name":"Maximiano","cognomen":"Maximianus"},{"nomen":"","gender":"male","raw_name":"Asclepiodotus","cognomen":"Asclepiodotus","status":"libertus"},{"nomen":"Gavius","gender":"male","raw_name":"M. Gav[i]us M. f. Pob. Squilla Ga[l]licanus","praenomen":"Marcus","cognomen":"Squilla Gallicanus"},{"nomen":"Acilius","gender":"male","raw_name":"[Manius] Acilius [M. ani] f. Gal. Glabrio","praenomen":"Manius","cognomen":"Glabrio"},{"nomen":"Sextius","gender":"male","raw_name":"T. Sextius T. f. Vo[t(uria)] Lateranus","praenomen":"Titus","cognomen":"Lateranus"},{"nomen":"Septimius","gender":"male","raw_name":"C. Septimius C. f. Qui. Severus","praenomen":"Gaius","cognomen":"Severus","is_imperial":true},{"nomen":"Iulius","gender":"male","raw_name":"P. Iulius C. f. Ser. Scapula Tertul[l]us","praenomen":"Publius","cognomen":"Scapula Tertullus"},{"nomen":"Varius","gender":"male","raw_name":"T. Fl. T. f. Cla. Clemens","praenomen":"Titus","cognomen":"Clemens"},{"nomen":"Bassaeus","gender":"male","raw_name":"M. Bassaeus M. f. Stel. Rufus","praenomen":"Marcus","cognomen":"Rufus"},{"nomen":"Taruttienus","gender":"male","raw_name":"P. Taruttienus P. f. Pob. Paternus","praenomen":"Publius","cognomen":"Paternus"},{"nomen":"Tigidius","gender":"male","raw_name":"[[Sex. Tigidius 1 f. 3 Perennis]]","cognomen":"Perennis","is_imperial":true},{"nomen":"Cervidius","gender":"male","raw_name":"Q. Cervidius Q. f. Arn. Scaevola","praenomen":"Quintus","cognomen":"Scaevola"},{"nomen":"Larcius","gender":"male","raw_name":"Q. Larcius Q. f. Qui. Euripianus","praenomen":"Quintus","cognomen":"Euripianus"},{"nomen":"Flavius","gender":"male","raw_name":"T. Fl. T. f. Pal. Piso","praenomen":"Titus","cognomen":"Piso"}]}},{"type":"Feature","geometry":{"type":"Point","coordinates":[-6.12,34.6]},"properties":{"edcs_id":"EDCS-08800084","findspot":"Sidi Ali bou Jenoun / Sidi Ali bou Djenoun / Banasa","raw_text":"[Imp(erator) Caes(ar) divi Severi Pii Arab(ici) Adiab(enici) Parth(ici) max(imi) Brit(annici) max(imi) filius divi M(arci) Antonini Germ(anici) Sarm(atici) nepos divi Antonini Pii pronepos] / [divi H]adria[ni adnepos divi Traiani Parth(ici) et di]v[i] Nervae adnepos / Marcus Aurelius Antoninus Pius Aug(ustus) Part(hicus) max(imus) / Brit(annicus) max(imus) Germ(anicus) max(imus) pont(ifex) max(imus) trib(uniciae) potestatis / XVIIII imp(erator) III co(n)s(ul) IIII p(ater) p(atriae) proco(n)s(ul) dicit / obsequium et fidem vestram remunerans omnia quaecumque sunt debita fis/calia frumentaria sive pecuniaria pendentium quoque causarum concedo / vobis exceptis de quibus pronuntiatum est provocatione non secuta et hoc / amplius eas quoq(ue) causas at beneficium meum profiteor ipse pertinere in qui/bus appellationem interpositam probatum fuerit etiam si non sit admissa / certum habens quod indulgentiam meam obsequio sitis remuneraturi cum / vicor(um) et provinciarum bene de re p(ublica) merentium non tantum viris fortibus / in omni ordine spectatissimis castrensium adque civilium officiorum ve/rum etiam silvis quoque ipsis caelestium fertilibus animalium meritum / aput me conlocaveritis hoc beneficio meo praesumo omnes de cetero an/nuas pensitationes sive in frumento seu in pecunia eo promptius datu/ros quo me reputabitis non expectasse quin ultro offerrem neque petenti/bus vobis neque sperantibus nova remedia et magnificam indulgentiam / curantibus L(ucio) Ant(onio) Sosibiano et Aulo Pompeio Cassiano / d(u)umviris","date_from":null,"date_to":null,"marker_gender":"male","is_individual":false,"edcs_url":"https://edcs.hist.uzh.ch/en/document?edcs-id=EDCS-08800084","persons":[{"nomen":"","gender":"male","raw_name":"[Imp(erator) Caes(ar) divi Severi Pii Arab(ici) Adiab(enici) Parth(ici) max(imi) Brit(annici) max(imi) filius divi M(arci) Antonini Germ(anici) Sarm(atici) nepos divi Antonini Pii pronepos]   [divi H]adria[ni adnepos divi Traiani Parth(ici) et di]v[i] Nervae adnepos","cognomen":"Severus","status":"Imperator Caesar, divi, Pius, Arabicus, Adiabenicus, Parthicus maximus, Britannicus maximus, nepos, pronepos, adnepos, adnepos","is_imperial":true},{"nomen":"Aurelius","gender":"male","raw_name":"Marcus Aurelius Antoninus Pius Aug(ustus) Part(hicus) max(imus) Brit(annicus) max(imus) Germ(anicus) max(imus) pont(ifex) max(imus) trib(uniciae) potestatis   XVIIII imp(erator) III co(n)s(ul) IIII p(ater) p(atriae) proco(n)s(ul)","praenomen":"Marcus","cognomen":"Antoninus Pius","status":"Augustus, Part(hicus) max(imus), Brit(annicus) max(imus), Germ(anicus) max(imus), pont(ifex) max(imus), trib(uniciae) potestatis XVIIII, imperator III, consul IIII, pater patriae, proconsul","is_imperial":true,"cluster_id":94,"cluster_size":4},{"nomen":"Antonius","gender":"male","raw_name":"L. Ant(onio) Sosibiano","praenomen":"Lucius","cognomen":"Sosibianus","status":"duumvir"},{"nomen":"Pompeius","gender":"male","raw_name":"Aulo Pompeio Cassiano","praenomen":"Aulus","cognomen":"Cassianus","status":"duumvir"}]}},{"type":"Feature","geometry":{"type":"Point","coordinates":[-6.12,34.6]},"properties":{"edcs_id":"EDCS-08800086","findspot":"Sidi Ali bou Jenoun / Sidi Ali bou Djenoun / Banasa","raw_text":"Imp(eratori) Caesar(i) {M} / M(arco) Aurelio Antonin[o] / [","date_from":null,"date_to":null,"marker_gender":"male","is_individual":false,"edcs_url":"https://edcs.hist.uzh.ch/en/document?edcs-id=EDCS-08800086","persons":[{"nomen":"Aurelius","gender":"male","raw_name":"Imp(eratori) Caesar(i) {M}   M. Aurelio Antonin[o]","praenomen":"Marcus","cognomen":"Antoninus","status":"Imperator Caesar","is_imperial":true,"cluster_id":94,"cluster_size":4}]}},{"type":"Feature","geometry":{"type":"Point","coordinates":[-6.12,34.6]},"properties":{"edcs_id":"EDCS-08800088","findspot":"Sidi Ali bou Jenoun / Sidi Ali bou Djenoun / Banasa","raw_text":"Imp(eratori) Caes(ari) / M(arco) Aur(elio) C/[arin]o(?) / Pio Fel(ici) Invicto / Aug(usto) pont(ifici) / maximo [tribun(iciae)] / potestatis [3] / co(n)s(uli) proc[o(n)s(uli)] / res publ(ica) Banasit(ana) / devota Numini ma/iestatiq(ue) [eius]","date_from":null,"date_to":null,"marker_gender":"male","is_individual":false,"edcs_url":"https://edcs.hist.uzh.ch/en/document?edcs-id=EDCS-08800088","persons":[{"nomen":"","gender":"male","raw_name":"Imp(eratori) Caes(ari)   M(arco) Aur(elio) C [arin]o(?) Pio Fel(ici) Invicto Aug(usto) pont(ifici)   maximo [tribun(iciae)]   potestatis [3]   co(n)s(uli) proc[o(n)s(uli)]","cognomen":"Carinus","status":"Imperator Caesar, Pius, Felix, Invictus, pontifex maximus, tribun(iciae) potestatis, consul, proconsul","is_imperial":true}]}},{"type":"Feature","geometry":{"type":"Point","coordinates":[-6.12,34.6]},"properties":{"edcs_id":"EDCS-08800090","findspot":"Sidi Ali bou Jenoun / Sidi Ali bou Djenoun / Banasa","raw_text":"Ulpiae Seve/rinae Aug(ustae) / coniugi / Imp(eratoris) Caes(aris) L(uci) Dom(iti) / Aureliani P(ii) F(elicis) / Aug(usti) / res p(ublica) Banasit(anorum) / devota Nu/mini maies/tatiq(ue) eorum / pos(uit)","date_from":null,"date_to":null,"marker_gender":"mixed","is_individual":false,"edcs_url":"https://edcs.hist.uzh.ch/en/document?edcs-id=EDCS-08800090","persons":[{"nomen":"Ulpia","gender":"female","raw_name":"Ulpiae Seve rinae Aug(ustae)","cognomen":"Severina","status":"Augusta, coniugi, devota Numini maiestatique eius","is_imperial":true},{"nomen":"Domitius","gender":"male","raw_name":"Imp(eratoris) Caes(aris) L. Dom(iti)   Aureliani P(ii) F(elicis)   Aug(usti)","praenomen":"Lucius","cognomen":"Aurelianus","status":"Imperator Caesar, Pius, Felix, Augustus, devota Numini maiestatique eius","is_imperial":true}]}},{"type":"Feature","geometry":{"type":"Point","coordinates":[-6.12,34.6]},"properties":{"edcs_id":"EDCS-08800092","findspot":"Sidi Ali bou Jenoun / Sidi Ali bou Djenoun / Banasa","raw_text":"]CILIOIIS[3] / [3 F]l(avius) Ingenia[nus] / [v(ir)] e(gregius) proc(urator?) [3] / devotus Nu/[min]i mai{i}estati/[que e]ius","date_from":null,"date_to":null,"marker_gender":"male","is_individual":false,"edcs_url":"https://edcs.hist.uzh.ch/en/document?edcs-id=EDCS-08800092","persons":[{"nomen":"Flavius","gender":"male","raw_name":"[3 F]l(avius) Ingenia[nus] [v. e. proc.?","cognomen":"Ingeniannus","status":"vir egregius, procurator"},{"nomen":"","gender":"unknown","raw_name":"devotus Nu [min]i mai{i}estati [que e]ius","status":"devotus Numini maiestatique eius"}]}},{"type":"Feature","geometry":{"type":"Point","coordinates":[-6.12,34.6]},"properties":{"edcs_id":"EDCS-08800093","findspot":"Sidi Ali bou Jenoun / Sidi Ali bou Djenoun / Banasa","raw_text":"Invi]cto [3] / [3 po]nt(ifici) m[ax(imo)","date_from":null,"date_to":null,"marker_gender":"unknown","is_individual":false,"edcs_url":"https://edcs.hist.uzh.ch/en/document?edcs-id=EDCS-08800093","persons":[{"nomen":"","gender":"unknown","raw_name":"Invi]cto [3]   [3 po]nt(ifici) m[ax(imo)","status":"Invictus, pontifex maximus"}]}},{"type":"Feature","geometry":{"type":"Point","coordinates":[-6.12,34.6]},"properties":{"edcs_id":"EDCS-08800094","findspot":"Sidi Ali bou Jenoun / Sidi Ali bou Djenoun / Banasa","raw_text":"] div[i 3] / [3] Aug(usto) [","date_from":null,"date_to":null,"marker_gender":"unknown","is_individual":false,"edcs_url":"https://edcs.hist.uzh.ch/en/document?edcs-id=EDCS-08800094","persons":[{"nomen":"","gender":"unknown","raw_name":"] div[i 3]   [3] Aug(usto) [","status":"Augustus","is_imperial":true}]}},{"type":"Feature","geometry":{"type":"Point","coordinates":[-6.12,34.6]},"properties":{"edcs_id":"EDCS-08800095","findspot":"Sidi Ali bou Jenoun / Sidi Ali bou Djenoun / Banasa","raw_text":"] fil(io?) [","date_from":null,"date_to":null,"marker_gender":"unknown","is_individual":false,"edcs_url":"https://edcs.hist.uzh.ch/en/document?edcs-id=EDCS-08800095","persons":[{"nomen":"","gender":"unknown","raw_name":"] fil(io?) [","status":"filius"}]}},{"type":"Feature","geometry":{"type":"Point","coordinates":[-6.12,34.6]},"properties":{"edcs_id":"EDCS-08800099","findspot":"Sidi Ali bou Jenoun / Sidi Ali bou Djenoun / Banasa","raw_text":"Imp(eratori?) [","date_from":null,"date_to":null,"marker_gender":"unknown","is_individual":false,"edcs_url":"https://edcs.hist.uzh.ch/en/document?edcs-id=EDCS-08800099","persons":[{"nomen":"","gender":"unknown","raw_name":"Imp(eratori?) [","status":"Imperator","is_imperial":true}]}},{"type":"Feature","geometry":{"type":"Point","coordinates":[-6.12,34.6]},"properties":{"edcs_id":"EDCS-08800102","findspot":"Sidi Ali bou Jenoun / Sidi Ali bou Djenoun / Banasa","raw_text":"pr]oco(n)s[ul(?)","date_from":null,"date_to":null,"marker_gender":"unknown","is_individual":false,"edcs_url":"https://edcs.hist.uzh.ch/en/document?edcs-id=EDCS-08800102","persons":[{"nomen":"","gender":"unknown","raw_name":"]rOCOnS[ul(?)","status":"proconsul"}]}},{"type":"Feature","geometry":{"type":"Point","coordinates":[-6.12,34.6]},"properties":{"edcs_id":"EDCS-08800103","findspot":"Sidi Ali bou Jenoun / Sidi Ali bou Djenoun / Banasa","raw_text":"] Par[thico(?)","date_from":null,"date_to":null,"marker_gender":"unknown","is_individual":false,"edcs_url":"https://edcs.hist.uzh.ch/en/document?edcs-id=EDCS-08800103","persons":[{"nomen":"","gender":"unknown","raw_name":"] Par[thico(?)","cognomen":"Parthicus"}]}},{"type":"Feature","geometry":{"type":"Point","coordinates":[-6.12,34.6]},"properties":{"edcs_id":"EDCS-08800104","findspot":"Sidi Ali bou Jenoun / Sidi Ali bou Djenoun / Banasa","raw_text":"] Pii Pe[rtinacis","date_from":null,"date_to":null,"marker_gender":"unknown","is_individual":false,"edcs_url":"https://edcs.hist.uzh.ch/en/document?edcs-id=EDCS-08800104","persons":[{"nomen":"","gender":"unknown","raw_name":"] Pii Pe[rtinacis","cognomen":"Pius Pertinax","cluster_confidence":"excluded"}]}},{"type":"Feature","geometry":{"type":"Point","coordinates":[-6.12,34.6]},"properties":{"edcs_id":"EDCS-08800109","findspot":"Sidi Ali bou Jenoun / Sidi Ali bou Djenoun / Banasa","raw_text":"Q(uinto) Iunio Rustico II L(ucio) Titio Plautio Aquilino co(n)s(ulibus) / Kal(endis) Februari(i)s / Aurelii Banasitani ex decreto splendidissi/mi ordinis Q(uintum) Claudium Ferocem Q(uinti) / filium Aeronium Montanum patronum / sibi liberisque ac posteris suis cooptaverunt / Q(uintus) Claudius Ferox Q(uinti) fil(ius) Aeronius Montanus i<d=T> / patrocinium in se recepit egerunt legati / M(arcus) Domitius Tingitanus IIvir Sex(tus) Saen(ius) Caecilianus / L(ucius) Flavius Saturninus Dec(imus) Iuvent(ius) Saturninus / Q(uintus) Iulius Martialis","date_from":null,"date_to":null,"marker_gender":"male","is_individual":false,"edcs_url":"https://edcs.hist.uzh.ch/en/document?edcs-id=EDCS-08800109","persons":[{"nomen":"Claudius","gender":"male","raw_name":"Q(uinti) filium Aeronium Montanum","praenomen":"Quintus","cognomen":"Aeronius Montanus","status":"filius Quinti, patronus"},{"nomen":"Domitius","gender":"male","raw_name":"M. Domitius Tingitanus","praenomen":"Marcus","cognomen":"Tingitanus","status":"IIvir"},{"nomen":"Saenius","gender":"male","raw_name":"Sex. Saen. Caecilianus","praenomen":"Sextus","cognomen":"Caecilianus","status":"IIvir"},{"nomen":"Flavius","gender":"male","raw_name":"L. Flavius Saturninus","praenomen":"Lucius","cognomen":"Saturninus"},{"nomen":"Juventius","gender":"male","raw_name":"Dec. Iuvent. Saturninus","praenomen":"Decimus","cognomen":"Saturninus"},{"nomen":"Iulius","gender":"male","raw_name":"Q. Iulius Martialis","praenomen":"Quintus","cognomen":"Martialis"}]}},{"type":"Feature","geometry":{"type":"Point","coordinates":[-6.12,34.6]},"properties":{"edcs_id":"EDCS-08800110","findspot":"Sidi Ali bou Jenoun / Sidi Ali bou Djenoun / Banasa","raw_text":"Imp(eratore) Caesare Vespasiano / Aug(usto) VI T(ito) Imp(eratore) Aug(usti) f(ilio) IIII co(n)s(ulibus) / Sex(tum) Sentium Sex(ti) f(ilium) Quir(ina) Caecilianum / leg(atum) Aug(usti) pro pr(aetore) ordinandae utri/usq(e) Mauretaniae co(n)s(ulem) desig(natum) / coloni coloniae Iuliae Valenti/ae Banasae ex provincia nova / Mauretania Africa sibi liberis / posterisque eorum patronum / cooptaverunt / Sex(tus) Sentius Sex(ti) f(ilius) Quir(ina) Caecilianus / leg(atus) Aug(usti) pro pr(aetore) ordinandae utri/usque Mauretaniae co(n)s(ul) desig(natus) / colonos coloniae Iuliae Valen/tiae Banasae ex provincia no/va Mauretania ipsos liberos / posterosq(ue) eorum in fidem cli/entelamque suam suorumq(ue) / recipit egerunt legati / L(ucius) Caecilius Q(uinti) f(ilius) Fab(ia) Calvus / L(ucius) Sallustius L(uci) f(ilius) Fab(ia) Senex f(ilius)","date_from":null,"date_to":null,"marker_gender":"male","is_individual":false,"edcs_url":"https://edcs.hist.uzh.ch/en/document?edcs-id=EDCS-08800110","persons":[{"nomen":"Sentius","gender":"male","raw_name":"Sex. Sentium Sex. f. Quir. Caecilianum","praenomen":"Sextus","cognomen":"Caecilianus","status":"filius Sexti, legatus Augusti pro praetore, consul designatus"},{"nomen":"Caecilius","gender":"male","raw_name":"L. Caecilius Q. f. Fab. Calvus","praenomen":"Lucius","cognomen":"Calvus","status":"filius Quinti, tribus Fabia"},{"nomen":"Sallustius","gender":"male","raw_name":"L. Sallustius L. f. Fab. Senex","praenomen":"Lucius","cognomen":"Senex","status":"filius Lucii, tribus Fabia"}]}},{"type":"Feature","geometry":{"type":"Point","coordinates":[-6.12,34.6]},"properties":{"edcs_id":"EDCS-08800112","findspot":"Sidi Ali bou Jenoun / Sidi Ali bou Djenoun / Banasa","raw_text":"] L(ucius) Labienus L(uci) f(ilius) Pol(lia) [3] colonos / coloniae Iuliae Valentiae Banasae / ipsos liberos pos[teros]que eorum / in fidem clientelamque suam / liberorum posterorumque / suorum recepit / egerunt legati / C(aius) Iulius Senis f(ilius) Fab(ia) Rogatus / C(aius) Pomponius P(ubli) f(ilius) Fab(ia) Masculus","date_from":null,"date_to":null,"marker_gender":"male","is_individual":false,"edcs_url":"https://edcs.hist.uzh.ch/en/document?edcs-id=EDCS-08800112","persons":[{"nomen":"Labienus","gender":"male","raw_name":"L. Labienus L. f. Pol. [3]","praenomen":"Lucius","status":"filius Lucii, tribus Pollia"},{"nomen":"Iulius","gender":"male","raw_name":"C. Iulius Senis f. Fab. Rogatus","praenomen":"Gaius","cognomen":"Rogatus","status":"filius Senis, tribus Fabia"},{"nomen":"Pomponius","gender":"male","raw_name":"C. Pomponius P. f. Fab. Masculus","praenomen":"Gaius","cognomen":"Masculus","status":"filius Publi, tribus Fabia"}]}},{"type":"Feature","geometry":{"type":"Point","coordinates":[-6.12,34.6]},"properties":{"edcs_id":"EDCS-08800114","findspot":"Sidi Ali bou Jenoun / Sidi Ali bou Djenoun / Banasa","raw_text":"] Ael[ius 3] / [3 lib]ertus Seimo / ob hon(orem) VI(viratus) d(onum) d(edit) d(edicavit)","date_from":null,"date_to":null,"marker_gender":"unknown","is_individual":false,"edcs_url":"https://edcs.hist.uzh.ch/en/document?edcs-id=EDCS-08800114","persons":[{"nomen":"Aelius","gender":"unknown","raw_name":"Ael[ius 3] libertus Seimo","status":"libertus Seimo"}]}},{"type":"Feature","geometry":{"type":"Point","coordinates":[-6.12,34.6]},"properties":{"edcs_id":"EDCS-08800115","findspot":"Sidi Ali bou Jenoun / Sidi Ali bou Djenoun / Banasa","raw_text":"Caeciliae L(uci) fil(iae) / Macrinae Libonis / uxori flaminicae / Ulpia C(ai) fil(ia) Modesta / matri piissimae / posuit","date_from":null,"date_to":null,"marker_gender":"female","is_individual":false,"edcs_url":"https://edcs.hist.uzh.ch/en/document?edcs-id=EDCS-08800115","persons":[{"nomen":"Caecilia","gender":"female","raw_name":"Caeciliae L. fil. Macrinae","cognomen":"Macrina","status":"filia Lucii, uxor, flaminica"},{"nomen":"Ulpia","gender":"female","raw_name":"Ulpia C. fil. Modesta","praenomen":"Gaius","cognomen":"Modesta","status":"filia Cai"}]}},{"type":"Feature","geometry":{"type":"Point","coordinates":[-6.12,34.6]},"properties":{"edcs_id":"EDCS-08800116","findspot":"Sidi Ali bou Jenoun / Sidi Ali bou Djenoun / Banasa","raw_text":"L(ucio) Egnatio L(uci) f(ilio) / Fab(ia) Octavian(o) / huic res p(ublica) Ban[as]it(anorum) / laudationem publ(icam) / et locum in foro d(ecrevit) / Aurelia Secunda / mater honore usa / filio pi{i}entiss[imo] [st]atuam eques[trem] / [p]osuit","date_from":null,"date_to":null,"marker_gender":"mixed","is_individual":false,"edcs_url":"https://edcs.hist.uzh.ch/en/document?edcs-id=EDCS-08800116","persons":[{"nomen":"Egnatius","gender":"male","raw_name":"L. Egnatio L. f. Fab. Octavian(o)","praenomen":"Lucius","cognomen":"Octavianus","status":"filius Lucii, tribus Fabia"},{"nomen":"Aurelia","gender":"female","raw_name":"Aurelia Secunda","cognomen":"Secunda","status":"mater, usa honore"}]}},{"type":"Feature","geometry":{"type":"Point","coordinates":[-6.12,34.6]},"properties":{"edcs_id":"EDCS-08800117","findspot":"Sidi Ali bou Jenoun / Sidi Ali bou Djenoun / Banasa","raw_text":"Pacatus / et Val(eria) M(arci) fil(ia) Sa[3]/na mater honore usi / fil(io) piissimo d(e) s(uo) posuer(nt)","date_from":null,"date_to":null,"marker_gender":"mixed","is_individual":false,"edcs_url":"https://edcs.hist.uzh.ch/en/document?edcs-id=EDCS-08800117","persons":[{"nomen":"","gender":"male","raw_name":"Pacatus","cognomen":"Pacatus"},{"nomen":"Valeria","gender":"female","raw_name":"Val. M. fil. Sa[3]na","praenomen":"Marcus","cognomen":"Sana","status":"filia Marci, mater"}]}},{"type":"Feature","geometry":{"type":"Point","coordinates":[-6.12,34.6]},"properties":{"edcs_id":"EDCS-08800119","findspot":"Sidi Ali bou Jenoun / Sidi Ali bou Djenoun / Banasa","raw_text":"] Saturnino et [3]/niano II[viris]","date_from":null,"date_to":null,"marker_gender":"male","is_individual":false,"edcs_url":"https://edcs.hist.uzh.ch/en/document?edcs-id=EDCS-08800119","persons":[{"nomen":"","gender":"male","raw_name":"Saturnino","cognomen":"Saturninus","cluster_id":523,"cluster_size":3,"cluster_confidence":"low"},{"nomen":"","gender":"unknown","raw_name":"[3]niano II","status":"IIvir"}]}},{"type":"Feature","geometry":{"type":"Point","coordinates":[-6.12,34.6]},"properties":{"edcs_id":"EDCS-08800122","findspot":"Sidi Ali bou Jenoun / Sidi Ali bou Djenoun / Banasa","raw_text":"Q(uintus) Ca[ecilius(?)","date_from":null,"date_to":null,"marker_gender":"male","is_individual":false,"edcs_url":"https://edcs.hist.uzh.ch/en/document?edcs-id=EDCS-08800122","persons":[{"nomen":"Caecilius","gender":"male","raw_name":"Q. Ca[ecilius(?)]","praenomen":"Quintus"}]}},{"type":"Feature","geometry":{"type":"Point","coordinates":[-6.12,34.6]},"properties":{"edcs_id":"EDCS-08800123","findspot":"Sidi Ali bou Jenoun / Sidi Ali bou Djenoun / Banasa","raw_text":"Q(uinto) Caes(io?) Vi[ctori(?)] / [3] Sabiniano [","date_from":null,"date_to":null,"marker_gender":"male","is_individual":false,"edcs_url":"https://edcs.hist.uzh.ch/en/document?edcs-id=EDCS-08800123","persons":[{"nomen":"Caesius","gender":"male","raw_name":"Q. Caes. Victori[3] Sabiniano","praenomen":"Quintus","cognomen":"Victor Sabinianus"}]}},{"type":"Feature","geometry":{"type":"Point","coordinates":[-6.12,34.6]},"properties":{"edcs_id":"EDCS-08800125","findspot":"Sidi Ali bou Jenoun / Sidi Ali bou Djenoun / Banasa","raw_text":"M(arcus) Iul(ius) M(arci) / fil(ius) Fab(ia) [3] / V[","date_from":null,"date_to":null,"marker_gender":"male","is_individual":false,"edcs_url":"https://edcs.hist.uzh.ch/en/document?edcs-id=EDCS-08800125","persons":[{"nomen":"Iulius","gender":"male","raw_name":"M. Iul. M. f. Fab. [3]","praenomen":"Marcus","status":"filius Marci, tribus Fabia"}]}},{"type":"Feature","geometry":{"type":"Point","coordinates":[-6.12,34.6]},"properties":{"edcs_id":"EDCS-08800126","findspot":"Sidi Ali bou Jenoun / Sidi Ali bou Djenoun / Banasa","raw_text":"Ti(berius) Iulius / Mercuria/lis fecit","date_from":null,"date_to":null,"marker_gender":"male","is_individual":false,"edcs_url":"https://edcs.hist.uzh.ch/en/document?edcs-id=EDCS-08800126","persons":[{"nomen":"Iulius","gender":"male","raw_name":"Ti. Iulius Mercurialis","praenomen":"Tiberius","cognomen":"Mercurialis"}]}},{"type":"Feature","geometry":{"type":"Point","coordinates":[-6.12,34.6]},"properties":{"edcs_id":"EDCS-08800129","findspot":"Sidi Ali bou Jenoun / Sidi Ali bou Djenoun / Banasa","raw_text":"D(is) M(anibus) s(acrum) / Iulia Crispi/na M(arci) f(ilia) vixit / annis sex{s} / men(sibus) III d(iebus) XXVII","date_from":null,"date_to":null,"marker_gender":"female","is_individual":false,"edcs_url":"https://edcs.hist.uzh.ch/en/document?edcs-id=EDCS-08800129","persons":[{"nomen":"Iulia","gender":"female","raw_name":"Iulia Crispina M. f.","cognomen":"Crispina","status":"filia Marci"}]}},{"type":"Feature","geometry":{"type":"Point","coordinates":[-6.12,34.6]},"properties":{"edcs_id":"EDCS-08800131","findspot":"Sidi Ali bou Jenoun / Sidi Ali bou Djenoun / Banasa","raw_text":"D(is) M(anibus) [s(arcrum)] / Saenia M[3] / ann(orum) [3] / pia [","date_from":null,"date_to":null,"marker_gender":"female","is_individual":false,"edcs_url":"https://edcs.hist.uzh.ch/en/document?edcs-id=EDCS-08800131","persons":[{"nomen":"Saenia","gender":"female","raw_name":"Saenia M[3]","status":"pia"}]}},{"type":"Feature","geometry":{"type":"Point","coordinates":[-6.12,34.6]},"properties":{"edcs_id":"EDCS-08800132","findspot":"Sidi Ali bou Jenoun / Sidi Ali bou Djenoun / Banasa","raw_text":"] d(e) p(roprio?) [3] / [3 l]ib(ertus?) Cocc[eius(?)","date_from":null,"date_to":null,"marker_gender":"unknown","is_individual":false,"edcs_url":"https://edcs.hist.uzh.ch/en/document?edcs-id=EDCS-08800132","persons":[{"nomen":"","gender":"unknown","raw_name":"[3] lib. Cocc[eius(?)]","status":"libertus"}]}},{"type":"Feature","geometry":{"type":"Point","coordinates":[-6.12,34.6]},"properties":{"edcs_id":"EDCS-08800165","findspot":"Sidi Ali bou Jenoun / Sidi Ali bou Djenoun / Banasa","raw_text":"Val]erio(?) / [3]inao / [3]no","date_from":null,"date_to":null,"marker_gender":"male","is_individual":false,"edcs_url":"https://edcs.hist.uzh.ch/en/document?edcs-id=EDCS-08800165","persons":[{"nomen":"Valerius","gender":"male","raw_name":"Valerio"}]}},{"type":"Feature","geometry":{"type":"Point","coordinates":[-6.49,34.34]},"properties":{"edcs_id":"EDCS-08800218","findspot":"Sidi Ali Ben Ahmed / Thamusida","raw_text":"]MV[ // Iuno[ni","date_from":null,"date_to":null,"marker_gender":"unknown","is_individual":false,"edcs_url":"https://edcs.hist.uzh.ch/en/document?edcs-id=EDCS-08800218","persons":[{"nomen":"","gender":"unknown","raw_name":"]MV[    Iuno[ni","cognomen":"Iunoni","is_deity":true,"cluster_confidence":"excluded"}]}},{"type":"Feature","geometry":{"type":"Point","coordinates":[-6.49,34.34]},"properties":{"edcs_id":"EDCS-08800219","findspot":"Sidi Ali Ben Ahmed / Thamusida","raw_text":"I]ovi V[","date_from":null,"date_to":null,"marker_gender":"unknown","is_individual":false,"edcs_url":"https://edcs.hist.uzh.ch/en/document?edcs-id=EDCS-08800219","persons":[{"nomen":"","gender":"unknown","raw_name":"I]ovi V[","cognomen":"Iovi","is_deity":true,"cluster_confidence":"excluded"}]}},{"type":"Feature","geometry":{"type":"Point","coordinates":[-6.49,34.34]},"properties":{"edcs_id":"EDCS-08800221","findspot":"Sidi Ali Ben Ahmed / Thamusida","raw_text":"Aqu]iloni(?) / [veteran]o ex decu/rion[e] alae / Gemellianae / du(u)mvirali / coloniae Babbensi[s] / [","date_from":null,"date_to":null,"marker_gender":"unknown","is_individual":false,"edcs_url":"https://edcs.hist.uzh.ch/en/document?edcs-id=EDCS-08800221","persons":[{"nomen":"","gender":"unknown","raw_name":"Aqu]iloni(?)","cognomen":"Aquiloni","status":"veterano ex decurione alae Gemellianae du(u)mvirali coloniae Babbensis"}]}},{"type":"Feature","geometry":{"type":"Point","coordinates":[-6.49,34.34]},"properties":{"edcs_id":"EDCS-08800222","findspot":"Sidi Ali Ben Ahmed / Thamusida","raw_text":"D(is) M(anibus) s(acrum) / Aur(elius) Arruntiu/s ex dec(urione) vetera/nus vixit an(n)i/s LX s(it) t(ibi) t(erra) l(evis)","date_from":null,"date_to":null,"marker_gender":"male","is_individual":false,"edcs_url":"https://edcs.hist.uzh.ch/en/document?edcs-id=EDCS-08800222","persons":[{"nomen":"Aurelius","gender":"male","raw_name":"Aur(elius) Arruntiu s","cognomen":"Arruntius","status":"ex dec(urione) veteranus"}]}},{"type":"Feature","geometry":{"type":"Point","coordinates":[-6.49,34.34]},"properties":{"edcs_id":"EDCS-08800223","findspot":"Sidi Ali Ben Ahmed / Thamusida","raw_text":"L(ucius) Nigidius / Albanus / veteranus / h(ic) s(itus) est ex tes/tamento h(eres) / Val(erius) Corsicus / fac(iendum) curavit","date_from":null,"date_to":null,"marker_gender":"male","is_individual":false,"edcs_url":"https://edcs.hist.uzh.ch/en/document?edcs-id=EDCS-08800223","persons":[{"nomen":"Nigidius","gender":"male","raw_name":"L. Nigidius   Albanus","praenomen":"Lucius","cognomen":"Albanus","status":"veteranus"},{"nomen":"Valerius","gender":"male","raw_name":"Val(erius) Corsicus","cognomen":"Corsicus","status":"heres"}]}},{"type":"Feature","geometry":{"type":"Point","coordinates":[-6.49,34.34]},"properties":{"edcs_id":"EDCS-08800225","findspot":"Sidi Ali Ben Ahmed / Thamusida","raw_text":"v]ix(it) ann(os) XXXV / Agatta / [marito(?) pii]ssiim(o) fecit","date_from":null,"date_to":null,"marker_gender":"female","is_individual":false,"edcs_url":"https://edcs.hist.uzh.ch/en/document?edcs-id=EDCS-08800225","persons":[{"nomen":"","gender":"female","raw_name":"Agatta","cognomen":"Agatta"}]}},{"type":"Feature","geometry":{"type":"Point","coordinates":[-6.49,34.34]},"properties":{"edcs_id":"EDCS-08800226","findspot":"Sidi Ali Ben Ahmed / Thamusida","raw_text":"D(is) s(acrum) M(anibus) / Iucuta / vix(it) an(n)is p(lus) m(inus) / XVI m(aritus?) pos(uit)","date_from":null,"date_to":null,"marker_gender":"female","is_individual":false,"edcs_url":"https://edcs.hist.uzh.ch/en/document?edcs-id=EDCS-08800226","persons":[{"nomen":"","gender":"female","raw_name":"Iucuta","cognomen":"Iucuta"}]}},{"type":"Feature","geometry":{"type":"Point","coordinates":[-6.49,34.34]},"properties":{"edcs_id":"EDCS-08800227","findspot":"Sidi Ali Ben Ahmed / Thamusida","raw_text":"po]suit // D(is) M(anibus) s(acrum) / Iul(ia) Quieta / vixit an(nis) XVI / dieb(us) LVI p(ia) i(n) s(uis) / h(ic) s(ita) e(st) s(it) t(ibi) t(erra) l(evis)","date_from":null,"date_to":null,"marker_gender":"female","is_individual":false,"edcs_url":"https://edcs.hist.uzh.ch/en/document?edcs-id=EDCS-08800227","persons":[{"nomen":"Iulia","gender":"female","raw_name":"Iul(ia) Quieta","cognomen":"Quieta","status":"pia in suis"}]}},{"type":"Feature","geometry":{"type":"Point","coordinates":[-6.49,34.34]},"properties":{"edcs_id":"EDCS-08800230","findspot":"Sidi Ali Ben Ahmed / Thamusida","raw_text":"[Praeteriens] quic/umque viator / perleg<i=E>s et casus qu(a)e/ris ex{h}odia n[o]stri / Va(leria) Daca era[m 3] / XIIX (a)etatibus / coni(ux?) p(iissima?) / [s(it) t(ibi) t(erra) l(evis)]","date_from":null,"date_to":null,"marker_gender":"female","is_individual":false,"edcs_url":"https://edcs.hist.uzh.ch/en/document?edcs-id=EDCS-08800230","persons":[{"nomen":"Valeria","gender":"female","raw_name":"Va(leria) Daca","cognomen":"Daca","status":"coniux piissima"}]}},{"type":"Feature","geometry":{"type":"Point","coordinates":[-6.49,34.34]},"properties":{"edcs_id":"EDCS-08800232","findspot":"Sidi Ali Ben Ahmed / Thamusida","raw_text":"p]iissim[o(?)","date_from":null,"date_to":null,"marker_gender":"male","is_individual":false,"edcs_url":"https://edcs.hist.uzh.ch/en/document?edcs-id=EDCS-08800232","persons":[{"nomen":"","gender":"male","raw_name":"piissim[o(?)]","cognomen":"piissimo"}]}},{"type":"Feature","geometry":{"type":"Point","coordinates":[-6.49,34.34]},"properties":{"edcs_id":"EDCS-08800242","findspot":"Sidi Ali Ben Ahmed / Thamusida","raw_text":"M(arcus) [3] / L(ucius) [3] / T(itus) [","date_from":null,"date_to":null,"marker_gender":"male","is_individual":false,"edcs_url":"https://edcs.hist.uzh.ch/en/document?edcs-id=EDCS-08800242","persons":[{"nomen":"","gender":"male","raw_name":"M. [3]","praenomen":"Marcus"},{"nomen":"","gender":"male","raw_name":"L. [3]","praenomen":"Lucius"},{"nomen":"","gender":"male","raw_name":"T. [","praenomen":"Titus"}]}},{"type":"Feature","geometry":{"type":"Point","coordinates":[-6.49,34.34]},"properties":{"edcs_id":"EDCS-08800253","findspot":"Sidi Ali Ben Ahmed / Thamusida","raw_text":"Bidbal / Tancini / l(ibertus) h(ic) s(itus)","date_from":null,"date_to":null,"marker_gender":"male","is_individual":false,"edcs_url":"https://edcs.hist.uzh.ch/en/document?edcs-id=EDCS-08800253","persons":[{"nomen":"","gender":"male","raw_name":"Bidbal","cognomen":"Bidbal"},{"nomen":"","gender":"male","raw_name":"Tancini l.","cognomen":"Tancinus","status":"libertus"}]}},{"type":"Feature","geometry":{"type":"Point","coordinates":[-6.49,34.34]},"properties":{"edcs_id":"EDCS-08800255","findspot":"Sidi Ali Ben Ahmed / Thamusida","raw_text":"C(aius) Iulius / Aquila / Arconi / Valbi f(ilius) h(ic) s(itus)","date_from":null,"date_to":null,"marker_gender":"male","is_individual":false,"edcs_url":"https://edcs.hist.uzh.ch/en/document?edcs-id=EDCS-08800255","persons":[{"nomen":"Iulius","gender":"male","raw_name":"C. Iulius Aquila","praenomen":"Gaius","cognomen":"Aquila"},{"nomen":"","gender":"male","raw_name":"Arconi Valbi f.","cognomen":"Arco","status":"filius Valbi"}]}},{"type":"Feature","geometry":{"type":"Point","coordinates":[-6.49,34.34]},"properties":{"edcs_id":"EDCS-08800256","findspot":"Sidi Ali Ben Ahmed / Thamusida","raw_text":"Pisanus / h(ic) s(itus) e(st)","date_from":null,"date_to":null,"marker_gender":"male","is_individual":false,"edcs_url":"https://edcs.hist.uzh.ch/en/document?edcs-id=EDCS-08800256","persons":[{"nomen":"","gender":"male","raw_name":"Pisanus","cognomen":"Pisanus"}]}},{"type":"Feature","geometry":{"type":"Point","coordinates":[-6.49,34.34]},"properties":{"edcs_id":"EDCS-08800262","findspot":"Sidi Ali Ben Ahmed / Thamusida","raw_text":"Memoriae / Q(uinti) Atili Q(uinti) f(ilii) Stel(latina) / Pescenni Sallus/tiani domo Fe/rentis fili(i) / dulcissimi Paul/linianus praef(ectus) / eq(uitum) et Maximilla / parentes","date_from":null,"date_to":null,"marker_gender":"mixed","is_individual":false,"edcs_url":"https://edcs.hist.uzh.ch/en/document?edcs-id=EDCS-08800262","persons":[{"nomen":"Atilius","gender":"male","raw_name":"Q. Atili Q. f. Stel. Pescenni Sallustiani","praenomen":"Quintus","cognomen":"Pescennius Sallustianus","status":"tribus: Stellatina, filius dulcissimi, praefectus equitum"},{"nomen":"","gender":"male","raw_name":"Paul linianus","cognomen":"Paullinianus","status":"domo Ferentis"},{"nomen":"","gender":"female","raw_name":"Maximilla","cognomen":"Maximilla","status":"parentes"}]}},{"type":"Feature","geometry":{"type":"Point","coordinates":[-6.49,34.34]},"properties":{"edcs_id":"EDCS-08800265","findspot":"Sidi Ali Ben Ahmed / Thamusida","raw_text":"D(is) s(acrum) M(anibus) / Ger(manus) q(uondam) eq(ues) / c(o)hor(tis) IIII Gal(lorum) / tur(ma) Optati / stip(endiorum) XVII an(norum) / XXXX ex pro(vincia) / Lusit(ania) Fa[u]stin(us) / Laeti civis / her(es) f(aciendum) c(uravit)","date_from":null,"date_to":null,"marker_gender":"male","is_individual":false,"edcs_url":"https://edcs.hist.uzh.ch/en/document?edcs-id=EDCS-08800265","persons":[{"nomen":"","gender":"male","raw_name":"Germanus q. eq. cohor. IIII Gal. turma Optati stip. XVII an. XXXX ex prov. Lusit. Fa[u]stin","cognomen":"Germanus","status":"quondam eques cohortis IIII Gallorum, turma Optati, stipendiis XVII, annorum XXXX, ex provincia Lusitania"},{"nomen":"","gender":"male","raw_name":"Faustin","cognomen":"Faustinus","status":"civis"},{"nomen":"","gender":"male","raw_name":"Laeti","cognomen":"Laetus","status":"heres faciendum curavit"}]}},{"type":"Feature","geometry":{"type":"Point","coordinates":[-6.82,34.01]},"properties":{"edcs_id":"EDCS-08800267","findspot":"Chellah / Sala","raw_text":"Imp(eratori) Caesari / L(ucio) Aurel(io) Vero / Aug(usto) Armeni/[a]co Medico / [Parthi]co max(imo) / [pontific]i max(imo) / trib(unicia) pote]/st(ate) VII / [imp(eratori) V co(n)s(uli?)] III / [","date_from":null,"date_to":null,"marker_gender":"male","is_individual":true,"edcs_url":"https://edcs.hist.uzh.ch/en/document?edcs-id=EDCS-08800267","persons":[{"nomen":"Aurelius","gender":"male","raw_name":"L. Aurel. Vero Aug. Armeni [a]co Medico  [Parthi]co max(imo)  [pontific]i max(imo)   trib(unicia) pote] st(ate) VII   [imp(eratori) V co(n)s(uli?)] III","praenomen":"Lucius","cognomen":"Verus","status":"Imperator Caesar, Augustus, Armeniacus, Medico, Parthicus maximus, pontifex maximus, tribunicia potestate VII, imperator V, consul III","is_imperial":true}]}},{"type":"Feature","geometry":{"type":"Point","coordinates":[-4.68,34.42]},"properties":{"edcs_id":"EDCS-08800269","findspot":"Chellah / Sala","raw_text":"L(ucio) Minicio / M(arci) f(ilio) Gal(eria) / Pulchro / domo Tigul/lis ex{s} / Liguria / praef(ecto) eq(uitum) / amici / Salenses / l(ocus) d(atus) d(ecreto) d(ecurionum) // Imp(eratori) Caesari / Flavio Val(erio) / Constanti/no maximo / Pio Felic(i) In/victo Aug(usto) / r(es) p(ublica) Salensium / d(ecreto) d(ecurionum)","date_from":null,"date_to":null,"marker_gender":"male","is_individual":false,"edcs_url":"https://edcs.hist.uzh.ch/en/document?edcs-id=EDCS-08800269","persons":[{"nomen":"Galeria","gender":"male","raw_name":"M. f. Gal. Pulchro","cognomen":"Pulcher","status":"domo Tigullis ex Liguria, praefectus equitum, amici Salenses"},{"nomen":"Flavius","gender":"male","raw_name":"Flavio Val. Constanti no maximo   Pio Felic. In victo Aug.","cognomen":"Constantius","status":"Imperator Caesar, maximus, Pius Felix Invictus Augustus, res publica Salensium","is_imperial":true}]}},{"type":"Feature","geometry":{"type":"Point","coordinates":[-4.68,34.42]},"properties":{"edcs_id":"EDCS-08800270","findspot":"Chellah / Sala","raw_text":"] nobil/issimo / Caes(ari) r(es) p(ublica) / Salensium / d(ecreto) d(ecurionum)","date_from":null,"date_to":null,"marker_gender":"unknown","is_individual":false,"edcs_url":"https://edcs.hist.uzh.ch/en/document?edcs-id=EDCS-08800270","persons":[{"nomen":"","gender":"unknown","raw_name":"Caes(ari)","cognomen":"Caesari","status":"nobilissimo, res publica Salensium","is_imperial":true}]}},{"type":"Feature","geometry":{"type":"Point","coordinates":[-4.68,34.42]},"properties":{"edcs_id":"EDCS-08800272","findspot":"Chellah / Sala","raw_text":"He]rennius Hos/[3]is praef(ectus) eq[uitum] / [3] prae[f(ectus)","date_from":null,"date_to":null,"marker_gender":"male","is_individual":false,"edcs_url":"https://edcs.hist.uzh.ch/en/document?edcs-id=EDCS-08800272","persons":[{"nomen":"Herennius","gender":"male","raw_name":"He]rennius Hos [3]is praef(ectus) eq[uitum]   [3] prae[f(ectus)","cognomen":"Hosis","status":"praefectus equitum, praefectus"}]}},{"type":"Feature","geometry":{"type":"Point","coordinates":[-4.68,34.42]},"properties":{"edcs_id":"EDCS-08800274","findspot":"Chellah / Sala","raw_text":"[3 ob hono]rem seviratus / [3 Post]umius Octavianus statuam / [cu]m aede et valvis accepto ab / [ord]ine splendi/dissimo Salensium loco / [o]mni sua i<m=N>pensa dedit dedicavit","date_from":null,"date_to":null,"marker_gender":"male","is_individual":false,"edcs_url":"https://edcs.hist.uzh.ch/en/document?edcs-id=EDCS-08800274","persons":[{"nomen":"Postumius","gender":"male","raw_name":"[3 Post]umius Octavianus","cognomen":"Octavianus","status":"seviratus"}]}},{"type":"Feature","geometry":{"type":"Point","coordinates":[-4.68,34.42]},"properties":{"edcs_id":"EDCS-08800275","findspot":"Chellah / Sala","raw_text":"Q(uinto) Ant(onio) C(ai) f(ilio) Cl(audia) Tran/quillo / Saturnino / annor(um) quinq(ue) / dec(urioni) munic(ipiorum) / Volubilitani [e]t / Salensis / Ant(onius) Priscus / pater et / Cl(audia) Caecili[ana] / mate[r]","date_from":null,"date_to":null,"marker_gender":"mixed","is_individual":false,"edcs_url":"https://edcs.hist.uzh.ch/en/document?edcs-id=EDCS-08800275","persons":[{"nomen":"Quintus","gender":"male","raw_name":"Q. Ant. C. f. Cl. Tranquillo   Saturnino","cognomen":"Tranquillus Saturninus","status":"decurio municipiorum Volubilitani et Salensis"},{"nomen":"Antonius","gender":"male","raw_name":"Ant. Priscus","cognomen":"Priscus","status":"pater","cluster_id":38,"cluster_size":2},{"nomen":"Claudia","gender":"female","raw_name":"Cl. Caecili[ana]","cognomen":"Caeciliana","status":"mater"}]}},{"type":"Feature","geometry":{"type":"Point","coordinates":[-4.68,34.42]},"properties":{"edcs_id":"EDCS-08800278","findspot":"Chellah / Sala","raw_text":"D(is) M(anibus) [s(acrum)] / C(aio) Cassio P[3] / annor(um) [","date_from":null,"date_to":null,"marker_gender":"male","is_individual":false,"edcs_url":"https://edcs.hist.uzh.ch/en/document?edcs-id=EDCS-08800278","persons":[{"nomen":"Cassius","gender":"male","raw_name":"C. Cassio P[3]","praenomen":"Gaius"}]}},{"type":"Feature","geometry":{"type":"Point","coordinates":[-4.68,34.42]},"properties":{"edcs_id":"EDCS-08800279","findspot":"Chellah / Sala","raw_text":"D(is) M(anibus) / Clemen[3] / [3 vi]xit an[nos(?)","date_from":null,"date_to":null,"marker_gender":"male","is_individual":false,"edcs_url":"https://edcs.hist.uzh.ch/en/document?edcs-id=EDCS-08800279","persons":[{"nomen":"","gender":"male","raw_name":"Clemen[3]","cognomen":"Clemens"}]}},{"type":"Feature","geometry":{"type":"Point","coordinates":[-4.68,34.42]},"properties":{"edcs_id":"EDCS-08800280","findspot":"Chellah / Sala","raw_text":"D(is) M(anibus) / Cor(nelius?) Dom() / vixit a[nnos(?) 3] / Co[rnelius(?)","date_from":null,"date_to":null,"marker_gender":"male","is_individual":false,"edcs_url":"https://edcs.hist.uzh.ch/en/document?edcs-id=EDCS-08800280","persons":[{"nomen":"Cornelius","gender":"male","raw_name":"Cor(nelius?) Dom()"},{"nomen":"Cornelius","gender":"male","raw_name":"Co[rnelius(?)]"}]}},{"type":"Feature","geometry":{"type":"Point","coordinates":[-4.68,34.42]},"properties":{"edcs_id":"EDCS-08800282","findspot":"Chellah / Sala","raw_text":"[Mar]co(?) Iulio / Felici","date_from":null,"date_to":null,"marker_gender":"male","is_individual":false,"edcs_url":"https://edcs.hist.uzh.ch/en/document?edcs-id=EDCS-08800282","persons":[{"nomen":"Iulius","gender":"male","raw_name":"Marco(?) Iulio Felici","praenomen":"Marcus","cognomen":"Felix"}]}},{"type":"Feature","geometry":{"type":"Point","coordinates":[-4.68,34.42]},"properties":{"edcs_id":"EDCS-08800283","findspot":"Chellah / Sala","raw_text":"Primigen/ius [Cle]men/tis [f(ilius)","date_from":null,"date_to":null,"marker_gender":"male","is_individual":false,"edcs_url":"https://edcs.hist.uzh.ch/en/document?edcs-id=EDCS-08800283","persons":[{"nomen":"","gender":"male","raw_name":"Primigenius Clementis","cognomen":"Primigenius Clemens","status":"filius"}]}},{"type":"Feature","geometry":null,"properties":{"edcs_id":"EDCS-08800303","findspot":"Azemmour","raw_text":"Dis Manibus sacrum Iulia Pallas vixit annis XXVII Egnatius Saturninus stationarius coniugi optime merenti feci","date_from":null,"date_to":null,"marker_gender":"mixed","is_individual":true,"edcs_url":"https://edcs.hist.uzh.ch/en/document?edcs-id=EDCS-08800303","persons":[{"nomen":"Iulia","gender":"female","raw_name":"Iulia Pallas","cognomen":"Pallas"},{"nomen":"Egnatius","gender":"male","raw_name":"Egnatius Satu[rni]nus statio [nar]ius coni [ugi opti]me meren [ti]","cognomen":"Saturninus","status":"stationarius coniugi optime merenti"}]}},{"type":"Feature","geometry":{"type":"Point","coordinates":[-5.56,34.07]},"properties":{"edcs_id":"EDCS-08800307","findspot":"Volubilis","raw_text":"[3]onin[3] / Dianae Aug(ustae) / sacrum / Sex(tus) Iul(ius) Sex(ti) Iuli Primigeni lib(ertus) / Epictetus ob / honorem IIIIII/vir(atus) d(onum) d(edit) / item ex voto cat<i=E>llum posuit","date_from":null,"date_to":null,"marker_gender":"male","is_individual":false,"edcs_url":"https://edcs.hist.uzh.ch/en/document?edcs-id=EDCS-08800307","persons":[{"nomen":"Iulius","gender":"male","raw_name":"[3]onin[3]   Dianae Aug(ustae)   sacrum   Sex(tus) Iul(ius) Sex(ti) Iuli Primigeni lib(ertus)   Epictetus ob   honorem IIIIII vir(atus) d(onum) d(edit)   item ex voto cat<i=E>llum posuit","praenomen":"Sextus","cognomen":"Epictetus","status":"libertus Sex. Iuli Primigeni, honorem IIIIviratus"},{"nomen":"","gender":"male","raw_name":"Sex(ti) Iuli Primigeni","cognomen":"Primigenius","status":"dominus"}]}},{"type":"Feature","geometry":{"type":"Point","coordinates":[-5.56,34.07]},"properties":{"edcs_id":"EDCS-08800308","findspot":"Volubilis","raw_text":"Disciplinae","date_from":null,"date_to":null,"marker_gender":"female","is_individual":false,"edcs_url":"https://edcs.hist.uzh.ch/en/document?edcs-id=EDCS-08800308","persons":[{"nomen":"","gender":"female","raw_name":"Disciplinae","cognomen":"Disciplina","is_deity":true,"cluster_confidence":"excluded"}]}},{"type":"Feature","geometry":{"type":"Point","coordinates":[-5.55,34.08]},"properties":{"edcs_id":"EDCS-08800311","findspot":"Volubilis","raw_text":"Genio Imp(eratoris) [[L(uci) Aurel(i) Commodi]] / Aug(usti) Sarmatici Germanici / principis iuventutis / D(ecimus) Veturius Macrinus / proc(urator) Aug(usti) conlocutus / cum Canarta principe con/stituto genti Baquatium / III Idus Octobres Praesente / II et Condiano co(n)s(ulibus)","date_from":null,"date_to":null,"marker_gender":"mixed","is_individual":false,"edcs_url":"https://edcs.hist.uzh.ch/en/document?edcs-id=EDCS-08800311","persons":[{"nomen":"Veturius","gender":"male","raw_name":"D(ecimus) Veturius Macrinus   proc(urator) Aug(usti) conlocutus   cum Canarta principe con stituto genti Baquatium   III Idus Octobres Praesente   II et Condiano co(n)s(ulibus)","praenomen":"Decimus","cognomen":"Macrinus","status":"procurator Augusti"},{"nomen":"","gender":"female","raw_name":"Canarta","cognomen":"Canarta","status":"princeps gentis Baquatium"},{"nomen":"","gender":"male","raw_name":"Condiano","cognomen":"Condianus","status":"consul"}]}},{"type":"Feature","geometry":{"type":"Point","coordinates":[-5.55,34.08]},"properties":{"edcs_id":"EDCS-08800312","findspot":"Volubilis","raw_text":"Genio Impp(eratorum) / L(uci) Septimi Severi Pii Pertinacis / et Marci Aurel(i) Antonini / et [[P(ubli) Septimi Getae Caes(aris)]] Augg(ustorum) / C(aius) Sertorius Cattianus proc(urator) / eorum conlocutus cum Ilila/sene princ(ipe) gentis Baquatium / filio Ureti princ(ipis) g(entis) eiusdem / prid(ie) Nonas Mart(ias) Victorino / et Proculo co(n)s(ulibus)","date_from":null,"date_to":null,"marker_gender":"mixed","is_individual":false,"edcs_url":"https://edcs.hist.uzh.ch/en/document?edcs-id=EDCS-08800312","persons":[{"nomen":"Septimius","gender":"male","raw_name":"L(uci) Septimi Severi Pii Pertinacis","cognomen":"Severus Pius Pertinax","status":"Augustus","is_imperial":true,"cluster_id":230,"cluster_size":2},{"nomen":"Aurelius","gender":"male","raw_name":"Marci Aurel(i) Antonini","praenomen":"Marcus","cognomen":"Antoninus","status":"Augustus","is_imperial":true,"cluster_id":231,"cluster_size":5},{"nomen":"Septimius","gender":"male","raw_name":"P(ubli) Septimi Getae Caes(aris)","praenomen":"Publius","cognomen":"Geta","status":"Caesar Augustus","is_imperial":true,"cluster_id":232,"cluster_size":2},{"nomen":"Sertorius","gender":"male","raw_name":"C(aius) Sertorius Cattianus proc(urator)","cognomen":"Cattianus","status":"procurator Augustorum"},{"nomen":"","gender":"female","raw_name":"Ilila","cognomen":"Ililasen","status":"princeps gentis Baquatium"},{"nomen":"","gender":"male","raw_name":"Ureti","cognomen":"Uretus","status":"princeps gentis eiusdem"},{"nomen":"","gender":"male","raw_name":"Victorino","cognomen":"Victorinus","status":"consul","cluster_id":596,"cluster_size":2,"cluster_confidence":"low"},{"nomen":"","gender":"male","raw_name":"Proculo","cognomen":"Proculus","status":"consul"}]}},{"type":"Feature","geometry":{"type":"Point","coordinates":[-5.56,34.07]},"properties":{"edcs_id":"EDCS-08800313","findspot":"Volubilis","raw_text":"Genio / domus / [T(itus)] Flavius / Germanus / v(otum) s(olvit) l(ibens) a(nimo)","date_from":null,"date_to":null,"marker_gender":"male","is_individual":false,"edcs_url":"https://edcs.hist.uzh.ch/en/document?edcs-id=EDCS-08800313","persons":[{"nomen":"Flavius","gender":"male","raw_name":"[T(itus)] Flavius   Germanus","praenomen":"Titus","cognomen":"Germanus"}]}},{"type":"Feature","geometry":{"type":"Point","coordinates":[-5.55,34.08]},"properties":{"edcs_id":"EDCS-08800316","findspot":"Volubilis","raw_text":"I(ovi) O(ptimo) M(aximo) ob vota decen/nalia celebrata et vice/nalia suscepta Impp(eratorum) L(uci) Sep(timi) / Severi Pii Fel(icis) et Marci Aure/li Antonini Augg(ustorum) / [[[et P(ubli) Sep(timi) Severi Getae Cae]]]/[[[sari]]]s totiusque domus / divinae Gn(aeus!) Haius Dia/dumenianus proc(urator) / Augg(ustorum) v(otum) s(olvit) l(ibens) m(erito)","date_from":null,"date_to":null,"marker_gender":"male","is_individual":false,"edcs_url":"https://edcs.hist.uzh.ch/en/document?edcs-id=EDCS-08800316","persons":[{"nomen":"Septimius","gender":"male","raw_name":"L. Sep. Severi Pii Fel.","praenomen":"Lucius","cognomen":"Severus","status":"Imperator Caesar, Pius, Felix","is_imperial":true,"cluster_id":230,"cluster_size":2},{"nomen":"Aurelius","gender":"male","raw_name":"Marci Aure li Antonini Augg.","praenomen":"Marcus","cognomen":"Antoninus","status":"Augustus","is_imperial":true,"cluster_id":231,"cluster_size":5},{"nomen":"Septimius","gender":"male","raw_name":"P. Sep. Severi Getae Caesaris","praenomen":"Publius","cognomen":"Geta","status":"Caesar","is_imperial":true,"cluster_id":232,"cluster_size":2},{"nomen":"","gender":"male","raw_name":"Haius Diadumenianus proc. Augg.","cognomen":"Diadumenianus","status":"procurator Augustorum"}]}},{"type":"Feature","geometry":{"type":"Point","coordinates":[-5.55,34.08]},"properties":{"edcs_id":"EDCS-08800321","findspot":"Volubilis","raw_text":"I(ovi) O(ptimo) M(aximo) / ceterisq(ue) di{i}s deabusq(ue) Immortalibus pro salute et / incolumitate et victoriae Imp(eratoris) [[Caes(aris) M(arci) Iulii Philippi Pii]] / Felicis Aug(usti) [[et M(arci) Iuli Philippi]] nobilissimi Caesaris [[et Marciae]] / [[Otaciliae Severae Aug(usti) coniugis]] Aug(usti) n(ostri) [[et matris Caesa]]ris n(ostri) et / [[matris castrorum]] et senatus M(arcus) Maturius Victorinus / proc(urator) eorum pro leg(ato) co<l=N>loquium cum Sepemazine p(rincipe) g(entis) / Baquatium pacis confirmandae gratia aramq(ue) consecravit / X Kal(endas) Mai[as] / Imp(eratore) d(omino) n(ostro) M(arco) Iulio Philippo et Messio Tetiano co(n)s(ulibus)","date_from":null,"date_to":null,"marker_gender":"mixed","is_individual":false,"edcs_url":"https://edcs.hist.uzh.ch/en/document?edcs-id=EDCS-08800321","persons":[{"nomen":"Iulius","gender":"male","raw_name":"[[Caes(aris) M. Iulii Philippi Pii]] Felicis Aug.","praenomen":"Marcus","cognomen":"Philippus","status":"Imperator Caesar, Pius, Felix Augustus","is_imperial":true,"cluster_id":296,"cluster_size":2},{"nomen":"Iulius","gender":"male","raw_name":"[[M. Iuli Philippi]] nobilissimi Caesaris","praenomen":"Marcus","cognomen":"Philippus","status":"nobilissimus Caesar","is_imperial":true,"cluster_id":296,"cluster_size":2},{"nomen":"Marcia","gender":"female","raw_name":"[[Marciae Otaciliae Severae Aug(ustae) coniugis]] Aug(usti) n(ostri) [[et matris Caesa]]ris n(ostri) et [[matris castrorum]] et senatus","cognomen":"Otacilia Severa","status":"Augusta, coniux Augusti nostri, mater Caesaris nostri, mater castrorum, mater senatus","is_imperial":true},{"nomen":"Maturius","gender":"male","raw_name":"M. Maturius Victorinus proc. eorum pro leg.","praenomen":"Marcus","cognomen":"Victorinus","status":"procurator eorum pro legato"},{"nomen":"","gender":"female","raw_name":"Sepemazine","cognomen":"Sepemazina","status":"princeps gentis Baquatium"}]}},{"type":"Feature","geometry":{"type":"Point","coordinates":[-5.55,34.08]},"properties":{"edcs_id":"EDCS-08800322","findspot":"Volubilis","raw_text":"I(ovi) O(ptimo) M(aximo) / Genio et Bonae Fortun[ae] / Imp(eratoris) Caes(aris) M(arci) Aur(eli) [[Probi Pii]] / [[Invicti Aug(usti) n(ostri)]] / Clementius Val(erius) Marcellinus / v(ir) p(erfectissimus) praeses p(rovinciae) M(auretaniae) T(ingitanae) co<l=N>loquio / habito cum Iul(io) Nuffuzi filio Iul(i) Matif / regis g(entis) Baq(uatium) foederata(e?) pac<e=I> / aram statuit et dedicavit die VIIII / Kal(endas) Novembr(es) d(omino) n(ostro) [[Probo Aug(usto)]] et Paulino co(n)s(ulibus)","date_from":null,"date_to":null,"marker_gender":"male","is_individual":false,"edcs_url":"https://edcs.hist.uzh.ch/en/document?edcs-id=EDCS-08800322","persons":[{"nomen":"Aurelius","gender":"male","raw_name":"[[Probi Pii]] [[Invicti Aug(usti) n(ostri)]]","praenomen":"Marcus","cognomen":"Probus","status":"Imperator Caesar, Pius, Invictus Augustus","is_imperial":true},{"nomen":"Valerius","gender":"male","raw_name":"Clementius Valerius Marcellinus","cognomen":"Clementius Marcellinus","status":"vir perfectissimus, praeses provinciae Mauretaniae Tingitanae"},{"nomen":"Iulius","gender":"male","raw_name":"Iul. Nuffuzi filio Iuli Matif regis g. Baqu. foederata.","cognomen":"Nuffuzius","status":"filius Iuli Matif, regis gentis Baquatium foederatae"}]}},{"type":"Feature","geometry":{"type":"Point","coordinates":[-5.55,34.08]},"properties":{"edcs_id":"EDCS-08800323","findspot":"Volubilis","raw_text":"I(ovi) O(ptimo) M(aximo) di{i}s deabusqu[e Immor]/talibus et Genio Imp(eratoris) Cae[s(aris)] / [[M(arci) Aureli [Probi Ae]]]terni A[ug(usti) n(ostri)] / ob diutina(m) pace(m) serva[ta(m) cum] / Iulio Nuffusi et nunc co<l=N>lo/quio habito cum Iul(io) Mirzi / fratre ei{i}usdem Nuffusis p(rincipis) g(entis) / Baquatium / Clem<e=I>nt(ius) Val(erius) Marcellin[us] / v(ir) p(erfectissimus) p(raeses) p(rovinciae) M(auretaniae) T(ingitanae) confirmata pac[e ara]/m posuit et dedicavit Idibus Apri[li(bus)] / Messala et Grato co(n)s(ulibus)","date_from":null,"date_to":null,"marker_gender":"male","is_individual":false,"edcs_url":"https://edcs.hist.uzh.ch/en/document?edcs-id=EDCS-08800323","persons":[{"nomen":"","gender":"male","raw_name":"[[M(arci) Aurel(i) Probi Ae]]terni A[ug(usti) n(ostri)]","cognomen":"Probus Aeternus","status":"Imperator Caesar Augustus noster","is_imperial":true},{"nomen":"","gender":"male","raw_name":"Iulio Nuffusi","cognomen":"Nuffusus","status":"princeps gentis Baquatium"},{"nomen":"","gender":"male","raw_name":"Iul(io) Mirzi","cognomen":"Mirzi","status":"frater eiusdem Nuffusis"},{"nomen":"Clemens Valerius","gender":"male","raw_name":"Clem<e=I>nt(ius) Val(erius) Marcellin[us]","cognomen":"Marcellinus","status":"vir perfectissimus praeses provinciae Mauretaniae Tingitanae"},{"nomen":"","gender":"male","raw_name":"Messala","cognomen":"Messala","status":"consul"},{"nomen":"","gender":"male","raw_name":"Grato","cognomen":"Gratus","status":"consul"}]}},{"type":"Feature","geometry":{"type":"Point","coordinates":[-5.55,34.08]},"properties":{"edcs_id":"EDCS-08800325","findspot":"Volubilis","raw_text":"Pro salute et incolumitate Imp(eratoris) Caesaris / L(uci) Aeli Aurel(i) Commodi Pii Invicti Feli/cis Herculis Romani imperioque / eius Aur(elius) Nectoreca |(centurio) vex(illariorum) Britt(onum) / Volubili agentium sua pecunia / Invicto posuit et d(edit) d(edicavit)","date_from":null,"date_to":null,"marker_gender":"male","is_individual":false,"edcs_url":"https://edcs.hist.uzh.ch/en/document?edcs-id=EDCS-08800325","persons":[{"nomen":"Aelius Aurelius","gender":"male","raw_name":"L. Aeli Aurel(i) Commodi Pii Invicti Feli cis Herculis Romani","praenomen":"Lucius","cognomen":"Commodus","status":"Imperator Caesar, Pius, Invictus Felix Hercules Romanus","is_imperial":true},{"nomen":"Aurelius","gender":"male","raw_name":"Aur. Nectoreca |(centurio) vex(illariorum) Britt(onum) Volubili","cognomen":"Nectoreca","status":"centurio vexillationis Brittonum Volubili agentium","cluster_id":303,"cluster_size":2}]}},{"type":"Feature","geometry":{"type":"Point","coordinates":[-5.56,34.07]},"properties":{"edcs_id":"EDCS-08800326","findspot":"Volubilis","raw_text":"I(nvicto) d(eo) M(ithrae) / Aur(elius) Nectore/ca |(centurio) vex(illationis) Brit(tonum) / Volubili / agentium / l(ibens) l(aetus) m(erito)","date_from":null,"date_to":null,"marker_gender":"male","is_individual":false,"edcs_url":"https://edcs.hist.uzh.ch/en/document?edcs-id=EDCS-08800326","persons":[{"nomen":"Aurelius","gender":"male","raw_name":"Aur. Nectore ca |(centurio) vex(illationis) Brit(tonum) Volubili","cognomen":"Nectoreca","status":"centurio vexillationis Brittonum Volubili agentium","cluster_id":303,"cluster_size":2}]}},{"type":"Feature","geometry":{"type":"Point","coordinates":[-5.56,34.07]},"properties":{"edcs_id":"EDCS-08800327","findspot":"Volubilis","raw_text":"S(aturno) d(eo) s(acrum) / statuam argente/am Cl(audiae) Proculae f[e]/[mina]e honestissi/[mae 3] ex te[stamento","date_from":null,"date_to":null,"marker_gender":"female","is_individual":false,"edcs_url":"https://edcs.hist.uzh.ch/en/document?edcs-id=EDCS-08800327","persons":[{"nomen":"Claudia","gender":"female","raw_name":"Cl. Proculae f [fe] [mina] honestissi [mae 3]","cognomen":"Procula","status":"femina honestissima","cluster_id":248,"cluster_size":2}]}},{"type":"Feature","geometry":{"type":"Point","coordinates":[-5.56,34.07]},"properties":{"edcs_id":"EDCS-08800329","findspot":"Volubilis","raw_text":"Veneri Aug(ustae) / sacrum / L(ucius) Caecilius Vitalis / lib(ertus) Caeciliorum / ob honore(m) seviratus / ex d(ecreto) o(rdinis) d(e) s(ua) p(ecunia) d(edit) d(edicavit)","date_from":null,"date_to":null,"marker_gender":"male","is_individual":false,"edcs_url":"https://edcs.hist.uzh.ch/en/document?edcs-id=EDCS-08800329","persons":[{"nomen":"Caecilius","gender":"male","raw_name":"L. Caecilius Vitalis lib. Caeciliorum","praenomen":"Lucius","cognomen":"Vitalis","status":"libertus Caeciliorum, seviratus"}]}},{"type":"Feature","geometry":{"type":"Point","coordinates":[-5.55,34.08]},"properties":{"edcs_id":"EDCS-08800331","findspot":"Volubilis","raw_text":"Ti(berio) Claud(io) Caes(ari) Aug(usto) / divi fil(io) Ger(manico) p(ontifici) m(aximo) trib(unicia) pot(estate) / IIII co(n)s(uli) III desig(nato) IIII imp(eratori) VIII / p(atri) p(atriae) munic(ipium) Volub(ilitanum) im/petrata c(ivitate) R(omana) et conubio / et oneribus remissis / d(ecreto) d(ecurionum) d(edit) / M(arcus) Fadius Celer Flavianus / Maximus proc(urator) Aug(usti) pro leg(ato) / dedicavit","date_from":null,"date_to":null,"marker_gender":"male","is_individual":false,"edcs_url":"https://edcs.hist.uzh.ch/en/document?edcs-id=EDCS-08800331","persons":[{"nomen":"Claudius","gender":"male","raw_name":"Ti. Claud. Caes. Aug. divi fil. Ger. p. m. trib. pot. IIII co. III desig. IIII imp. VIII p. p.","praenomen":"Tiberius","cognomen":"Caesar","status":"Augustus, divi filius, Germanicus, pontifex maximus, tribunicia potestate IIII, consul III, designatus IIII, imperator VIII, pater patriae","is_imperial":true},{"nomen":"","gender":"male","raw_name":"M. Fadius Celer Flavianus Maximus proc. Aug. pro leg.","cognomen":"Celer Flavianus Maximus","status":"procurator Augusti pro legato"}]}},{"type":"Feature","geometry":{"type":"Point","coordinates":[-5.56,34.07]},"properties":{"edcs_id":"EDCS-08800332","findspot":"Volubilis","raw_text":"Divo Claudio / Volubilitani civitate / Romana ab eo donati","date_from":null,"date_to":null,"marker_gender":"male","is_individual":false,"edcs_url":"https://edcs.hist.uzh.ch/en/document?edcs-id=EDCS-08800332","persons":[{"nomen":"","gender":"male","raw_name":"Divo Claudio","cognomen":"Claudius","status":"Divus, civitate Romana donatus"}]}},{"type":"Feature","geometry":{"type":"Point","coordinates":[-5.56,34.07]},"properties":{"edcs_id":"EDCS-08800334","findspot":"Volubilis","raw_text":"[Ne]rv[a Traianus(?)","date_from":null,"date_to":null,"marker_gender":"male","is_individual":false,"edcs_url":"https://edcs.hist.uzh.ch/en/document?edcs-id=EDCS-08800334","persons":[{"nomen":"Nerva","gender":"male","raw_name":"[Ne]rv[a Traianus(?)","cognomen":"Traianus","cluster_id":308,"cluster_size":2}]}},{"type":"Feature","geometry":{"type":"Point","coordinates":[-5.55,34.08]},"properties":{"edcs_id":"EDCS-08800336","findspot":"Volubilis","raw_text":"[Div]ae Matidiae / [m]unicipium / Volubilitanum / decr(eto) dec(urionum) / posuit","date_from":null,"date_to":null,"marker_gender":"female","is_individual":false,"edcs_url":"https://edcs.hist.uzh.ch/en/document?edcs-id=EDCS-08800336","persons":[{"nomen":"","gender":"female","raw_name":"[Div]ae Matidiae","cognomen":"Matidia","status":"diva"}]}},{"type":"Feature","geometry":{"type":"Point","coordinates":[-5.56,34.07]},"properties":{"edcs_id":"EDCS-08800337","findspot":"Volubilis","raw_text":"M(arco) Annio Maturo C(ai) A[nni] / Rufi fil(io) Claudia Vol(ubilitano) an(norum) XXII / ordo Volub(ilitanorum) ob merita paren/t{i}um suorum et ob eximiam / indolem ei{i}us statuam po/nendam decrevit Caecilia / Polionilla mater filio pi/issimo sua pecunia posuit","date_from":null,"date_to":null,"marker_gender":"mixed","is_individual":false,"edcs_url":"https://edcs.hist.uzh.ch/en/document?edcs-id=EDCS-08800337","persons":[{"nomen":"Annius","gender":"male","raw_name":"M. Annio Maturo","praenomen":"Marcus","cognomen":"Maturus"},{"nomen":"Annius","gender":"male","raw_name":"C. A[nni] Rufi","praenomen":"Caius","cognomen":"Rufus","status":"pater"},{"nomen":"Claudia","gender":"female","raw_name":"Claudia Vol(ubilitano)","cognomen":"Volubilitana"},{"nomen":"","gender":"female","raw_name":"Caecilia Polionilla","cognomen":"Caecilia Polionilla","status":"mater"}]}},{"type":"Feature","geometry":{"type":"Point","coordinates":[-5.55,34.08]},"properties":{"edcs_id":"EDCS-08800338","findspot":"Volubilis","raw_text":"Imp(eratori) Caes(ari) divi Hadriani fili(o) divi Trai/{i}ani Parthici nep(oti) divi Nervae pronep(oti) Tito Aelio / Hadriano Antonino Aug(usto) Pio pont(ifici) max(imo) / trib(unicia) pot(estate) III co(n)s(uli) III p(atri) p(atriae) Aelius Tuccuda / princeps gentis Baquatium","date_from":null,"date_to":null,"marker_gender":"male","is_individual":false,"edcs_url":"https://edcs.hist.uzh.ch/en/document?edcs-id=EDCS-08800338","persons":[{"nomen":"Aelius Hadrianus","gender":"male","raw_name":"Tito Aelio Hadriano Antonino Aug. Pio pont. max. trib. pot. III co. III p. p.","praenomen":"Titus","cognomen":"Antoninus Pius","status":"Imperator Caesar, divi Hadriani filius, divi Traiani Parthici nepos, divi Nervae pronepos, pontifex maximus, tribunicia potestate III, consul III, pater patriae","is_imperial":true,"cluster_id":309,"cluster_size":2},{"nomen":"Aelius","gender":"male","raw_name":"Aelius Tuccuda princeps gentis Baquatium","cognomen":"Tuccuda","status":"princeps gentis Baquatium"}]}},{"type":"Feature","geometry":{"type":"Point","coordinates":[-5.55,34.08]},"properties":{"edcs_id":"EDCS-08800340","findspot":"Volubilis","raw_text":"Imp(eratori) Caes(ari) Aug(usto) / divo Antonino Pio / L(ucius) Annius Matun / Anni Honorati lib(ertus) / ob honor(em) IIIIIIvir(atus) / p(osuit) d(edicavit)","date_from":null,"date_to":null,"marker_gender":"male","is_individual":false,"edcs_url":"https://edcs.hist.uzh.ch/en/document?edcs-id=EDCS-08800340","persons":[{"nomen":"","gender":"male","raw_name":"Imp. Caes. Aug. divo Antonino Pio","cognomen":"Antoninus Pius","status":"Imperator Caesar, divo Antonino Pio","is_imperial":true},{"nomen":"Annius","gender":"male","raw_name":"L. Annius Matun Anni Honorati lib.","cognomen":"Matunus","status":"libertus Anni Honorati, IIII viratus"}]}},{"type":"Feature","geometry":{"type":"Point","coordinates":[-5.55,34.08]},"properties":{"edcs_id":"EDCS-08800341","findspot":"Volubilis","raw_text":"[Divae Fau]stin(ae) Imp(eratoris) Caes(aris) / T(iti) Ael(ii) Hadr(iani) Antonini Aug(usti) / Pii p(atris) p(atriae) co(n)s(ulis) III (!) Volubili/tani pub[lice] pos(uerunt)","date_from":null,"date_to":null,"marker_gender":"mixed","is_individual":false,"edcs_url":"https://edcs.hist.uzh.ch/en/document?edcs-id=EDCS-08800341","persons":[{"nomen":"","gender":"female","raw_name":"[Divae Fau]stin(ae) Imp(eratoris) Caes(aris)","cognomen":"Faustina","status":"diva","cluster_id":616,"cluster_size":3,"cluster_confidence":"low"},{"nomen":"Aelius Hadrianus","gender":"male","raw_name":"T. Ael. Hadr. Antonini Aug. Pii p. p. co. III","praenomen":"Titus","cognomen":"Antoninus Pius","status":"Imperator Caesar, pater patriae, consul III","is_imperial":true,"cluster_id":309,"cluster_size":2}]}},{"type":"Feature","geometry":{"type":"Point","coordinates":[-5.55,34.08]},"properties":{"edcs_id":"EDCS-08800345","findspot":"Volubilis","raw_text":"Pro salute Impe/ratoris Caesaris / M(arci) Aureli Antonini / Aug(usti) Armeniaci / Medici Parthici / Germanici max(imi) / Epidius Quadratus / proc(urator) eius co<l=N>locut(us) / cum Ucmetio prin/cipe gentium Ma/cennitum et Baqua/tium","date_from":null,"date_to":null,"marker_gender":"male","is_individual":false,"edcs_url":"https://edcs.hist.uzh.ch/en/document?edcs-id=EDCS-08800345","persons":[{"nomen":"Aurelius","gender":"male","raw_name":"M. Aureli Antonini Aug. Armeniaci Medici Parthici Germanici max.","praenomen":"Marcus","cognomen":"Antoninus","status":"Imperator Caesar, Augustus, Armenicus, Medicus, Parthicus, Germanicus maximus","is_imperial":true,"cluster_id":231,"cluster_size":5},{"nomen":"Epidius","gender":"male","raw_name":"Epidius Quadratus proc. eius","cognomen":"Quadratus","status":"procurator eius"},{"nomen":"","gender":"male","raw_name":"Ucmetio principe gentium Macennitum et Baquatium","cognomen":"Ucmetius","status":"princeps gentium Macennitum et Baquatium"}]}},{"type":"Feature","geometry":{"type":"Point","coordinates":[-5.56,34.07]},"properties":{"edcs_id":"EDCS-08800346","findspot":"Volubilis","raw_text":"Fau[st]inae Augustae / Im[pera]toris Caesaris / M(arci) [Aureli A]ntonini Aug(usti)","date_from":null,"date_to":null,"marker_gender":"mixed","is_individual":false,"edcs_url":"https://edcs.hist.uzh.ch/en/document?edcs-id=EDCS-08800346","persons":[{"nomen":"Aurelius","gender":"male","raw_name":"M. [Aureli A]ntonini Aug(usti)","praenomen":"Marcus","cognomen":"Antoninus","status":"Imperator Caesar, Augustus","is_imperial":true,"cluster_id":231,"cluster_size":5},{"nomen":"","gender":"female","raw_name":"Fau[st]inae Augustae","cognomen":"Faustina","status":"Augusta","is_imperial":true,"cluster_id":616,"cluster_size":3,"cluster_confidence":"low"}]}},{"type":"Feature","geometry":{"type":"Point","coordinates":[-5.55,34.08]},"properties":{"edcs_id":"EDCS-08800348","findspot":"Volubilis","raw_text":"Imperatori Caesari divi Marci Antonini / Germanici Sarmatici filio divi Commodi / fratri divi Antonini Pii nepoti divi Hadri/ani pronepoti divi Traiani Parthici abne/poti divi Nervae adnepoti / L(ucio) Septimio Severo Pio Pertinaci Aug(usto) Parthico / Arabico et Parthico Adiabenico p(atri) p(atriae) pont(ifici) / max(imo) trib(unicia) pot(estate) IIII imp(eratori) VIII co(n)s(uli) II proconsuli / et M(arco) Aurelio Antonino Caes(ari) / et Iuliae Domnae Aug(ustae) matri castrorum / res publica Volubilitanorum ex de[creto] / ordinis posuit","date_from":null,"date_to":null,"marker_gender":"mixed","is_individual":false,"edcs_url":"https://edcs.hist.uzh.ch/en/document?edcs-id=EDCS-08800348","persons":[{"nomen":"","gender":"male","raw_name":"L. Septimio Severo Pio Pertinaci Aug. Parthico Arabico et Parthico Adiabenico p. p. pont. max. trib. pot. IIII imp. VIII co. II proconsuli","cognomen":"Lucius Septimius Severus Pertinax","status":"Imperator Caesar, Augustus Parthicus Arabicus et Parthicus Adiabenicus, pater patriae, pontifex maximus, tribunus plebis, imperator, consul, proconsul","is_imperial":true},{"nomen":"","gender":"male","raw_name":"M. Aurelio Antonino Caes(ari)","cognomen":"Marcus Aurelius Antoninus","status":"Caesar","is_imperial":true,"cluster_id":607,"cluster_size":2,"cluster_confidence":"low"},{"nomen":"Iulia","gender":"female","raw_name":"Iuliae Domnae Aug. matri castrorum","cognomen":"Domna","status":"Augusta, mater castrorum","is_imperial":true}]}},{"type":"Feature","geometry":{"type":"Point","coordinates":[-5.56,34.07]},"properties":{"edcs_id":"EDCS-08800350","findspot":"Volubilis","raw_text":"M(arcus) Aurelius Anto]ninus [3] / [3] Auggg(usti) [3] / [3]C[","date_from":null,"date_to":null,"marker_gender":"male","is_individual":false,"edcs_url":"https://edcs.hist.uzh.ch/en/document?edcs-id=EDCS-08800350","persons":[{"nomen":"Aurelius","gender":"male","raw_name":"M. Aureli Anto]ninus [3] Auggg(usti) [3]","praenomen":"Marcus","cognomen":"Antoninus","status":"Augustus","is_imperial":true,"cluster_id":231,"cluster_size":5}]}},{"type":"Feature","geometry":{"type":"Point","coordinates":[-5.56,34.07]},"properties":{"edcs_id":"EDCS-08800358","findspot":"Volubilis","raw_text":"[[[Im]p(eratori) [Caes(ari) 3]]] / [[[3 An]ton[ino]]] / Aug(usto) P(io) F(elici) pont(ifici) / maximo t[ri]bun[i]/ciae pot[estatis] / procons(uli) res [p(ublica)] / Vol(ubilitanorum) ex decreto / ordinis","date_from":null,"date_to":null,"marker_gender":"male","is_individual":false,"edcs_url":"https://edcs.hist.uzh.ch/en/document?edcs-id=EDCS-08800358","persons":[{"nomen":"","gender":"male","raw_name":"[[3 An]ton[ino]]] Aug(usto) P(io) F(elici) pont(ifici) maximo t[ri]bun[i] ciae pot[estatis] procons(uli)","cognomen":"Antoninus","status":"Augustus Pius Felix, pontifex maximus, tribuniciam potestatem, proconsul","is_imperial":true,"cluster_id":618,"cluster_size":3,"cluster_confidence":"low"}]}},{"type":"Feature","geometry":{"type":"Point","coordinates":[-5.55,34.08]},"properties":{"edcs_id":"EDCS-08800361","findspot":"Volubilis","raw_text":"[[Anniae Fausti]]/[[nae]] Aug(ustae) [[coniug]]/[[gi Aug(usti) n(ostri)]] et matri / Caesaris n(ostri) / res p(ublica) Volubilit(anorum) / devotissima Nu/mini eorum / ex d(ecreto) o(rdinis) p(osuit)","date_from":null,"date_to":null,"marker_gender":"female","is_individual":false,"edcs_url":"https://edcs.hist.uzh.ch/en/document?edcs-id=EDCS-08800361","persons":[{"nomen":"","gender":"female","raw_name":"[[Anniae Fausti]] [[nae]] Aug(ustae) [[coniug]] [[gi Aug(usti) n(ostri)]] et matri","cognomen":"Annia Faustina","status":"Augusta, coniux Augusti nostri, et mater Caesaris nostri","is_imperial":true}]}},{"type":"Feature","geometry":{"type":"Point","coordinates":[-5.55,34.08]},"properties":{"edcs_id":"EDCS-08800362","findspot":"Volubilis","raw_text":"Imp(eratori) Caes(ari) divi Magni / Antonini filio / divi Pii Severi nepoti / M(arco) Aurel(io) Severo [[Alexandro]] / Pio Felici Aug(usto) pont(ifici) max(imo) / trib(unicia) pot(estate) cons(uli) res pub(lica) / Vol(ubilitanorum) ex decret(o) ordinis pos(uit)","date_from":null,"date_to":null,"marker_gender":"male","is_individual":false,"edcs_url":"https://edcs.hist.uzh.ch/en/document?edcs-id=EDCS-08800362","persons":[{"nomen":"Aurelius Severus","gender":"male","raw_name":"M(arco) Aurel(io) Severo [[Alexandro]] Pio Felici Aug(usto) pont(ifici) max(imo) trib(unicia) pot(estate) cons(uli)","praenomen":"Marcus","cognomen":"Alexander","status":"Imperator Caesar, Augustus pontifex maximus, tribunus plebis, consul","is_imperial":true},{"nomen":"","gender":"male","raw_name":"Imp(eratori) Caes(ari) divi Magni Antonini filio","cognomen":"Antoninus","status":"divi Magni filius","is_imperial":true,"cluster_id":618,"cluster_size":3,"cluster_confidence":"low"},{"nomen":"","gender":"male","raw_name":"divi Pii Severi nepoti","cognomen":"Severus","status":"divi Pii nepos","cluster_id":620,"cluster_size":2,"cluster_confidence":"low"}]}},{"type":"Feature","geometry":{"type":"Point","coordinates":[-5.56,34.07]},"properties":{"edcs_id":"EDCS-08800364","findspot":"Volubilis","raw_text":"[Iu]liae Mam(a)e/ae Piae Felici / Augustae matri / Aug(usti) n(ostri) res publi/ca Volubilit(anorum) / devotissima / Numini eius / ex decreto or/dinis posuit","date_from":null,"date_to":null,"marker_gender":"female","is_individual":false,"edcs_url":"https://edcs.hist.uzh.ch/en/document?edcs-id=EDCS-08800364","persons":[{"nomen":"Iulia","gender":"female","raw_name":"[Iu]liae Mam(a)e ae Piae Felici Augustae matri Aug(usti) n(ostri)","cognomen":"Mammea","status":"Augusta pia felix, matri Augusti nostri","is_imperial":true,"cluster_id":277,"cluster_size":2}]}},{"type":"Feature","geometry":{"type":"Point","coordinates":[-5.56,34.07]},"properties":{"edcs_id":"EDCS-08800365","findspot":"Volubilis","raw_text":"Imp(erator) Caesar M(arcus) Antonius / Gordianus Pius Felix Invictus / Augustus domum cum balineo / vetustate conlapsam / a solo restituit curante / M(arco) Ulpio Victore v(iro) e(gregio) proc(uratore) / pro legato","date_from":null,"date_to":null,"marker_gender":"male","is_individual":false,"edcs_url":"https://edcs.hist.uzh.ch/en/document?edcs-id=EDCS-08800365","persons":[{"nomen":"Antonius","gender":"male","raw_name":"Imp(erator) Caesar M(arcus) Antonius Gordianus Pius Felix Invictus Augustus","praenomen":"Marcus","cognomen":"Gordianus","status":"Imperator Pius Felix Invictus Augustus","is_imperial":true},{"nomen":"Ulpius","gender":"male","raw_name":"M(arco) Ulpio Victore v. e. proc. pro legato","praenomen":"Marcus","cognomen":"Victore","status":"vir egregius, procurator pro legato"}]}},{"type":"Feature","geometry":{"type":"Point","coordinates":[-5.56,34.07]},"properties":{"edcs_id":"EDCS-08800366","findspot":"Volubilis","raw_text":"[Imp(eratori) C]aesar(i) / [P(ublio)] Licinio Gal/lieno / Pio Felici Aug(usto) / pont(ifici) max(imo) p(atri) p(atriae) / trib(unicia) pot(estate) III / co(n)s(uli) II proco(n)s(uli) / res p(ublica) Vol(ubilitanorum) ex dec(reto) / ordinis pos(uit)","date_from":null,"date_to":null,"marker_gender":"male","is_individual":false,"edcs_url":"https://edcs.hist.uzh.ch/en/document?edcs-id=EDCS-08800366","persons":[{"nomen":"Licinius","gender":"male","raw_name":"[Imp(eratori) C]aesar(i) [P(ublio)] Licinio Gal lieno Pio Felici Aug(usto) pont(ifici) max(imo) p(atri) p(atriae) trib(unicia) pot(estate) III co(n)s(uli) II proco(n)s(uli)","cognomen":"Gallienus","status":"Imperator Caesar, Augustus pontifex maximus, pater patriae, tribunus plebis, consul, proconsul","is_imperial":true,"cluster_id":280,"cluster_size":2}]}},{"type":"Feature","geometry":{"type":"Point","coordinates":[-5.56,34.07]},"properties":{"edcs_id":"EDCS-08800368","findspot":"Volubilis","raw_text":"Imp(eratori) Caes(ari) / M(arco) Aurel(io) Clau/dio Pio Felici / Aug(usto) p(atri) p(atriae) pont(ifici) / maximo tribu/niciae pot(estatis) c[o(n)s(uli)] / proco(n)s(uli) res [p(ublica)] / Vol(ubilitanorum) ex decre[to] / ordinis posuit","date_from":null,"date_to":null,"marker_gender":"male","is_individual":false,"edcs_url":"https://edcs.hist.uzh.ch/en/document?edcs-id=EDCS-08800368","persons":[{"nomen":"Aurelius","gender":"male","raw_name":"Imp(eratori) Caes(ari) M(arco) Aurel(io) Clau dio Pio Felici Aug(usto) p(atri) p(atriae) pont(ifici) maximo tribu niciae pot(estatis) c[o(n)s(uli)] proco(n)s(uli)","praenomen":"Marcus","cognomen":"Claudius","status":"Imperator Caesar, Augustus pater patriae, pontifex maximus, tribunus plebis, consul, proconsul","is_imperial":true}]}},{"type":"Feature","geometry":{"type":"Point","coordinates":[-5.56,34.07]},"properties":{"edcs_id":"EDCS-08800369","findspot":"Volubilis","raw_text":"Ulp(iae) Severi/nae Aug(ustae) con/iugi d(omini) n(ostri) [Au]/reliani Inv[ic]/ti Aug(usti) r(es) p(ublica) Vol(ubilitanorum) ex / dec(reto) ord(inis) pos(uit)","date_from":null,"date_to":null,"marker_gender":"female","is_individual":false,"edcs_url":"https://edcs.hist.uzh.ch/en/document?edcs-id=EDCS-08800369","persons":[{"nomen":"Ulpia","gender":"female","raw_name":"Ulp(iae) Severi nae Aug(ustae) con iugi d(omini) n(ostri) [Au] reliani Inv[ic] ti Aug(usti)","cognomen":"Severina","status":"Augusta, coniux domini nostri Aureliani Invicti Augusti","is_imperial":true}]}},{"type":"Feature","geometry":{"type":"Point","coordinates":[-5.56,34.07]},"properties":{"edcs_id":"EDCS-08800371","findspot":"Volubilis","raw_text":"Sufroniae Valentin(a)e coniugi / Clementi Val(eri) Marcellini v(iri) p(erfectissimi) p(raesidis) et / patroni nostri res publica / Vol(ubilitanorum) ex decreto ordinis posuit","date_from":null,"date_to":null,"marker_gender":"mixed","is_individual":false,"edcs_url":"https://edcs.hist.uzh.ch/en/document?edcs-id=EDCS-08800371","persons":[{"nomen":"Valerius","gender":"male","raw_name":"Val(eri) Marcellini v. p. p. et patroni nostri","cognomen":"Marcellinus","status":"vir perfectissimus, praeses et patronus noster"},{"nomen":"Sufronia","gender":"female","raw_name":"Sufroniae Valentin(a)e coniugi Clementi","cognomen":"Valentina","status":"coniugi clementi"}]}},{"type":"Feature","geometry":{"type":"Point","coordinates":[-5.56,34.07]},"properties":{"edcs_id":"EDCS-08800385","findspot":"Volubilis","raw_text":"] proc(uratori?) Aug(usti)","date_from":null,"date_to":null,"marker_gender":"unknown","is_individual":false,"edcs_url":"https://edcs.hist.uzh.ch/en/document?edcs-id=EDCS-08800385","persons":[{"nomen":"","gender":"unknown","raw_name":"proc(uratori?) Aug(usti)","status":"procurator Augusti"}]}},{"type":"Feature","geometry":{"type":"Point","coordinates":[-5.56,34.07]},"properties":{"edcs_id":"EDCS-08800387","findspot":"Volubilis","raw_text":"M(arco) Caecil(io) M(arci) f(ilio) Quirina / [I]bzathae annor(um) XVII / equo publico desig(nato) / Cornelia Amma fratri pos(uit)","date_from":null,"date_to":null,"marker_gender":"mixed","is_individual":false,"edcs_url":"https://edcs.hist.uzh.ch/en/document?edcs-id=EDCS-08800387","persons":[{"nomen":"Caecilius","gender":"male","raw_name":"M. Caecil(io) M. f. Quirina [I]bzathae","praenomen":"Marcus","cognomen":"Ibzathas","status":"equo publico designato"},{"nomen":"Cornelia","gender":"female","raw_name":"Cornelia Amma","cognomen":"Amma","status":"soror"}]}},{"type":"Feature","geometry":{"type":"Point","coordinates":[-5.56,34.07]},"properties":{"edcs_id":"EDCS-08800388","findspot":"Volubilis","raw_text":"T(itus) O]crat(ius) Valerianus c(larissimus) v(ir) quaes[t(or)] / [p]ro praet(ore) provinc(iae) Baetica[e] / [f]ratri ob merita pietatis / [ei]us erga se posuit","date_from":null,"date_to":null,"marker_gender":"male","is_individual":false,"edcs_url":"https://edcs.hist.uzh.ch/en/document?edcs-id=EDCS-08800388","persons":[{"nomen":"Ocratius","gender":"male","raw_name":"T(itus) O]crat(ius) Valerianus c(larissimus) v(ir) quaes[t(or)] [p]ro praet(ore) provinc(iae) Baetica[e]","praenomen":"Titus","cognomen":"Valerianus","status":"clarissimus vir quaestor pro praetore provinciae Baeticae"}]}},{"type":"Feature","geometry":{"type":"Point","coordinates":[-5.55,34.08]},"properties":{"edcs_id":"EDCS-08800389","findspot":"Volubilis","raw_text":"L(ucio) Pompeio M(arci) f(ilio) / Claudia Seniori / Volub(ilitano) / trib(uno) mil(itum) leg(ionis) VIII Aug(ustae) praef(ecto) / cohor(tis) II Fl(aviae) Afror(um) equo / publico exornato a divo / Pio decurioni municipii / sui Pompeii Antonianus et / [[[Manlianus]]] filii posuerunt","date_from":null,"date_to":null,"marker_gender":"male","is_individual":false,"edcs_url":"https://edcs.hist.uzh.ch/en/document?edcs-id=EDCS-08800389","persons":[{"nomen":"Pompeius","gender":"male","raw_name":"L. Pompeio M. f. Claudia Seniori Volub(ilitano)","praenomen":"Lucius","cognomen":"Senior Volubilitanus","status":"tribunus militum legionis VIII Augustae, praefectus cohortis II Flaviae Afrorum equo publico exornato a divo Pio, decurio municipii sui"},{"nomen":"","gender":"male","raw_name":"Pompeii Antonianus","cognomen":"Antoninus","status":"filius","cluster_id":618,"cluster_size":3,"cluster_confidence":"low"},{"nomen":"","gender":"male","raw_name":"[[Manlianus]]","cognomen":"Manlianus","status":"filius","is_imperial":true}]}},{"type":"Feature","geometry":{"type":"Point","coordinates":[-5.56,34.07]},"properties":{"edcs_id":"EDCS-08800390","findspot":"Volubilis","raw_text":"]iario(?) / [3] spl(endido) eq(uiti) R(omano)","date_from":null,"date_to":null,"marker_gender":"unknown","is_individual":false,"edcs_url":"https://edcs.hist.uzh.ch/en/document?edcs-id=EDCS-08800390","persons":[{"nomen":"","gender":"unknown","raw_name":"[3] spl(endido) eq(uiti) R(omano)","status":"splendido equiti Romano"}]}},{"type":"Feature","geometry":{"type":"Point","coordinates":[-5.55,34.08]},"properties":{"edcs_id":"EDCS-08800391","findspot":"Volubilis","raw_text":"Aemiliae / D(ecimi) fil(iae) Sextinae / Viennensi bis flaminicae / ordo Volubilitanorum / ob eximiam eius probitatem et ma/riti sui Nammi Materni praef(ecti) cohor(tis) / Astur(um) et Callaecor(um) merita locum / sepulc{h}ri i<m=N>pensam funeris / statuam decrevit Nammius / Maternus contentus honore / i<m=N>pens[am remisit s(ua) p(ecunia) pos]uit","date_from":null,"date_to":null,"marker_gender":"mixed","is_individual":false,"edcs_url":"https://edcs.hist.uzh.ch/en/document?edcs-id=EDCS-08800391","persons":[{"nomen":"Aemilia","gender":"female","raw_name":"Aemiliae D. fil(iae) Sextinae Viennensi bis flaminicae","cognomen":"Sextina Viennensis","status":"bis flaminica"},{"nomen":"","gender":"male","raw_name":"Nammi Materni","cognomen":"Nammius Maternus","status":"maritus","cluster_id":622,"cluster_size":2,"cluster_confidence":"low"},{"nomen":"","gender":"male","raw_name":"Nammius Maternus","cognomen":"Nammius Maternus","cluster_id":622,"cluster_size":2,"cluster_confidence":"low"}]}},{"type":"Feature","geometry":{"type":"Point","coordinates":[-5.56,34.07]},"properties":{"edcs_id":"EDCS-08800392","findspot":"Volubilis","raw_text":"[3 Antonio 3] / [3 decurioni] / [munici]pii Vol(ubilitani) / [a]edilicio ann(orum) / XXIIII / L(ucius) Ant(onius) Ianuarius / pater piissimo / filio posuit","date_from":null,"date_to":null,"marker_gender":"male","is_individual":false,"edcs_url":"https://edcs.hist.uzh.ch/en/document?edcs-id=EDCS-08800392","persons":[{"nomen":"","gender":"male","raw_name":"[3 Antonio 3] [3 decurioni] munici[pii Vol(ubilitani) a]edilicio","cognomen":"Antonius","status":"decurio edilicium","cluster_id":623,"cluster_size":2,"cluster_confidence":"low"},{"nomen":"Antonius","gender":"male","raw_name":"L. Ant(onius) Ianuarius","praenomen":"Lucius","cognomen":"Ianuarius","status":"pater piissimo filio","cluster_id":251,"cluster_size":3}]}},{"type":"Feature","geometry":{"type":"Point","coordinates":[-5.56,34.07]},"properties":{"edcs_id":"EDCS-08800393","findspot":"Volubilis","raw_text":"L(ucio) Antonio Lucia/no decurioni / municipii Vol(ubilitani) / ann(orum) XXIIII / L(ucius) Ant(onius) Ianuarius / pater piissimo / filio posuit","date_from":null,"date_to":null,"marker_gender":"male","is_individual":false,"edcs_url":"https://edcs.hist.uzh.ch/en/document?edcs-id=EDCS-08800393","persons":[{"nomen":"Antonius","gender":"male","raw_name":"L. Ant(onius) Ianuarius","praenomen":"Lucius","cognomen":"Ianuarius","status":"pater piissimo filio","cluster_id":251,"cluster_size":3},{"nomen":"Antonius","gender":"male","raw_name":"L. Antonio Lucia no decurioni municipii Vol(ubilitani)","cognomen":"Lucianus","status":"decurioni municipii Vol(ubilitani)"}]}},{"type":"Feature","geometry":{"type":"Point","coordinates":[-5.56,34.07]},"properties":{"edcs_id":"EDCS-08800394","findspot":"Volubilis","raw_text":"L(ucio) Ca[ecilio 3 fil(io)] / Clau(dia) [3] / aed(ili) de[c(urioni) or]d[o] / Vol(ubilitanorum) ob m[erit]a / sua s[ta]t[uam dec]r(evit) / L(ucius) Caec(ilius) Rogatu[s] f(ilius) / patri piissimo / remissa i<m=N>[p]en[sa] / d(e) [s(ua)] p(ecunia) p(osuit)","date_from":null,"date_to":null,"marker_gender":"male","is_individual":false,"edcs_url":"https://edcs.hist.uzh.ch/en/document?edcs-id=EDCS-08800394","persons":[{"nomen":"Caecilius","gender":"male","raw_name":"L. Caecilio 3 fil(io) Clau(dia) [3] aed(ili) de[c(urioni) or]d[o] Vol(ubilitanorum)","praenomen":"Lucius","cognomen":"Rogatus","status":"aedilis decurio Volubilitanorum","cluster_id":307,"cluster_size":2},{"nomen":"","gender":"male","raw_name":"L(ucius) Caec(ilius) Rogatu[s] f(ilius) patri piissimo","status":"pater"}]}},{"type":"Feature","geometry":{"type":"Point","coordinates":[-5.56,34.07]},"properties":{"edcs_id":"EDCS-08800395","findspot":"Volubilis","raw_text":"L(ucio) Caecilio L(uci) filio / Caeciliano / aedili IIvir(o) flam(ini) / municipii / Manlia Romana / nurus socero piissimo / posuit","date_from":null,"date_to":null,"marker_gender":"mixed","is_individual":false,"edcs_url":"https://edcs.hist.uzh.ch/en/document?edcs-id=EDCS-08800395","persons":[{"nomen":"Caecilius","gender":"male","raw_name":"L. Caecilio L. filio Caeciliano aedili IIvir(o) flam(ini) municipii","praenomen":"Lucius","cognomen":"Caecilianus","status":"aedilis IIvir flaminis municipii","cluster_id":316,"cluster_size":8},{"nomen":"Manlia","gender":"female","raw_name":"Manlia Romana","status":"nurus"}]}},{"type":"Feature","geometry":{"type":"Point","coordinates":[-5.56,34.07]},"properties":{"edcs_id":"EDCS-08800396","findspot":"Volubilis","raw_text":"L(ucio) Caecilio Luci fil(io) / Claud(ia) Clementi / dec(urioni) IIvirali / annorum XXXIII / Caecilia Caeciliana / filio karissimo / posu[it]","date_from":null,"date_to":null,"marker_gender":"mixed","is_individual":false,"edcs_url":"https://edcs.hist.uzh.ch/en/document?edcs-id=EDCS-08800396","persons":[{"nomen":"Caecilius","gender":"male","raw_name":"L. Caecilio Luci fil(io) Claud(ia) Clementi dec(urioni) IIvirali","praenomen":"Lucius","cognomen":"Clemens","status":"decurio IIvirali","cluster_id":126,"cluster_size":5},{"nomen":"Caecilia","gender":"female","raw_name":"Caecilia Caeciliana","cognomen":"Caeciliana","status":"filia","cluster_id":316,"cluster_size":8}]}},{"type":"Feature","geometry":{"type":"Point","coordinates":[-5.56,34.07]},"properties":{"edcs_id":"EDCS-08800397","findspot":"Volubilis","raw_text":"Q(uinto) Caecilio / Q(uinti) f(ilio) Gal(eria) Platoni / aed(ili) IIvir(o) flami/ni municipi(i) / Volub(ilitani) / Caecilia Caeciliana / filia piissimo patri / d(e)d(it)","date_from":null,"date_to":null,"marker_gender":"mixed","is_individual":false,"edcs_url":"https://edcs.hist.uzh.ch/en/document?edcs-id=EDCS-08800397","persons":[{"nomen":"Caecilius","gender":"male","raw_name":"Q. Caecilio Q. f. Gal(eria) Platoni aed(ili) IIvir(o) flami ni municipi(i) Volub(ilitani)","praenomen":"Quintus","cognomen":"Plato","status":"tribus: Galeria, aedilis IIvir flamini municipi Volubilitani"},{"nomen":"Caecilia","gender":"female","raw_name":"Caecilia Caeciliana","cognomen":"Caeciliana","status":"filia","cluster_id":316,"cluster_size":8}]}},{"type":"Feature","geometry":{"type":"Point","coordinates":[-5.56,34.07]},"properties":{"edcs_id":"EDCS-08800398","findspot":"Volubilis","raw_text":"Fabiae Birae / Izeltae f(iliae) / flaminicae / primae in muni/cipio Volub(ilitano) / erga suos piissi/mae et bene meri/tae M(arcus) Val(erius) Seve/ri lib(ertus) Antiochus / d(e) s(ua) p(ecunia) d(edit) d(e)d(icavit)","date_from":null,"date_to":null,"marker_gender":"mixed","is_individual":false,"edcs_url":"https://edcs.hist.uzh.ch/en/document?edcs-id=EDCS-08800398","persons":[{"nomen":"Fabia","gender":"female","raw_name":"Fabiae Birae Izeltae f(iliae) flaminicae primae in muni cipio Volub(ilitano)","cognomen":"Bira","status":"flaminica primae in municipio Volubilitano erga suos","cluster_id":335,"cluster_size":2},{"nomen":"","gender":"male","raw_name":"M(arcus) Val(erius) Seve ri lib(ertus) Antiochus","cognomen":"Antiochus","status":"libertus Severi"}]}},{"type":"Feature","geometry":{"type":"Point","coordinates":[-5.56,34.07]},"properties":{"edcs_id":"EDCS-08800399","findspot":"Volubilis","raw_text":"[Fabi]ae Birae / [I]zeltae f(iliae) / flam{a}inicae / primae in muni/cipio Volub(ilitano) / Fabii Crispus / et Caecilianus / et Rogatus Cris/pi f(ilius) amitae in/dulgentissi/mae d(e) s(ua) p(ecunia) / deder(unt)","date_from":null,"date_to":null,"marker_gender":"mixed","is_individual":false,"edcs_url":"https://edcs.hist.uzh.ch/en/document?edcs-id=EDCS-08800399","persons":[{"nomen":"Fabia","gender":"female","raw_name":"[Fab]iae Birae [I]zeltae f(iliae) flam{a}inicae primae in muni cipio Volub(ilitano)","cognomen":"Bira","status":"flaminicae primae in municipio Volubilitano","cluster_id":335,"cluster_size":2},{"nomen":"Fabius","gender":"male","raw_name":"Fabii Crispus","cognomen":"Crispus","cluster_id":119,"cluster_size":2},{"nomen":"","gender":"male","raw_name":"Caecilianus","cognomen":"Caecilianus"},{"nomen":"","gender":"male","raw_name":"Rogatus Cris pi f(ilius)","cognomen":"Crispus","cluster_id":635,"cluster_size":2,"cluster_confidence":"low"}]}},{"type":"Feature","geometry":{"type":"Point","coordinates":[-5.56,34.07]},"properties":{"edcs_id":"EDCS-08800400","findspot":"Volubilis","raw_text":"G(aio!) Gellio Q(uinti) fil(io) Quir(ina) / Senecae Volubilit(ano) / dec(urioni) municipii sui / annor(um) XVIII / Q(uintus) Gellius Gellianus / pater et Caecilia Di/dei{i}a mater filio / piissimo posue/runt","date_from":null,"date_to":null,"marker_gender":"mixed","is_individual":false,"edcs_url":"https://edcs.hist.uzh.ch/en/document?edcs-id=EDCS-08800400","persons":[{"nomen":"Gellius","gender":"male","raw_name":"G(aio!) Gellio Q(uinti) fil(io) Quir(ina) Senecae Volubilit(ano) dec(urioni) municipii sui","praenomen":"Gaius","cognomen":"Seneca","status":"tribus: Quirina, decurio municipii sui"},{"nomen":"Gellius","gender":"male","raw_name":"Q(uintus) Gellius Gellianus","cognomen":"Gellianus"},{"nomen":"Caecilia","gender":"female","raw_name":"Caecilia Di{i}deia mater","cognomen":"Didea","status":"mater"}]}},{"type":"Feature","geometry":{"type":"Point","coordinates":[-5.56,34.07]},"properties":{"edcs_id":"EDCS-08800401","findspot":"Volubilis","raw_text":"M(arco) Valerio Honorato / Tusci fil(io) dec(urioni) aedili/cio IIvirali Val(erius) Tus/cus f(ilius) piissimo {pas} / patri pos(uit)","date_from":null,"date_to":null,"marker_gender":"male","is_individual":false,"edcs_url":"https://edcs.hist.uzh.ch/en/document?edcs-id=EDCS-08800401","persons":[{"nomen":"Valerius","gender":"male","raw_name":"M(arco) Valerio Honorato Tusci fil(io) dec(urioni) aedili cio IIvirali","praenomen":"Marcus","cognomen":"Honoratus","status":"aedilicio IIvirali","cluster_id":339,"cluster_size":3},{"nomen":"Valerius","gender":"male","raw_name":"Val(erius) Tus cus f(ilius)","status":"filius"}]}},{"type":"Feature","geometry":{"type":"Point","coordinates":[-5.56,34.07]},"properties":{"edcs_id":"EDCS-08800402","findspot":"Volubilis","raw_text":"M(arco) Val(erio) Hono/rato Tusci / f(ilio) Honora/ti nepoti an(norum) / XVIII Tuscus / pater fil(io) piissimo pos(uit)","date_from":null,"date_to":null,"marker_gender":"male","is_individual":false,"edcs_url":"https://edcs.hist.uzh.ch/en/document?edcs-id=EDCS-08800402","persons":[{"nomen":"Valerius","gender":"male","raw_name":"M(arco) Val(erio) Hono rato Tusci f(ilio) Honora ti","praenomen":"Marcus","cognomen":"Honoratus","cluster_id":339,"cluster_size":3},{"nomen":"","gender":"male","raw_name":"Tuscus pater","cognomen":"Tuscus","status":"pater","cluster_id":631,"cluster_size":2,"cluster_confidence":"low"}]}},{"type":"Feature","geometry":{"type":"Point","coordinates":[-5.55,34.08]},"properties":{"edcs_id":"EDCS-08800403","findspot":"Volubilis","raw_text":"M(arco) Val(erio) Bostaris / f(ilio) Gal(eria) Severo / aed(ili) sufeti IIvir(o) / flamini primo / in municipio suo / praef(ecto) auxilior(um) adversus Aedemo/nem oppressum bello / huic ordo municipii Volub(ilitanorum) ob me/rita erga rem pub(licam) et legatio/nem bene gestam qua ab(!) divo / Claudio civitatem Ro/manam et conubium cum pere/grinis mulieribus immunitatem / annor(um) X incolas bona civium bel/lo interfectorum quorum here/des non extabant suis impetra/vit / Fabia Bira Izeltae f(ilia) uxor indulge/ntissimo viro honore usa impensam / remisit / et d(e) s(ua) p(ecunia) d(edit) d(e)dic(avit)","date_from":null,"date_to":null,"marker_gender":"mixed","is_individual":false,"edcs_url":"https://edcs.hist.uzh.ch/en/document?edcs-id=EDCS-08800403","persons":[{"nomen":"Valerius","gender":"male","raw_name":"M. Val. Bostaris f. Gal. Severo","praenomen":"Marcus","cognomen":"Severus","status":"aedilis sufes IIvir flamen primo in municipio suo praefectus auxiliorum adversus Aedemonem oppressum bello"},{"nomen":"Fabia","gender":"female","raw_name":"Fabia Bira Izeltae f. uxor","cognomen":"Bira Izeltae","status":"filia uxor indulgentissimo viro honore usa impensam remisit","cluster_id":461,"cluster_size":2}]}},{"type":"Feature","geometry":{"type":"Point","coordinates":[-5.56,34.07]},"properties":{"edcs_id":"EDCS-08800406","findspot":"Volubilis","raw_text":"L(ucio) Caecilio L(uci) f(ilio) Claudia / Silvano eq(uiti) alae / Aug(ustae) / Caecilia Modesta mater / et Caecilius Modestus / frater / d(e) s(ua) p(ecunia) p(osuerunt)","date_from":null,"date_to":null,"marker_gender":"mixed","is_individual":false,"edcs_url":"https://edcs.hist.uzh.ch/en/document?edcs-id=EDCS-08800406","persons":[{"nomen":"Caecilius","gender":"male","raw_name":"L(ucio) Caecilio L(uci) f(ilio) Claudia Silvano eq(uiti) alae Aug(ustae)","praenomen":"Lucius","cognomen":"Silvanus","status":"equiti alae Augustae","cluster_id":197,"cluster_size":2},{"nomen":"Caecilia","gender":"female","raw_name":"Caecilia Modesta mater","cognomen":"Modesta","status":"mater","cluster_id":340,"cluster_size":2},{"nomen":"Caecilius","gender":"male","raw_name":"Caecilius Modestus frater","cognomen":"Modestus","status":"frater","cluster_id":340,"cluster_size":2}]}},{"type":"Feature","geometry":{"type":"Point","coordinates":[-5.56,34.07]},"properties":{"edcs_id":"EDCS-08800407","findspot":"Volubilis","raw_text":"A]ntonianae / [S]ex(tus) Antonius / Valerian[us","date_from":null,"date_to":null,"marker_gender":"male","is_individual":false,"edcs_url":"https://edcs.hist.uzh.ch/en/document?edcs-id=EDCS-08800407","persons":[{"nomen":"","gender":"male","raw_name":"Antonianae","cognomen":"Antonianus"},{"nomen":"Antonius","gender":"male","raw_name":"Sext(us) Antonius Valerian[us","praenomen":"Sextus","cognomen":"Valerianus","cluster_id":191,"cluster_size":4}]}},{"type":"Feature","geometry":{"type":"Point","coordinates":[-5.56,34.07]},"properties":{"edcs_id":"EDCS-08800408","findspot":"Volubilis","raw_text":"L(ucio) Antonio Nervae / annorum XXV / [3] municipi(i) [","date_from":null,"date_to":null,"marker_gender":"male","is_individual":false,"edcs_url":"https://edcs.hist.uzh.ch/en/document?edcs-id=EDCS-08800408","persons":[{"nomen":"Antonius","gender":"male","raw_name":"L(ucio) Antonio Nervae [3] municipi(i)","praenomen":"Lucius","cognomen":"Nerva","status":"municipii"}]}},{"type":"Feature","geometry":{"type":"Point","coordinates":[-5.56,34.07]},"properties":{"edcs_id":"EDCS-08800410","findspot":"Volubilis","raw_text":"C(aio) Caecil(io) L(uci) fil(io) / Claudia / Flacco an/norum XXV / T(itus) Ocr(a)t(ius) Valeri/anus [v(ir)] c(larissimus) et Q(uintus) / Ocrat(ius) Titia/nus [v(ir) e(gregius)] fra/tri posuerunt","date_from":null,"date_to":null,"marker_gender":"male","is_individual":false,"edcs_url":"https://edcs.hist.uzh.ch/en/document?edcs-id=EDCS-08800410","persons":[{"nomen":"Caecilius","gender":"male","raw_name":"C(aio) Caecil(io) L(uci) fil(io) Claudia Flacco","praenomen":"Gaius","cognomen":"Flaccus"},{"nomen":"Ocratius","gender":"male","raw_name":"T(itus) Ocr(a)t(ius) Valeri anus [v(ir)] c(larissimus)","cognomen":"Valerianus","status":"vir clarissimus"},{"nomen":"Ocratius","gender":"male","raw_name":"Q(uintus) Ocrat(ius) Titia nus [v(ir) e(gregius)]","praenomen":"Quintus","cognomen":"Titianus","status":"vir egregius","cluster_id":260,"cluster_size":2}]}},{"type":"Feature","geometry":{"type":"Point","coordinates":[-5.56,34.07]},"properties":{"edcs_id":"EDCS-08800411","findspot":"Volubilis","raw_text":"L(ucio) Caec(ilio) L(uci) f(ilio) Cl(audia) Frontoni Vo/lubilitano Romae defunc/to annor(um) XXV cui ob meri/ta parentum et ipsius in/dolem ordo Volubilita/nus statuam et impensam / funeris decrevit Cae[c(ilia)] / Caeciliana honore usa / privigino reverentis/simo posuit","date_from":null,"date_to":null,"marker_gender":"mixed","is_individual":false,"edcs_url":"https://edcs.hist.uzh.ch/en/document?edcs-id=EDCS-08800411","persons":[{"nomen":"Caecilius","gender":"male","raw_name":"L(ucio) Caec(ilio) L(uci) f(ilio) Cl(audia) Frontoni Vo lubilitano Romae defunc to","praenomen":"Lucius","cognomen":"Fronton","status":"Volubilitano Romae defuncto"},{"nomen":"Caecilia","gender":"female","raw_name":"Cae[c(ilia)]   Caeciliana honore usa   privigino reverentis simo","cognomen":"Caeciliana","status":"honore usa privigino reverentissimo","cluster_id":316,"cluster_size":8}]}},{"type":"Feature","geometry":{"type":"Point","coordinates":[-5.56,34.07]},"properties":{"edcs_id":"EDCS-08800412","findspot":"Volubilis","raw_text":"L(ucio) Caecil(io) L(uci) f(ilio) Gal(eria) Gelliano / M(arcus) Caecil(ius) Fuscinus frater / et Aemilia Honorata / mater piissimo filio / posuerunt","date_from":null,"date_to":null,"marker_gender":"mixed","is_individual":false,"edcs_url":"https://edcs.hist.uzh.ch/en/document?edcs-id=EDCS-08800412","persons":[{"nomen":"Caecilius","gender":"male","raw_name":"L(ucio) Caecil(io) L(uci) f(ilio) Gal(eria) Gelliano","praenomen":"Lucius","cognomen":"Gellianus"},{"nomen":"Marcus","gender":"male","raw_name":"M(arcus) Caecil(ius) Fuscinus frater","cognomen":"Fuscinus","status":"frater"},{"nomen":"Aemilia","gender":"female","raw_name":"Aemilia Honorata mater","cognomen":"Honorata","status":"mater"}]}},{"type":"Feature","geometry":{"type":"Point","coordinates":[-5.56,34.07]},"properties":{"edcs_id":"EDCS-08800413","findspot":"Volubilis","raw_text":"L(ucio) Caecilio L(uci) f(ilio) / Gal(eria) Kassiano / huic ordo / municipi(i) Vol(u)b(ilitani) / ob merita su[a] / et parent{i}[um] / [","date_from":null,"date_to":null,"marker_gender":"male","is_individual":false,"edcs_url":"https://edcs.hist.uzh.ch/en/document?edcs-id=EDCS-08800413","persons":[{"nomen":"Caecilius","gender":"male","raw_name":"L. Caecilio L. f. Gal. Kassiano","praenomen":"Lucius","cognomen":"Kassian","status":"tribus: Galeria","cluster_id":312,"cluster_size":2}]}},{"type":"Feature","geometry":{"type":"Point","coordinates":[-5.56,34.07]},"properties":{"edcs_id":"EDCS-08800414","findspot":"Volubilis","raw_text":"L(ucio) Caecil(io) L(uci) f(ilio) Claud(ia) / Platoni / Caecil(ius) Celsinus / et Valeria Gaetu/la parentes piissi/mo fil(io) d(e) s(ua) p(ecunia) d(ederunt) / dedicarunt","date_from":null,"date_to":null,"marker_gender":"mixed","is_individual":false,"edcs_url":"https://edcs.hist.uzh.ch/en/document?edcs-id=EDCS-08800414","persons":[{"nomen":"Caecilius","gender":"male","raw_name":"L. Caecil(io) L. f. Claud. Platoni","praenomen":"Lucius","cognomen":"Plato","status":"tribus: Claudia"},{"nomen":"Caecilius","gender":"male","raw_name":"Caecil(ius) Celsinus","cognomen":"Celsinus"},{"nomen":"Valeria","gender":"female","raw_name":"Valeria Gaetu la","cognomen":"Gaetula"}]}},{"type":"Feature","geometry":{"type":"Point","coordinates":[-5.56,34.07]},"properties":{"edcs_id":"EDCS-08800416","findspot":"Volubilis","raw_text":"Caeciliae Caecili[anae] / L(ucius) Caecilius Caec[ilia]/nus pater et Valeria / Manlia mater filiae / piiss<i=U>mae d(e) s(ua) p(ecunia) d(e)d(erunt)","date_from":null,"date_to":null,"marker_gender":"mixed","is_individual":false,"edcs_url":"https://edcs.hist.uzh.ch/en/document?edcs-id=EDCS-08800416","persons":[{"nomen":"Caecilia","gender":"female","raw_name":"Caeciliae Caecili[anae]","cognomen":"Caeciliana","cluster_id":316,"cluster_size":8},{"nomen":"Caecilius","gender":"male","raw_name":"L. Caecilius Caec[ilia] nus","praenomen":"Lucius","cognomen":"Caecilianus","cluster_id":316,"cluster_size":8},{"nomen":"Valeria","gender":"female","raw_name":"Valeria   Manlia","cognomen":"Manlia"}]}},{"type":"Feature","geometry":{"type":"Point","coordinates":[-5.56,34.07]},"properties":{"edcs_id":"EDCS-08800417","findspot":"Volubilis","raw_text":"M(arco) Claudio Q(uinti) f(ilio) Germano Volubilitano / ann(orum) VIII Q(uintus) Cl(audius) Saturnius et Flavia Ger/manilla filio carissimo posuer(unt)","date_from":null,"date_to":null,"marker_gender":"mixed","is_individual":false,"edcs_url":"https://edcs.hist.uzh.ch/en/document?edcs-id=EDCS-08800417","persons":[{"nomen":"Cladius","gender":"male","raw_name":"M. Claudio Q. f. Germano Volubilitano","praenomen":"Marcus","cognomen":"Germanus Volubilitanus"},{"nomen":"Claudius","gender":"male","raw_name":"Q. Cl(audius) Saturnius","praenomen":"Quintus","cognomen":"Saturnius","cluster_id":249,"cluster_size":2},{"nomen":"Flavia","gender":"female","raw_name":"Flavia Ger manilla","cognomen":"Germanilla","cluster_id":319,"cluster_size":2}]}},{"type":"Feature","geometry":{"type":"Point","coordinates":[-5.56,34.07]},"properties":{"edcs_id":"EDCS-08800418","findspot":"Volubilis","raw_text":"L(ucio) Fabio L(uci) f(ilio) / Clau[d]ia / Romano / Fabii / Manlian(us) / et Saturnin(us) / fratres posuer(unt)","date_from":null,"date_to":null,"marker_gender":"male","is_individual":false,"edcs_url":"https://edcs.hist.uzh.ch/en/document?edcs-id=EDCS-08800418","persons":[{"nomen":"Fabius","gender":"male","raw_name":"L. Fabio L. f.   Clau[d]ia   Romano","praenomen":"Lucius","cognomen":"Romanus","status":"tribus: Claudia"},{"nomen":"Fabius","gender":"male","raw_name":"Fabii   Manlian","cognomen":"Manlian"},{"nomen":"","gender":"male","raw_name":"Saturnin(us)","cognomen":"Saturninus","cluster_id":629,"cluster_size":2,"cluster_confidence":"low"}]}},{"type":"Feature","geometry":{"type":"Point","coordinates":[-5.56,34.07]},"properties":{"edcs_id":"EDCS-08800419","findspot":"Volubilis","raw_text":"Mamiliae C(ai) f(iliae) Lucilla[e] / ex Baetica municipio / Conobaria annorum / XXXIII dier(um) XVI / L(ucius) Val(erius) Saturninus uxori / optime meritae / remissa i<m=N>pensa funeris et / statuae quam et (!) ordo Volubil(itanorum) / [d]ec[re]vit de suo posuit","date_from":null,"date_to":null,"marker_gender":"mixed","is_individual":false,"edcs_url":"https://edcs.hist.uzh.ch/en/document?edcs-id=EDCS-08800419","persons":[{"nomen":"Mamilia","gender":"female","raw_name":"Mamiliae C. f. Lucilla[e]","cognomen":"Lucilla"},{"nomen":"Valerius","gender":"male","raw_name":"L. Val(erius) Saturninus","praenomen":"Lucius","cognomen":"Saturninus"}]}},{"type":"Feature","geometry":{"type":"Point","coordinates":[-5.56,34.07]},"properties":{"edcs_id":"EDCS-08800420","findspot":"Volubilis","raw_text":"] / an(norum) XVI[3] / Manlia Roman[a] / fil(io) piissimo / pos(uit)","date_from":null,"date_to":null,"marker_gender":"female","is_individual":false,"edcs_url":"https://edcs.hist.uzh.ch/en/document?edcs-id=EDCS-08800420","persons":[{"nomen":"","gender":"female","raw_name":"Manlia Roman[a]","cognomen":"Romana"}]}},{"type":"Feature","geometry":{"type":"Point","coordinates":[-5.56,34.07]},"properties":{"edcs_id":"EDCS-08800421","findspot":"Volubilis","raw_text":"L(ucio) Sarioleno / L(uci) fil(io) Quir(ina) / Proculo / fil(io) Volubi/litani pa/tr(ono) d(ecreto) d(ecurionum)","date_from":null,"date_to":null,"marker_gender":"male","is_individual":false,"edcs_url":"https://edcs.hist.uzh.ch/en/document?edcs-id=EDCS-08800421","persons":[{"nomen":"Sariolenus","gender":"male","raw_name":"L. Sarioleno L. fil. Quir. Proculo","praenomen":"Lucius","cognomen":"Proculus","status":"tribus: Quirina"}]}},{"type":"Feature","geometry":{"type":"Point","coordinates":[-5.56,34.07]},"properties":{"edcs_id":"EDCS-08800422","findspot":"Volubilis","raw_text":"Valeriae Caeci/lianae Tusci fil(iae) Sex(ti) / Val(eri) Prisci uxori / Val(erius) Tuscus pater / indulgentissimae f(iliae) p(osuit) // ] / Va[3] / Max[3] / ordo V[ol(ubilitanorum) 3] / et mariti [3] / honore [","date_from":null,"date_to":null,"marker_gender":"mixed","is_individual":false,"edcs_url":"https://edcs.hist.uzh.ch/en/document?edcs-id=EDCS-08800422","persons":[{"nomen":"Valeria","gender":"female","raw_name":"Valeriae Caeci lianae","cognomen":"Caeciliana","cluster_id":202,"cluster_size":6},{"nomen":"","gender":"male","raw_name":"Tusci","cognomen":"Tuscus","cluster_id":631,"cluster_size":2,"cluster_confidence":"low"},{"nomen":"Valerius","gender":"male","raw_name":"Sex. Val. Prisci","praenomen":"Sextus","cognomen":"Priscus"},{"nomen":"Valerius","gender":"male","raw_name":"Val. Tuscus","cognomen":"Tuscus","status":"pater"}]}},{"type":"Feature","geometry":{"type":"Point","coordinates":[-5.56,34.07]},"properties":{"edcs_id":"EDCS-08800424","findspot":"Volubilis","raw_text":"Valeriae Q(uinti) fil(iae) / Gellianae Q(uintus) Val(erius) / Masculus et Gabi/nia Anulla parentes","date_from":null,"date_to":null,"marker_gender":"mixed","is_individual":false,"edcs_url":"https://edcs.hist.uzh.ch/en/document?edcs-id=EDCS-08800424","persons":[{"nomen":"Valeria","gender":"female","raw_name":"Valeriae Q. fil.   Gellianae","cognomen":"Gelliana"},{"nomen":"Valerius","gender":"male","raw_name":"Q. Val.   Masculus","praenomen":"Quintus","cognomen":"Masculus"},{"nomen":"Gabin","gender":"female","raw_name":"Gabi nia Anulla","cognomen":"Anulla"}]}},{"type":"Feature","geometry":{"type":"Point","coordinates":[-5.56,34.07]},"properties":{"edcs_id":"EDCS-08800425","findspot":"Volubilis","raw_text":"Valeriae Myggyn / Pudentis fil(iae) M(arcus) Val(erius) / Sassius Pudens / sorori piissimae / d(e) s(uo) p(osuit)","date_from":null,"date_to":null,"marker_gender":"mixed","is_individual":false,"edcs_url":"https://edcs.hist.uzh.ch/en/document?edcs-id=EDCS-08800425","persons":[{"nomen":"Valeria","gender":"female","raw_name":"Valeriae Myggyn","cognomen":"Myggyn"},{"nomen":"Valerius","gender":"male","raw_name":"M. Val.   Sassius Pudens","praenomen":"Marcus","cognomen":"Sassius Pudens"}]}},{"type":"Feature","geometry":{"type":"Point","coordinates":[-5.56,34.07]},"properties":{"edcs_id":"EDCS-08800426","findspot":"Volubilis","raw_text":"L(ucio) Valerio L(uci) f(ilio) / Claud(ia) Prisco / annor(um) XVII / M(arcus) Valerius / Peregrinus / pater filio piissimo p[os(uit)]","date_from":null,"date_to":null,"marker_gender":"male","is_individual":false,"edcs_url":"https://edcs.hist.uzh.ch/en/document?edcs-id=EDCS-08800426","persons":[{"nomen":"Valerius","gender":"male","raw_name":"L. Valerio L. f.   Claud. Prisco","praenomen":"Lucius","cognomen":"Priscus","status":"tribus: Claudia","cluster_id":332,"cluster_size":2},{"nomen":"Valerius","gender":"male","raw_name":"M. Valerius   Peregrinus","praenomen":"Marcus","cognomen":"Peregrinus"}]}},{"type":"Feature","geometry":{"type":"Point","coordinates":[-5.56,34.07]},"properties":{"edcs_id":"EDCS-08800427","findspot":"Volubilis","raw_text":"]VIII dier(um) XXXVIII / L(ucius) Val(erius) Saturninus et / Val(eria) Caeciliana fil(i) / [3 re]missa / impensa funeris et / statuae quam ei ordo / Vol(ubilitanorum) decrevit de suo / posuerunt","date_from":null,"date_to":null,"marker_gender":"mixed","is_individual":false,"edcs_url":"https://edcs.hist.uzh.ch/en/document?edcs-id=EDCS-08800427","persons":[{"nomen":"Valerius","gender":"male","raw_name":"L. Val(erius) Saturninus","praenomen":"Lucius"},{"nomen":"Valeria","gender":"female","raw_name":"Val. Caeciliana","cognomen":"Caeciliana","cluster_id":202,"cluster_size":6}]}},{"type":"Feature","geometry":{"type":"Point","coordinates":[-5.56,34.07]},"properties":{"edcs_id":"EDCS-08800428","findspot":"Volubilis","raw_text":"]nus et Va[3]/ana filio piissimo / posuerunt","date_from":null,"date_to":null,"marker_gender":"male","is_individual":false,"edcs_url":"https://edcs.hist.uzh.ch/en/document?edcs-id=EDCS-08800428","persons":[{"nomen":"","gender":"male","raw_name":"Va[3] ana","cognomen":"Vananus"}]}},{"type":"Feature","geometry":{"type":"Point","coordinates":[-5.56,34.07]},"properties":{"edcs_id":"EDCS-08800429","findspot":"Volubilis","raw_text":"Val]eriae(?) [","date_from":null,"date_to":null,"marker_gender":"female","is_individual":false,"edcs_url":"https://edcs.hist.uzh.ch/en/document?edcs-id=EDCS-08800429","persons":[{"nomen":"Valeria","gender":"female","raw_name":"Val]eriae(?)"}]}},{"type":"Feature","geometry":{"type":"Point","coordinates":[-5.56,34.07]},"properties":{"edcs_id":"EDCS-08800434","findspot":"Volubilis","raw_text":"] / ABA[3]/rorum [3] / L(ucius) Caecilius [L(uci) f(ilius?)] Qui[r(ina) 3] / L(ucius) Iulius L(uci) f(ilius) Quir(ina) [","date_from":null,"date_to":null,"marker_gender":"male","is_individual":false,"edcs_url":"https://edcs.hist.uzh.ch/en/document?edcs-id=EDCS-08800434","persons":[{"nomen":"Caecilius","gender":"male","raw_name":"L. Caecilius [L. f.?] Qui[r(ina) 3]","praenomen":"Lucius"},{"nomen":"Iulius","gender":"male","raw_name":"L. Iulius L. f. Quir(ina) [","praenomen":"Lucius"}]}},{"type":"Feature","geometry":{"type":"Point","coordinates":[-5.56,34.07]},"properties":{"edcs_id":"EDCS-08800441","findspot":"Volubilis","raw_text":"] Pater[n(us?) 3] / [6] / [3]ia Paterna f(ilia) et / [6] / [3]o Severo f(ilio) / [6] / Mau[r]us Turradi cum / [3] / Iulia Valeria uxor(e) et / [6] / Valerio Flavino f(ilio) et / [6] / Valeria Pusinca f(ilia) / [6] / Terentius Capito cum / [3]is / Maura Pullut uxor(e) et / [3]M / Terentio Passere f(ilio) et / [6] / Terentio Honorato f(ilio) [ // ]R/[3]us cum / [3]ENI / [3]s Germanus / [3]us / [3] us cum / [","date_from":null,"date_to":null,"marker_gender":"mixed","is_individual":false,"edcs_url":"https://edcs.hist.uzh.ch/en/document?edcs-id=EDCS-08800441","persons":[{"nomen":"","gender":"unknown","raw_name":"Pater[n(us?) 3]","cognomen":"Paterna","cluster_id":637,"cluster_size":2,"cluster_confidence":"low"},{"nomen":"","gender":"female","raw_name":"ia Paterna f(ilia)","cognomen":"Paterna","status":"filia","cluster_id":637,"cluster_size":2,"cluster_confidence":"low"},{"nomen":"","gender":"male","raw_name":"o Severo f(ilio)","cognomen":"Severus","status":"filius","cluster_id":620,"cluster_size":2,"cluster_confidence":"low"},{"nomen":"","gender":"male","raw_name":"Mau[r]us Turradi","cognomen":"Maurus Turradus"},{"nomen":"Iulia","gender":"female","raw_name":"Iulia Valeria uxor(e)","cognomen":"Valeria","status":"uxor"},{"nomen":"","gender":"male","raw_name":"Valerio Flavino f(ilio)","cognomen":"Valerius Flavinus","status":"filius"},{"nomen":"","gender":"female","raw_name":"Valeria Pusinca f(ilia)","cognomen":"Valeria Pusinca","status":"filia"},{"nomen":"Terentius","gender":"male","raw_name":"Terentius Capito","cognomen":"Capito"},{"nomen":"","gender":"female","raw_name":"Maura Pullut uxor(e)","cognomen":"Maura Pullut","status":"uxor"},{"nomen":"Terentius","gender":"male","raw_name":"Terentio Passere f(ilio)","cognomen":"Passer","status":"filius"},{"nomen":"Terentius","gender":"male","raw_name":"Terentio Honorato f(ilio)","cognomen":"Honoratus","status":"filius"},{"nomen":"","gender":"male","raw_name":"s Germanus","cognomen":"Germanus","cluster_id":642,"cluster_size":2,"cluster_confidence":"low"}]}},{"type":"Feature","geometry":{"type":"Point","coordinates":[-5.56,34.07]},"properties":{"edcs_id":"EDCS-08800445","findspot":"Volubilis","raw_text":"Nomina vetera[norum et c(ivium) R(omanorum?) et] / principum inco[larum] // Aemilius Maternus / Valerius Flav(u)s / Sentius Saturninus / Claudius Fuscinus / Calvius Seneca / Aemilius Rufus / Pompeius Capito / Valerius Rogatus / Fabius Marinus / Helvius Maternus / Valerius Arrenus / Mart[3] / C[ // Valerius Quadratus / Fabius Ianuarius / Valerius Valens / Bufuma filius / Sentius Bargbal / Valerius Ianuarius / Valerius [","date_from":null,"date_to":null,"marker_gender":"male","is_individual":false,"edcs_url":"https://edcs.hist.uzh.ch/en/document?edcs-id=EDCS-08800445","persons":[{"nomen":"Aemilius","gender":"male","raw_name":"Aemilius Maternus","cognomen":"Maternus","status":"veteranus, civis Romanus"},{"nomen":"Valerius","gender":"male","raw_name":"Valerius Flav(u)s","cognomen":"Flavus","status":"veteranus, civis Romanus"},{"nomen":"Sentius","gender":"male","raw_name":"Sentius Saturninus","cognomen":"Saturninus","status":"veteranus, civis Romanus"},{"nomen":"Claudius","gender":"male","raw_name":"Claudius Fuscinus","cognomen":"Fuscinus","status":"veteranus, civis Romanus"},{"nomen":"Calvius","gender":"male","raw_name":"Calvius Seneca","cognomen":"Seneca","status":"veteranus, civis Romanus"},{"nomen":"Aemilius","gender":"male","raw_name":"Aemilius Rufus","cognomen":"Rufus","status":"veteranus, civis Romanus"},{"nomen":"Pompeius","gender":"male","raw_name":"Pompeius Capito","cognomen":"Capito","status":"veteranus, civis Romanus"},{"nomen":"Valerius","gender":"male","raw_name":"Valerius Rogatus","cognomen":"Rogatus","status":"veteranus, civis Romanus","cluster_id":263,"cluster_size":2},{"nomen":"Fabius","gender":"male","raw_name":"Fabius Marinus","cognomen":"Marinus","status":"veteranus, civis Romanus"},{"nomen":"Helvius","gender":"male","raw_name":"Helvius Maternus","cognomen":"Maternus","status":"veteranus, civis Romanus"},{"nomen":"Valerius","gender":"male","raw_name":"Valerius Arrenus","cognomen":"Arrenus","status":"veteranus, civis Romanus"},{"nomen":"Valerius","gender":"male","raw_name":"Valerius Quadratus","cognomen":"Quadratus","status":"veteranus, civis Romanus","cluster_id":362,"cluster_size":2},{"nomen":"Fabius","gender":"male","raw_name":"Fabius Ianuarius","cognomen":"Ianuarius","status":"veteranus, civis Romanus"},{"nomen":"Valerius","gender":"male","raw_name":"Valerius Valens","cognomen":"Valens","status":"veteranus, civis Romanus"},{"nomen":"","gender":"male","raw_name":"Bufuma filius","cognomen":"Bufuma","status":"filius, veteranus, civis Romanus"},{"nomen":"Sentius","gender":"male","raw_name":"Sentius Bargbal","cognomen":"Bargbal","status":"veteranus, civis Romanus"},{"nomen":"Valerius","gender":"male","raw_name":"Valerius Ianuarius","cognomen":"Ianuarius","status":"veteranus, civis Romanus"},{"nomen":"Valerius","gender":"male","raw_name":"Valerius [","status":"veteranus, civis Romanus"}]}},{"type":"Feature","geometry":{"type":"Point","coordinates":[-5.56,34.07]},"properties":{"edcs_id":"EDCS-08800446","findspot":"Volubilis","raw_text":"iun]ior(?) / [Iu]venalis / [3]S / [3] Fuscus / [3 Pe]regrinus / [3] Fortunatus / [3]s Fuscus / [3]s Arquius N[3] / [3]us Capitonis A[3] / [3 F]lavinus A[3]/ [3 S]ervatus RV[3] / [3] Vet(eranus) pater IV[3] / [3] Flav(u)s(?) CA[3] / [3] RE[3] / [3 A]ntonus Iul[","date_from":null,"date_to":null,"marker_gender":"male","is_individual":false,"edcs_url":"https://edcs.hist.uzh.ch/en/document?edcs-id=EDCS-08800446","persons":[{"nomen":"","gender":"male","raw_name":"[Iu]venalis","cognomen":"Iuvenalis","status":"veteranus"},{"nomen":"","gender":"male","raw_name":"[3] Fuscus","cognomen":"Fuscus","status":"veteranus","cluster_id":645,"cluster_size":2,"cluster_confidence":"low"},{"nomen":"","gender":"male","raw_name":"[3 Pe]regrinus","cognomen":"Peregrinus","status":"veteranus"},{"nomen":"","gender":"male","raw_name":"[3] Fortunatus","cognomen":"Fortunatus","status":"veteranus"},{"nomen":"","gender":"male","raw_name":"[3]s Fuscus","cognomen":"Fuscus","status":"veteranus","cluster_id":645,"cluster_size":2,"cluster_confidence":"low"},{"nomen":"","gender":"male","raw_name":"[3]s Arquius N[3]","cognomen":"Arquius","status":"veteranus"},{"nomen":"","gender":"male","raw_name":"[3]us Capitonis A[3]","cognomen":"Capito","status":"veteranus"},{"nomen":"","gender":"male","raw_name":"[3 F]lavinus A[3]","cognomen":"Flavius","status":"veteranus"},{"nomen":"","gender":"male","raw_name":"[3] Servatus RV[3]","cognomen":"Servatus","status":"veteranus"},{"nomen":"","gender":"male","raw_name":"[3] Flav(u)s","cognomen":"Flavus","status":"veteranus"},{"nomen":"","gender":"male","raw_name":"[3 A]ntonus Iul[","cognomen":"Antonus","status":"veteranus"}]}},{"type":"Feature","geometry":{"type":"Point","coordinates":[-5.56,34.07]},"properties":{"edcs_id":"EDCS-08800447","findspot":"Volubilis","raw_text":"] XV K(alendas) Aug(ustas) Po[3] / Ingenuus V[3] / Gallus PL[3]/ieius TV[","date_from":null,"date_to":null,"marker_gender":"male","is_individual":false,"edcs_url":"https://edcs.hist.uzh.ch/en/document?edcs-id=EDCS-08800447","persons":[{"nomen":"","gender":"male","raw_name":"Ingenuus V[3]","cognomen":"Ingenuus"},{"nomen":"","gender":"male","raw_name":"Gallus PL[3]","cognomen":"Gallus"}]}},{"type":"Feature","geometry":{"type":"Point","coordinates":[-5.56,34.07]},"properties":{"edcs_id":"EDCS-08800450","findspot":"Volubilis","raw_text":"D(is) M(anibus) [s(acrum)] / M(arco) Aemilio Severo / flamini munic(ipii) Vol(ubilitani) / dec(urioni) IIvir(o) annor(um) / LVII Aemili Urbana / et Narcissus patrono fec(erunt)","date_from":null,"date_to":null,"marker_gender":"mixed","is_individual":false,"edcs_url":"https://edcs.hist.uzh.ch/en/document?edcs-id=EDCS-08800450","persons":[{"nomen":"Aemilius","gender":"male","raw_name":"M. Aemilio Severo flamini munic(ipii) Vol(ubilitani) dec(urioni) IIvir(o)","praenomen":"Marcus","cognomen":"Severus","status":"flamen municipii Volubilitani, decurio, IIvir","cluster_id":265,"cluster_size":2},{"nomen":"Aemilia","gender":"female","raw_name":"Aemili Urbana","cognomen":"Urbana","cluster_id":266,"cluster_size":2},{"nomen":"","gender":"male","raw_name":"Narcissus","cognomen":"Narcissus","status":"patronus"}]}},{"type":"Feature","geometry":{"type":"Point","coordinates":[-5.56,34.07]},"properties":{"edcs_id":"EDCS-08800451","findspot":"Volubilis","raw_text":"D(is) M(anibus) s(acrum) / Fl(avia) T(iti) fil(ia) Germa/nilla Volub(ilitana) / flaminic(a) prov(inciae) / vix(it) an(nos) LXXII mens(es) VI","date_from":null,"date_to":null,"marker_gender":"female","is_individual":false,"edcs_url":"https://edcs.hist.uzh.ch/en/document?edcs-id=EDCS-08800451","persons":[{"nomen":"Flavia","gender":"female","raw_name":"Fl. T. fil. Germani lla Volub(ilitana) flaminic(a) prov(inciae)","cognomen":"Germanilla","status":"filia Titi, Volubilitana, flaminica provinciae","cluster_id":319,"cluster_size":2}]}},{"type":"Feature","geometry":{"type":"Point","coordinates":[-5.56,34.07]},"properties":{"edcs_id":"EDCS-08800452","findspot":"Volubilis","raw_text":"M(e)m(oria) Iulius(!) vice pr(a)epos(itus) / cui parentes e[t] nepo/tes fecerunt domum (a)ete[rn]ale(m) / vixit annis XVIII discessit / d(ie) K(a)l(endas) Novembres anno pro(vinciae) / DLXVI","date_from":null,"date_to":null,"marker_gender":"male","is_individual":false,"edcs_url":"https://edcs.hist.uzh.ch/en/document?edcs-id=EDCS-08800452","persons":[{"nomen":"Iulius","gender":"male","raw_name":"Iulius(!) vice pr(a)epos(itus)","status":"praepositus"}]}},{"type":"Feature","geometry":{"type":"Point","coordinates":[-5.56,34.07]},"properties":{"edcs_id":"EDCS-08800453","findspot":"Volubilis","raw_text":"D(is) M(anibus) [s(acrum)] / C(aius) Iun(ius) Iu[3] / sen(ior) q(uaestor) IIvir / flam(en) vixit ann(os) / LXXVIII","date_from":null,"date_to":null,"marker_gender":"male","is_individual":false,"edcs_url":"https://edcs.hist.uzh.ch/en/document?edcs-id=EDCS-08800453","persons":[{"nomen":"Iunius","gender":"male","raw_name":"C. Iun(ius) Iu[3] sen(ior) q(uaestor) IIvir flam(en)","praenomen":"Gaius","status":"quaestor, IIvir, flamen"}]}},{"type":"Feature","geometry":{"type":"Point","coordinates":[-5.56,34.07]},"properties":{"edcs_id":"EDCS-08800454","findspot":"Volubilis","raw_text":"Cosuobnus / Priscus Tatiri f(ilius) / Haeduus eq(ues) al(ae) Taur(ianae) / ann(orum) XLV h(ic) s(itus) e(st) s(it) t(ibi) t(erra) l(evis) / aer(orum) XXIV h(eres) e(x) t(estamento) / f(aciendum) c(uravit)","date_from":null,"date_to":null,"marker_gender":"male","is_individual":false,"edcs_url":"https://edcs.hist.uzh.ch/en/document?edcs-id=EDCS-08800454","persons":[{"nomen":"","gender":"male","raw_name":"Cosuobnus Priscus Tatiri f(ilius) Haeduus eq(ues) al(ae) Taur(ianae)","cognomen":"Cosuobnus Priscus","status":"filius Tatiri, Haeduus, eques alae Taurianae"}]}},{"type":"Feature","geometry":{"type":"Point","coordinates":[-5.56,34.07]},"properties":{"edcs_id":"EDCS-08800456","findspot":"Volubilis","raw_text":"Satur/ninus / Fabr(i)ci / f(ilius) |(centurio) coh(ortis) I / Hispan(orum) / h(ic) e(st) s(itus) / Niger d(edit)","date_from":null,"date_to":null,"marker_gender":"male","is_individual":false,"edcs_url":"https://edcs.hist.uzh.ch/en/document?edcs-id=EDCS-08800456","persons":[{"nomen":"","gender":"male","raw_name":"Satur ninus Fabr(i) ci f(ilius) |(centurio) coh(ortis) I Hispan(orum)","cognomen":"Saturninus","status":"filius Fabrici, centurio cohortis I Hispanorum","cluster_id":629,"cluster_size":2,"cluster_confidence":"low"},{"nomen":"","gender":"male","raw_name":"Niger","cognomen":"Niger"}]}},{"type":"Feature","geometry":{"type":"Point","coordinates":[-5.56,34.07]},"properties":{"edcs_id":"EDCS-08800457","findspot":"Volubilis","raw_text":"M(arcus) Vale/rius M(arci) (!) / Vol(tinia) Tol(osa) / Rufinus / mil(es) leg(ionis) X / Gem(inae) |(centuria) [3]ati an(norum) XXX / ae(rorum) XI h(ic) s(itus) / e(st) s(it) t(ibi) t(erra) l(evis) / sec(undus) her(es) f(ecit)","date_from":null,"date_to":null,"marker_gender":"male","is_individual":false,"edcs_url":"https://edcs.hist.uzh.ch/en/document?edcs-id=EDCS-08800457","persons":[{"nomen":"Valerius","gender":"male","raw_name":"M. Valerius M. Vol. Tolosa Rufinus mil. leg. X Gem. |(centuria) [3]ati","praenomen":"Marcus","cognomen":"Rufinus","status":"miles legionis X Geminae, secundus heres"}]}},{"type":"Feature","geometry":{"type":"Point","coordinates":[-5.56,34.07]},"properties":{"edcs_id":"EDCS-08800459","findspot":"Volubilis","raw_text":"[D(is) M(anibus)] s(acrum) / [Aure]l(ius)] Phili/[pp]us Syrus / negotians / Aur(eli) Samiti / Maximi fil(ius) / vix(it) ann(os) XL poss(uerunt) / fratres piis(simi)","date_from":null,"date_to":null,"marker_gender":"male","is_individual":false,"edcs_url":"https://edcs.hist.uzh.ch/en/document?edcs-id=EDCS-08800459","persons":[{"nomen":"Aurelius","gender":"male","raw_name":"[Aure]l. Phili [pp]us Syrus","cognomen":"Philippus Syrus","status":"negotians"},{"nomen":"Aurelius","gender":"male","raw_name":"Aur. Samiti Maximi","cognomen":"Maximus","status":"pater"}]}},{"type":"Feature","geometry":{"type":"Point","coordinates":[-5.56,34.07]},"properties":{"edcs_id":"EDCS-08800462","findspot":"Volubilis","raw_text":"D(is) M(anibus) s(acrum) / Aemilio / Iuliano vix(it) / annis XXXV","date_from":null,"date_to":null,"marker_gender":"male","is_individual":false,"edcs_url":"https://edcs.hist.uzh.ch/en/document?edcs-id=EDCS-08800462","persons":[{"nomen":"Aemilius","gender":"male","raw_name":"Aemilio Iuliano","cognomen":"Iulianus","cluster_id":187,"cluster_size":2}]}},{"type":"Feature","geometry":{"type":"Point","coordinates":[-5.56,34.07]},"properties":{"edcs_id":"EDCS-08800463","findspot":"Volubilis","raw_text":"D(is) M(anibus) s(acrum) / Aleia Me/tricia vixit / annis / XXXV me(n)/s(es) X dies V / fil(ia) Ale[i]a / Donata / matri fe/cit","date_from":null,"date_to":null,"marker_gender":"female","is_individual":false,"edcs_url":"https://edcs.hist.uzh.ch/en/document?edcs-id=EDCS-08800463","persons":[{"nomen":"Aleia","gender":"female","raw_name":"Aleia Metricia","cognomen":"Metricia"},{"nomen":"Aleia","gender":"female","raw_name":"Ale[i]a Donata","cognomen":"Donata","status":"filia"}]}},{"type":"Feature","geometry":{"type":"Point","coordinates":[-5.56,34.07]},"properties":{"edcs_id":"EDCS-08800465","findspot":"Volubilis","raw_text":"D(is) M(anibus) s(acrum) / Annae / bene m(erenti) / vi{c}xit / ann(os) C","date_from":null,"date_to":null,"marker_gender":"female","is_individual":false,"edcs_url":"https://edcs.hist.uzh.ch/en/document?edcs-id=EDCS-08800465","persons":[{"nomen":"Anna","gender":"female","raw_name":"Annae","status":"bene merenti"}]}},{"type":"Feature","geometry":{"type":"Point","coordinates":[-5.56,34.07]},"properties":{"edcs_id":"EDCS-08800466","findspot":"Volubilis","raw_text":"D(is) M(anibus) s(acrum) / Annoni(a)e Seve/r(a)e vix(it) ann(os) / XVIII bene / amata mater f(ecit)","date_from":null,"date_to":null,"marker_gender":"female","is_individual":false,"edcs_url":"https://edcs.hist.uzh.ch/en/document?edcs-id=EDCS-08800466","persons":[{"nomen":"Annonia","gender":"female","raw_name":"Annoni(a)e Seve r(a)e","cognomen":"Severa"}]}},{"type":"Feature","geometry":{"type":"Point","coordinates":[-5.56,34.07]},"properties":{"edcs_id":"EDCS-08800467","findspot":"Volubilis","raw_text":"D(is) M(anibus) s(acrum) / [Ant]oniana [","date_from":null,"date_to":null,"marker_gender":"unknown","is_individual":false,"edcs_url":"https://edcs.hist.uzh.ch/en/document?edcs-id=EDCS-08800467","persons":[{"nomen":"","gender":"unknown","raw_name":"[Ant]oniana","cognomen":"Antoniana"}]}},{"type":"Feature","geometry":{"type":"Point","coordinates":[-5.56,34.07]},"properties":{"edcs_id":"EDCS-08800468","findspot":"Volubilis","raw_text":"D(is) M(anibus) / M(arco) Ant(onio) Antoniano / et Caec(iliae) Saturninae / Iustus et Secundus ff(ilii) pp(osuerunt)","date_from":null,"date_to":null,"marker_gender":"mixed","is_individual":false,"edcs_url":"https://edcs.hist.uzh.ch/en/document?edcs-id=EDCS-08800468","persons":[{"nomen":"Antonius","gender":"male","raw_name":"M. Ant(onio) Antoniano","praenomen":"Marcus","cognomen":"Antoninus"},{"nomen":"Caecilia","gender":"female","raw_name":"Caec(iliae) Saturninae","cognomen":"Saturnina"}]}},{"type":"Feature","geometry":{"type":"Point","coordinates":[-5.56,34.07]},"properties":{"edcs_id":"EDCS-08800469","findspot":"Volubilis","raw_text":"D(is) M(anibus) s(acrum) / Ant(onius) Balbu[s Vita]/lis(?) vixit [a(nnos) 3 m(enses) 3] / d(ies) VII Ant(onia?) Mo[desta(?)] / consort[i suo ex] / test(amento) v(otum) s(olvit) l(ibens) a(nimo)","date_from":null,"date_to":null,"marker_gender":"mixed","is_individual":false,"edcs_url":"https://edcs.hist.uzh.ch/en/document?edcs-id=EDCS-08800469","persons":[{"nomen":"Antonius","gender":"male","raw_name":"Ant(onius) Balbu[s Vita] lis(?)","cognomen":"Balbus Vitalis","cluster_id":378,"cluster_size":2},{"nomen":"Antonia","gender":"female","raw_name":"Ant(onia?) Mo[desta(?)]","cognomen":"Modesta","status":"consors"}]}},{"type":"Feature","geometry":{"type":"Point","coordinates":[-5.56,34.07]},"properties":{"edcs_id":"EDCS-08800470","findspot":"Volubilis","raw_text":"D(is) M(anibus) s(acrum) / Ant(oni) Sabba/tari vix(it) an/nis III men/ses V die/bus IIII pater / pi(i)ssimus fe/cit","date_from":null,"date_to":null,"marker_gender":"male","is_individual":false,"edcs_url":"https://edcs.hist.uzh.ch/en/document?edcs-id=EDCS-08800470","persons":[{"nomen":"Antonius","gender":"male","raw_name":"Ant(oni) Sabba tari","cognomen":"Sabbathari"}]}},{"type":"Feature","geometry":{"type":"Point","coordinates":[-5.56,34.07]},"properties":{"edcs_id":"EDCS-08800471","findspot":"Volubilis","raw_text":"D(is) M(anibus) s(acrum) / Antoni/us Valeri/anus v(ixit) a(nnos) XXX/IIII sorores pi/entissimae / p(osuerunt)","date_from":null,"date_to":null,"marker_gender":"male","is_individual":false,"edcs_url":"https://edcs.hist.uzh.ch/en/document?edcs-id=EDCS-08800471","persons":[{"nomen":"Antonius","gender":"male","raw_name":"Antoni us Valeri anus","cognomen":"Valerianus","cluster_id":191,"cluster_size":4}]}},{"type":"Feature","geometry":{"type":"Point","coordinates":[-5.56,34.07]},"properties":{"edcs_id":"EDCS-08800472","findspot":"Volubilis","raw_text":"D(is) M(anibus) s(acrum) / Antonia / Ceciliana / vix{s}it an/nis XXVIIII / menses V / Ant(onius) Fabianus so/rori fecit","date_from":null,"date_to":null,"marker_gender":"mixed","is_individual":false,"edcs_url":"https://edcs.hist.uzh.ch/en/document?edcs-id=EDCS-08800472","persons":[{"nomen":"Antonia","gender":"female","raw_name":"Antonia   Ceciliana","cognomen":"Ceciliana"},{"nomen":"Antonius","gender":"male","raw_name":"Ant(onius) Fabianus","status":"frater"}]}},{"type":"Feature","geometry":{"type":"Point","coordinates":[-5.56,34.07]},"properties":{"edcs_id":"EDCS-08800473","findspot":"Volubilis","raw_text":"Antoni(ae) / Felicit(ati) / Caecilia / [3] posuit","date_from":null,"date_to":null,"marker_gender":"female","is_individual":false,"edcs_url":"https://edcs.hist.uzh.ch/en/document?edcs-id=EDCS-08800473","persons":[{"nomen":"Antonia","gender":"female","raw_name":"Antoni(ae)   Felicit(ati)","cognomen":"Felicitas"},{"nomen":"Caecilia","gender":"female","raw_name":"Caecilia"}]}},{"type":"Feature","geometry":{"type":"Point","coordinates":[-5.56,34.07]},"properties":{"edcs_id":"EDCS-08800474","findspot":"Volubilis","raw_text":"D(is) M(anibus) s(acrum) / Antonia / Caia / vixit an(nos) / XXXXV / s(it) t(ibi) t(erra) l(evis)","date_from":null,"date_to":null,"marker_gender":"female","is_individual":false,"edcs_url":"https://edcs.hist.uzh.ch/en/document?edcs-id=EDCS-08800474","persons":[{"nomen":"Antonia","gender":"female","raw_name":"Antonia   Caia","cognomen":"Caia"}]}},{"type":"Feature","geometry":{"type":"Point","coordinates":[-5.56,34.07]},"properties":{"edcs_id":"EDCS-08800476","findspot":"Volubilis","raw_text":"] Antoni[3] / [3]AN[3]NI / ann(um?) I","date_from":null,"date_to":null,"marker_gender":"male","is_individual":false,"edcs_url":"https://edcs.hist.uzh.ch/en/document?edcs-id=EDCS-08800476","persons":[{"nomen":"","gender":"male","raw_name":"] Antoni[3]","cognomen":"Antonius","cluster_id":623,"cluster_size":2,"cluster_confidence":"low"}]}},{"type":"Feature","geometry":{"type":"Point","coordinates":[-5.56,34.07]},"properties":{"edcs_id":"EDCS-08800477","findspot":"Volubilis","raw_text":"D(is) M(anibus) s(acrum) / C(aius) Apronius Pater/nus Bracarus vixit / annis XVIII mensi/bus X diebus XXVIII / hic situs est m<au=E>so/leum ei fecit Priamus / tu qui leges peto ut dicas sit tibi terra levis / quoniam fuit vita brevis","date_from":null,"date_to":null,"marker_gender":"male","is_individual":false,"edcs_url":"https://edcs.hist.uzh.ch/en/document?edcs-id=EDCS-08800477","persons":[{"nomen":"Apronius","gender":"male","raw_name":"C. Apronius Pater nus Bracarus","praenomen":"Gaius","cognomen":"Paternus Bracarus"},{"nomen":"","gender":"male","raw_name":"Priamus","cognomen":"Priamus"}]}},{"type":"Feature","geometry":{"type":"Point","coordinates":[-5.56,34.07]},"properties":{"edcs_id":"EDCS-08800479","findspot":"Volubilis","raw_text":"]SII[3] / Avinii [3] / an(nos?) XVIII / h(ic) s(itus) e(st) (!) s(uo?) f(ecit?) / Fuscianus","date_from":null,"date_to":null,"marker_gender":"male","is_individual":false,"edcs_url":"https://edcs.hist.uzh.ch/en/document?edcs-id=EDCS-08800479","persons":[{"nomen":"Avinius","gender":"unknown","raw_name":"Avinii"},{"nomen":"","gender":"male","raw_name":"Fuscianus","cognomen":"Fuscianus"}]}},{"type":"Feature","geometry":{"type":"Point","coordinates":[-5.56,34.07]},"properties":{"edcs_id":"EDCS-08800480","findspot":"Volubilis","raw_text":"] vi/xit anni(s) / X m(ensibus) VII d(iebus) / XX Aur(elius?) pa(ter) / pos(uit)","date_from":null,"date_to":null,"marker_gender":"male","is_individual":false,"edcs_url":"https://edcs.hist.uzh.ch/en/document?edcs-id=EDCS-08800480","persons":[{"nomen":"Aurelius","gender":"male","raw_name":"Aur(elius?)","status":"pater"}]}},{"type":"Feature","geometry":{"type":"Point","coordinates":[-5.56,34.07]},"properties":{"edcs_id":"EDCS-08800481","findspot":"Volubilis","raw_text":"D(is) M(anibus) s(acrum) / Aurelia Aethalae / Marcia vixit m(ensibus) XI die / uno nepos Aurel(i) / Summi Vitalis Samit(us) / Sabinus pater fecit","date_from":null,"date_to":null,"marker_gender":"mixed","is_individual":false,"edcs_url":"https://edcs.hist.uzh.ch/en/document?edcs-id=EDCS-08800481","persons":[{"nomen":"Aurelia","gender":"female","raw_name":"Aurelia Aethalae Marcia","cognomen":"Aethala Marcia"},{"nomen":"Aurelius","gender":"male","raw_name":"Aurel(i) Summi Vitalis","cognomen":"Summus Vitalis","status":"nepos"},{"nomen":"","gender":"male","raw_name":"Samit(us) Sabinus","cognomen":"Samitus Sabinus","status":"pater"}]}},{"type":"Feature","geometry":{"type":"Point","coordinates":[-5.56,34.07]},"properties":{"edcs_id":"EDCS-08800482","findspot":"Volubilis","raw_text":"D(is) M(anibus) s(acrum) / Aurel(ia) Audia / Alexandri/a Syra / Phoenix / vix(it) an(nos) XXVI","date_from":null,"date_to":null,"marker_gender":"female","is_individual":false,"edcs_url":"https://edcs.hist.uzh.ch/en/document?edcs-id=EDCS-08800482","persons":[{"nomen":"Aurelia","gender":"female","raw_name":"Aurel(ia) Audia","cognomen":"Audia"},{"nomen":"","gender":"female","raw_name":"Alexandri a Syra   Phoenix","cognomen":"Alexandria Syra Phoenix"}]}},{"type":"Feature","geometry":{"type":"Point","coordinates":[-5.56,34.07]},"properties":{"edcs_id":"EDCS-08800483","findspot":"Volubilis","raw_text":"D(is) M(anibus) s(acrum) / Aurellia / VP[3] Syra / vixit an(nis) XX / dieb(us) V Aur/ellia mater pi(i)ssi/ma posuit","date_from":null,"date_to":null,"marker_gender":"female","is_individual":false,"edcs_url":"https://edcs.hist.uzh.ch/en/document?edcs-id=EDCS-08800483","persons":[{"nomen":"Aurellia","gender":"female","raw_name":"Aurellia   VP[3] Syra","cognomen":"Syra"},{"nomen":"Aurellia","gender":"female","raw_name":"Aur ellia mater pi(i)ssi ma","status":"mater piissima"}]}},{"type":"Feature","geometry":{"type":"Point","coordinates":[-5.56,34.07]},"properties":{"edcs_id":"EDCS-08800485","findspot":"Volubilis","raw_text":"D(is) M(anibus) s(acrum) / Bolanius / Sabinus Syro/foenix vix(it) ann(os) / LV hic s(itus) e(st) s(it) t(ibi) t(erra) l(evis) / Ausius Ausonius / sobrinus fecit","date_from":null,"date_to":null,"marker_gender":"male","is_individual":false,"edcs_url":"https://edcs.hist.uzh.ch/en/document?edcs-id=EDCS-08800485","persons":[{"nomen":"Bolanius","gender":"male","raw_name":"Bolanius   Sabinus Syro foenix","cognomen":"Syrus"},{"nomen":"Ausia","gender":"male","raw_name":"Ausius Ausonius","cognomen":"Ausonius","status":"sobrinus"}]}},{"type":"Feature","geometry":{"type":"Point","coordinates":[-5.56,34.07]},"properties":{"edcs_id":"EDCS-08800486","findspot":"Volubilis","raw_text":"D(is) M(anibus) s(acrum) / Caecilia[no Do]/mitia(?) Ia[3] / viro pientis/sim(o) posui(t) v(ixit) / annos XXVII","date_from":null,"date_to":null,"marker_gender":"male","is_individual":false,"edcs_url":"https://edcs.hist.uzh.ch/en/document?edcs-id=EDCS-08800486","persons":[{"nomen":"Caecilianus","gender":"male","raw_name":"Caecilia[no Do] mitia(?) Ia[3]","cognomen":"Domitia","status":"vir pientissimus","cluster_id":115,"cluster_size":2}]}},{"type":"Feature","geometry":{"type":"Point","coordinates":[-5.56,34.07]},"properties":{"edcs_id":"EDCS-08800487","findspot":"Volubilis","raw_text":"D(is) M(anibus) / Caecilia M/us(a) iace(t) in/f[e]licis(s)ima / vixit anno/rum(!) XXXX C(a)eci/lia E(u)t<e=O>rpe pa/tron(a)e / posuit","date_from":null,"date_to":null,"marker_gender":"female","is_individual":false,"edcs_url":"https://edcs.hist.uzh.ch/en/document?edcs-id=EDCS-08800487","persons":[{"nomen":"Caecilia","gender":"female","raw_name":"Caecilia M us(a)","cognomen":"Musa"},{"nomen":"Caecilia","gender":"female","raw_name":"C(a)eci lia E(u)t<e=O>rpe","status":"patrona"}]}},{"type":"Feature","geometry":{"type":"Point","coordinates":[-5.56,34.07]},"properties":{"edcs_id":"EDCS-08800489","findspot":"Volubilis","raw_text":"D(is) M(anibus) / M(arco) Caeci/lio Ibz[a]/thae Ci[","date_from":null,"date_to":null,"marker_gender":"male","is_individual":false,"edcs_url":"https://edcs.hist.uzh.ch/en/document?edcs-id=EDCS-08800489","persons":[{"nomen":"Caecilius","gender":"male","raw_name":"M(arco) Caeci lio Ibz[a] thae","praenomen":"Marcus","cognomen":"Ibzathae"}]}},{"type":"Feature","geometry":{"type":"Point","coordinates":[-5.56,34.07]},"properties":{"edcs_id":"EDCS-08800490","findspot":"Volubilis","raw_text":"D(is) M(anibus) s(acrum) / M(arcus) Caecil(ius) Lucanus / Caecil[i]anus vixit / annis XXXXIII / mensib(u)s X d(iebus) XXVIII / M(arcus) Caec(ilius) Caecil(ianus) et M(arcus) C(aecilius) Pudens ff(ilii) pp(osuerunt)","date_from":null,"date_to":null,"marker_gender":"male","is_individual":false,"edcs_url":"https://edcs.hist.uzh.ch/en/document?edcs-id=EDCS-08800490","persons":[{"nomen":"Caecilius","gender":"male","raw_name":"M(arcus) Caecil(ius) Lucanus   Caecil[i]anus","praenomen":"Marcus","cognomen":"Lucanus Caecilianus"},{"nomen":"Caecilius","gender":"male","raw_name":"M(arcus) Caec(ilius) Caecil(ianus)","praenomen":"Marcus","cognomen":"Caecilianus","cluster_id":316,"cluster_size":8},{"nomen":"Caecilius","gender":"male","raw_name":"M(arcus) C(aecilius) Pudens","praenomen":"Marcus","cognomen":"Pudens"}]}},{"type":"Feature","geometry":{"type":"Point","coordinates":[-5.56,34.07]},"properties":{"edcs_id":"EDCS-08800491","findspot":"Volubilis","raw_text":"D(is) M(anibus) s(acrum) / Caecili / Luci vi/xit annis / XXXIII men/s(ibus) II dieb(us) X","date_from":null,"date_to":null,"marker_gender":"female","is_individual":false,"edcs_url":"https://edcs.hist.uzh.ch/en/document?edcs-id=EDCS-08800491","persons":[{"nomen":"Caecilia","gender":"female","raw_name":"Caecili   Luci"}]}},{"type":"Feature","geometry":{"type":"Point","coordinates":[-5.56,34.07]},"properties":{"edcs_id":"EDCS-08800492","findspot":"Volubilis","raw_text":"Caeci[lius(?)","date_from":null,"date_to":null,"marker_gender":"unknown","is_individual":false,"edcs_url":"https://edcs.hist.uzh.ch/en/document?edcs-id=EDCS-08800492","persons":[{"nomen":"Caecilius","gender":"unknown","raw_name":"Caeci[lius(?)"}]}},{"type":"Feature","geometry":{"type":"Point","coordinates":[-5.56,34.07]},"properties":{"edcs_id":"EDCS-08800493","findspot":"Volubilis","raw_text":"D(is) M(anibus) s(acrum) / [3] Caecil[","date_from":null,"date_to":null,"marker_gender":"unknown","is_individual":false,"edcs_url":"https://edcs.hist.uzh.ch/en/document?edcs-id=EDCS-08800493","persons":[{"nomen":"Caecilius","gender":"unknown","raw_name":"[3] Caecil["}]}},{"type":"Feature","geometry":{"type":"Point","coordinates":[-5.56,34.07]},"properties":{"edcs_id":"EDCS-08800494","findspot":"Volubilis","raw_text":"] POS[3] / C(a)ecil[3]/OSIM IIII[3] / karissimo [po]/suit(?) vix(it) / annis XXV","date_from":null,"date_to":null,"marker_gender":"unknown","is_individual":false,"edcs_url":"https://edcs.hist.uzh.ch/en/document?edcs-id=EDCS-08800494","persons":[{"nomen":"Caecilius","gender":"unknown","raw_name":"C(a)ecil[3]OSIM"}]}},{"type":"Feature","geometry":{"type":"Point","coordinates":[-5.56,34.07]},"properties":{"edcs_id":"EDCS-08800495","findspot":"Volubilis","raw_text":"D(is) M(anibus) s(acrum) / Caeci[li]ae(?) / [3]IIN MIIII[3] / C(a)ecilius II[3]/IAIA uxo[ri(?)","date_from":null,"date_to":null,"marker_gender":"mixed","is_individual":false,"edcs_url":"https://edcs.hist.uzh.ch/en/document?edcs-id=EDCS-08800495","persons":[{"nomen":"Caecilia","gender":"female","raw_name":"Caeci[li]ae(?)   [3]IIN"},{"nomen":"Caecilius","gender":"male","raw_name":"C(a)ecilius II[3] IAIA uxo[ri(?)","status":"uxor"}]}},{"type":"Feature","geometry":{"type":"Point","coordinates":[-5.56,34.07]},"properties":{"edcs_id":"EDCS-08800496","findspot":"Volubilis","raw_text":"D(is) M(anibus) [s(acrum)] / Caeciliae An/tonianae uxori / piissimae ann(orum) / XXXXV C(aius) Iul(ius) / Severianus / maritus pos(uit)","date_from":null,"date_to":null,"marker_gender":"mixed","is_individual":false,"edcs_url":"https://edcs.hist.uzh.ch/en/document?edcs-id=EDCS-08800496","persons":[{"nomen":"Caecilia","gender":"female","raw_name":"Caeciliae An tonianae","cognomen":"Antonianna","status":"uxor piissima","cluster_id":117,"cluster_size":3},{"nomen":"Iulius","gender":"male","raw_name":"C(aius) Iul(ius)   Severianus","praenomen":"Gaius","cognomen":"Severianus","status":"maritus"}]}},{"type":"Feature","geometry":{"type":"Point","coordinates":[-5.56,34.07]},"properties":{"edcs_id":"EDCS-08800497","findspot":"Volubilis","raw_text":"[D(is) M(anibus)] s(acrum) / Cae(ciliae) Dativae uxo/ri [P]rimus(?) maritus / eius invice f(ecit) / vix(it) ann(os) XVIII / Cae(cilius) Antinous patronus p(ius)","date_from":null,"date_to":null,"marker_gender":"mixed","is_individual":false,"edcs_url":"https://edcs.hist.uzh.ch/en/document?edcs-id=EDCS-08800497","persons":[{"nomen":"Caecilia","gender":"female","raw_name":"Cae(ciliae) Dativae","cognomen":"Dativus","status":"uxor"},{"nomen":"","gender":"male","raw_name":"Primus(?)","cognomen":"Primus","status":"maritus eius"},{"nomen":"Caecilius","gender":"male","raw_name":"Cae(cilius) Antinous","cognomen":"Antinous","status":"patronus pius"}]}},{"type":"Feature","geometry":{"type":"Point","coordinates":[-5.56,34.07]},"properties":{"edcs_id":"EDCS-08800498","findspot":"Volubilis","raw_text":"D(is) M(anibus) / C(a)ecilia Pomp/ei{i}ana Pomp/ei{i}us Macedo / filiae piissi/m(a)e annorum / XV de suo cum / matre posu[it]","date_from":null,"date_to":null,"marker_gender":"mixed","is_individual":false,"edcs_url":"https://edcs.hist.uzh.ch/en/document?edcs-id=EDCS-08800498","persons":[{"nomen":"Caecilia","gender":"female","raw_name":"C(a)ecilia Pomp ei{i}ana","cognomen":"Pompeiana","status":"filia piissima"},{"nomen":"","gender":"male","raw_name":"Pomp ei{i}us Macedo","cognomen":"Pompeius Macedo","status":"pater"}]}},{"type":"Feature","geometry":{"type":"Point","coordinates":[-5.56,34.07]},"properties":{"edcs_id":"EDCS-08800500","findspot":"Volubilis","raw_text":"D(is) M(anibus) s(acrum) / Cas(s)ius(?) / Botto vi(xit) / an(nos) XXX[","date_from":null,"date_to":null,"marker_gender":"male","is_individual":false,"edcs_url":"https://edcs.hist.uzh.ch/en/document?edcs-id=EDCS-08800500","persons":[{"nomen":"Cassius","gender":"male","raw_name":"Cas(s)ius(?) Botto","cognomen":"Botto"}]}},{"type":"Feature","geometry":{"type":"Point","coordinates":[-5.56,34.07]},"properties":{"edcs_id":"EDCS-08800501","findspot":"Volubilis","raw_text":"D(is) M(anibus) s(acrum) / Cassio Co[mi]/ti(?) vix(it) an[nos] / LX","date_from":null,"date_to":null,"marker_gender":"male","is_individual":false,"edcs_url":"https://edcs.hist.uzh.ch/en/document?edcs-id=EDCS-08800501","persons":[{"nomen":"Cassius","gender":"male","raw_name":"Cassio Co[mi] ti(?)","cognomen":"Comitus"}]}},{"type":"Feature","geometry":{"type":"Point","coordinates":[-5.56,34.07]},"properties":{"edcs_id":"EDCS-08800502","findspot":"Volubilis","raw_text":"[D(is)] M(anibus) s(acrum) / Kassi Mace/donis","date_from":null,"date_to":null,"marker_gender":"male","is_individual":false,"edcs_url":"https://edcs.hist.uzh.ch/en/document?edcs-id=EDCS-08800502","persons":[{"nomen":"Kassius","gender":"male","raw_name":"Kassi Mace donis","cognomen":"Macedo"}]}},{"type":"Feature","geometry":{"type":"Point","coordinates":[-5.56,34.07]},"properties":{"edcs_id":"EDCS-08800503","findspot":"Volubilis","raw_text":"D(is) M(anibus) [s(acrum)] / Castrici[us] / Bubulcus / vixit annis / XXV","date_from":null,"date_to":null,"marker_gender":"male","is_individual":false,"edcs_url":"https://edcs.hist.uzh.ch/en/document?edcs-id=EDCS-08800503","persons":[{"nomen":"Castricius","gender":"male","raw_name":"Castrici[us] Bubulcus","cognomen":"Bubulcus"}]}},{"type":"Feature","geometry":{"type":"Point","coordinates":[-5.56,34.07]},"properties":{"edcs_id":"EDCS-08800505","findspot":"Volubilis","raw_text":"D(is) M(anibus) s(acrum) / Claudia / Helena / vixit / an(nos) LXII Cas/sius Felix feci[t]","date_from":null,"date_to":null,"marker_gender":"mixed","is_individual":false,"edcs_url":"https://edcs.hist.uzh.ch/en/document?edcs-id=EDCS-08800505","persons":[{"nomen":"Claudia","gender":"female","raw_name":"Claudia Helena","cognomen":"Helena"},{"nomen":"Cassius","gender":"male","raw_name":"Cas sius Felix","cognomen":"Felix","cluster_id":432,"cluster_size":2}]}},{"type":"Feature","geometry":{"type":"Point","coordinates":[-5.56,34.07]},"properties":{"edcs_id":"EDCS-08800506","findspot":"Volubilis","raw_text":"D(is) M(anibus) s(acrum) / Cogita/tus Dor/gello fi/lio posu/it an(no)r(u)m III","date_from":null,"date_to":null,"marker_gender":"male","is_individual":false,"edcs_url":"https://edcs.hist.uzh.ch/en/document?edcs-id=EDCS-08800506","persons":[{"nomen":"","gender":"male","raw_name":"Cogita tatus","cognomen":"Cogitatus","cluster_id":569,"cluster_size":3,"cluster_confidence":"low"},{"nomen":"","gender":"male","raw_name":"Dorgello","cognomen":"Dorgellus","status":"pater"}]}},{"type":"Feature","geometry":{"type":"Point","coordinates":[-5.56,34.07]},"properties":{"edcs_id":"EDCS-08800507","findspot":"Volubilis","raw_text":"Dibus Man/ibus Cogitat(a)e / Crisp(us) pater posuit et / [3]V[3]RA mat(er) / vixit an(nos) XV","date_from":null,"date_to":null,"marker_gender":"mixed","is_individual":false,"edcs_url":"https://edcs.hist.uzh.ch/en/document?edcs-id=EDCS-08800507","persons":[{"nomen":"","gender":"female","raw_name":"Cogitat(a)e","cognomen":"Cogitata","cluster_id":695,"cluster_size":2,"cluster_confidence":"low"},{"nomen":"","gender":"male","raw_name":"Crisp(us)","cognomen":"Crispus","status":"pater","cluster_id":635,"cluster_size":2,"cluster_confidence":"low"}]}},{"type":"Feature","geometry":{"type":"Point","coordinates":[-5.56,34.07]},"properties":{"edcs_id":"EDCS-08800509","findspot":"Volubilis","raw_text":"[D(is)] M(anibus) Syraphoenix / Domitia vixit ann(os) [3] / [S]alutius(?) Syrophoen[ix 3] / [funer]alem(?) et o<b=P>sequia ho[nes]/ta uxori incompar[abili et(?)] / l<o=A>cum sepulcri f[ecit]","date_from":null,"date_to":null,"marker_gender":"mixed","is_individual":false,"edcs_url":"https://edcs.hist.uzh.ch/en/document?edcs-id=EDCS-08800509","persons":[{"nomen":"","gender":"unknown","raw_name":"Syraphoenix","cognomen":"Syraphoenix","status":"uxor"},{"nomen":"Domitia","gender":"female","raw_name":"Domitia"},{"nomen":"","gender":"male","raw_name":"[S]alutius(?) Syrophoen[ix","cognomen":"Salutius Syrophoenix"}]}},{"type":"Feature","geometry":{"type":"Point","coordinates":[-5.56,34.07]},"properties":{"edcs_id":"EDCS-08800511","findspot":"Volubilis","raw_text":"D(is) M(anibus) s(acrum) / K(assio?) Felic(i) / col(oni) fi[l]i(i) / ei{i}us b(ono) / p(atri) p(osuerunt)","date_from":null,"date_to":null,"marker_gender":"male","is_individual":false,"edcs_url":"https://edcs.hist.uzh.ch/en/document?edcs-id=EDCS-08800511","persons":[{"nomen":"Kassius","gender":"male","raw_name":"K(assio?) Felic(i)","cognomen":"Felix","status":"colonus","cluster_id":432,"cluster_size":2}]}},{"type":"Feature","geometry":{"type":"Point","coordinates":[-5.56,34.07]},"properties":{"edcs_id":"EDCS-08800512","findspot":"Volubilis","raw_text":"D(is) M(anibus) s(acrum) / C(?) Felici/sumus / a(nnorum) XXXI / d(ierum) VII Ur/bana vi/ro po(suit)","date_from":null,"date_to":null,"marker_gender":"mixed","is_individual":false,"edcs_url":"https://edcs.hist.uzh.ch/en/document?edcs-id=EDCS-08800512","persons":[{"nomen":"","gender":"male","raw_name":"C(?) Felici sumus","cognomen":"Felicisimus"},{"nomen":"","gender":"female","raw_name":"Urbana","cognomen":"Urbana","status":"uxor","cluster_id":684,"cluster_size":2,"cluster_confidence":"low"}]}},{"type":"Feature","geometry":{"type":"Point","coordinates":[-5.56,34.07]},"properties":{"edcs_id":"EDCS-08800513","findspot":"Volubilis","raw_text":"D(is) M(anibus) / P(ublius) Fl(avius) Nico[3]/cus sibi [et] / suis","date_from":null,"date_to":null,"marker_gender":"male","is_individual":false,"edcs_url":"https://edcs.hist.uzh.ch/en/document?edcs-id=EDCS-08800513","persons":[{"nomen":"Flavius","gender":"male","raw_name":"P(ublius) Fl(avius) Nico[3] cus","praenomen":"Publius","cognomen":"Nicocus","cluster_id":433,"cluster_size":2}]}},{"type":"Feature","geometry":{"type":"Point","coordinates":[-5.56,34.07]},"properties":{"edcs_id":"EDCS-08800514","findspot":"Volubilis","raw_text":"D(is) M(anibus) s(acrum) / Fla(vius) Prae/fectus vix(it) / an(nos) LVIII / me(nses) VIII / die(s) / XIIII","date_from":null,"date_to":null,"marker_gender":"male","is_individual":false,"edcs_url":"https://edcs.hist.uzh.ch/en/document?edcs-id=EDCS-08800514","persons":[{"nomen":"Flavius","gender":"male","raw_name":"Fla(vius) Prae fectus","cognomen":"Praefectus"}]}},{"type":"Feature","geometry":{"type":"Point","coordinates":[-5.56,34.07]},"properties":{"edcs_id":"EDCS-08800515","findspot":"Volubilis","raw_text":"Q(uinto?) Flor(i)o(?) Florino","date_from":null,"date_to":null,"marker_gender":"male","is_individual":false,"edcs_url":"https://edcs.hist.uzh.ch/en/document?edcs-id=EDCS-08800515","persons":[{"nomen":"Florius","gender":"male","raw_name":"Q(uinto?) Flor(i)o(?) Florino","praenomen":"Quintus","cognomen":"Florinus"}]}},{"type":"Feature","geometry":{"type":"Point","coordinates":[-5.56,34.07]},"properties":{"edcs_id":"EDCS-08800516","findspot":"Volubilis","raw_text":"D(is) M(anibus) s(acrum) / Gabiniae Anto/nia/nae vixit / ann(is) XXIII / mensib(us) VI / diebus XXVII","date_from":null,"date_to":null,"marker_gender":"female","is_individual":false,"edcs_url":"https://edcs.hist.uzh.ch/en/document?edcs-id=EDCS-08800516","persons":[{"nomen":"Gabinia","gender":"female","raw_name":"Gabiniae Anto nia nae","cognomen":"Antonia"}]}},{"type":"Feature","geometry":{"type":"Point","coordinates":[-5.56,34.07]},"properties":{"edcs_id":"EDCS-08800517","findspot":"Volubilis","raw_text":"[G]abin(ia) Com/pitaria v(ixit) an(nos) / XVII","date_from":null,"date_to":null,"marker_gender":"female","is_individual":false,"edcs_url":"https://edcs.hist.uzh.ch/en/document?edcs-id=EDCS-08800517","persons":[{"nomen":"Gabinia","gender":"female","raw_name":"[G]abin(ia) Com pitaria","cognomen":"Compitaria","cluster_id":241,"cluster_size":2}]}},{"type":"Feature","geometry":{"type":"Point","coordinates":[-5.56,34.07]},"properties":{"edcs_id":"EDCS-08800518","findspot":"Volubilis","raw_text":"] Germanus","date_from":null,"date_to":null,"marker_gender":"male","is_individual":false,"edcs_url":"https://edcs.hist.uzh.ch/en/document?edcs-id=EDCS-08800518","persons":[{"nomen":"","gender":"male","raw_name":"Germanus","cognomen":"Germanus","cluster_id":642,"cluster_size":2,"cluster_confidence":"low"}]}},{"type":"Feature","geometry":{"type":"Point","coordinates":[-5.56,34.07]},"properties":{"edcs_id":"EDCS-08800519","findspot":"Volubilis","raw_text":"Helvia Sacci / Ge[s]sia mate(r) / Subutano(?) / filio an(norum) XVIII / posuit","date_from":null,"date_to":null,"marker_gender":"mixed","is_individual":false,"edcs_url":"https://edcs.hist.uzh.ch/en/document?edcs-id=EDCS-08800519","persons":[{"nomen":"Helvia","gender":"female","raw_name":"Helvia Sacci","cognomen":"Sacci"},{"nomen":"","gender":"female","raw_name":"Ge[s]sia mate(r)","cognomen":"Gessia","status":"mater"},{"nomen":"","gender":"male","raw_name":"Subutano(?) filio","cognomen":"Subutanus","status":"filius"}]}},{"type":"Feature","geometry":{"type":"Point","coordinates":[-5.56,34.07]},"properties":{"edcs_id":"EDCS-08800520","findspot":"Volubilis","raw_text":"]ICIA[3]RA / [3]um e<t=X>(?) Honorata f(ilia?) / [3]erianus et / [3]rata parentibus","date_from":null,"date_to":null,"marker_gender":"mixed","is_individual":false,"edcs_url":"https://edcs.hist.uzh.ch/en/document?edcs-id=EDCS-08800520","persons":[{"nomen":"","gender":"male","raw_name":"Honorata f(ilia?)","cognomen":"Honoratus","status":"filius?"},{"nomen":"","gender":"male","raw_name":"[3]erianus","cognomen":"Ianus"},{"nomen":"","gender":"female","raw_name":"[3]rata","cognomen":"Rata","status":"parentibus"}]}},{"type":"Feature","geometry":{"type":"Point","coordinates":[-5.56,34.07]},"properties":{"edcs_id":"EDCS-08800521","findspot":"Volubilis","raw_text":"D(is) M(anibus) s(acrum) / K(assius?) Ianuarius / Cogitat(a)e uxori / piissim(a)e fecit","date_from":null,"date_to":null,"marker_gender":"mixed","is_individual":false,"edcs_url":"https://edcs.hist.uzh.ch/en/document?edcs-id=EDCS-08800521","persons":[{"nomen":"Cassius","gender":"male","raw_name":"K(assius?) Ianuarius","cognomen":"Ianuarius"},{"nomen":"","gender":"female","raw_name":"Cogitat(a)e uxori piissim(a)e","cognomen":"Cogitata","status":"uxor pia(ssima)","cluster_id":695,"cluster_size":2,"cluster_confidence":"low"}]}},{"type":"Feature","geometry":{"type":"Point","coordinates":[-5.56,34.07]},"properties":{"edcs_id":"EDCS-08800522","findspot":"Volubilis","raw_text":"D(is) M(anibus) s(acrum) / Iaps(?) / fratri","date_from":null,"date_to":null,"marker_gender":"male","is_individual":false,"edcs_url":"https://edcs.hist.uzh.ch/en/document?edcs-id=EDCS-08800522","persons":[{"nomen":"","gender":"male","raw_name":"Iaps(?) fratri","cognomen":"Iapsus","status":"frater"}]}},{"type":"Feature","geometry":{"type":"Point","coordinates":[-5.56,34.07]},"properties":{"edcs_id":"EDCS-08800523","findspot":"Volubilis","raw_text":"D(is) M(anibus) s(acrum) / I(ulius?) Cogi/tatus / Vicar(io) / fili{i}o / ann(orum) IIII","date_from":null,"date_to":null,"marker_gender":"male","is_individual":false,"edcs_url":"https://edcs.hist.uzh.ch/en/document?edcs-id=EDCS-08800523","persons":[{"nomen":"Iulius","gender":"male","raw_name":"I(ulius?) Cogi tatus Vicar(io) fili{i}o","cognomen":"Cogitatus","status":"filius"}]}},{"type":"Feature","geometry":{"type":"Point","coordinates":[-5.56,34.07]},"properties":{"edcs_id":"EDCS-08800524","findspot":"Volubilis","raw_text":"D(is) M(anibus) s(acrum) / C(aius) Iun(ius) Maxim/us vixit an(nos) V / d(ies) X Ant(onia) Maximi/na filio pos(uit)","date_from":null,"date_to":null,"marker_gender":"mixed","is_individual":false,"edcs_url":"https://edcs.hist.uzh.ch/en/document?edcs-id=EDCS-08800524","persons":[{"nomen":"Iunius","gender":"male","raw_name":"C. Iun(ius) Maxim us","praenomen":"Gaius","cognomen":"Maximus"},{"nomen":"Antonia","gender":"female","raw_name":"Ant(onia) Maximi na","cognomen":"Maximina","status":"filia"}]}},{"type":"Feature","geometry":{"type":"Point","coordinates":[-5.56,34.07]},"properties":{"edcs_id":"EDCS-08800525","findspot":"Volubilis","raw_text":"Memoria Iulius Principi(us) cui fi/li(i) fecerunt domum (a)eternale(m) / vixit annis plus m[in]us LXIIII dis/ces(si)t in pace die VII <K=Q>(alendas) A(u)gustas anno pr[o]/[v]in[c]i(a)e DLXVI","date_from":null,"date_to":null,"marker_gender":"male","is_individual":false,"edcs_url":"https://edcs.hist.uzh.ch/en/document?edcs-id=EDCS-08800525","persons":[{"nomen":"Iulius","gender":"male","raw_name":"Iulius Principi(us)","cognomen":"Principius"}]}},{"type":"Feature","geometry":{"type":"Point","coordinates":[-5.56,34.07]},"properties":{"edcs_id":"EDCS-08800526","findspot":"Volubilis","raw_text":"D(is) M(anibus) / L(uci) Iuli / Victoris","date_from":null,"date_to":null,"marker_gender":"male","is_individual":false,"edcs_url":"https://edcs.hist.uzh.ch/en/document?edcs-id=EDCS-08800526","persons":[{"nomen":"Iulius","gender":"male","raw_name":"L. Iuli   Victoris","cognomen":"Victoris"}]}},{"type":"Feature","geometry":{"type":"Point","coordinates":[-5.56,34.07]},"properties":{"edcs_id":"EDCS-08800528","findspot":"Volubilis","raw_text":"D(is) M(anibus) s(acrum) / Iulia Nonna / vix(it) ann(os) VII / h(ic) s(ita) e(st) s(it) t(ibi) t(erra) l(evis)","date_from":null,"date_to":null,"marker_gender":"female","is_individual":false,"edcs_url":"https://edcs.hist.uzh.ch/en/document?edcs-id=EDCS-08800528","persons":[{"nomen":"Iulia","gender":"female","raw_name":"Iulia Nonna","cognomen":"Nonna"}]}},{"type":"Feature","geometry":{"type":"Point","coordinates":[-5.56,34.07]},"properties":{"edcs_id":"EDCS-08800529","findspot":"Volubilis","raw_text":"D(is) M(anibus) s(acrum) / Memoria Iulia Roga/tiva de Altava <c=K>ativ[a] / cui fili(i) et nep(otes) fec(e)r(unt) / vix(it) ann(os) pl(us) m(inus) LXXVI / disc(essit) in p(ace) an(no) p(rovinciae) DCXVI","date_from":null,"date_to":null,"marker_gender":"female","is_individual":false,"edcs_url":"https://edcs.hist.uzh.ch/en/document?edcs-id=EDCS-08800529","persons":[{"nomen":"Iulia","gender":"female","raw_name":"Iulia Roga tiva de Altava <c=K>ativ[a]","cognomen":"Rogativa","status":"de Altava Cativa"}]}},{"type":"Feature","geometry":{"type":"Point","coordinates":[-5.56,34.07]},"properties":{"edcs_id":"EDCS-08800530","findspot":"Volubilis","raw_text":"D(is) M(anibus) s(acrum) / Iulia Sever(a) / vix(it) an(nis) XVIIII / mens(ibus) VIII di/eb(us) XIII Iul(ius) Se/cundus pater / infelicissi/mus pos(uit)","date_from":null,"date_to":null,"marker_gender":"mixed","is_individual":false,"edcs_url":"https://edcs.hist.uzh.ch/en/document?edcs-id=EDCS-08800530","persons":[{"nomen":"Iulia","gender":"female","raw_name":"Iulia Sever(a)","cognomen":"Severa"},{"nomen":"Iulius","gender":"male","raw_name":"Iul(ius) Se cundus pater","cognomen":"Secundus","status":"pater"}]}},{"type":"Feature","geometry":{"type":"Point","coordinates":[-5.56,34.07]},"properties":{"edcs_id":"EDCS-08800532","findspot":"Volubilis","raw_text":"] Lacaetano C[3] / [3]um EST[3]","date_from":null,"date_to":null,"marker_gender":"male","is_individual":false,"edcs_url":"https://edcs.hist.uzh.ch/en/document?edcs-id=EDCS-08800532","persons":[{"nomen":"","gender":"male","raw_name":"Lacaetano","cognomen":"Lacaetano"}]}},{"type":"Feature","geometry":{"type":"Point","coordinates":[-5.56,34.07]},"properties":{"edcs_id":"EDCS-08800533","findspot":"Volubilis","raw_text":"D(is) M(anibus) s(acrum) / Lepidia Zinit / Lepidio Felic[i] / contubernali po[s(uit)] / v(ixit?) [a]n(nos?) XXVII [","date_from":null,"date_to":null,"marker_gender":"mixed","is_individual":false,"edcs_url":"https://edcs.hist.uzh.ch/en/document?edcs-id=EDCS-08800533","persons":[{"nomen":"","gender":"male","raw_name":"Lepidio Felici","cognomen":"Lepidus","status":"contubernalis"},{"nomen":"","gender":"female","raw_name":"Lepidia Zinit","cognomen":"Lepidia"}]}},{"type":"Feature","geometry":{"type":"Point","coordinates":[-5.56,34.07]},"properties":{"edcs_id":"EDCS-08800534","findspot":"Volubilis","raw_text":"[L]ucana(?)","date_from":null,"date_to":null,"marker_gender":"female","is_individual":false,"edcs_url":"https://edcs.hist.uzh.ch/en/document?edcs-id=EDCS-08800534","persons":[{"nomen":"","gender":"female","raw_name":"Lucana(?)","cognomen":"Lucana"}]}},{"type":"Feature","geometry":{"type":"Point","coordinates":[-5.56,34.07]},"properties":{"edcs_id":"EDCS-08800535","findspot":"Volubilis","raw_text":"D(is) M(anibus) s(acrum) / Lucr[eti]us(?) / Porcelus / vix{s}it an(n)is / LXX m(ensibus) V d(iebus) V / Claud(ia) T(h)etis / marito b(e)n(e) / m(e)re(n)t(i) fec(it)","date_from":null,"date_to":null,"marker_gender":"mixed","is_individual":false,"edcs_url":"https://edcs.hist.uzh.ch/en/document?edcs-id=EDCS-08800535","persons":[{"nomen":"Lucretius","gender":"male","raw_name":"Lucr[eti]us(?) Porcelus","cognomen":"Porcelus"},{"nomen":"Claudia","gender":"female","raw_name":"Claud(ia) T(h)etis","cognomen":"Thetis","status":"uxor"}]}},{"type":"Feature","geometry":{"type":"Point","coordinates":[-5.56,34.07]},"properties":{"edcs_id":"EDCS-08800536","findspot":"Volubilis","raw_text":"D(is) M(anibus) [s(acrum)] / [6] / [6] / vixit annis LXXX / DV GV[3] Lucr(etius?) / [3]NAV CO[3]/[3]M[","date_from":null,"date_to":null,"marker_gender":"male","is_individual":false,"edcs_url":"https://edcs.hist.uzh.ch/en/document?edcs-id=EDCS-08800536","persons":[{"nomen":"Lucretius","gender":"male","raw_name":"DV GV[3] Lucr(etius?)"}]}},{"type":"Feature","geometry":{"type":"Point","coordinates":[-5.56,34.07]},"properties":{"edcs_id":"EDCS-08800537","findspot":"Volubilis","raw_text":"D(is) M(anibus) s(acrum) / Val(eria) Va/lerian(a) / vi<x=CS>it / an(no)s LIII / Quadra[ti]/nus mar[i]/tus pos(uit)","date_from":null,"date_to":null,"marker_gender":"mixed","is_individual":false,"edcs_url":"https://edcs.hist.uzh.ch/en/document?edcs-id=EDCS-08800537","persons":[{"nomen":"Valeria","gender":"female","raw_name":"Val(eria) Va lerian(a)","cognomen":"Valeriana"},{"nomen":"","gender":"male","raw_name":"Quadra[ti] nus","cognomen":"Quadratus","status":"maritus"}]}},{"type":"Feature","geometry":{"type":"Point","coordinates":[-5.56,34.07]},"properties":{"edcs_id":"EDCS-08800538","findspot":"Volubilis","raw_text":"D(is) M(anibus) s(acrum) / Mallia ma/ter posuit Ur[banae(?)] / fili(a)e su(a)e vixit [a]/nnor(um) VIII [","date_from":null,"date_to":null,"marker_gender":"female","is_individual":false,"edcs_url":"https://edcs.hist.uzh.ch/en/document?edcs-id=EDCS-08800538","persons":[{"nomen":"","gender":"female","raw_name":"Mallia ma ter","cognomen":"Mallia","status":"mater"},{"nomen":"","gender":"female","raw_name":"Urbanae(?)","cognomen":"Urbana","status":"filia sua","cluster_id":684,"cluster_size":2,"cluster_confidence":"low"}]}},{"type":"Feature","geometry":{"type":"Point","coordinates":[-5.56,34.07]},"properties":{"edcs_id":"EDCS-08800539","findspot":"Volubilis","raw_text":"D(is) M(anibus) s(acrum) / Marciae Aug() / vix[it] annis / XXXXIIII me(n)s(em) I / dies XVI / Val(erius) Nonnus / maritus mem(oriam) / fec(it)","date_from":null,"date_to":null,"marker_gender":"mixed","is_individual":false,"edcs_url":"https://edcs.hist.uzh.ch/en/document?edcs-id=EDCS-08800539","persons":[{"nomen":"Marcia","gender":"female","raw_name":"Marciae"},{"nomen":"Valerius","gender":"male","raw_name":"Val(erius) Nonnus","cognomen":"Nonnus","status":"maritus"}]}},{"type":"Feature","geometry":{"type":"Point","coordinates":[-5.56,34.07]},"properties":{"edcs_id":"EDCS-08800540","findspot":"Volubilis","raw_text":"[Memor]ia Vanati Mater/[ni] cui fili(i) et mat(er) fe/[cer(unt) do]mum (a)eternale(m) / vi<x=CS>(it) plus minus / [3 dis]cessit in pace / [3] an(no) pr(ovinciae) DLX","date_from":null,"date_to":null,"marker_gender":"male","is_individual":false,"edcs_url":"https://edcs.hist.uzh.ch/en/document?edcs-id=EDCS-08800540","persons":[{"nomen":"","gender":"male","raw_name":"Vanati","cognomen":"Vanatus"},{"nomen":"","gender":"male","raw_name":"Matern[i]","cognomen":"Maternus","status":"pater"}]}},{"type":"Feature","geometry":{"type":"Point","coordinates":[-5.56,34.07]},"properties":{"edcs_id":"EDCS-08800541","findspot":"Volubilis","raw_text":"D(is) M(anibus) s(acrum) / Maur(us?) vix(it) ann(os) / XXXIIII [","date_from":null,"date_to":null,"marker_gender":"male","is_individual":false,"edcs_url":"https://edcs.hist.uzh.ch/en/document?edcs-id=EDCS-08800541","persons":[{"nomen":"","gender":"male","raw_name":"Maur(us?)","cognomen":"Maurus"}]}},{"type":"Feature","geometry":{"type":"Point","coordinates":[-5.56,34.07]},"properties":{"edcs_id":"EDCS-08800542","findspot":"Volubilis","raw_text":"D(is) M(anibus) s(acrum) / [3] Maxi[3]/us [","date_from":null,"date_to":null,"marker_gender":"male","is_individual":false,"edcs_url":"https://edcs.hist.uzh.ch/en/document?edcs-id=EDCS-08800542","persons":[{"nomen":"","gender":"male","raw_name":"[3] Maxi[3]us","cognomen":"Maximus","cluster_id":665,"cluster_size":3,"cluster_confidence":"low"}]}},{"type":"Feature","geometry":{"type":"Point","coordinates":[-5.56,34.07]},"properties":{"edcs_id":"EDCS-08800543","findspot":"Volubilis","raw_text":"D(is) [M(anibus)] / C(aecilius?) Maximus / vixit an(nos) oc/toginta Ant[o]/nia et Maximi/na neptes / pos(uerunt)","date_from":null,"date_to":null,"marker_gender":"mixed","is_individual":false,"edcs_url":"https://edcs.hist.uzh.ch/en/document?edcs-id=EDCS-08800543","persons":[{"nomen":"Caecilius","gender":"male","raw_name":"C(aecilius?) Maximus","cognomen":"Maximus"},{"nomen":"Antonia","gender":"female","raw_name":"Anto nia"},{"nomen":"","gender":"female","raw_name":"Maximi na","cognomen":"Maximinus","status":"neptis"}]}},{"type":"Feature","geometry":{"type":"Point","coordinates":[-5.56,34.07]},"properties":{"edcs_id":"EDCS-08800544","findspot":"Volubilis","raw_text":"[D(is) M(anibus)] s(acrum) / [3]ronio Modest[o] / v(ixit) annis XLVII [3] / uxor et fili(i) p(osuerunt)","date_from":null,"date_to":null,"marker_gender":"male","is_individual":false,"edcs_url":"https://edcs.hist.uzh.ch/en/document?edcs-id=EDCS-08800544","persons":[{"nomen":"","gender":"male","raw_name":"[3]ronio Modest[o]","cognomen":"Chronius Modestus"}]}},{"type":"Feature","geometry":{"type":"Point","coordinates":[-5.56,34.07]},"properties":{"edcs_id":"EDCS-08800545","findspot":"Volubilis","raw_text":"D(is) M(anibus) s(acrum) / L(ucius) Oc[rati]us Sena/{na}tus(?) vixit annis XXX / mens(ibus) V d(iebus) XV Iulia / Suavilla marito kar(o) fec(it)","date_from":null,"date_to":null,"marker_gender":"mixed","is_individual":false,"edcs_url":"https://edcs.hist.uzh.ch/en/document?edcs-id=EDCS-08800545","persons":[{"nomen":"Ocratius","gender":"male","raw_name":"L. Oc[rati]us Sena natus(?)","praenomen":"Lucius","cognomen":"Senatus"},{"nomen":"Iulia","gender":"female","raw_name":"Iulia   Suavilla","cognomen":"Suavilla","status":"uxor","cluster_id":124,"cluster_size":2}]}},{"type":"Feature","geometry":{"type":"Point","coordinates":[-5.56,34.07]},"properties":{"edcs_id":"EDCS-08800546","findspot":"Volubilis","raw_text":"[D(is) M(anibus) s(acrum?)] / Octavi / Restuti vi/xit annis / XXX Aurelia / Aelia marito / optimo / pos(uit)","date_from":null,"date_to":null,"marker_gender":"female","is_individual":false,"edcs_url":"https://edcs.hist.uzh.ch/en/document?edcs-id=EDCS-08800546","persons":[{"nomen":"Octavia","gender":"female","raw_name":"Octavi   Restuti","cognomen":"Restuta"},{"nomen":"Aurelia","gender":"female","raw_name":"Aurelia   Aelia","cognomen":"Aelia","status":"uxor"}]}},{"type":"Feature","geometry":{"type":"Point","coordinates":[-5.56,34.07]},"properties":{"edcs_id":"EDCS-08800547","findspot":"Volubilis","raw_text":"D(is) M(anibus) s(acrum) / Petronia Ian/uaria vix(it) an(nos) / XXXXVII menses [3] dies [","date_from":null,"date_to":null,"marker_gender":"female","is_individual":false,"edcs_url":"https://edcs.hist.uzh.ch/en/document?edcs-id=EDCS-08800547","persons":[{"nomen":"Petronia","gender":"female","raw_name":"Petronia Ian uaria","cognomen":"Ianuaria"}]}},{"type":"Feature","geometry":{"type":"Point","coordinates":[-5.56,34.07]},"properties":{"edcs_id":"EDCS-08800548","findspot":"Volubilis","raw_text":"D(is) M(anibus) s(acrum) / Pom(peio?) Atta[l]/io(?) vixit an/nis LXI","date_from":null,"date_to":null,"marker_gender":"male","is_individual":false,"edcs_url":"https://edcs.hist.uzh.ch/en/document?edcs-id=EDCS-08800548","persons":[{"nomen":"","gender":"male","raw_name":"Pom(peio?) Atta[l]io(?)","cognomen":"Attalius"}]}},{"type":"Feature","geometry":{"type":"Point","coordinates":[-5.56,34.07]},"properties":{"edcs_id":"EDCS-08800549","findspot":"Volubilis","raw_text":"] Posidonius fili(i) / fec(erunt)","date_from":null,"date_to":null,"marker_gender":"male","is_individual":false,"edcs_url":"https://edcs.hist.uzh.ch/en/document?edcs-id=EDCS-08800549","persons":[{"nomen":"","gender":"male","raw_name":"Posidonius fili(i)","cognomen":"Posidonius","status":"filius"}]}},{"type":"Feature","geometry":{"type":"Point","coordinates":[-5.56,34.07]},"properties":{"edcs_id":"EDCS-08800550","findspot":"Volubilis","raw_text":"]SSIII[3] / v(iro?) e(gregio?) patron[o(?)] / [P]ossidia[nus(?) 3]/SI EDANA[3] / posuerunt","date_from":null,"date_to":null,"marker_gender":"male","is_individual":false,"edcs_url":"https://edcs.hist.uzh.ch/en/document?edcs-id=EDCS-08800550","persons":[{"nomen":"","gender":"male","raw_name":"[P]ossidia[nus(?) 3]","cognomen":"Possidianus","status":"viro egregio, patrono"}]}},{"type":"Feature","geometry":{"type":"Point","coordinates":[-5.56,34.07]},"properties":{"edcs_id":"EDCS-08800553","findspot":"Volubilis","raw_text":"D(is) M(anibus) s(acrum) / Renex(?) mater / Maral(?) fil[i]o / de suo fecit","date_from":null,"date_to":null,"marker_gender":"male","is_individual":false,"edcs_url":"https://edcs.hist.uzh.ch/en/document?edcs-id=EDCS-08800553","persons":[{"nomen":"","gender":"male","raw_name":"Renex(?) mater","cognomen":"Renex","status":"mater"},{"nomen":"","gender":"male","raw_name":"Maral(?) fil[i]o","cognomen":"Maral","status":"filius"}]}},{"type":"Feature","geometry":{"type":"Point","coordinates":[-5.56,34.07]},"properties":{"edcs_id":"EDCS-08800554","findspot":"Volubilis","raw_text":"D(is) M(anibus) s(acrum) / Restutu/s v(ixit) an(no)s / VIII p(ater) f(ilio) fe(cit)","date_from":null,"date_to":null,"marker_gender":"male","is_individual":false,"edcs_url":"https://edcs.hist.uzh.ch/en/document?edcs-id=EDCS-08800554","persons":[{"nomen":"","gender":"male","raw_name":"Restutu s v(ixit) an(no)s VIII p(ater) f(ilio) fe(cit)","cognomen":"Restutus","status":"pater filio"}]}},{"type":"Feature","geometry":{"type":"Point","coordinates":[-5.56,34.07]},"properties":{"edcs_id":"EDCS-08800555","findspot":"Volubilis","raw_text":"[D(is)] M(anibus) s(acrum) / [1]umtius / Sabinianu/s vixit an(n)i[s 3] / [1]AER(?) Sabi/nus pater / filio piissi/mo","date_from":null,"date_to":null,"marker_gender":"male","is_individual":false,"edcs_url":"https://edcs.hist.uzh.ch/en/document?edcs-id=EDCS-08800555","persons":[{"nomen":"Iumtius","gender":"male","raw_name":"[1]umtius Sabinianu s vixit an(n)i[s 3]","cognomen":"Sabinianus"},{"nomen":"","gender":"male","raw_name":"[1]AER(?) Sabi nus pater filio piissi mo","cognomen":"Sabinus","status":"pater filio piissimo"}]}},{"type":"Feature","geometry":{"type":"Point","coordinates":[-5.56,34.07]},"properties":{"edcs_id":"EDCS-08800556","findspot":"Volubilis","raw_text":"D(is) M(anibus) s(acrum) Sec(undus?) / P() MA() L() / filii LEC() / p(ius?) v(ixit) a(nnos) VII","date_from":null,"date_to":null,"marker_gender":"male","is_individual":false,"edcs_url":"https://edcs.hist.uzh.ch/en/document?edcs-id=EDCS-08800556","persons":[{"nomen":"","gender":"male","raw_name":"Sec(undus?)","cognomen":"Secundus"},{"nomen":"","gender":"male","raw_name":"P() MA() L() filii LEC() p(ius?) v(ixit) a(nnos) VII","status":"filius pius"}]}},{"type":"Feature","geometry":{"type":"Point","coordinates":[-5.56,34.07]},"properties":{"edcs_id":"EDCS-08800558","findspot":"Volubilis","raw_text":"D(is) M(anibus) s(acrum) / [3 Sempr(onius) P]rimus Sit/[ifensis(?) p]ientiss(i)me / [filiae S]empr(oniae) Primae / an(norum) XV s(it) t(ibi) t(erra) l(evis)","date_from":null,"date_to":null,"marker_gender":"mixed","is_individual":false,"edcs_url":"https://edcs.hist.uzh.ch/en/document?edcs-id=EDCS-08800558","persons":[{"nomen":"Sempronius","gender":"male","raw_name":"[3 Sempr(onius) P]rimus Sit [ifensis(?) p]ientiss(i)me","cognomen":"Primus","status":"pientissime"},{"nomen":"Sempronia","gender":"female","raw_name":"[filiae S]empr(oniae) Primae","cognomen":"Prima","status":"filiae"}]}},{"type":"Feature","geometry":{"type":"Point","coordinates":[-5.56,34.07]},"properties":{"edcs_id":"EDCS-08800559","findspot":"Volubilis","raw_text":"]LI[3] / [3]mucana / [3] P(ubli?) Serti(?)","date_from":null,"date_to":null,"marker_gender":"unknown","is_individual":false,"edcs_url":"https://edcs.hist.uzh.ch/en/document?edcs-id=EDCS-08800559","persons":[{"nomen":"","gender":"unknown","raw_name":"]mucana"},{"nomen":"","gender":"unknown","raw_name":"[3] P(ubli?) Serti(?)"}]}},{"type":"Feature","geometry":{"type":"Point","coordinates":[-5.56,34.07]},"properties":{"edcs_id":"EDCS-08800562","findspot":"Volubilis","raw_text":"D(is) M(anibus) s(acrum) / T(itinia?) C(ai) l(iberta) For[tunata","date_from":null,"date_to":null,"marker_gender":"female","is_individual":false,"edcs_url":"https://edcs.hist.uzh.ch/en/document?edcs-id=EDCS-08800562","persons":[{"nomen":"Titinia","gender":"female","raw_name":"T(itinia?) C(ai) l(iberta) For[tunata","cognomen":"Fortunata","status":"liberta C(ai)"}]}},{"type":"Feature","geometry":{"type":"Point","coordinates":[-5.56,34.07]},"properties":{"edcs_id":"EDCS-08800563","findspot":"Volubilis","raw_text":"Pientis(s)imo / Ruseucii filio / duos et Iuc() Victori / DISLVS II RI[3]inia et / ANIS ANIS OATOR / Vic{i}tor(?) vix{s}it / TATVS Servilius","date_from":null,"date_to":null,"marker_gender":"male","is_individual":false,"edcs_url":"https://edcs.hist.uzh.ch/en/document?edcs-id=EDCS-08800563","persons":[{"nomen":"","gender":"male","raw_name":"Ruseucii filio","cognomen":"Ruseucius","status":"filius"},{"nomen":"","gender":"male","raw_name":"duos et Iuc() Victori DISLVS II RI[3]inia et ANIS ANIS OATOR Vic{i}tor(?)","cognomen":"Iucundus Victor"},{"nomen":"Servilia","gender":"male","raw_name":"TATVS Servilius","cognomen":"Tatus","status":"pater"}]}},{"type":"Feature","geometry":{"type":"Point","coordinates":[-5.56,34.07]},"properties":{"edcs_id":"EDCS-08800564","findspot":"Volubilis","raw_text":"D(is) M(anibus) [s(acrum)] / V() Titu[ll]/a vixit an/nis L","date_from":null,"date_to":null,"marker_gender":"female","is_individual":false,"edcs_url":"https://edcs.hist.uzh.ch/en/document?edcs-id=EDCS-08800564","persons":[{"nomen":"","gender":"female","raw_name":"V() Titu[ll] a vixit an nis L","cognomen":"Tituilla"}]}},{"type":"Feature","geometry":{"type":"Point","coordinates":[-5.56,34.07]},"properties":{"edcs_id":"EDCS-08800566","findspot":"Volubilis","raw_text":"D(is) M(anibus) s(acrum) / Val(erio) Anto/niano / annor(um) V","date_from":null,"date_to":null,"marker_gender":"male","is_individual":false,"edcs_url":"https://edcs.hist.uzh.ch/en/document?edcs-id=EDCS-08800566","persons":[{"nomen":"Valerius","gender":"male","raw_name":"Val(erio) Anto niano","cognomen":"Antoninus","cluster_id":422,"cluster_size":2}]}},{"type":"Feature","geometry":{"type":"Point","coordinates":[-5.56,34.07]},"properties":{"edcs_id":"EDCS-08800567","findspot":"Volubilis","raw_text":"D(is) M(anibus) s(acrum) / K(assius?) Sue[tus(?)] / vix(it) ann(os) / L men(ses) [3] / d(ies) XV C(aius?) K(assius?) / Val(erius) Balb(us) / liberto d(edicavit)","date_from":null,"date_to":null,"marker_gender":"male","is_individual":false,"edcs_url":"https://edcs.hist.uzh.ch/en/document?edcs-id=EDCS-08800567","persons":[{"nomen":"","gender":"male","raw_name":"K(assius?) Sue[tus(?)]","cognomen":"Suetus"},{"nomen":"Cassius","gender":"male","raw_name":"C(aius?) K(assius?) Val(erius) Balb(us)","praenomen":"Gaius","cognomen":"Balbus","status":"liberto"}]}},{"type":"Feature","geometry":{"type":"Point","coordinates":[-5.56,34.07]},"properties":{"edcs_id":"EDCS-08800568","findspot":"Volubilis","raw_text":"D(is) M(anibus) s(acrum) / Valerius / C(a)ecilia/nus / vix(it) an(nos) XVIII et / me(n)ses VII pa/ter pos(uit)","date_from":null,"date_to":null,"marker_gender":"male","is_individual":false,"edcs_url":"https://edcs.hist.uzh.ch/en/document?edcs-id=EDCS-08800568","persons":[{"nomen":"Valerius","gender":"male","raw_name":"Valerius C(a)ecilianus","cognomen":"Caecilianus","cluster_id":202,"cluster_size":6},{"nomen":"","gender":"unknown","raw_name":"pater","status":"pater"}]}},{"type":"Feature","geometry":{"type":"Point","coordinates":[-5.56,34.07]},"properties":{"edcs_id":"EDCS-08800569","findspot":"Volubilis","raw_text":"D(is) M(anibus) s(acrum) / L(ucius) Val(erius) C(a)ecili/anus L(ucio) Val(erio) Qu/adratino fil(io) pio / pos(uit) vix(it) an(nos) VI m(enses) X / et d(ies) X","date_from":null,"date_to":null,"marker_gender":"male","is_individual":false,"edcs_url":"https://edcs.hist.uzh.ch/en/document?edcs-id=EDCS-08800569","persons":[{"nomen":"Valerius","gender":"male","raw_name":"L. Val(erius) C(a)ecili anus","praenomen":"Lucius","cognomen":"Caecilianus","cluster_id":202,"cluster_size":6},{"nomen":"Valerius","gender":"male","raw_name":"L. Val(erio) Qu adratino","praenomen":"Lucius","cognomen":"Quadratinus","status":"filio pio","cluster_id":362,"cluster_size":2}]}},{"type":"Feature","geometry":{"type":"Point","coordinates":[-5.56,34.07]},"properties":{"edcs_id":"EDCS-08800570","findspot":"Volubilis","raw_text":"Valeri/us Ceri/alis vi/xit ann/os LXX / posuit / Val[erius","date_from":null,"date_to":null,"marker_gender":"male","is_individual":false,"edcs_url":"https://edcs.hist.uzh.ch/en/document?edcs-id=EDCS-08800570","persons":[{"nomen":"Valerius","gender":"male","raw_name":"Valeri us Ceri alis","cognomen":"Cerialis","cluster_id":447,"cluster_size":2},{"nomen":"Valerius","gender":"unknown","raw_name":"Val[erius"}]}},{"type":"Feature","geometry":{"type":"Point","coordinates":[-5.56,34.07]},"properties":{"edcs_id":"EDCS-08800571","findspot":"Volubilis","raw_text":"Val(erio) Cla[3] / fil(ius) p(ius) fe[cit]","date_from":null,"date_to":null,"marker_gender":"unknown","is_individual":false,"edcs_url":"https://edcs.hist.uzh.ch/en/document?edcs-id=EDCS-08800571","persons":[{"nomen":"Valerius","gender":"unknown","raw_name":"Val(erio) Cla[3] fil(ius) p(ius)","status":"filius pius"}]}},{"type":"Feature","geometry":{"type":"Point","coordinates":[-5.56,34.07]},"properties":{"edcs_id":"EDCS-08800572","findspot":"Volubilis","raw_text":"D(is) M(anibus) s(acrum) / Val(erius) Aeven/tius vix(it) an(nos) / XXX Valeri/a Dativa ma(ter) / filio pos(uit)","date_from":null,"date_to":null,"marker_gender":"mixed","is_individual":false,"edcs_url":"https://edcs.hist.uzh.ch/en/document?edcs-id=EDCS-08800572","persons":[{"nomen":"Valerius","gender":"male","raw_name":"Val(erius) Aeven tius","cognomen":"Aeventius"},{"nomen":"Valeria","gender":"female","raw_name":"Valeri a Dativa ma(ter)","cognomen":"Dativa","status":"mater"}]}},{"type":"Feature","geometry":{"type":"Point","coordinates":[-5.56,34.07]},"properties":{"edcs_id":"EDCS-08800573","findspot":"Volubilis","raw_text":"D(is) M(anibus) s(acrum) / Val(erius) Hono/ra[tus(?)] / vix(it) an(nos) XII / Val(erius) [P]au[l]inus / fecit","date_from":null,"date_to":null,"marker_gender":"male","is_individual":false,"edcs_url":"https://edcs.hist.uzh.ch/en/document?edcs-id=EDCS-08800573","persons":[{"nomen":"Valerius","gender":"male","raw_name":"Val(erius) Honora[tus(?)]","cognomen":"Honoratus","cluster_id":339,"cluster_size":3},{"nomen":"Valerius","gender":"male","raw_name":"Val(erius) [P]au[l]inus","cognomen":"Paulinus","cluster_id":450,"cluster_size":2}]}},{"type":"Feature","geometry":{"type":"Point","coordinates":[-5.56,34.07]},"properties":{"edcs_id":"EDCS-08800574","findspot":"Volubilis","raw_text":"D(is) M(anibus) s(acrum) / G(aius!) Val(erius) Modestus vi{c}/xit annis LXV m(ensibus) VI d(iebus) X / G(aius!) Val(erius) Antonianus / filius p(atri) piissimo fe/cit","date_from":null,"date_to":null,"marker_gender":"male","is_individual":false,"edcs_url":"https://edcs.hist.uzh.ch/en/document?edcs-id=EDCS-08800574","persons":[{"nomen":"Valerius","gender":"male","raw_name":"G(aius!) Val(erius) Modestus","praenomen":"Gaius","cognomen":"Modestus"},{"nomen":"Valerius","gender":"male","raw_name":"G(aius!) Val(erius) Antonianus filius p(atri) piissimo","praenomen":"Gaius","cognomen":"Antonianus","status":"filius patris piissimo","cluster_id":422,"cluster_size":2}]}},{"type":"Feature","geometry":{"type":"Point","coordinates":[-5.56,34.07]},"properties":{"edcs_id":"EDCS-08800575","findspot":"Volubilis","raw_text":"D(is) M(anibus) s(acrum) Val(eri) Pauli/ni vixit / an(nos) XXIII / et mense/s duos po/suit av<u=O>s","date_from":null,"date_to":null,"marker_gender":"male","is_individual":false,"edcs_url":"https://edcs.hist.uzh.ch/en/document?edcs-id=EDCS-08800575","persons":[{"nomen":"Valerius","gender":"male","raw_name":"Val(eri) Pauli ni","cognomen":"Paulinus","cluster_id":450,"cluster_size":2}]}},{"type":"Feature","geometry":{"type":"Point","coordinates":[-5.56,34.07]},"properties":{"edcs_id":"EDCS-08800576","findspot":"Volubilis","raw_text":"D(is) M(anibus) s(acrum) / Val(erio) Roma/nio vixit a(nnos) / XXV Cecilia / Iulia mari/to <p=T>o(suit)","date_from":null,"date_to":null,"marker_gender":"mixed","is_individual":false,"edcs_url":"https://edcs.hist.uzh.ch/en/document?edcs-id=EDCS-08800576","persons":[{"nomen":"Valerius","gender":"male","raw_name":"Val(erio) Roma nio","cognomen":"Romanus"},{"nomen":"Caecilia","gender":"female","raw_name":"Cecilia   Iulia","cognomen":"Iulia","status":"marito"}]}},{"type":"Feature","geometry":{"type":"Point","coordinates":[-5.56,34.07]},"properties":{"edcs_id":"EDCS-08800578","findspot":"Volubilis","raw_text":"Valeria / Agate T<y=I>/c(h)e","date_from":null,"date_to":null,"marker_gender":"female","is_individual":false,"edcs_url":"https://edcs.hist.uzh.ch/en/document?edcs-id=EDCS-08800578","persons":[{"nomen":"Valeria","gender":"female","raw_name":"Valeria Agate","cognomen":"Agate"},{"nomen":"","gender":"female","raw_name":"T<y=I>c(h)e","cognomen":"Tyche","is_deity":true}]}},{"type":"Feature","geometry":{"type":"Point","coordinates":[-5.56,34.07]},"properties":{"edcs_id":"EDCS-08800580","findspot":"Volubilis","raw_text":"Val(eria) Felici/tas vixit / ann(os) IX m(enses) III / [3 m]on(umentum?) pos(uit) Ca(ecilia?) Sev(era?) / h(ic) s(ita)","date_from":null,"date_to":null,"marker_gender":"female","is_individual":false,"edcs_url":"https://edcs.hist.uzh.ch/en/document?edcs-id=EDCS-08800580","persons":[{"nomen":"Valeria","gender":"female","raw_name":"Val(eria) Felici tas","cognomen":"Felicita"},{"nomen":"Caecilia","gender":"female","raw_name":"Ca(ecilia?) Sev(era?)","cognomen":"Severa"}]}},{"type":"Feature","geometry":{"type":"Point","coordinates":[-5.56,34.07]},"properties":{"edcs_id":"EDCS-08800581","findspot":"Volubilis","raw_text":"D(is) M(anibus) s(acrum) / Val(eria) Iuli/a vix{is}it / an(n)is XXIIII","date_from":null,"date_to":null,"marker_gender":"female","is_individual":false,"edcs_url":"https://edcs.hist.uzh.ch/en/document?edcs-id=EDCS-08800581","persons":[{"nomen":"Valeria","gender":"female","raw_name":"Val(eria) Iuli a","cognomen":"Iulia"}]}},{"type":"Feature","geometry":{"type":"Point","coordinates":[-5.56,34.07]},"properties":{"edcs_id":"EDCS-08800582","findspot":"Volubilis","raw_text":"Valeriae Lu/canae Luca/[ni] filiae / [","date_from":null,"date_to":null,"marker_gender":"female","is_individual":false,"edcs_url":"https://edcs.hist.uzh.ch/en/document?edcs-id=EDCS-08800582","persons":[{"nomen":"Valeria","gender":"female","raw_name":"Valeriae Lu canae Luca [ni] filiae","cognomen":"Lucana","status":"filius Lucani","cluster_id":458,"cluster_size":2}]}},{"type":"Feature","geometry":{"type":"Point","coordinates":[-5.56,34.07]},"properties":{"edcs_id":"EDCS-08800584","findspot":"Volubilis","raw_text":"D(is) M(anibus) s(acrum) / Val(eriae) Par/te[n]ope an(norum) / XVII marit[us] / fecit","date_from":null,"date_to":null,"marker_gender":"female","is_individual":false,"edcs_url":"https://edcs.hist.uzh.ch/en/document?edcs-id=EDCS-08800584","persons":[{"nomen":"Valeria","gender":"female","raw_name":"Val(eriae) Par tenope","cognomen":"Parthenope"}]}},{"type":"Feature","geometry":{"type":"Point","coordinates":[-5.56,34.07]},"properties":{"edcs_id":"EDCS-08800585","findspot":"Volubilis","raw_text":"D(is) M(anibus) s(acrum) / Valeria Procl[i]/nia(?) ann(orum) VIIII / [Procli]nius(?) SA[","date_from":null,"date_to":null,"marker_gender":"female","is_individual":false,"edcs_url":"https://edcs.hist.uzh.ch/en/document?edcs-id=EDCS-08800585","persons":[{"nomen":"Valeria","gender":"female","raw_name":"Valeria Procl[i] nia(?)","cognomen":"Proclinia"}]}},{"type":"Feature","geometry":{"type":"Point","coordinates":[-5.56,34.07]},"properties":{"edcs_id":"EDCS-08800587","findspot":"Volubilis","raw_text":"D(is) M(anibus) s(acrum) / Victoricus vix(it) / ann(is) XV dieb(us) XIIII / Victorinus / pater filio piis/simo fecit","date_from":null,"date_to":null,"marker_gender":"male","is_individual":false,"edcs_url":"https://edcs.hist.uzh.ch/en/document?edcs-id=EDCS-08800587","persons":[{"nomen":"","gender":"male","raw_name":"Victoricus","cognomen":"Victoricus"},{"nomen":"","gender":"male","raw_name":"Victorinus","cognomen":"Victorinus","status":"pater, piissimus","cluster_id":596,"cluster_size":2,"cluster_confidence":"low"}]}},{"type":"Feature","geometry":{"type":"Point","coordinates":[-5.56,34.07]},"properties":{"edcs_id":"EDCS-08800588","findspot":"Volubilis","raw_text":"D(is) M(anibus) s(acrum) / V[3]ovius [an]/no[r]um XXIIII / vi{i}<x=CS>it me(n)sis / [3] dies octo / [3]nian[","date_from":null,"date_to":null,"marker_gender":"unknown","is_individual":false,"edcs_url":"https://edcs.hist.uzh.ch/en/document?edcs-id=EDCS-08800588","persons":[{"nomen":"","gender":"unknown","raw_name":"V[3]ovius [an] no[r]um XXIIII   vi{i}<x=CS>it me(n)sis   [3] dies octo   [3]nian["}]}},{"type":"Feature","geometry":{"type":"Point","coordinates":[-5.56,34.07]},"properties":{"edcs_id":"EDCS-08800636","findspot":"Volubilis","raw_text":"] Ianua[rius(?)","date_from":null,"date_to":null,"marker_gender":"male","is_individual":false,"edcs_url":"https://edcs.hist.uzh.ch/en/document?edcs-id=EDCS-08800636","persons":[{"nomen":"","gender":"male","raw_name":"] Ianua[rius(?)","cognomen":"Ianuarius","cluster_id":664,"cluster_size":2,"cluster_confidence":"low"}]}},{"type":"Feature","geometry":{"type":"Point","coordinates":[-5.56,34.07]},"properties":{"edcs_id":"EDCS-08800646","findspot":"Volubilis","raw_text":"]INV I[3] / [3]ulio fecit","date_from":null,"date_to":null,"marker_gender":"male","is_individual":false,"edcs_url":"https://edcs.hist.uzh.ch/en/document?edcs-id=EDCS-08800646","persons":[{"nomen":"","gender":"male","raw_name":"]ulio"}]}},{"type":"Feature","geometry":{"type":"Point","coordinates":[-5.56,34.07]},"properties":{"edcs_id":"EDCS-08800656","findspot":"Volubilis","raw_text":"]lis vix[i]/t annis / XVIIII pater pi/<i=E>ssimus fecit","date_from":null,"date_to":null,"marker_gender":"male","is_individual":false,"edcs_url":"https://edcs.hist.uzh.ch/en/document?edcs-id=EDCS-08800656","persons":[{"nomen":"","gender":"male","raw_name":"]lis vix[i] t annis   XVIIII pater pi <i=E>ssimus","status":"pater piissimus"}]}},{"type":"Feature","geometry":{"type":"Point","coordinates":[-5.56,34.07]},"properties":{"edcs_id":"EDCS-08800663","findspot":"Volubilis","raw_text":"] Maxim[","date_from":null,"date_to":null,"marker_gender":"male","is_individual":false,"edcs_url":"https://edcs.hist.uzh.ch/en/document?edcs-id=EDCS-08800663","persons":[{"nomen":"","gender":"male","raw_name":"] Maxim[","cognomen":"Maximus","cluster_id":665,"cluster_size":3,"cluster_confidence":"low"}]}},{"type":"Feature","geometry":{"type":"Point","coordinates":[-5.56,34.07]},"properties":{"edcs_id":"EDCS-08800676","findspot":"Volubilis","raw_text":"a]nnor(um) [3] / CINII XXIII NNA/AVRA maritae p(iae?) p(osuit?)","date_from":null,"date_to":null,"marker_gender":"female","is_individual":false,"edcs_url":"https://edcs.hist.uzh.ch/en/document?edcs-id=EDCS-08800676","persons":[{"nomen":"","gender":"female","raw_name":"CINII XXIII NNA AVRA maritae p(iae?)","status":"marita pia"}]}},{"type":"Feature","geometry":{"type":"Point","coordinates":[-5.56,34.07]},"properties":{"edcs_id":"EDCS-08800689","findspot":"Volubilis","raw_text":"R[","date_from":null,"date_to":null,"marker_gender":"unknown","is_individual":false,"edcs_url":"https://edcs.hist.uzh.ch/en/document?edcs-id=EDCS-08800689","persons":[{"nomen":"","gender":"unknown","raw_name":"R["}]}},{"type":"Feature","geometry":{"type":"Point","coordinates":[-5.56,34.07]},"properties":{"edcs_id":"EDCS-08800691","findspot":"Volubilis","raw_text":"]RI[3] / REN[3]CO[3] / N S[3]SMI[3] / PRIVAN[3]E uxori / Epagatu[s 3] marito / modet[3]BIBI[3]/TV fec(it?) [3]VODCEII/OVI fer[3]OI[","date_from":null,"date_to":null,"marker_gender":"mixed","is_individual":false,"edcs_url":"https://edcs.hist.uzh.ch/en/document?edcs-id=EDCS-08800691","persons":[{"nomen":"","gender":"female","raw_name":"PRIVAN[3]E","status":"uxori"},{"nomen":"","gender":"male","raw_name":"Epagatu[s 3]","cognomen":"Epagatus","status":"marito"}]}},{"type":"Feature","geometry":{"type":"Point","coordinates":[-5.56,34.07]},"properties":{"edcs_id":"EDCS-08800692","findspot":"Volubilis","raw_text":"]RON[","date_from":null,"date_to":null,"marker_gender":"unknown","is_individual":false,"edcs_url":"https://edcs.hist.uzh.ch/en/document?edcs-id=EDCS-08800692","persons":[{"nomen":"","gender":"unknown","raw_name":"]RON["}]}},{"type":"Feature","geometry":{"type":"Point","coordinates":[-5.56,34.07]},"properties":{"edcs_id":"EDCS-08800694","findspot":"Volubilis","raw_text":"]S[","date_from":null,"date_to":null,"marker_gender":"unknown","is_individual":false,"edcs_url":"https://edcs.hist.uzh.ch/en/document?edcs-id=EDCS-08800694","persons":[{"nomen":"","gender":"unknown","raw_name":"S["}]}},{"type":"Feature","geometry":{"type":"Point","coordinates":[-5.56,34.07]},"properties":{"edcs_id":"EDCS-08800695","findspot":"Volubilis","raw_text":"]SA[","date_from":null,"date_to":null,"marker_gender":"unknown","is_individual":false,"edcs_url":"https://edcs.hist.uzh.ch/en/document?edcs-id=EDCS-08800695","persons":[{"nomen":"","gender":"unknown","raw_name":"SA["}]}},{"type":"Feature","geometry":{"type":"Point","coordinates":[-5.56,34.07]},"properties":{"edcs_id":"EDCS-08800699","findspot":"Volubilis","raw_text":"]SI[","date_from":null,"date_to":null,"marker_gender":"unknown","is_individual":false,"edcs_url":"https://edcs.hist.uzh.ch/en/document?edcs-id=EDCS-08800699","persons":[{"nomen":"","gender":"unknown","raw_name":"SI["}]}},{"type":"Feature","geometry":{"type":"Point","coordinates":[-5.56,34.07]},"properties":{"edcs_id":"EDCS-08800701","findspot":"Volubilis","raw_text":"]T / [3] T(itus?) ABIIILAI [","date_from":null,"date_to":null,"marker_gender":"male","is_individual":false,"edcs_url":"https://edcs.hist.uzh.ch/en/document?edcs-id=EDCS-08800701","persons":[{"nomen":"","gender":"male","raw_name":"T(itus?) ABIIILAI","praenomen":"Titus"}]}},{"type":"Feature","geometry":{"type":"Point","coordinates":[-5.56,34.07]},"properties":{"edcs_id":"EDCS-08800702","findspot":"Volubilis","raw_text":"]VA[","date_from":null,"date_to":null,"marker_gender":"unknown","is_individual":false,"edcs_url":"https://edcs.hist.uzh.ch/en/document?edcs-id=EDCS-08800702","persons":[{"nomen":"","gender":"unknown","raw_name":"VA["}]}},{"type":"Feature","geometry":{"type":"Point","coordinates":[-5.56,34.07]},"properties":{"edcs_id":"EDCS-08800703","findspot":"Volubilis","raw_text":"]VDI","date_from":null,"date_to":null,"marker_gender":"unknown","is_individual":false,"edcs_url":"https://edcs.hist.uzh.ch/en/document?edcs-id=EDCS-08800703","persons":[{"nomen":"","gender":"unknown","raw_name":"VDI"}]}},{"type":"Feature","geometry":{"type":"Point","coordinates":[-5.56,34.07]},"properties":{"edcs_id":"EDCS-08800709","findspot":"Volubilis","raw_text":"[I]mp(erator) Ca[esar] / M(arcus) Au[relius","date_from":null,"date_to":null,"marker_gender":"male","is_individual":false,"edcs_url":"https://edcs.hist.uzh.ch/en/document?edcs-id=EDCS-08800709","persons":[{"nomen":"Aurelius","gender":"male","raw_name":"[I]mp(erator) Ca[esar]   M(arcus) Au[relius","praenomen":"Marcus","status":"Imperator Caesar","is_imperial":true}]}},{"type":"Feature","geometry":null,"properties":{"edcs_id":"EDCS-08800710","findspot":"Sidi Moussa Bou Fri","raw_text":"Genio Ulpio Lucius Fabius Flaccus praefectus cohortis Parthorum T","date_from":null,"date_to":null,"marker_gender":"male","is_individual":true,"edcs_url":"https://edcs.hist.uzh.ch/en/document?edcs-id=EDCS-08800710","persons":[{"nomen":"","gender":"male","raw_name":"Genio Ulpio","cognomen":"Ulpius","status":"Genio","is_deity":true,"cluster_confidence":"excluded"},{"nomen":"Fabius","gender":"male","raw_name":"L. Fabius Flac cus praef(ectus)   coh(ortis) Part(horum)","praenomen":"Lucius","cognomen":"Flaccus","status":"praefectus cohortis Parthorum"}]}},{"type":"Feature","geometry":null,"properties":{"edcs_id":"EDCS-08800712","findspot":"Bled Takourart / Ain Takourart / Tocolosida","raw_text":"Annius Afrinus Abdatis sesquiplicarius alae Hamiorum annorum XLV hic est Iulia Cessia uxor viro suo bene merito et Niger Monimus veteranus suis impensis faciendum curaverunt sit tibi terra levis","date_from":null,"date_to":null,"marker_gender":"mixed","is_individual":true,"edcs_url":"https://edcs.hist.uzh.ch/en/document?edcs-id=EDCS-08800712","persons":[{"nomen":"Annius","gender":"male","raw_name":"Annius Afrinus","cognomen":"Afrinus"},{"nomen":"","gender":"male","raw_name":"Abdatis |(sesquiplicarius) al(a)e Ha(miorum)","cognomen":"Abdatis","status":"sesquiplicarius alae Hamiorum"},{"nomen":"Iulia","gender":"female","raw_name":"Iulia Cessia","cognomen":"Cessia","status":"uxor"},{"nomen":"","gender":"male","raw_name":"Niger Monimus veteranus","cognomen":"Niger Monimus","status":"veteranus"}]}},{"type":"Feature","geometry":null,"properties":{"edcs_id":"EDCS-08800714","findspot":"Bled Takourart / Ain Takourart / Tocolosida","raw_text":"Louci eques ex Moesia Hospitae suae bene merenti fecit sit tibi terra levis","date_from":null,"date_to":null,"marker_gender":"unknown","is_individual":true,"edcs_url":"https://edcs.hist.uzh.ch/en/document?edcs-id=EDCS-08800714","persons":[{"nomen":"","gender":"unknown","raw_name":"] Louci eq(ues) ex Moes(ia)"},{"nomen":"","gender":"unknown","raw_name":"Hospit(a)e suae b(ene) m(erenti)","status":"Hospitae suae bene merenti"}]}},{"type":"Feature","geometry":{"type":"Point","coordinates":[-5.51,34.11]},"properties":{"edcs_id":"EDCS-08800716","findspot":"Ain Schkour / Ain Schkor / Volubilis","raw_text":"Frugifero / deo Sancto / G(aius!) Iul(ius) Longinu[s] / praef(ectus) coh(ortis) Ast(urum) et / Call(aecorum) pro salute / et bona valetud[i]/ne recuperata v(otum) s(olvit) l(ibens) a(nimo)","date_from":null,"date_to":null,"marker_gender":"male","is_individual":false,"edcs_url":"https://edcs.hist.uzh.ch/en/document?edcs-id=EDCS-08800716","persons":[{"nomen":"Iulius","gender":"male","raw_name":"G(aius!) Iul(ius) Longinu[s]","praenomen":"Gaius","cognomen":"Longinus","status":"praefectus cohortis Asturum et Callaecorum"}]}},{"type":"Feature","geometry":{"type":"Point","coordinates":[-5.51,34.11]},"properties":{"edcs_id":"EDCS-08800717","findspot":"Ain Schkour / Ain Schkor / Volubilis","raw_text":"[N]ymphis et / Genio / [l]ocorum / Vallius Maxim[i]/anus proc(urator) / Augg(ustorum)","date_from":null,"date_to":null,"marker_gender":"male","is_individual":false,"edcs_url":"https://edcs.hist.uzh.ch/en/document?edcs-id=EDCS-08800717","persons":[{"nomen":"","gender":"male","raw_name":"Vallius Maxim[i] anus proc(urator) Augg(ustorum)","cognomen":"Maximus","status":"procurator Augustorum"}]}},{"type":"Feature","geometry":{"type":"Point","coordinates":[-5.55,34.08]},"properties":{"edcs_id":"EDCS-08800719","findspot":"Ain Schkour / Ain Schkor / Volubilis","raw_text":"Salvo et In[victo] / domino nostro [[Sever[o]]] / [[Alexandro]] Pio Fel(ici) Aug(usto) / balneum vet(us) vetustate / conlapsum a fundamen/tis restituit examplia/ta priore cella L(ucius) Aurel(ius) / Nemesianus v(ir) e(gregius) proc(urator) / Aug(usti) nostri curante / Tib(erio) Claudio Zenone trib(uno) / coh(ortis) IIII |(miliariae) Tungrorum","date_from":null,"date_to":null,"marker_gender":"male","is_individual":false,"edcs_url":"https://edcs.hist.uzh.ch/en/document?edcs-id=EDCS-08800719","persons":[{"nomen":"Aurelius","gender":"male","raw_name":"L(ucius) Aurel(ius) Nemesianus v(ir) e(gregius) proc(urator) Aug(usti)","praenomen":"Lucius","cognomen":"Nemesianus","status":"vir egregius, procurator Augusti"},{"nomen":"Claudius","gender":"male","raw_name":"Tib(erio) Claudio Zenone trib(uno) coh(ortis) IIII |(miliariae) Tungrorum","praenomen":"Tiberius","status":"tribunus, cohortis IIII |(miliariae) Tungrorum"}]}},{"type":"Feature","geometry":{"type":"Point","coordinates":[-5.51,34.11]},"properties":{"edcs_id":"EDCS-08800722","findspot":"Ain Schkour / Ain Schkor / Volubilis","raw_text":"] / Aemi/[lius(?)] / [3] praef(ectus) coh(ortis) / [3]II[","date_from":null,"date_to":null,"marker_gender":"male","is_individual":false,"edcs_url":"https://edcs.hist.uzh.ch/en/document?edcs-id=EDCS-08800722","persons":[{"nomen":"Aemilius","gender":"male","raw_name":"Aemi [lius(?)] [3] praef(ectus) coh(ortis)","status":"praefectus cohortis"}]}},{"type":"Feature","geometry":{"type":"Point","coordinates":[-5.51,34.11]},"properties":{"edcs_id":"EDCS-08800724","findspot":"Ain Schkour / Ain Schkor / Volubilis","raw_text":"D(is) M(anibus) / L(uci) App(i) / Sabin(i) / veter(ani)","date_from":null,"date_to":null,"marker_gender":"male","is_individual":false,"edcs_url":"https://edcs.hist.uzh.ch/en/document?edcs-id=EDCS-08800724","persons":[{"nomen":"Appius","gender":"male","raw_name":"L. App. Sabin","cognomen":"Sabinus","status":"veteranus"}]}},{"type":"Feature","geometry":{"type":"Point","coordinates":[-5.51,34.11]},"properties":{"edcs_id":"EDCS-08800725","findspot":"Ain Schkour / Ain Schkor / Volubilis","raw_text":"D(is) M(anibus) s(acrum) / Vols(ienus?) / vet(eranus) ex de/c(urione) al(ae) As(turum) vix(it) / an(n)o(s) XL p(osuerunt?) d(ecuriones?) al(ae?) o(ptionesque?)","date_from":null,"date_to":null,"marker_gender":"male","is_individual":false,"edcs_url":"https://edcs.hist.uzh.ch/en/document?edcs-id=EDCS-08800725","persons":[{"nomen":"","gender":"male","raw_name":"Vols(ienus?) vet. ex de c(urione) al(ae) As(turum)","status":"veteranus ex decurione alae Asturum"}]}},{"type":"Feature","geometry":{"type":"Point","coordinates":[-5.51,34.11]},"properties":{"edcs_id":"EDCS-08800726","findspot":"Ain Schkour / Ain Schkor / Volubilis","raw_text":"D(is) M(anibus) / Heren[niae(?)] / Viiae vix(it) [an]/nis XXXV[3] / Maurus m[ari]/tus posui[t]","date_from":null,"date_to":null,"marker_gender":"mixed","is_individual":false,"edcs_url":"https://edcs.hist.uzh.ch/en/document?edcs-id=EDCS-08800726","persons":[{"nomen":"Herenna","gender":"female","raw_name":"Heren[niae(?)] Viiae","cognomen":"Viia"},{"nomen":"","gender":"male","raw_name":"Maurus","cognomen":"Maurus","status":"maritus"}]}},{"type":"Feature","geometry":{"type":"Point","coordinates":[-5.51,34.11]},"properties":{"edcs_id":"EDCS-08800727","findspot":"Ain Schkour / Ain Schkor / Volubilis","raw_text":"f]ilia pia C[lar]a(?) an(norum) XXIIII / [3] Iul(ius) Clarus an(norum) XXIIII / [3] et m(ater) Marcia fecit","date_from":null,"date_to":null,"marker_gender":"mixed","is_individual":false,"edcs_url":"https://edcs.hist.uzh.ch/en/document?edcs-id=EDCS-08800727","persons":[{"nomen":"","gender":"female","raw_name":"f]ilia pia C[lar]a(?)","cognomen":"Clara","status":"filia pia"},{"nomen":"Iulius","gender":"male","raw_name":"[3] Iul(ius) Clarus","cognomen":"Clarus"},{"nomen":"","gender":"female","raw_name":"Marcia","cognomen":"Marcia","status":"mater"}]}},{"type":"Feature","geometry":{"type":"Point","coordinates":[-5.51,34.11]},"properties":{"edcs_id":"EDCS-08800728","findspot":"Ain Schkour / Ain Schkor / Volubilis","raw_text":"D(is) M(anibus) s(acrum) / Sextilia Aemilia / coniunx Iuli / Crescentis vix(it) / ann(os) LXX Sextil(ius) / Hon(oratus) matri pien/ti et pi(i)ssim(a)e or/[navit] et fecit","date_from":null,"date_to":null,"marker_gender":"mixed","is_individual":false,"edcs_url":"https://edcs.hist.uzh.ch/en/document?edcs-id=EDCS-08800728","persons":[{"nomen":"Sextilia","gender":"female","raw_name":"Sextilia Aemilia","cognomen":"Aemilia","status":"coniunx Iuli Crescentis"},{"nomen":"Iulius","gender":"male","raw_name":"Iuli Crescentis","cognomen":"Crescens"},{"nomen":"Sextilius","gender":"male","raw_name":"Sextil(ius) Hon(oratus)","cognomen":"Honaratus","status":"filius matri pienti et piissimae"}]}},{"type":"Feature","geometry":{"type":"Point","coordinates":[-5.51,34.11]},"properties":{"edcs_id":"EDCS-08800729","findspot":"Ain Schkour / Ain Schkor / Volubilis","raw_text":"[D(is) M(anibus) s(acrum)] / [Valeri]us Silo pate[r] / Val(eriae) Africane / filiae pientissim(a)e / posuit v(ixit) a(nnos) XXIIII m(enses) II","date_from":null,"date_to":null,"marker_gender":"mixed","is_individual":false,"edcs_url":"https://edcs.hist.uzh.ch/en/document?edcs-id=EDCS-08800729","persons":[{"nomen":"","gender":"male","raw_name":"[Valeri]us Silo","cognomen":"Silo","status":"pater"},{"nomen":"Valeria","gender":"female","raw_name":"Val(eriae) Africane","cognomen":"Africana","status":"filia pientissima"}]}},{"type":"Feature","geometry":{"type":"Point","coordinates":[-5.51,34.11]},"properties":{"edcs_id":"EDCS-08800730","findspot":"Ain Schkour / Ain Schkor / Volubilis","raw_text":"D(is) M(anibus) s(acrum) / S[3 Marc]el/linus vix(it) an(nos) VII","date_from":null,"date_to":null,"marker_gender":"male","is_individual":false,"edcs_url":"https://edcs.hist.uzh.ch/en/document?edcs-id=EDCS-08800730","persons":[{"nomen":"","gender":"male","raw_name":"S[3 Marc]el linus"}]}},{"type":"Feature","geometry":{"type":"Point","coordinates":[-4.68,34.42]},"properties":{"edcs_id":"EDCS-08900734","findspot":"Chellah / Sala","raw_text":"D(is) M(anibus) / Claudius Septimus (!) XXV / praeclarus discobol<u=O>s / multorum certaminum / victor carus acceptu/sque Imperatori su(a)e / memoriae Fausta / u(x){s}or dilecta hanc / urnam fecit","date_from":null,"date_to":null,"marker_gender":"mixed","is_individual":false,"edcs_url":"https://edcs.hist.uzh.ch/en/document?edcs-id=EDCS-08900734","persons":[{"nomen":"Claudius","gender":"male","raw_name":"Claudius Septimus (!) XXV praeclarus discobol<u=O>s multorum certaminum victor carus acceptu sque Imperatori su(a)e","cognomen":"Septimus","status":"praeclarus discobolus multorum certaminum victor carus acceptusque Imperatori suae"},{"nomen":"","gender":"female","raw_name":"memoriae Fausta u(x){s}or dilecta","cognomen":"Fausta","status":"uxor dilecta"}]}},{"type":"Feature","geometry":{"type":"Point","coordinates":[-6.12,34.6]},"properties":{"edcs_id":"EDCS-09300635","findspot":"Sidi Ali bou Jenoun / Sidi Ali bou Djenoun / Banasa","raw_text":"Liciniae / Urbicae // L(icinia) U(rbicae)","date_from":null,"date_to":null,"marker_gender":"female","is_individual":false,"edcs_url":"https://edcs.hist.uzh.ch/en/document?edcs-id=EDCS-09300635","persons":[{"nomen":"Licinia","gender":"female","raw_name":"Liciniae Urbicae","cognomen":"Urbica","cluster_id":97,"cluster_size":2},{"nomen":"Licinia","gender":"female","raw_name":"L. U.","cognomen":"Urbica","cluster_id":97,"cluster_size":2}]}},{"type":"Feature","geometry":{"type":"Point","coordinates":[-6.12,34.6]},"properties":{"edcs_id":"EDCS-09300636","findspot":"Sidi Ali bou Jenoun / Sidi Ali bou Djenoun / Banasa","raw_text":"Fa[1]as(?)","date_from":null,"date_to":null,"marker_gender":"unknown","is_individual":false,"edcs_url":"https://edcs.hist.uzh.ch/en/document?edcs-id=EDCS-09300636","persons":[{"nomen":"","gender":"unknown","raw_name":"Fa[1]as(?)","cognomen":"Falas"}]}},{"type":"Feature","geometry":{"type":"Point","coordinates":[-6.12,34.6]},"properties":{"edcs_id":"EDCS-09300637","findspot":"Sidi Ali bou Jenoun / Sidi Ali bou Djenoun / Banasa","raw_text":"Boc(chus?)","date_from":null,"date_to":null,"marker_gender":"male","is_individual":false,"edcs_url":"https://edcs.hist.uzh.ch/en/document?edcs-id=EDCS-09300637","persons":[{"nomen":"","gender":"male","raw_name":"Boc(chus?)","cognomen":"Bocchus"}]}},{"type":"Feature","geometry":{"type":"Point","coordinates":[-6.12,34.6]},"properties":{"edcs_id":"EDCS-09300638","findspot":"Sidi Ali bou Jenoun / Sidi Ali bou Djenoun / Banasa","raw_text":"Mar/illis","date_from":null,"date_to":null,"marker_gender":"female","is_individual":false,"edcs_url":"https://edcs.hist.uzh.ch/en/document?edcs-id=EDCS-09300638","persons":[{"nomen":"","gender":"female","raw_name":"Marillis","cognomen":"Marillis"}]}},{"type":"Feature","geometry":null,"properties":{"edcs_id":"EDCS-09300639","findspot":"Lixus, Ruines de","raw_text":"Gai A Vegeti pistoris centurionis veterani","date_from":null,"date_to":null,"marker_gender":"male","is_individual":true,"edcs_url":"https://edcs.hist.uzh.ch/en/document?edcs-id=EDCS-09300639","persons":[{"nomen":"","gender":"male","raw_name":"G(ai!) A() Vegeti pis(toris) |(centurionis) v(eterani)","praenomen":"Gaius","cognomen":"Vegetus","status":"pistor, centurio, veteranus"}]}},{"type":"Feature","geometry":{"type":"Point","coordinates":[-6.49,34.34]},"properties":{"edcs_id":"EDCS-09300640","findspot":"Sidi Ali Ben Ahmed / Thamusida","raw_text":"Iol felix","date_from":null,"date_to":null,"marker_gender":"male","is_individual":false,"edcs_url":"https://edcs.hist.uzh.ch/en/document?edcs-id=EDCS-09300640","persons":[{"nomen":"","gender":"male","raw_name":"Iol felix","cognomen":"Iolus Felix"}]}},{"type":"Feature","geometry":null,"properties":{"edcs_id":"EDCS-09300642","findspot":"?","raw_text":"Canalys fecit","date_from":null,"date_to":null,"marker_gender":"unknown","is_individual":true,"edcs_url":"https://edcs.hist.uzh.ch/en/document?edcs-id=EDCS-09300642","persons":[{"nomen":"","gender":"unknown","raw_name":"C(a)n(a)lys","cognomen":"Canalis"}]}},{"type":"Feature","geometry":{"type":"Point","coordinates":[-6.12,34.6]},"properties":{"edcs_id":"EDCS-09401271","findspot":"Sidi Ali bou Jenoun / Sidi Ali bou Djenoun / Banasa","raw_text":"Baniura<e=I>","date_from":null,"date_to":null,"marker_gender":"female","is_individual":false,"edcs_url":"https://edcs.hist.uzh.ch/en/document?edcs-id=EDCS-09401271","persons":[{"nomen":"","gender":"female","raw_name":"Baniurae","cognomen":"Baniura"}]}},{"type":"Feature","geometry":{"type":"Point","coordinates":[-5.56,34.07]},"properties":{"edcs_id":"EDCS-09701826","findspot":"Volubilis","raw_text":"Crisp(ini)","date_from":null,"date_to":null,"marker_gender":"male","is_individual":false,"edcs_url":"https://edcs.hist.uzh.ch/en/document?edcs-id=EDCS-09701826","persons":[{"nomen":"","gender":"male","raw_name":"Crisp(ini)","cognomen":"Crispinus"}]}},{"type":"Feature","geometry":{"type":"Point","coordinates":[-5.56,34.07]},"properties":{"edcs_id":"EDCS-09701827","findspot":"Volubilis","raw_text":"C(ai) Fasti(dieni)","date_from":null,"date_to":null,"marker_gender":"male","is_individual":false,"edcs_url":"https://edcs.hist.uzh.ch/en/document?edcs-id=EDCS-09701827","persons":[{"nomen":"Fastidienus","gender":"male","raw_name":"C. Fasti(dieni)","praenomen":"Gaius"}]}},{"type":"Feature","geometry":{"type":"Point","coordinates":[-5.56,34.07]},"properties":{"edcs_id":"EDCS-09701828","findspot":"Volubilis","raw_text":"P(ublius) Herto(rius)","date_from":null,"date_to":null,"marker_gender":"male","is_individual":false,"edcs_url":"https://edcs.hist.uzh.ch/en/document?edcs-id=EDCS-09701828","persons":[{"nomen":"Hertorius","gender":"male","raw_name":"P. Herto(rius)","praenomen":"Publius"}]}},{"type":"Feature","geometry":{"type":"Point","coordinates":[-5.56,34.07]},"properties":{"edcs_id":"EDCS-09701829","findspot":"Volubilis","raw_text":"Senti","date_from":null,"date_to":null,"marker_gender":"male","is_individual":false,"edcs_url":"https://edcs.hist.uzh.ch/en/document?edcs-id=EDCS-09701829","persons":[{"nomen":"","gender":"male","raw_name":"Senti","cognomen":"Senti"}]}},{"type":"Feature","geometry":{"type":"Point","coordinates":[-5.56,34.07]},"properties":{"edcs_id":"EDCS-09701830","findspot":"Volubilis","raw_text":"Titi(orum)","date_from":null,"date_to":null,"marker_gender":"male","is_individual":false,"edcs_url":"https://edcs.hist.uzh.ch/en/document?edcs-id=EDCS-09701830","persons":[{"nomen":"Titius","gender":"male","raw_name":"Titi(orum)"}]}},{"type":"Feature","geometry":{"type":"Point","coordinates":[-5.56,34.07]},"properties":{"edcs_id":"EDCS-09701831","findspot":"Volubilis","raw_text":"Zoili","date_from":null,"date_to":null,"marker_gender":"male","is_individual":false,"edcs_url":"https://edcs.hist.uzh.ch/en/document?edcs-id=EDCS-09701831","persons":[{"nomen":"","gender":"male","raw_name":"Zoili","cognomen":"Zoilus","cluster_id":530,"cluster_size":2,"cluster_confidence":"low"}]}},{"type":"Feature","geometry":{"type":"Point","coordinates":[-5.56,34.07]},"properties":{"edcs_id":"EDCS-10301307","findspot":"Volubilis","raw_text":"[L(ucio)] Caecilio L(uci) filio / Caeci[l]iano / aedili IIvir(o) flam(ini) / municipii / Manlia Romana / nurus socero piissimo / posuit","date_from":null,"date_to":null,"marker_gender":"mixed","is_individual":false,"edcs_url":"https://edcs.hist.uzh.ch/en/document?edcs-id=EDCS-10301307","persons":[{"nomen":"Caecilius","gender":"male","raw_name":"[L. Caecilio L. filio Caeci[l]iano","praenomen":"Lucius","cognomen":"Caecilianus","status":"aedilis IIvir flaminis municipii","cluster_id":316,"cluster_size":8},{"nomen":"Manlia","gender":"female","raw_name":"Manlia Romana","cognomen":"Romana","status":"nurus socero piissimo","cluster_id":268,"cluster_size":3}]}},{"type":"Feature","geometry":{"type":"Point","coordinates":[-5.56,34.07]},"properties":{"edcs_id":"EDCS-10301312","findspot":"Volubilis","raw_text":"] / [Fab]ia [Bira] / [Iz]eltae fil(ia) fla[mi]/nica prima in municipio / Volub(ilitano) / d(e) s(ua) p(ecunia) d(edit) d(e)d(icavit)","date_from":null,"date_to":null,"marker_gender":"female","is_individual":false,"edcs_url":"https://edcs.hist.uzh.ch/en/document?edcs-id=EDCS-10301312","persons":[{"nomen":"Fabia","gender":"female","raw_name":"[Fab]ia [Bira]   [Iz]eltae fil(ia) fla[mi] nica prima in municipio   Volub(ilitano)","cognomen":"Bira Izeltae","status":"filia flaminica prima in municipio Volub(ilitano)","cluster_id":461,"cluster_size":2}]}},{"type":"Feature","geometry":{"type":"Point","coordinates":[-5.56,34.07]},"properties":{"edcs_id":"EDCS-10301322","findspot":"Volubilis","raw_text":"Alexander","date_from":null,"date_to":null,"marker_gender":"male","is_individual":false,"edcs_url":"https://edcs.hist.uzh.ch/en/document?edcs-id=EDCS-10301322","persons":[{"nomen":"","gender":"male","raw_name":"Alexander","cognomen":"Alexander"}]}},{"type":"Feature","geometry":{"type":"Point","coordinates":[-5.56,34.07]},"properties":{"edcs_id":"EDCS-10301323","findspot":"Volubilis","raw_text":"Ant(onius) Balbu[3]lis","date_from":null,"date_to":null,"marker_gender":"male","is_individual":false,"edcs_url":"https://edcs.hist.uzh.ch/en/document?edcs-id=EDCS-10301323","persons":[{"nomen":"Antonius","gender":"male","raw_name":"Ant. Balbu[3]lis","cognomen":"Balbus","cluster_id":378,"cluster_size":2}]}},{"type":"Feature","geometry":{"type":"Point","coordinates":[-5.56,34.07]},"properties":{"edcs_id":"EDCS-10301326","findspot":"Volubilis","raw_text":"Flavius Nico[3]cus","date_from":null,"date_to":null,"marker_gender":"male","is_individual":false,"edcs_url":"https://edcs.hist.uzh.ch/en/document?edcs-id=EDCS-10301326","persons":[{"nomen":"Flavius","gender":"male","raw_name":"Flavius Nico[3]cus","cognomen":"Nicoccus","cluster_id":433,"cluster_size":2}]}},{"type":"Feature","geometry":{"type":"Point","coordinates":[-5.56,34.07]},"properties":{"edcs_id":"EDCS-10301328","findspot":"Volubilis","raw_text":"Valerius C(a)ecilianus","date_from":null,"date_to":null,"marker_gender":"male","is_individual":false,"edcs_url":"https://edcs.hist.uzh.ch/en/document?edcs-id=EDCS-10301328","persons":[{"nomen":"Valerius","gender":"male","raw_name":"Valerius C(a)ecilianus","cognomen":"Caecilianus","cluster_id":202,"cluster_size":6}]}},{"type":"Feature","geometry":{"type":"Point","coordinates":[-5.56,34.07]},"properties":{"edcs_id":"EDCS-10301329","findspot":"Volubilis","raw_text":"Valerius Cerialis","date_from":null,"date_to":null,"marker_gender":"male","is_individual":false,"edcs_url":"https://edcs.hist.uzh.ch/en/document?edcs-id=EDCS-10301329","persons":[{"nomen":"Valerius","gender":"male","raw_name":"Valerius Cerialis","cognomen":"Cerialis","cluster_id":447,"cluster_size":2}]}},{"type":"Feature","geometry":{"type":"Point","coordinates":[-5.56,34.07]},"properties":{"edcs_id":"EDCS-10301331","findspot":"Volubilis","raw_text":"L(ucius) Valerius L(uci) f(ilius) Claud(ia) Priscus","date_from":null,"date_to":null,"marker_gender":"male","is_individual":false,"edcs_url":"https://edcs.hist.uzh.ch/en/document?edcs-id=EDCS-10301331","persons":[{"nomen":"Valerius","gender":"male","raw_name":"L. Valerius L. f. Claud(ia) Priscus","praenomen":"Lucius","cognomen":"Priscus","status":"tribus: Claudia","cluster_id":332,"cluster_size":2}]}},{"type":"Feature","geometry":null,"properties":{"edcs_id":"EDCS-10301332","findspot":"Mechra-Sidi-Jabeur","raw_text":"Bidbal Lancini libertus","date_from":null,"date_to":null,"marker_gender":"male","is_individual":true,"edcs_url":"https://edcs.hist.uzh.ch/en/document?edcs-id=EDCS-10301332","persons":[{"nomen":"","gender":"male","raw_name":"Bidbal Lancini l.","cognomen":"Bidbal Lancinus","status":"libertus"}]}},{"type":"Feature","geometry":null,"properties":{"edcs_id":"EDCS-10301334","findspot":"Mechra-Sidi-Jabeur","raw_text":"Caius Iulius Aquila","date_from":null,"date_to":null,"marker_gender":"male","is_individual":true,"edcs_url":"https://edcs.hist.uzh.ch/en/document?edcs-id=EDCS-10301334","persons":[{"nomen":"Iulius","gender":"male","raw_name":"C. Iulius Aquila","praenomen":"Gaius","cognomen":"Aquila"}]}},{"type":"Feature","geometry":null,"properties":{"edcs_id":"EDCS-10301335","findspot":"Mechra-Sidi-Jabeur","raw_text":"Pisanus","date_from":null,"date_to":null,"marker_gender":"male","is_individual":true,"edcs_url":"https://edcs.hist.uzh.ch/en/document?edcs-id=EDCS-10301335","persons":[{"nomen":"","gender":"male","raw_name":"Pisanus","cognomen":"Pisanus"}]}},{"type":"Feature","geometry":null,"properties":{"edcs_id":"EDCS-10301336","findspot":"Mechra-Sidi-Jabeur","raw_text":"Publius Uratius","date_from":null,"date_to":null,"marker_gender":"male","is_individual":true,"edcs_url":"https://edcs.hist.uzh.ch/en/document?edcs-id=EDCS-10301336","persons":[{"nomen":"Uratius","gender":"male","raw_name":"P. Uratius","praenomen":"Publius"}]}},{"type":"Feature","geometry":null,"properties":{"edcs_id":"EDCS-10301342","findspot":"Anoceur","raw_text":"Lucius Iulius Victor","date_from":null,"date_to":null,"marker_gender":"male","is_individual":true,"edcs_url":"https://edcs.hist.uzh.ch/en/document?edcs-id=EDCS-10301342","persons":[{"nomen":"Iulius","gender":"male","raw_name":"L. Iulius Victor","praenomen":"Lucius","cognomen":"Victor"}]}},{"type":"Feature","geometry":{"type":"Point","coordinates":[-5.56,34.07]},"properties":{"edcs_id":"EDCS-10702023","findspot":"Volubilis","raw_text":"D(is) M(anibus) s(acrum) / L(ucius) Oc[rati]us Sena/natus vixit annis XXX / mens(ibus) V d(iebus) XV Iulia / Suavilla marito kar(o) fec(it)","date_from":null,"date_to":null,"marker_gender":"mixed","is_individual":false,"edcs_url":"https://edcs.hist.uzh.ch/en/document?edcs-id=EDCS-10702023","persons":[{"nomen":"Ocratius","gender":"male","raw_name":"L. Oc[rati]us Sena natus","praenomen":"Lucius","cognomen":"Senanatus"},{"nomen":"Iulia","gender":"female","raw_name":"Iulia   Suavilla","cognomen":"Suavilla","cluster_id":124,"cluster_size":2}]}},{"type":"Feature","geometry":{"type":"Point","coordinates":[-6.49,34.34]},"properties":{"edcs_id":"EDCS-10702024","findspot":"Sidi Ali Ben Ahmed / Thamusida","raw_text":"] M(anius) [ // ] Iuno [","date_from":null,"date_to":null,"marker_gender":"mixed","is_individual":false,"edcs_url":"https://edcs.hist.uzh.ch/en/document?edcs-id=EDCS-10702024","persons":[{"nomen":"","gender":"male","raw_name":"M. [","praenomen":"Manius"},{"nomen":"","gender":"female","raw_name":"Iuno","cognomen":"Iuno","is_deity":true,"cluster_confidence":"excluded"}]}},{"type":"Feature","geometry":{"type":"Point","coordinates":[-6.49,34.34]},"properties":{"edcs_id":"EDCS-10702026","findspot":"Sidi Ali Ben Ahmed / Thamusida","raw_text":"[D]amon(us)","date_from":null,"date_to":null,"marker_gender":"male","is_individual":false,"edcs_url":"https://edcs.hist.uzh.ch/en/document?edcs-id=EDCS-10702026","persons":[{"nomen":"","gender":"male","raw_name":"[D]amonus","cognomen":"Damonus"}]}},{"type":"Feature","geometry":{"type":"Point","coordinates":[-6.49,34.34]},"properties":{"edcs_id":"EDCS-10702027","findspot":"Sidi Ali Ben Ahmed / Thamusida","raw_text":"Iuvenis","date_from":null,"date_to":null,"marker_gender":"male","is_individual":false,"edcs_url":"https://edcs.hist.uzh.ch/en/document?edcs-id=EDCS-10702027","persons":[{"nomen":"","gender":"male","raw_name":"Iuvenis","cognomen":"Iuvenis"}]}},{"type":"Feature","geometry":{"type":"Point","coordinates":[-6.49,34.34]},"properties":{"edcs_id":"EDCS-10702028","findspot":"Sidi Ali Ben Ahmed / Thamusida","raw_text":"C() Fastus","date_from":null,"date_to":null,"marker_gender":"male","is_individual":false,"edcs_url":"https://edcs.hist.uzh.ch/en/document?edcs-id=EDCS-10702028","persons":[{"nomen":"","gender":"male","raw_name":"C() Fastus","praenomen":"Gaius","cognomen":"Fastus"}]}},{"type":"Feature","geometry":{"type":"Point","coordinates":[-6.49,34.34]},"properties":{"edcs_id":"EDCS-10702034","findspot":"Sidi Ali Ben Ahmed / Thamusida","raw_text":"Iuni Alexi","date_from":null,"date_to":null,"marker_gender":"male","is_individual":false,"edcs_url":"https://edcs.hist.uzh.ch/en/document?edcs-id=EDCS-10702034","persons":[{"nomen":"Iunius","gender":"male","raw_name":"Iuni Alexi","cognomen":"Alexi"}]}},{"type":"Feature","geometry":{"type":"Point","coordinates":[-5.81,35.79]},"properties":{"edcs_id":"EDCS-11900995","findspot":"Tanger / Tangier / Tingis","raw_text":"D(is) M(anibus) / C(aius) Aurel(ius) Herma / Aur(eli) Natalis / lib(ertus) vix(it) an(nos) IV / h(ic) s(itus) e(st) s(it) t(ibi) t(erra) l(evis)","date_from":null,"date_to":null,"marker_gender":"male","is_individual":false,"edcs_url":"https://edcs.hist.uzh.ch/en/document?edcs-id=EDCS-11900995","persons":[{"nomen":"Aurelius","gender":"male","raw_name":"C. Aurel. Herma","praenomen":"Gaius","cognomen":"Herma","status":"libertus Aureli Natalis","cluster_id":130,"cluster_size":2},{"nomen":"Aurelius","gender":"male","raw_name":"Aur. Natalis","cognomen":"Natalis","cluster_id":131,"cluster_size":2}]}},{"type":"Feature","geometry":{"type":"Point","coordinates":[-5.81,35.79]},"properties":{"edcs_id":"EDCS-11900997","findspot":"Tanger / Tangier / Tingis","raw_text":"[Di]s Manibus / Pii Rohavi vet(erani) an(norum) LXX / Cadami vet(erani) an(norum) LXXX / h(ic) s(iti) s(it) i(llis) t(erra) l(evis)","date_from":null,"date_to":null,"marker_gender":"male","is_individual":false,"edcs_url":"https://edcs.hist.uzh.ch/en/document?edcs-id=EDCS-11900997","persons":[{"nomen":"","gender":"male","raw_name":"Pii Rohavi","cognomen":"Pius Rohavus","status":"veteranus"},{"nomen":"","gender":"male","raw_name":"Cadami","cognomen":"Cadamus","status":"veteranus"}]}},{"type":"Feature","geometry":{"type":"Point","coordinates":[-5.81,35.79]},"properties":{"edcs_id":"EDCS-11900998","findspot":"Tanger / Tangier / Tingis","raw_text":"Cosconi/us Cal[v]us / h(ic) s(itus) est / s(it) t(ibi) t(erra) l(evis)","date_from":null,"date_to":null,"marker_gender":"male","is_individual":false,"edcs_url":"https://edcs.hist.uzh.ch/en/document?edcs-id=EDCS-11900998","persons":[{"nomen":"","gender":"male","raw_name":"Cosconi us Cal[v]us","cognomen":"Cosconius Calvus"}]}},{"type":"Feature","geometry":{"type":"Point","coordinates":[-5.81,35.79]},"properties":{"edcs_id":"EDCS-11900999","findspot":"Tanger / Tangier / Tingis","raw_text":"L(ucius) Luce[3] / [3]nus","date_from":null,"date_to":null,"marker_gender":"male","is_individual":false,"edcs_url":"https://edcs.hist.uzh.ch/en/document?edcs-id=EDCS-11900999","persons":[{"nomen":"","gender":"male","raw_name":"L. Luce[3] [3]nus","praenomen":"Lucius","cognomen":"Lucenus"}]}},{"type":"Feature","geometry":{"type":"Point","coordinates":[-5.81,35.79]},"properties":{"edcs_id":"EDCS-11901001","findspot":"Tanger / Tangier / Tingis","raw_text":"D(is) M(anibus) s(acrum) / Aurelia Ma/xima vixit / annis L / h(ic) s(ita) e(st) s(it) t(ibi) t(erra) l(evis)","date_from":null,"date_to":null,"marker_gender":"female","is_individual":false,"edcs_url":"https://edcs.hist.uzh.ch/en/document?edcs-id=EDCS-11901001","persons":[{"nomen":"Aurelia","gender":"female","raw_name":"Aurelia Maxima","cognomen":"Maxima","cluster_id":129,"cluster_size":2}]}},{"type":"Feature","geometry":{"type":"Point","coordinates":[-4.68,34.42]},"properties":{"edcs_id":"EDCS-11901008","findspot":"Chellah / Sala","raw_text":"I(ovi) O(ptimo) M(aximo) / [Iu]noni [Re]ginae / Minervae [V]ictor[iae] / Genioq(ue) Ca[3] / II Aelius [3] / [3]itari [3] / [3]IBVA [3] / eq(ues) coh(orti)s V [3] / CASAC[3]SII[3]IO[3 vo]/verat statuit I[","date_from":null,"date_to":null,"marker_gender":"unknown","is_individual":false,"edcs_url":"https://edcs.hist.uzh.ch/en/document?edcs-id=EDCS-11901008","persons":[{"nomen":"Aelius","gender":"unknown","raw_name":"II Aelius [3] [3]itari [3] [3]IBVA [3] eq(ues) coh(orti)s V [3] CASAC[3]SII[3]IO[3 vo]","status":"eques cohortis V"}]}},{"type":"Feature","geometry":{"type":"Point","coordinates":[-4.68,34.42]},"properties":{"edcs_id":"EDCS-11901010","findspot":"Chellah / Sala","raw_text":"D(is) M(anibus) / C(aio) Cassio / annor(um) [","date_from":null,"date_to":null,"marker_gender":"male","is_individual":false,"edcs_url":"https://edcs.hist.uzh.ch/en/document?edcs-id=EDCS-11901010","persons":[{"nomen":"Cassius","gender":"male","raw_name":"C. Cassio","praenomen":"Gaius"}]}},{"type":"Feature","geometry":{"type":"Point","coordinates":[-4.68,34.42]},"properties":{"edcs_id":"EDCS-11901011","findspot":"Chellah / Sala","raw_text":"Primigeniu[s] / IV[3]EN / TI [","date_from":null,"date_to":null,"marker_gender":"unknown","is_individual":false,"edcs_url":"https://edcs.hist.uzh.ch/en/document?edcs-id=EDCS-11901011","persons":[{"nomen":"","gender":"unknown","raw_name":"Primigeniu[s]","cognomen":"Primigenius"}]}},{"type":"Feature","geometry":null,"properties":{"edcs_id":"EDCS-11901014","findspot":"Sidi Kacem / Sidi Qacem / Aquae Dacicae","raw_text":"Augusto Alexandro cohors IIII Gallorum devota Numini maistati que eorum M Caio Iulio Maximo viro egregio praeside prolegato Valerio Salviano praefecto posuit","date_from":null,"date_to":null,"marker_gender":"male","is_individual":true,"edcs_url":"https://edcs.hist.uzh.ch/en/document?edcs-id=EDCS-11901014","persons":[{"nomen":"","gender":"male","raw_name":"[3] Alexand(ro?)","cognomen":"Alexander"},{"nomen":"Iulius","gender":"male","raw_name":"M(aio) Iulio Maximo v(iro) e(gregio) [p]raeside prolegato","praenomen":"Gaius","cognomen":"Maximus","status":"viro egregio praeside prolegato"},{"nomen":"Valerius","gender":"male","raw_name":"[V]alerio Salviano [pra]efecto","cognomen":"Salvianus","status":"praefecto"}]}},{"type":"Feature","geometry":{"type":"Point","coordinates":[-5.56,34.07]},"properties":{"edcs_id":"EDCS-11901020","findspot":"Volubilis","raw_text":"Fortunae / Aug(ustae)","date_from":null,"date_to":null,"marker_gender":"female","is_individual":false,"edcs_url":"https://edcs.hist.uzh.ch/en/document?edcs-id=EDCS-11901020","persons":[{"nomen":"","gender":"female","raw_name":"Fortunae Aug(ustae)","cognomen":"Fortuna Augusta","is_deity":true,"cluster_confidence":"excluded"}]}},{"type":"Feature","geometry":{"type":"Point","coordinates":[-5.56,34.07]},"properties":{"edcs_id":"EDCS-11901025","findspot":"Volubilis","raw_text":"[Divae Faus]tinae [coniugi] Imp(eratoris) Cae[s(aris)] / T(iti) Ael(i) Hadr(iani) Antonini Aug(usti) / Pii p(atris) p(atriae) co(n)[s(ulis)] III Volubili/tani pu[b(lice)] pos(uerunt)","date_from":null,"date_to":null,"marker_gender":"female","is_individual":false,"edcs_url":"https://edcs.hist.uzh.ch/en/document?edcs-id=EDCS-11901025","persons":[{"nomen":"","gender":"female","raw_name":"[Divae Faus]tinae [coniugi] Imp(eratoris) Cae[s(aris)]   T(iti) Ael(i) Hadr(iani) Antonini Aug(usti)   Pii p(atris) p(atriae) co(n)[s(ulis)] III","cognomen":"Faustina","status":"coniugi Imperatoris Caesaris T. Aeli Hadriani Antonini Augusti Pii patris patriae consulis III","cluster_id":616,"cluster_size":3,"cluster_confidence":"low"}]}},{"type":"Feature","geometry":{"type":"Point","coordinates":[-5.56,34.07]},"properties":{"edcs_id":"EDCS-11901030","findspot":"Volubilis","raw_text":"[Iu]liae Mam[a]eae / Piae Felici / Augustae matri / Aug(usti) n(ostri) res publi/ca Volubilit(anorum) / devotissima Nu[mini eiu]s ex decreto or/dinis posuit","date_from":null,"date_to":null,"marker_gender":"female","is_individual":false,"edcs_url":"https://edcs.hist.uzh.ch/en/document?edcs-id=EDCS-11901030","persons":[{"nomen":"Iulia","gender":"female","raw_name":"Iuliae Mam[a]eae Piae Felici Augustae","cognomen":"Mammea","status":"Pia Felice Augusta, matri Augusti nostri","is_imperial":true,"cluster_id":277,"cluster_size":2}]}},{"type":"Feature","geometry":{"type":"Point","coordinates":[-5.56,34.07]},"properties":{"edcs_id":"EDCS-11901031","findspot":"Volubilis","raw_text":"[Imp(eratori) Cae]sar(i) / [P(ublio)] Licinio Gallien[o] / Pio Felici Aug(usto) / pont(ifici) max(imo) p(atri) p(atriae) / trib(unicia) pot(estate) III / co(n)s(uli) II proco(n)s(uli) / res p(ublica) Vol(ubilitanorum) ex dec(reto) ordinis pos(uit)","date_from":null,"date_to":null,"marker_gender":"male","is_individual":false,"edcs_url":"https://edcs.hist.uzh.ch/en/document?edcs-id=EDCS-11901031","persons":[{"nomen":"Licinius","gender":"male","raw_name":"Imp(eratori) Cae[sar(i)] [P(ublio)] Licinio Gallien[o] Pio Felici Aug(usto)","praenomen":"Publius","cognomen":"Gallienus","status":"Imperator Caesar, Pio Felici Augustus, pontifex maximus, pater patriae, tribuniciam potestatem III, consul II, proconsul","is_imperial":true,"cluster_id":280,"cluster_size":2}]}},{"type":"Feature","geometry":{"type":"Point","coordinates":[-5.56,34.07]},"properties":{"edcs_id":"EDCS-11901040","findspot":"Volubilis","raw_text":"L(ucio) Caecilio L(uci) f(ilio) / Gal(eria) Kassiano / huic ordo municipi(i) Vol[u]b(ilitanorum) / ob merita su[a] / et paren[tum]","date_from":null,"date_to":null,"marker_gender":"male","is_individual":false,"edcs_url":"https://edcs.hist.uzh.ch/en/document?edcs-id=EDCS-11901040","persons":[{"nomen":"Caecilius","gender":"male","raw_name":"L. Caecilio L. f. Gal. Kassiano","praenomen":"Lucius","cognomen":"Kassian","status":"tribus: Galeria","cluster_id":312,"cluster_size":2}]}},{"type":"Feature","geometry":{"type":"Point","coordinates":[-5.56,34.07]},"properties":{"edcs_id":"EDCS-11901048","findspot":"Volubilis","raw_text":"a]n(norum) XVI / Manlia Roma[na] / fil(io) piissimo / pos(uit)","date_from":null,"date_to":null,"marker_gender":"female","is_individual":false,"edcs_url":"https://edcs.hist.uzh.ch/en/document?edcs-id=EDCS-11901048","persons":[{"nomen":"Manlia","gender":"female","raw_name":"Manlia Roma[na]","cognomen":"Romana","status":"filio piissimo","cluster_id":268,"cluster_size":3}]}},{"type":"Feature","geometry":{"type":"Point","coordinates":[-5.56,34.07]},"properties":{"edcs_id":"EDCS-11901052","findspot":"Volubilis","raw_text":"Antoniae / Didei(!) / Sex(tus) Antonius / Valerinus / posuit","date_from":null,"date_to":null,"marker_gender":"mixed","is_individual":false,"edcs_url":"https://edcs.hist.uzh.ch/en/document?edcs-id=EDCS-11901052","persons":[{"nomen":"Antonia","gender":"female","raw_name":"Antoniae Didei","cognomen":"Didea"},{"nomen":"Antonius","gender":"male","raw_name":"Sex. Antonius Valerinus","praenomen":"Sextus","cognomen":"Valerinus","cluster_id":191,"cluster_size":4}]}},{"type":"Feature","geometry":{"type":"Point","coordinates":[-5.56,34.07]},"properties":{"edcs_id":"EDCS-11901053","findspot":"Volubilis","raw_text":"[Ca]eciliae / [V]alerianae / [L(uci?)] Caec(ili) Saturn(ini) f(iliae) / ordo Volub(ilitanorum) / ob merita suor(um) / statuam decrevit / remissa impensa / L(ucius) Caecilius Rogatus / frater sorori / piissimae / d(e) s(ua) p(ecunia) p(osuit)","date_from":null,"date_to":null,"marker_gender":"mixed","is_individual":false,"edcs_url":"https://edcs.hist.uzh.ch/en/document?edcs-id=EDCS-11901053","persons":[{"nomen":"Caecilia","gender":"female","raw_name":"[Ca]eciliae [V]alerianae [L. Caec(ili) Saturn(ini) f.]]","cognomen":"Valeriana","status":"filia Lucii (?) Caecili Saturnini"},{"nomen":"Caecilius","gender":"male","raw_name":"L. Caecilius Rogatus","praenomen":"Lucius","cognomen":"Rogatus","status":"frater sorori piissimae","cluster_id":307,"cluster_size":2}]}},{"type":"Feature","geometry":{"type":"Point","coordinates":[-5.56,34.07]},"properties":{"edcs_id":"EDCS-11901054","findspot":"Volubilis","raw_text":"Val]eriae [","date_from":null,"date_to":null,"marker_gender":"female","is_individual":false,"edcs_url":"https://edcs.hist.uzh.ch/en/document?edcs-id=EDCS-11901054","persons":[{"nomen":"Valeria","gender":"female","raw_name":"Val]eriae"}]}},{"type":"Feature","geometry":{"type":"Point","coordinates":[-5.56,34.07]},"properties":{"edcs_id":"EDCS-11901056","findspot":"Volubilis","raw_text":"Valeriae Lu/canae Luca[ni] / filiae","date_from":null,"date_to":null,"marker_gender":"mixed","is_individual":false,"edcs_url":"https://edcs.hist.uzh.ch/en/document?edcs-id=EDCS-11901056","persons":[{"nomen":"Valeria","gender":"female","raw_name":"Valeriae Lu canae","cognomen":"Lucana","cluster_id":458,"cluster_size":2},{"nomen":"","gender":"male","raw_name":"Luca[ni]","cognomen":"Lucani","status":"pater"}]}},{"type":"Feature","geometry":{"type":"Point","coordinates":[-5.56,34.07]},"properties":{"edcs_id":"EDCS-11901060","findspot":"Volubilis","raw_text":"] proc(uratori) Aug(usti) [","date_from":null,"date_to":null,"marker_gender":"male","is_individual":false,"edcs_url":"https://edcs.hist.uzh.ch/en/document?edcs-id=EDCS-11901060","persons":[{"nomen":"","gender":"male","raw_name":"proc(uratori) Aug(usti)","status":"procurator Augusti"}]}},{"type":"Feature","geometry":{"type":"Point","coordinates":[-5.56,34.07]},"properties":{"edcs_id":"EDCS-11901067","findspot":"Volubilis","raw_text":"] maxim[us(?)","date_from":null,"date_to":null,"marker_gender":"male","is_individual":false,"edcs_url":"https://edcs.hist.uzh.ch/en/document?edcs-id=EDCS-11901067","persons":[{"nomen":"","gender":"male","raw_name":"maxim[us","cognomen":"Maximus","cluster_id":665,"cluster_size":3,"cluster_confidence":"low"}]}},{"type":"Feature","geometry":{"type":"Point","coordinates":[-5.56,34.07]},"properties":{"edcs_id":"EDCS-11901080","findspot":"Volubilis","raw_text":"] Ianua[ri","date_from":null,"date_to":null,"marker_gender":"male","is_individual":false,"edcs_url":"https://edcs.hist.uzh.ch/en/document?edcs-id=EDCS-11901080","persons":[{"nomen":"","gender":"male","raw_name":"] Ianua[ri","cognomen":"Ianuarius","cluster_id":664,"cluster_size":2,"cluster_confidence":"low"}]}},{"type":"Feature","geometry":{"type":"Point","coordinates":[-5.56,34.07]},"properties":{"edcs_id":"EDCS-11901085","findspot":"Volubilis","raw_text":"l]atercu[lus(?)","date_from":null,"date_to":null,"marker_gender":"male","is_individual":false,"edcs_url":"https://edcs.hist.uzh.ch/en/document?edcs-id=EDCS-11901085","persons":[{"nomen":"","gender":"male","raw_name":"l]atercu[lus","cognomen":"Laterculus"}]}},{"type":"Feature","geometry":{"type":"Point","coordinates":[-5.55,34.08]},"properties":{"edcs_id":"EDCS-12100793","findspot":"Volubilis","raw_text":"Ner]va Traia[nus Augustus","date_from":null,"date_to":null,"marker_gender":"male","is_individual":false,"edcs_url":"https://edcs.hist.uzh.ch/en/document?edcs-id=EDCS-12100793","persons":[{"nomen":"Nerva","gender":"male","raw_name":"Ner]va Traia[nus Augustus","cognomen":"Traianus","status":"Augustus","is_imperial":true,"cluster_id":308,"cluster_size":2}]}},{"type":"Feature","geometry":{"type":"Point","coordinates":[-6.12,34.6]},"properties":{"edcs_id":"EDCS-12300363","findspot":"Sidi Ali bou Jenoun / Sidi Ali bou Djenoun / Banasa","raw_text":"Imp(erator) Caesar divi Vespasiani f(ilius) Domitia/nus Augustus Germanicus pontifex / maximus tribunic(ia) potestat(e) VII imp(erator) / XIIII censor perpetuus co(n)s(ul) XIIII p(ater) p(atriae) / equitibus et peditibus qui militant in / alis quinque quae appellantur I Augus/ta et I Hamiorum et III Asturum et Ge/melliana et Tauriana et cohortibus / duabus II mil{l}iaria sagittariorum et V / D<a=E>lmatarum item dimissis hones/ta missione / ex iisdem alis et cohortibus / quinque I Lemavorum et I Bracaror(um) et / II mil{l}iaria sagittaria et IIII Gallorum / et V D<a=E>lmatarum quae sunt in Maure/tania Tingitana sub L(ucio) Vallio Tran//quillo qui quina et vicena plurave / stipendia meruerunt quorum nomi/na subscripta sunt ipsis liberis pos<t=I>(e)/risque eorum civitatem dedit et conu/bium cum uxoribus quas tunc habuis/sent cum est civitas iis data aut si qui / caelibes essent cum iis quas postea duxis/sent dumtaxat singuli singulas / a(nte) d(iem) V Id(us) Ian(uarias) / Imp(eratore) Caesare Domitiano Aug(usto) G<e=C>rm(anico) XIIII / L(ucio) Minicio Rufo co(n)s(uli) / cohort(is) II mil{l}iariae sagittar(iae) cui prae(e)st / Ti(berius) Claudius Pedo / equiti / Domitio Domiti f(ilio) Philad(elphia) / descriptum et reco<g=C>nitum ex tabula / aenea quae fixa est Romae in Capitolio // Imp(erator) Caesar divi Vespasiani f(ilius) Domitia/nus Augustus Germanicus pontifex / maximus tribunic(ia) potestat(e) VII imp(erator) XIIII / censor perpetuus co(n)s(ul) XIIII p(ater) p(atriae) / equitibus et peditibus qui militant in / alis quinque quae appellantur I Augus/ta et I Hamiorum et III Asturum et Gemel/liana et Tauriana et cohortibus duabus II / mil{l}iaria sagittariorum et V D<a=E>lmata/rum item dimissis honesta missione / ex iisdem alis et cohortibus quinque I Le/mavorum et I Bracaror(um) et II mil{l}iaria / sagittaria et IIII Gallorum et V D<a=E>lmata/rum quae sunt in Mauretania Tingitana / sub L(ucio) Vallio Tranquillo qui quina et vi/cena plurave stipendia meruerunt / quorum nomina subscripta sunt ipsis libe/ris posterisque eorum civitatem dedit et / conubium cum uxoribus quas tunc ha/buissent cum est civitas iis data aut si/qui caelibes essent cum iis quas postea du/xissent dumtaxat singuli singulas a(nte) d(iem) V Id(us) Ian(uarias) / Imp(eratore) Caesare Domitiano Aug(usto) Germ(anico) XIIII / L(ucio) Minicio Rufo co(n)s(ulibus) / cohort(is) II mil{l}iariae sagittar(iae) cui prae(e)st / Ti(berius) Claudius Pedo / equiti / Domitio Domiti f(ilio) Philad(elphia) / descriptum et recognitum ex tabula aenea / quae fixa est Romae in Capitolio in tabula/rio publico parte sinisteriore // C(ai) Curti Nigri / M(arci) Egnati Rufi / C(ai) Lucreti Modesti / L(uci) Arri Iusti / P(ubli) Petroni Pavill<i=T> / T(iti) Iuli Frontonis / L(uci) Clevani Firmi","date_from":null,"date_to":null,"marker_gender":"male","is_individual":false,"edcs_url":"https://edcs.hist.uzh.ch/en/document?edcs-id=EDCS-12300363","persons":[{"nomen":"Domitius","gender":"male","raw_name":"Imp(erator) Caesar divi Vespasiani f(ilius) Domitia nus Augustus Germanicus pontifex   maximus tribunic(ia) potestat(e) VII imp(erator)   XIIII censor perpetuus co(n)s(ul) XIIII p(ater) p(atriae)","cognomen":"Domitianus","status":"Imperator Caesar, filius divi Vespasiani, Augustus Germanicus pontifex maximus tribuniciae potestatis VII, imperator XIIII, censor perpetuus, consul XIIII, pater patriae","is_imperial":true},{"nomen":"Vallius","gender":"male","raw_name":"L(ucio) Vallio Tran  quillo","praenomen":"Lucius","cognomen":"Tranquillus","status":"legatus"},{"nomen":"","gender":"male","raw_name":"equiti   Domitio Domiti f(ilio) Philad(elphia)","cognomen":"Domitius","status":"eques, descriptus et recognitus ex tabula aenea quae fixa est Romae in Capitolio","cluster_id":522,"cluster_size":2,"cluster_confidence":"low"},{"nomen":"Claudius","gender":"male","raw_name":"Ti(berius) Claudius Pedo","praenomen":"Tiberius","cognomen":"Pedo","status":"praefectus cohortis II mil(iariae) sagittariae"}]}},{"type":"Feature","geometry":{"type":"Point","coordinates":[-6.12,34.6]},"properties":{"edcs_id":"EDCS-12300365","findspot":"Sidi Ali bou Jenoun / Sidi Ali bou Djenoun / Banasa","raw_text":"[Imp(erator)] Caesar divi Nervae f(ilius) Nerva Traian(us) Aug(ustus) / Germanic(us) Dacic(us) pontif(ex) maxim(us) tribunic(ia) / potest(ate) XIII imp(erator) VI co(n)s(ul) V p(ater) p(atriae) / equitibus et peditibus qui militaverunt in alis / duabus et cohortibus sex quae appellantur I / Hamiorum sagittariorum et III Asturum P(ia) F(idelis) c(ivium) R(omanorum) / et I Ituraeorum c(ivium) R(omanorum) et I Lemavorum c(ivium) R(omanorum) et II / Hispanorum c(ivium) R(omanorum) et II Hispana c(ivium) R(omanorum) et IIII / Gallorum c(ivium) R(omanorum) et V D<a=E>lmatarum et sunt in Mau/[retan]ia Tingitana sub M(arco) Clodio Catullo qui/[nis et] vicenis pluribusve stipendiis emeri/[tis di]missis honesta missione quorum nomi/[na sub]scripta sunt ipsis liberis posterisque // eorum civi[t]atem d[edit et conubium cum uxo]/ribus quas tunc [habuissent cum est civitas iis data] / aut si qui caelib[es essent cum iis quas postea du]/xissent dumtaxat [singuli singulas] / pr(idie) Id[us Oct(obres)] / [C(aio) Iul]io P[roculo] / [C(aio) Abu]rnio V[alente co(n)s(ulibus)] / [alae I H]amio[rum sagittarior(um)] cui prae(e)[st] / [C(aius) Maesius C(ai) f(ilius)] Pal(atina) Tert[ius] // [Im]p(erator) Caesar divi Nervae f(ilius) N[erva Traianus] / Augustus Germanicus Dac[icus pontifex ma]/ximus tribunic(ia) potest(ate) XIII [imp(erator) VI co(n)s(ul) V p(ater) p(atriae)] / equitibus et peditibus qui militaverunt in [alis] / duabus et cohortibus sex quae appellantur I / Hamiorum sagittariorum et III Asturum P(ia) F(idelis) c(ivium) R(omanorum) / et I Ituraeorum c(ivium) R(omanorum) et I Lemavorum c(ivium) R(omanorum) et II Hispa/norum c(ivium) R(omanorum) et II Hispana c(ivium) R(omanorum) et IIII Gallorum c(ivium) R(omanorum) et / V D<a=E>lmatarum et sunt in Mauretania Tingi/tana sub M(arco) Clodio Catullo quinis et vicenis / pluribusve stipendiis emeritis dimissis / honesta missione quorum nomina sub/scripta sunt ipsis liberis posterisque / eorum civitatem dedit et conubium / cum uxoribus quas tunc habuissent / cum est civitas iis data aut si qui caeli/bes essent cum iis quas postea duxissent / dumtaxat singuli singulas pr(idie) Idus Oct(obres) / C(aio) Iulio Proculo / C(aio) Aburnio Valente / co(n)s(ulibus) / alae I Hamiorum sagittarior(um) cui prae(e)st / C(aius) Maesius C(ai) f(ilius) Pal(atina) Tertius / ex gregale / Bargati Zaei f(ilio) Hamio / et Iuliae Iuli fil(iae) Deisatae ux(ori) eius Surae / et Zenae f(iliae) eius et Saturnino f(ilio) eius / descriptum et recognitum ex tabula / aenea quae fixa est Ro[m]ae in muro post / [te]mplum divi Aug(usti) ad Mi[n]ervam // [P(ubli) At]ini Amerim[ni] / [C(ai) I]ul[i Pa]rat[i] / C(ai) Tutican[i Saturnini] / M(arci) Iuli [Clementis]","date_from":null,"date_to":null,"marker_gender":"mixed","is_individual":false,"edcs_url":"https://edcs.hist.uzh.ch/en/document?edcs-id=EDCS-12300365","persons":[{"nomen":"Clodius","gender":"male","raw_name":"M(arco) Clodio Catullo","praenomen":"Marcus","cognomen":"Catullus","status":"legatus"},{"nomen":"Maesius","gender":"male","raw_name":"C(aius) Maesius C(ai) f(ilius) Pal(atina) Tert[ius]","praenomen":"Gaius","cognomen":"Tertius","status":"praefectus alae I Hamiorum sagittariorum, C(ai) f(ilius) Pal(atina)"},{"nomen":"Bargatus","gender":"male","raw_name":"Bargati Zaei f(ilio) Hamio","cognomen":"Hamio","status":"gregale, Zaei filius"},{"nomen":"Iulia","gender":"female","raw_name":"Iuliae Iuli fil(iae) Deisatae ux(ori) eius Surae","cognomen":"Deisata","status":"uxor eius, Surae"},{"nomen":"","gender":"male","raw_name":"Saturnino f(ilio) eius","cognomen":"Saturninus","status":"filius eius","cluster_id":523,"cluster_size":3,"cluster_confidence":"low"},{"nomen":"Iulius","gender":"male","raw_name":"C(aio) Iul]io P[roculo]","praenomen":"Gaius","status":"consul"},{"nomen":"Aburnius","gender":"male","raw_name":"C(aio) Aburnio V[alente co(n)s(ulibus)]","praenomen":"Gaius","cognomen":"Valens","status":"consul"}]}},{"type":"Feature","geometry":{"type":"Point","coordinates":[-5.3,35.89]},"properties":{"edcs_id":"EDCS-12800702","findspot":"Ceuta / Septem Fratres","raw_text":"v]ates(?) / Isidi vo/tum / d(ominae) I(sidi) di(miserunt)","date_from":null,"date_to":null,"marker_gender":"female","is_individual":false,"edcs_url":"https://edcs.hist.uzh.ch/en/document?edcs-id=EDCS-12800702","persons":[{"nomen":"","gender":"unknown","raw_name":"v]ates(?)","cognomen":"Vates"},{"nomen":"","gender":"female","raw_name":"Isidi vo tum   d(ominae) I(sidi)","cognomen":"Isis","status":"domina","is_deity":true,"cluster_confidence":"excluded"}]}},{"type":"Feature","geometry":null,"properties":{"edcs_id":"EDCS-13302541","findspot":"Chebabat","raw_text":"Victoriae Augustae sacrum Aurelius D faciendum curavit","date_from":null,"date_to":null,"marker_gender":"male","is_individual":true,"edcs_url":"https://edcs.hist.uzh.ch/en/document?edcs-id=EDCS-13302541","persons":[{"nomen":"Aurelius","gender":"male","raw_name":"Aurelius D[3]"}]}},{"type":"Feature","geometry":{"type":"Point","coordinates":[-5.56,34.07]},"properties":{"edcs_id":"EDCS-13400224","findspot":"Volubilis","raw_text":"[Geni]o / [do]mus / L(ucius?) Flavius / Germanus / v(otum) s(olvit) l(ibens) a(nimo)","date_from":null,"date_to":null,"marker_gender":"male","is_individual":false,"edcs_url":"https://edcs.hist.uzh.ch/en/document?edcs-id=EDCS-13400224","persons":[{"nomen":"Flavius","gender":"male","raw_name":"[Geni]o   [do]mus   L(ucius?) Flavius   Germanus","praenomen":"Lucius","cognomen":"Germanus","status":"Genio domus"}]}},{"type":"Feature","geometry":{"type":"Point","coordinates":[-5.56,34.07]},"properties":{"edcs_id":"EDCS-13600149","findspot":"Volubilis","raw_text":"[L]uxurius Vincentius / Cupias enicesas","date_from":null,"date_to":null,"marker_gender":"male","is_individual":false,"edcs_url":"https://edcs.hist.uzh.ch/en/document?edcs-id=EDCS-13600149","persons":[{"nomen":"","gender":"male","raw_name":"[L]uxurius Vincentius","cognomen":"Luxurius Vincentius"},{"nomen":"","gender":"unknown","raw_name":"Cupias enicesas","cognomen":"Cupias enicesas"}]}},{"type":"Feature","geometry":null,"properties":{"edcs_id":"EDCS-13900605","findspot":"Larache / Lixus","raw_text":"Gai A Vegeti pistoris V","date_from":null,"date_to":null,"marker_gender":"male","is_individual":true,"edcs_url":"https://edcs.hist.uzh.ch/en/document?edcs-id=EDCS-13900605","persons":[{"nomen":"","gender":"male","raw_name":"Gai A(uli) Vegeti pis(toris)","praenomen":"Gaius","cognomen":"Vegeti","status":"pistor"}]}},{"type":"Feature","geometry":{"type":"Point","coordinates":[-5.56,34.07]},"properties":{"edcs_id":"EDCS-15100058","findspot":"Volubilis","raw_text":"Ex prov(incia) / Maur(etania) Caes(ariensi) / Tubus(uctu)","date_from":null,"date_to":null,"marker_gender":"unknown","is_individual":false,"edcs_url":"https://edcs.hist.uzh.ch/en/document?edcs-id=EDCS-15100058","persons":[{"nomen":"","gender":"unknown","raw_name":"Tubus(uctu)","cognomen":"Tubusuchtu","status":"Ex provincia Maur(etania) Caes(ariensi)"}]}},{"type":"Feature","geometry":{"type":"Point","coordinates":[-5.56,34.07]},"properties":{"edcs_id":"EDCS-15200118","findspot":"Volubilis","raw_text":"Cato","date_from":null,"date_to":null,"marker_gender":"male","is_individual":false,"edcs_url":"https://edcs.hist.uzh.ch/en/document?edcs-id=EDCS-15200118","persons":[{"nomen":"","gender":"male","raw_name":"Cato","cognomen":"Cato"}]}},{"type":"Feature","geometry":{"type":"Point","coordinates":[-5.56,34.07]},"properties":{"edcs_id":"EDCS-15600049","findspot":"Volubilis","raw_text":"Rex Sos(intigi?)","date_from":null,"date_to":null,"marker_gender":"male","is_individual":false,"edcs_url":"https://edcs.hist.uzh.ch/en/document?edcs-id=EDCS-15600049","persons":[{"nomen":"","gender":"male","raw_name":"Rex Sos(intigi?)","cognomen":"Rex Sosintigus"}]}},{"type":"Feature","geometry":{"type":"Point","coordinates":[-6.12,34.6]},"properties":{"edcs_id":"EDCS-16201963","findspot":"Sidi Ali bou Jenoun / Sidi Ali bou Djenoun / Banasa","raw_text":"Imp(eratori) Caes(ari) M(arci) Aur(eli) / Anto[nini Pii] fil(io) / L(ucio) Sep(timio) S[evero Pi]o / Pert(inaci) Aug(usto) Ger(manico) Sar(matico) / Arabico Adia/benic[o] pont(ifici) max(imo) / trib(unicia) p[ot(estate) III] imp(eratori) VII / [co(n)s(uli)] II proco(n)s(uli) / colonia Bana/[sita]na d(ecreto) d(ecurionum) / [cura]ntibus Dom(itio) Ser/[3 e]t Iul(io) Gemin[3 IIviris]","date_from":null,"date_to":null,"marker_gender":"male","is_individual":false,"edcs_url":"https://edcs.hist.uzh.ch/en/document?edcs-id=EDCS-16201963","persons":[{"nomen":"","gender":"male","raw_name":"Imp(eratori) Caes(ari) M. Aur(eli) Anto[nini Pii] fil(io)","cognomen":"Antoninus","status":"Imperator Caesar, Pius, Pertinax, Augustus, Germanicus, Sarmaticus","is_imperial":true,"cluster_id":573,"cluster_size":5,"cluster_confidence":"low"},{"nomen":"Septimius","gender":"male","raw_name":"L. Sep[timio] S[evero Pi]o Pert(inaci) Aug(usto) Ger(manico) Sar(matico) Arabico Adia benic[o] pont(ifici) max(imo) trib(unicia) p[ot(estate) III] imp(eratori) VII [co(n)s(uli)] II proco(n)s(uli)","praenomen":"Lucius","cognomen":"Severus Pertinax","status":"Augustus, Germanicus, Sarmaticus, Arabicus Adia[benicus], pontifex maximus, tribun(icia) potestate III, imperator VII, consul II, proconsul","is_imperial":true,"cluster_id":95,"cluster_size":2},{"nomen":"","gender":"male","raw_name":"Dom(itio) Ser [3","cognomen":"Domitius","status":"duumvir","cluster_id":522,"cluster_size":2,"cluster_confidence":"low"},{"nomen":"Iulius","gender":"male","raw_name":"Iul(io) Gemin[3","cognomen":"Geminus","status":"duumvir"}]}},{"type":"Feature","geometry":{"type":"Point","coordinates":[-5.81,35.79]},"properties":{"edcs_id":"EDCS-21000670","findspot":"Tanger / Tangier / Tingis","raw_text":"] suae fili[ae] / [3] et Manlia Aemiliana filio piissimo et Iul(i)us Severus / avunculo / optimo","date_from":null,"date_to":null,"marker_gender":"mixed","is_individual":false,"edcs_url":"https://edcs.hist.uzh.ch/en/document?edcs-id=EDCS-21000670","persons":[{"nomen":"","gender":"female","raw_name":"suae fili[ae]","status":"filia"},{"nomen":"Manlia","gender":"female","raw_name":"Manlia Aemiliana","cognomen":"Aemiliana"},{"nomen":"Iulius","gender":"male","raw_name":"Iul(i)us Severus","cognomen":"Severus","status":"avunculus"}]}},{"type":"Feature","geometry":{"type":"Point","coordinates":[-5.81,35.79]},"properties":{"edcs_id":"EDCS-21000671","findspot":"Tanger / Tangier / Tingis","raw_text":"D(is) M(anibus) / Fabiae / coniugi / <p=T>i(i)ssima(e?) / in XXXIII m(ensibus)","date_from":null,"date_to":null,"marker_gender":"female","is_individual":false,"edcs_url":"https://edcs.hist.uzh.ch/en/document?edcs-id=EDCS-21000671","persons":[{"nomen":"Fabia","gender":"female","raw_name":"Fabiae coniugi <p=T>i(i)ssima(e?)","status":"coniugi piissimae"}]}},{"type":"Feature","geometry":{"type":"Point","coordinates":[-5.51,34.11]},"properties":{"edcs_id":"EDCS-21000672","findspot":"Ain Schkour / Ain Schkor / Volubilis","raw_text":"[D(is)] M(anibus) s(acrum) / [3]o Tusco / [3] vix(it) annis / [3]II menses(!) / [3]s[3] / [3]du[","date_from":null,"date_to":null,"marker_gender":"unknown","is_individual":false,"edcs_url":"https://edcs.hist.uzh.ch/en/document?edcs-id=EDCS-21000672","persons":[{"nomen":"","gender":"unknown","raw_name":"[3]o Tusco","cognomen":"Tuscus"}]}},{"type":"Feature","geometry":{"type":"Point","coordinates":[-5.51,34.11]},"properties":{"edcs_id":"EDCS-21000673","findspot":"Ain Schkour / Ain Schkor / Volubilis","raw_text":"D(is) M(anibus) s(acrum) / Bellicu(s) / Bellicanu(s) / eq(ues) ex sin/gularib(us) / vix(it) ann(os) [3] / Cl(audius) Mode(stus) / fil(ius) p(osuit)","date_from":null,"date_to":null,"marker_gender":"male","is_individual":false,"edcs_url":"https://edcs.hist.uzh.ch/en/document?edcs-id=EDCS-21000673","persons":[{"nomen":"","gender":"male","raw_name":"Bellicu(s)","cognomen":"Bellicus"},{"nomen":"","gender":"male","raw_name":"Bellicanu(s)","cognomen":"Bellicanus","status":"eques ex singularibus"},{"nomen":"Claudius","gender":"male","raw_name":"Cl(audius) Mode(stus)","cognomen":"Modestus","status":"filius"}]}},{"type":"Feature","geometry":{"type":"Point","coordinates":[-5.56,34.07]},"properties":{"edcs_id":"EDCS-24700495","findspot":"Volubilis","raw_text":"Isidi Aug(ustae) sacr(um) / L(ucius) Caecilius Felix L(uci) Caec(ili) / [C]aeciliani libertus / [ob h]onorem IIIIIIvir(atus) / d(e) s(uo) [d(edit)]","date_from":null,"date_to":null,"marker_gender":"male","is_individual":false,"edcs_url":"https://edcs.hist.uzh.ch/en/document?edcs-id=EDCS-24700495","persons":[{"nomen":"Caecilius","gender":"male","raw_name":"L. Caecilius Felix L. Caec. [C]aeciliani","praenomen":"Lucius","cognomen":"Felix","status":"libertus, honoris causa IIIIvir"}]}},{"type":"Feature","geometry":{"type":"Point","coordinates":[-5.56,34.07]},"properties":{"edcs_id":"EDCS-24700496","findspot":"Volubilis","raw_text":"Tito Caesari / Imperatoris Vespasiani f(ilio)","date_from":null,"date_to":null,"marker_gender":"male","is_individual":false,"edcs_url":"https://edcs.hist.uzh.ch/en/document?edcs-id=EDCS-24700496","persons":[{"nomen":"Caesarius","gender":"male","raw_name":"Tito Caesari Imperatoris Vespasiani f.","cognomen":"Titus","status":"Imperatoris Vespasiani filius"}]}},{"type":"Feature","geometry":{"type":"Point","coordinates":[-5.56,34.07]},"properties":{"edcs_id":"EDCS-24700497","findspot":"Volubilis","raw_text":"Matidiae / Aug(ustae) // Antonia Suavis / heres ex testam/en[to p]o[s]uit","date_from":null,"date_to":null,"marker_gender":"female","is_individual":false,"edcs_url":"https://edcs.hist.uzh.ch/en/document?edcs-id=EDCS-24700497","persons":[{"nomen":"Antonia","gender":"female","raw_name":"Antonia Suavis","cognomen":"Suavis","status":"heres ex testamento"}]}},{"type":"Feature","geometry":{"type":"Point","coordinates":[-5.55,34.08]},"properties":{"edcs_id":"EDCS-24700498","findspot":"Volubilis","raw_text":"Imp(eratori) Caes(ari) T(ito) Ael(io) Hadriano / Antonino Aug(usto) Pio p(ontifici) m(aximo) tr(ibunicia) pot(estate) XXI / imp(eratori) II co(n)s(uli) IIII p(atri) p(atriae) / cultores domus Aug(ustae) / area(m) pri/vatam emptam templum / cum porticibus a solo sua / pecunia fecerunt et sta/tuam posuerunt / quorum nomina tabulae / aereae incisa sunt dedi(cante) / Q(uinto) Aeronio Mon<t=I>ano pr[oc(uratore)]","date_from":null,"date_to":null,"marker_gender":"male","is_individual":false,"edcs_url":"https://edcs.hist.uzh.ch/en/document?edcs-id=EDCS-24700498","persons":[{"nomen":"Aelius","gender":"male","raw_name":"Imp. Caes. T. Ael. Hadriano Antonino Aug. Pio","praenomen":"Titus","cognomen":"Hadrianus Antoninus","status":"Imperator Caesar, Augustus, pontifex maximus, tribunica potestate XXI, imperator II, consul IIII, pater patriae","is_imperial":true},{"nomen":"","gender":"male","raw_name":"Q. Aeronio Mont<t=I>ano pr[oc(uratore)]","cognomen":"Quintus Aerontius Montianus","status":"procurator"}]}},{"type":"Feature","geometry":{"type":"Point","coordinates":[-5.55,34.08]},"properties":{"edcs_id":"EDCS-24700499","findspot":"Volubilis","raw_text":"Genio Imp(eratoris) / M(arci) Aureli Antonini Aug(usti) / P(ublius) Aelius Crispinus proc(urator) / conlocutus cum / [Ucmeti]o princ(ipe) gentium M[a]/[cennitum et Baquatium] / [Severo I]I <et=II> <P=I>o<m=N>pe<ia=TM>[no II co(n)s(ulibus)]","date_from":null,"date_to":null,"marker_gender":"male","is_individual":false,"edcs_url":"https://edcs.hist.uzh.ch/en/document?edcs-id=EDCS-24700499","persons":[{"nomen":"","gender":"male","raw_name":"M. Aureli Antonini Aug.","cognomen":"Marcus Aurelius Antoninus","status":"Augustus","is_imperial":true,"cluster_id":607,"cluster_size":2,"cluster_confidence":"low"},{"nomen":"Aelius","gender":"male","raw_name":"P. Aelius Crispinus","cognomen":"Crispinus","status":"procurator"},{"nomen":"","gender":"male","raw_name":"[Ucmeti]o","cognomen":"Ucmecius","status":"princeps gentium Macennitum"},{"nomen":"","gender":"male","raw_name":"[Baquatium] Severo","cognomen":"Bacuatium Severus"},{"nomen":"","gender":"male","raw_name":"<P=I>o<m=N>pe<ia=TM>","cognomen":"Pompeius"}]}},{"type":"Feature","geometry":{"type":"Point","coordinates":[-5.56,34.07]},"properties":{"edcs_id":"EDCS-24700501","findspot":"Volubilis","raw_text":"Imp(eratori) Caes(ari) / [[C(aio) Vib(io) [A]f[ini]o]] / [[Gallo Ve[ldu]mniano]] / [[Volus[ian]o]] Pio Fel(ici) Aug(usto) / p(atri) p(atriae) p(ontifici) max(imo) trib(unicia) pot(estate) II co(n)s(uli) / proco(n)s(uli) / res p(ublica) Vol(ubilitanorum) ex d(ecreto) ord(inis) / posuit","date_from":null,"date_to":null,"marker_gender":"male","is_individual":false,"edcs_url":"https://edcs.hist.uzh.ch/en/document?edcs-id=EDCS-24700501","persons":[{"nomen":"","gender":"male","raw_name":"[[C. Vib. [A]f[ini]o]] [[Gallo Ve[ldu]mniano]] [[Volus[ian]o]] Pio Fel(ici) Aug.","cognomen":"Gaius Vibius Afinius Gallus Veldumnianus Volusianus","status":"Augustus, pius, felix, pater patriae, pontifex maximus, tribunica potestate II, consul, proconsul","is_imperial":true}]}},{"type":"Feature","geometry":{"type":"Point","coordinates":[-5.56,34.07]},"properties":{"edcs_id":"EDCS-24700502","findspot":"Volubilis","raw_text":"]PSVSS Pius Felix / [m]aximus Germanic(us) m[a]/ximus trib(unicia) p(otestate) X VS M / ISIEMITATEM P[O]SN","date_from":null,"date_to":null,"marker_gender":"male","is_individual":false,"edcs_url":"https://edcs.hist.uzh.ch/en/document?edcs-id=EDCS-24700502","persons":[{"nomen":"","gender":"male","raw_name":"]PSVSS Pius Felix maximus Germanic(us) m[a] ximus trib(unicia) p(otestate) X","cognomen":"Pius Felix Maximus Germanicus Maximus","status":"tribunicia potestate X"}]}},{"type":"Feature","geometry":{"type":"Point","coordinates":[-5.55,34.08]},"properties":{"edcs_id":"EDCS-24700503","findspot":"Volubilis","raw_text":"[M(arco) Ant(onio)] Quir(ina) Navillo / [omnib]us equestri/[b]us militiis functo / M(arcus) Antonius Navil/lus Asiaticus filius / v(ir) e(gregius) proc(urator) Aug(usti) / patri karissimo","date_from":null,"date_to":null,"marker_gender":"male","is_individual":false,"edcs_url":"https://edcs.hist.uzh.ch/en/document?edcs-id=EDCS-24700503","persons":[{"nomen":"Antonius","gender":"male","raw_name":"M. Antonius Navil lus Asiaticus","praenomen":"Marcus","cognomen":"Navillus Asiaticus","status":"vir egregius, procurator Augusti","cluster_id":255,"cluster_size":2},{"nomen":"Antonius","gender":"male","raw_name":"M. Ant(onio) Quir(ina) Navillo   omnib[us] equestri [b]us militiis functo","cognomen":"Navillus","status":"omnibus equestribus militiis functus","cluster_id":255,"cluster_size":2}]}},{"type":"Feature","geometry":{"type":"Point","coordinates":[-5.56,34.07]},"properties":{"edcs_id":"EDCS-24700504","findspot":"Volubilis","raw_text":"Q(uinto) Caecil(io) Q(uinti) filio / Quir(ina) Prisco / Vol(ubilitano) equo pub(lico) / exornato an/nor(um) XVII Vale/ria Prisca filio / karissimo pos(uit)","date_from":null,"date_to":null,"marker_gender":"mixed","is_individual":false,"edcs_url":"https://edcs.hist.uzh.ch/en/document?edcs-id=EDCS-24700504","persons":[{"nomen":"Caecilius","gender":"male","raw_name":"Q. Caecil(io) Q. filio   Quir(ina) Prisco   Vol(ubilitano) equo pub(lico)   exornato","praenomen":"Quintus","cognomen":"Priscus Volubilitanus","status":"equo publico exornato"},{"nomen":"Valeria","gender":"female","raw_name":"Valeria Prisca","cognomen":"Prisca"}]}},{"type":"Feature","geometry":{"type":"Point","coordinates":[-5.56,34.07]},"properties":{"edcs_id":"EDCS-24700505","findspot":"Volubilis","raw_text":"Caeciliae / Romanae / T(itus) Ocrati/us [Vale]ri/an[us v(ir)] c(larissimus) / et Q(uintus) Ocrat(ius) / Titianus / v(ir) e(gregius) fratres / posuerunt","date_from":null,"date_to":null,"marker_gender":"mixed","is_individual":false,"edcs_url":"https://edcs.hist.uzh.ch/en/document?edcs-id=EDCS-24700505","persons":[{"nomen":"Caecilia","gender":"female","raw_name":"Caeciliae   Romanae","cognomen":"Romana"},{"nomen":"Titus","gender":"male","raw_name":"T. Ocrati us [Vale]ri an[us v(ir)] c(larissimus)","cognomen":"Ocration Valerianus","status":"vir clarissimus"},{"nomen":"Ocration","gender":"male","raw_name":"Q. Ocrat(ius)   Titianus   v(ir) e(gregius)","praenomen":"Quintus","cognomen":"Titianus","status":"vir egregius","cluster_id":260,"cluster_size":2}]}},{"type":"Feature","geometry":{"type":"Point","coordinates":[-5.56,34.07]},"properties":{"edcs_id":"EDCS-24700506","findspot":"Volubilis","raw_text":"[In hono]rem memoriae / [a]c laud[em] M(arci) Maturi / [Vi]ctoris fili(i) / M(arci) Maturi Victorini / v(iri) e(gregii) praesidis / et patroni nost(ri) / res p(ublica) Vol(ubilitanorum) / ex dec(reto) ord(inis)","date_from":null,"date_to":null,"marker_gender":"male","is_individual":false,"edcs_url":"https://edcs.hist.uzh.ch/en/document?edcs-id=EDCS-24700506","persons":[{"nomen":"Maturus","gender":"male","raw_name":"M. Maturi   [Vi]ctoris fili(i)","cognomen":"Victoris","status":"vir egregius praesidis et patroni nostri","cluster_id":261,"cluster_size":2},{"nomen":"Maturus","gender":"male","raw_name":"M. Maturi Victorini   v(iri) e(gregii) praesidis","cognomen":"Victorinus","status":"vir egregius praesidis et patroni nostri","cluster_id":261,"cluster_size":2}]}},{"type":"Feature","geometry":{"type":"Point","coordinates":[-5.56,34.07]},"properties":{"edcs_id":"EDCS-24700508","findspot":"Volubilis","raw_text":"M(arco) Val(erio) Rogato / annorum XI / mens(ium) VIII d(ierum) XIII / [3] Val(erius) Marcus / ex dec(urione) alario / vet(eranus) et / [C]assia Rogata / filio piissimo / posuerunt","date_from":null,"date_to":null,"marker_gender":"mixed","is_individual":false,"edcs_url":"https://edcs.hist.uzh.ch/en/document?edcs-id=EDCS-24700508","persons":[{"nomen":"Valerius","gender":"male","raw_name":"[3] Val(erius) Marcus","cognomen":"Marcus","cluster_id":262,"cluster_size":2},{"nomen":"Valerius","gender":"male","raw_name":"M. Val(erio) Rogato","cognomen":"Rogatus","cluster_id":263,"cluster_size":2},{"nomen":"Valerius","gender":"male","raw_name":"Val(erius) Marcus","cognomen":"Marcus","status":"ex decurione alario veteranus","cluster_id":262,"cluster_size":2},{"nomen":"Cassia","gender":"female","raw_name":"[C]assia Rogata","cognomen":"Rogata"}]}},{"type":"Feature","geometry":{"type":"Point","coordinates":[-5.56,34.07]},"properties":{"edcs_id":"EDCS-24700509","findspot":"Volubilis","raw_text":"]s / Caligatus / ma(ritus) fecit et LIE[","date_from":null,"date_to":null,"marker_gender":"male","is_individual":false,"edcs_url":"https://edcs.hist.uzh.ch/en/document?edcs-id=EDCS-24700509","persons":[{"nomen":"","gender":"male","raw_name":"Caligatus","cognomen":"Caligatus"}]}},{"type":"Feature","geometry":{"type":"Point","coordinates":[-5.56,34.07]},"properties":{"edcs_id":"EDCS-24700510","findspot":"Volubilis","raw_text":"[M(arco) A]emilio L(uci) f(ilio) / Cl(audia) Severo flam(ini) / dec(urioni) IIvir(o) mun(icipii) / Vol(ubilitani) Aemilia / Urbana uxor et / Aemili Narcissus / et Gandaro lib(erti) pos(uerunt)","date_from":null,"date_to":null,"marker_gender":"mixed","is_individual":false,"edcs_url":"https://edcs.hist.uzh.ch/en/document?edcs-id=EDCS-24700510","persons":[{"nomen":"Aemilius","gender":"male","raw_name":"M. Aemilio L. f.   Cl. Severo flam(ini)   dec(urioni) IIvir(o) mun(icipii)","cognomen":"Severus","status":"flamen, decurio, duumvir municipii","cluster_id":265,"cluster_size":2},{"nomen":"Aemilia","gender":"female","raw_name":"Aemilia   Urbana","cognomen":"Urbana","cluster_id":266,"cluster_size":2},{"nomen":"Aemilius","gender":"male","raw_name":"Aemili Narcissus","cognomen":"Narcissus","status":"libertus"},{"nomen":"","gender":"male","raw_name":"Gandaro","cognomen":"Gandarus","status":"libertus"}]}},{"type":"Feature","geometry":{"type":"Point","coordinates":[-5.56,34.07]},"properties":{"edcs_id":"EDCS-24700511","findspot":"Volubilis","raw_text":"L(ucio) Caec(ilio) Caecili/ani filio Clemen/ti dec(urioni) Manlia / Romana mater / indulgentissimo / posuit","date_from":null,"date_to":null,"marker_gender":"mixed","is_individual":false,"edcs_url":"https://edcs.hist.uzh.ch/en/document?edcs-id=EDCS-24700511","persons":[{"nomen":"Caecilius","gender":"male","raw_name":"L. Caec(ilio) Caecil iani filio Clemen ti dec(urioni)","cognomen":"Clemens","status":"decurio","cluster_id":126,"cluster_size":5},{"nomen":"Manlia","gender":"female","raw_name":"Manlia   Romana","cognomen":"Romana","cluster_id":268,"cluster_size":3}]}},{"type":"Feature","geometry":{"type":"Point","coordinates":[-5.56,34.07]},"properties":{"edcs_id":"EDCS-24700512","findspot":"Volubilis","raw_text":"L(ucio) Caecilio Ga[l(eria) L]atroni / L(uci) Caecili [A]ntoniani f[ili]o / ordo Vol(ubilitanorum) ob merita parent(um) / suor(um) statuam decrevit / Cassia Caeciliana mater / indulgentiss<i=U>ma filio / piiss<i=U>mo rem[is]sa i<m=N>pensa / d(e) s(ua) p(ecunia) p(osuit)","date_from":null,"date_to":null,"marker_gender":"mixed","is_individual":false,"edcs_url":"https://edcs.hist.uzh.ch/en/document?edcs-id=EDCS-24700512","persons":[{"nomen":"Caecilius","gender":"male","raw_name":"L. Caec(ilio) Ga[l(eria) L]atroni","cognomen":"Latro","status":"decurio"},{"nomen":"Caecilius","gender":"male","raw_name":"L. Caecili [A]ntoniani f[ili]o","cognomen":"Antoninianus","cluster_id":117,"cluster_size":3},{"nomen":"Cassia","gender":"female","raw_name":"Cassia Caeciliana","cognomen":"Caeciliana"}]}},{"type":"Feature","geometry":{"type":"Point","coordinates":[-5.56,34.07]},"properties":{"edcs_id":"EDCS-24700513","findspot":"Volubilis","raw_text":"M(arco) Gabinio A(uli) fil(io) / Claud(ia) Gelliano / dec(urioni) flamini municipi(i) / Volubilitani / Gabinia Babbus / patri indulgentis(simo) posuit","date_from":null,"date_to":null,"marker_gender":"mixed","is_individual":false,"edcs_url":"https://edcs.hist.uzh.ch/en/document?edcs-id=EDCS-24700513","persons":[{"nomen":"Gabinius","gender":"male","raw_name":"M. Gabinio A. fil(io)   Claud(ia) Gelliano","praenomen":"Aulus","cognomen":"Gellianus","status":"decurio, flamen municipii"},{"nomen":"Gabinia","gender":"female","raw_name":"Gabin<ia> Babbus","cognomen":"Babbus"}]}},{"type":"Feature","geometry":{"type":"Point","coordinates":[-5.56,34.07]},"properties":{"edcs_id":"EDCS-24700515","findspot":"Volubilis","raw_text":"M(arco) Pomp(eio) L(uci) f(ilio) Claud(ia) / Antoniano Vol(ubilitano) / decurioni muni/cipi(i) sui / L(ucius) Pomp(eius) L(uci) f(ilius) [[[Manlia]]]/[[[nus]]] fratri indul/gentissimo et op/time de se merito / s(ua) p(ecunia) p(osuit)","date_from":null,"date_to":null,"marker_gender":"male","is_individual":false,"edcs_url":"https://edcs.hist.uzh.ch/en/document?edcs-id=EDCS-24700515","persons":[{"nomen":"Pompeius","gender":"male","raw_name":"M. Pomp(eio) L. f. Claud(ia)   Antoniano Vol(ubilitano)   decurioni muni cipi(i) sui","cognomen":"Antoninus Volubilitanus","status":"decurio","cluster_id":182,"cluster_size":3},{"nomen":"Pompeius","gender":"male","raw_name":"L. Pomp(eius) L. f. [[[Manlia]]] [[[nus]]]","praenomen":"Lucius","cognomen":"fratri","is_imperial":true}]}},{"type":"Feature","geometry":{"type":"Point","coordinates":[-5.55,34.08]},"properties":{"edcs_id":"EDCS-24700516","findspot":"Volubilis","raw_text":"M(arco) Pomp(eio) L(uci) f(ilio) Claud(ia) / Antoniano Vol(ubilitano) / decurioni mu/nicipi(i) sui / L(ucius) f(ilius) [[Man]]/[[lianus]] fratri indulgentissi/mo et optime de se / merito s(ua) p(ecunia) p(osuit)","date_from":null,"date_to":null,"marker_gender":"male","is_individual":false,"edcs_url":"https://edcs.hist.uzh.ch/en/document?edcs-id=EDCS-24700516","persons":[{"nomen":"Pompeius","gender":"male","raw_name":"M. Pomp. L. f. Claud. Antoniano","praenomen":"Marcus","cognomen":"Antoninus","status":"tribus: Claudia, Volubilitanus, decurio municipii sui","cluster_id":182,"cluster_size":3},{"nomen":"","gender":"male","raw_name":"L. f. [[Man]] [[lianus]]","praenomen":"Lucius","cognomen":"Malianus","status":"frater","is_imperial":true,"cluster_id":558,"cluster_size":2,"cluster_confidence":"low"}]}},{"type":"Feature","geometry":{"type":"Point","coordinates":[-5.56,34.07]},"properties":{"edcs_id":"EDCS-24700517","findspot":"Volubilis","raw_text":"Fabiae L(uci) f(iliae) / Manlianae / Vol(ubilitanae) / Pompeii / Senioris uxori / Pompeii Anto/nianus et [[[Man]]]/[[lianus]]] filii / s(ua) p(ecunia) p(osuerunt)","date_from":null,"date_to":null,"marker_gender":"mixed","is_individual":false,"edcs_url":"https://edcs.hist.uzh.ch/en/document?edcs-id=EDCS-24700517","persons":[{"nomen":"Fabia","gender":"female","raw_name":"Fabiae L. f. Manliana[e] Vol. Pompeii Senioris","cognomen":"Manliana","status":"Volubilitana, uxor Pompeii Senioris"},{"nomen":"Pompeius","gender":"male","raw_name":"Pompeii Antoninus","cognomen":"Antoninus","status":"filius","cluster_id":182,"cluster_size":3},{"nomen":"","gender":"male","raw_name":"[[[Man]]] [[lianus]]]","cognomen":"Malianus","status":"filius","is_imperial":true,"cluster_id":558,"cluster_size":2,"cluster_confidence":"low"}]}},{"type":"Feature","geometry":{"type":"Point","coordinates":[-5.56,34.07]},"properties":{"edcs_id":"EDCS-24700518","findspot":"Volubilis","raw_text":"Val(erio) Concordio filio Val(eri) / Marcellini v(iri) p(erfectissimi) p(raesidis) et patroni / n(ostri) res pub(lica) Volubilitanor(um) / ex decreto ordinis / posuit","date_from":null,"date_to":null,"marker_gender":"male","is_individual":false,"edcs_url":"https://edcs.hist.uzh.ch/en/document?edcs-id=EDCS-24700518","persons":[{"nomen":"Valerius","gender":"male","raw_name":"Val. Concordio filio Val. Marcellini v. p. p. n. res pub. Volubilitanor.","cognomen":"Concordius","status":"filius Valeri Marcellini, vir perfectissimus praeses et patronus noster, res publica Volubilitanorum ex decreto ordinis"}]}},{"type":"Feature","geometry":{"type":"Point","coordinates":[-5.56,34.07]},"properties":{"edcs_id":"EDCS-24700520","findspot":"Volubilis","raw_text":"D(is) M(anibus) / C(ai) Corn/eli Seve/ri / impensa / collegi(i) / Mercuri / vestiari/or(um) vix(it) / an(nos) XI","date_from":null,"date_to":null,"marker_gender":"male","is_individual":false,"edcs_url":"https://edcs.hist.uzh.ch/en/document?edcs-id=EDCS-24700520","persons":[{"nomen":"Cornelius","gender":"male","raw_name":"C. Corn. Severi","cognomen":"Severus","status":"collegii Mercuri vestiariorum"}]}},{"type":"Feature","geometry":{"type":"Point","coordinates":[-5.56,34.07]},"properties":{"edcs_id":"EDCS-24700521","findspot":"Volubilis","raw_text":"D(is) M(anibus) s(acrum) / Q(uinto) Aelio Severo an/norum XXVIII ma/rito bene merenti / Balena","date_from":null,"date_to":null,"marker_gender":"male","is_individual":false,"edcs_url":"https://edcs.hist.uzh.ch/en/document?edcs-id=EDCS-24700521","persons":[{"nomen":"Aelius","gender":"male","raw_name":"Q. Aelio Severo","praenomen":"Quintus","cognomen":"Severus","status":"maritus bene merens"},{"nomen":"","gender":"unknown","raw_name":"Balena","cognomen":"Balena"}]}},{"type":"Feature","geometry":{"type":"Point","coordinates":[-5.56,34.07]},"properties":{"edcs_id":"EDCS-24700522","findspot":"Volubilis","raw_text":"D(is) M(anibus) s(acrum) / Aemilio / Iuliano vix(it) / annis XXXV","date_from":null,"date_to":null,"marker_gender":"male","is_individual":false,"edcs_url":"https://edcs.hist.uzh.ch/en/document?edcs-id=EDCS-24700522","persons":[{"nomen":"Aemilius","gender":"male","raw_name":"Aemilio Iuliano","cognomen":"Iulianus","cluster_id":187,"cluster_size":2}]}},{"type":"Feature","geometry":{"type":"Point","coordinates":[-5.56,34.07]},"properties":{"edcs_id":"EDCS-24700523","findspot":"Volubilis","raw_text":"D(is) M(anibus) / Al(eia?) Valeriana / vixit an/nis XXIII / m(ensibus) XI d(iebus) XX / pater in/felix / p(osuit)","date_from":null,"date_to":null,"marker_gender":"mixed","is_individual":false,"edcs_url":"https://edcs.hist.uzh.ch/en/document?edcs-id=EDCS-24700523","persons":[{"nomen":"Valeia","gender":"female","raw_name":"Al. Valeriana","cognomen":"Valeriana"},{"nomen":"","gender":"male","raw_name":"pater","status":"pater infelix"}]}},{"type":"Feature","geometry":{"type":"Point","coordinates":[-5.56,34.07]},"properties":{"edcs_id":"EDCS-24700524","findspot":"Volubilis","raw_text":"D(is) M(anibus) s(acrum) / Ant(onius) Ni() vix(it) ann(os) LXVIII / Iul(ia) Mac() m(arito) s(uo)","date_from":null,"date_to":null,"marker_gender":"mixed","is_individual":false,"edcs_url":"https://edcs.hist.uzh.ch/en/document?edcs-id=EDCS-24700524","persons":[{"nomen":"Antonius","gender":"male","raw_name":"Ant. Ni()","cognomen":"Severus"},{"nomen":"Iulia","gender":"female","raw_name":"Iul. Mac()","cognomen":"Macra","status":"uxor"}]}},{"type":"Feature","geometry":{"type":"Point","coordinates":[-5.56,34.07]},"properties":{"edcs_id":"EDCS-24700525","findspot":"Volubilis","raw_text":"[A]ntonianae / [S]ex(tus) Antonius / [V]alerian[us]","date_from":null,"date_to":null,"marker_gender":"mixed","is_individual":false,"edcs_url":"https://edcs.hist.uzh.ch/en/document?edcs-id=EDCS-24700525","persons":[{"nomen":"Antonianus","gender":"female","raw_name":"[A]ntonianae"},{"nomen":"Antonius","gender":"male","raw_name":"[S]ex. Antonius Valerianus","praenomen":"Sextus","cognomen":"Valerianus","cluster_id":191,"cluster_size":4}]}},{"type":"Feature","geometry":{"type":"Point","coordinates":[-5.56,34.07]},"properties":{"edcs_id":"EDCS-24700527","findspot":"Volubilis","raw_text":"D(is) M(anibus) s(acrum) L(ucius) Aurelius N/[3]conus / vixit a(n)nis c(irca) / quadra<g=C>inta V","date_from":null,"date_to":null,"marker_gender":"male","is_individual":false,"edcs_url":"https://edcs.hist.uzh.ch/en/document?edcs-id=EDCS-24700527","persons":[{"nomen":"Aurelius","gender":"male","raw_name":"L. Aurelius N [3]conus","praenomen":"Lucius","cognomen":"Niconus"}]}},{"type":"Feature","geometry":{"type":"Point","coordinates":[-5.56,34.07]},"properties":{"edcs_id":"EDCS-24700528","findspot":"Volubilis","raw_text":"M(arcus) Aur(elius) Var(us) / vix(it) an(nos) XXXI / Germ(ana) mari/[t]o posuit","date_from":null,"date_to":null,"marker_gender":"mixed","is_individual":false,"edcs_url":"https://edcs.hist.uzh.ch/en/document?edcs-id=EDCS-24700528","persons":[{"nomen":"Aurelius","gender":"male","raw_name":"M. Aur. Varus","praenomen":"Marcus","cognomen":"Varus","is_imperial":true},{"nomen":"","gender":"female","raw_name":"Germ. mari [t]o","status":"Germana marita"}]}},{"type":"Feature","geometry":{"type":"Point","coordinates":[-5.56,34.07]},"properties":{"edcs_id":"EDCS-24700529","findspot":"Volubilis","raw_text":"D(is) M(anibus) s(acrum) / Caecilius / Adlectus / hic situs est / vixit annis / LXV","date_from":null,"date_to":null,"marker_gender":"male","is_individual":false,"edcs_url":"https://edcs.hist.uzh.ch/en/document?edcs-id=EDCS-24700529","persons":[{"nomen":"Caecilius","gender":"male","raw_name":"Caecilius Adlectus","cognomen":"Adlectus"}]}},{"type":"Feature","geometry":{"type":"Point","coordinates":[-5.56,34.07]},"properties":{"edcs_id":"EDCS-24700530","findspot":"Volubilis","raw_text":"D(is) M(anibus) s(acrum) / Cae(cilius) Celsus / vixit an(nos) / XXI","date_from":null,"date_to":null,"marker_gender":"male","is_individual":false,"edcs_url":"https://edcs.hist.uzh.ch/en/document?edcs-id=EDCS-24700530","persons":[{"nomen":"Caecilius","gender":"male","raw_name":"Cae. Celsus","cognomen":"Celsus"}]}},{"type":"Feature","geometry":{"type":"Point","coordinates":[-5.56,34.07]},"properties":{"edcs_id":"EDCS-24700531","findspot":"Volubilis","raw_text":"D(is) M(anibus) s(acrum) / Caecil(iae) Iust(a)e / bene merenti / Caec(ilius) Clemens / patronus f(ecit)","date_from":null,"date_to":null,"marker_gender":"mixed","is_individual":false,"edcs_url":"https://edcs.hist.uzh.ch/en/document?edcs-id=EDCS-24700531","persons":[{"nomen":"Caecilia","gender":"female","raw_name":"Caecil. Iustae","cognomen":"Iusta","status":"bene merens"},{"nomen":"Caecilius","gender":"male","raw_name":"Caec. Clemens","cognomen":"Clemens","status":"patronus","cluster_id":126,"cluster_size":5}]}},{"type":"Feature","geometry":{"type":"Point","coordinates":[-5.56,34.07]},"properties":{"edcs_id":"EDCS-24700532","findspot":"Volubilis","raw_text":"D(is) M(anibus) [s(acrum)] / L(ucius) C(a)ecili[us] / Silvanu[s] / defunctus / annoru(m) XXI","date_from":null,"date_to":null,"marker_gender":"male","is_individual":false,"edcs_url":"https://edcs.hist.uzh.ch/en/document?edcs-id=EDCS-24700532","persons":[{"nomen":"Caecilius","gender":"male","raw_name":"L. C. Caecili[us] Silvanu[s]","praenomen":"Lucius","cognomen":"Silvanus","cluster_id":197,"cluster_size":2}]}},{"type":"Feature","geometry":{"type":"Point","coordinates":[-5.56,34.07]},"properties":{"edcs_id":"EDCS-24700533","findspot":"Volubilis","raw_text":"D(is) M(anibus) s(acrum) / L(ucius) Cassius / Valerianus / vix(it) ann(is) XXI / mensi[bus","date_from":null,"date_to":null,"marker_gender":"male","is_individual":false,"edcs_url":"https://edcs.hist.uzh.ch/en/document?edcs-id=EDCS-24700533","persons":[{"nomen":"Cassius","gender":"male","raw_name":"L. Cassius Valerianus","praenomen":"Lucius","cognomen":"Valerianus"}]}},{"type":"Feature","geometry":{"type":"Point","coordinates":[-5.56,34.07]},"properties":{"edcs_id":"EDCS-24700534","findspot":"Volubilis","raw_text":"D(is) M(anibus) s(acrum) / Cla(udius) Vi/talis / vixit / an(nos) LIII m(enses) / VI d(ies) XV","date_from":null,"date_to":null,"marker_gender":"male","is_individual":false,"edcs_url":"https://edcs.hist.uzh.ch/en/document?edcs-id=EDCS-24700534","persons":[{"nomen":"Claudius","gender":"male","raw_name":"Claudius Vitalis","cognomen":"Vitalis"}]}},{"type":"Feature","geometry":{"type":"Point","coordinates":[-5.56,34.07]},"properties":{"edcs_id":"EDCS-24700535","findspot":"Volubilis","raw_text":"[D(is)] M(anibus) s(acrum) / [3]gio Co/gitato m(ensium) / XXI N[3]S / M(arcus?) Berna[","date_from":null,"date_to":null,"marker_gender":"unknown","is_individual":false,"edcs_url":"https://edcs.hist.uzh.ch/en/document?edcs-id=EDCS-24700535","persons":[{"nomen":"","gender":"unknown","raw_name":"[3]gio Cogitato","cognomen":"Cogitatus","cluster_id":569,"cluster_size":3,"cluster_confidence":"low"},{"nomen":"Berna","gender":"unknown","raw_name":"N[3]S M. Berna["}]}},{"type":"Feature","geometry":{"type":"Point","coordinates":[-5.56,34.07]},"properties":{"edcs_id":"EDCS-24700536","findspot":"Volubilis","raw_text":"Fabiae Rusticillae / sorori / L(ucius) Fab(ius) Saturninus","date_from":null,"date_to":null,"marker_gender":"mixed","is_individual":false,"edcs_url":"https://edcs.hist.uzh.ch/en/document?edcs-id=EDCS-24700536","persons":[{"nomen":"Fabia","gender":"female","raw_name":"Fabiae Rusticillae","cognomen":"Rusticilla"},{"nomen":"Fabius","gender":"male","raw_name":"L. Fab. Saturninus","praenomen":"Lucius","cognomen":"Saturninus","status":"soror"}]}},{"type":"Feature","geometry":{"type":"Point","coordinates":[-5.56,34.07]},"properties":{"edcs_id":"EDCS-24700537","findspot":"Volubilis","raw_text":"[Caeci]liae Felicis/sim(a)e fil(ius) pos(uit) / vixit an(nos) XXVII","date_from":null,"date_to":null,"marker_gender":"female","is_individual":false,"edcs_url":"https://edcs.hist.uzh.ch/en/document?edcs-id=EDCS-24700537","persons":[{"nomen":"Caecilia","gender":"female","raw_name":"[Caeci]liae Felicis(ima)e","cognomen":"Felicissima"}]}},{"type":"Feature","geometry":{"type":"Point","coordinates":[-5.56,34.07]},"properties":{"edcs_id":"EDCS-24700538","findspot":"Volubilis","raw_text":"D(is) M(anibus) s(acrum) / Felicla / [a(nnorum)] XXV s(it) t(erra) [l(evis)] / IA SO[","date_from":null,"date_to":null,"marker_gender":"female","is_individual":false,"edcs_url":"https://edcs.hist.uzh.ch/en/document?edcs-id=EDCS-24700538","persons":[{"nomen":"","gender":"female","raw_name":"Felicla","cognomen":"Felicla"}]}},{"type":"Feature","geometry":{"type":"Point","coordinates":[-5.56,34.07]},"properties":{"edcs_id":"EDCS-24700539","findspot":"Volubilis","raw_text":"<G=C>abin(ia) Com/pitaria v(ixit) an(nos) / XVII[","date_from":null,"date_to":null,"marker_gender":"female","is_individual":false,"edcs_url":"https://edcs.hist.uzh.ch/en/document?edcs-id=EDCS-24700539","persons":[{"nomen":"Gabinia","gender":"female","raw_name":"<G=C>abin(ia) Compitaria","cognomen":"Compitaria","cluster_id":241,"cluster_size":2}]}},{"type":"Feature","geometry":{"type":"Point","coordinates":[-5.56,34.07]},"properties":{"edcs_id":"EDCS-24700540","findspot":"Volubilis","raw_text":"D(is) M(anibus) s(acrum) / [C]ecil[i]ae Ian/uariae vixit / ann(os) XXX Cael(ius) Iab/ra maritus fec[it]","date_from":null,"date_to":null,"marker_gender":"mixed","is_individual":false,"edcs_url":"https://edcs.hist.uzh.ch/en/document?edcs-id=EDCS-24700540","persons":[{"nomen":"Caecilia","gender":"female","raw_name":"[C]ecil[i]ae Ianuarie","cognomen":"Ianuaria"},{"nomen":"Caelium","gender":"male","raw_name":"Caelium Iabra","cognomen":"Iabra"}]}},{"type":"Feature","geometry":{"type":"Point","coordinates":[-5.56,34.07]},"properties":{"edcs_id":"EDCS-24700541","findspot":"Volubilis","raw_text":"D(is) M(anibus) s(acrum) / Iul(ius) Fortun(a)t(us) / vix(it) an(nos) LV p(osuit) / Iul(ius) Fel(ix) patron(us) / bene merenti","date_from":null,"date_to":null,"marker_gender":"male","is_individual":false,"edcs_url":"https://edcs.hist.uzh.ch/en/document?edcs-id=EDCS-24700541","persons":[{"nomen":"Iulius","gender":"male","raw_name":"Iulius Fortunatus","cognomen":"Fortunatus"},{"nomen":"Iulius","gender":"male","raw_name":"Iulius Felix","cognomen":"Felix","status":"patronus"}]}},{"type":"Feature","geometry":{"type":"Point","coordinates":[-5.56,34.07]},"properties":{"edcs_id":"EDCS-24700542","findspot":"Volubilis","raw_text":"D(is) M(anibus) s(acrum) / Iulia Ga/ia vixit / an(nos) XXX po(suit) / ma(ritus) pi(us)","date_from":null,"date_to":null,"marker_gender":"female","is_individual":false,"edcs_url":"https://edcs.hist.uzh.ch/en/document?edcs-id=EDCS-24700542","persons":[{"nomen":"Iulia","gender":"female","raw_name":"Iulia Gaia","cognomen":"Gaia"}]}},{"type":"Feature","geometry":{"type":"Point","coordinates":[-5.56,34.07]},"properties":{"edcs_id":"EDCS-24700543","findspot":"Volubilis","raw_text":"Marciae Marcelli/nae Claudiae Procu/lae matri Q(uintus) Cl(audius) Satur/ninus heres Cl(audiae) Proculae / ex testamento ei{i}us posuit","date_from":null,"date_to":null,"marker_gender":"mixed","is_individual":false,"edcs_url":"https://edcs.hist.uzh.ch/en/document?edcs-id=EDCS-24700543","persons":[{"nomen":"Marcia","gender":"female","raw_name":"Marciae Marcellinae","cognomen":"Marcellina"},{"nomen":"Claudia","gender":"female","raw_name":"Claudiae Procula","cognomen":"Procula","status":"mater","cluster_id":248,"cluster_size":2},{"nomen":"Claudius","gender":"male","raw_name":"Q. Claudius Saturninus","praenomen":"Quintus","cognomen":"Saturninus","status":"heres Claudiae Proculae","cluster_id":249,"cluster_size":2}]}},{"type":"Feature","geometry":{"type":"Point","coordinates":[-5.56,34.07]},"properties":{"edcs_id":"EDCS-24700544","findspot":"Volubilis","raw_text":"D(is) M(anibus) s(acrum) / Val(erius) Manar / vixit ann(is) LXV / m(ensibus) V d(ie) I / Antonia Ianuari/a marito piis/simo fecit","date_from":null,"date_to":null,"marker_gender":"mixed","is_individual":false,"edcs_url":"https://edcs.hist.uzh.ch/en/document?edcs-id=EDCS-24700544","persons":[{"nomen":"Valerius","gender":"male","raw_name":"Valerius Manar","cognomen":"Manar"},{"nomen":"Antonia","gender":"female","raw_name":"Antonia Ianuaria","cognomen":"Ianuaria","cluster_id":251,"cluster_size":3}]}},{"type":"Feature","geometry":{"type":"Point","coordinates":[-5.56,34.07]},"properties":{"edcs_id":"EDCS-24700545","findspot":"Volubilis","raw_text":"] Maxi/mina vix(it) / ann(os) XXXV / m(enses) III d(ies) X[L] / L(ucius) C(a)ec(ilius) Maur(us) / ami(tae) b(ene) m(erenti) p(osuit)","date_from":null,"date_to":null,"marker_gender":"mixed","is_individual":false,"edcs_url":"https://edcs.hist.uzh.ch/en/document?edcs-id=EDCS-24700545","persons":[{"nomen":"","gender":"female","raw_name":"] Maximi[na","cognomen":"Maxima"},{"nomen":"Caecilius","gender":"male","raw_name":"L. Caecilius Maurus","praenomen":"Lucius","cognomen":"Maurus","status":"amitae","cluster_id":207,"cluster_size":2}]}},{"type":"Feature","geometry":{"type":"Point","coordinates":[-5.56,34.07]},"properties":{"edcs_id":"EDCS-24700546","findspot":"Volubilis","raw_text":"D(is) M(anibus) / Niceni / an(norum) XXII / m(ensis) I / P(ublius) Ritius / p(ater) posuit","date_from":null,"date_to":null,"marker_gender":"male","is_individual":false,"edcs_url":"https://edcs.hist.uzh.ch/en/document?edcs-id=EDCS-24700546","persons":[{"nomen":"","gender":"male","raw_name":"Nicenus","cognomen":"Nicenus"},{"nomen":"Ritius","gender":"male","raw_name":"P. Ritius","praenomen":"Publius","status":"pater"}]}},{"type":"Feature","geometry":{"type":"Point","coordinates":[-5.56,34.07]},"properties":{"edcs_id":"EDCS-24700548","findspot":"Volubilis","raw_text":"D(is) M(anibus) s(acrum) / [3] Ocra(tia) Anto/[nian]a vixit / an(nos) LX","date_from":null,"date_to":null,"marker_gender":"female","is_individual":false,"edcs_url":"https://edcs.hist.uzh.ch/en/document?edcs-id=EDCS-24700548","persons":[{"nomen":"Ocratia","gender":"female","raw_name":"Ocratia Antoni[ana","cognomen":"Antoniana"}]}},{"type":"Feature","geometry":{"type":"Point","coordinates":[-5.56,34.07]},"properties":{"edcs_id":"EDCS-24700549","findspot":"Volubilis","raw_text":"D(is) M(anibus) s(acrum) / Pom(peio?) Attal/io vixit an/nis LXI","date_from":null,"date_to":null,"marker_gender":"male","is_individual":false,"edcs_url":"https://edcs.hist.uzh.ch/en/document?edcs-id=EDCS-24700549","persons":[{"nomen":"","gender":"male","raw_name":"Pompeio Attalio","cognomen":"Attalus"}]}},{"type":"Feature","geometry":{"type":"Point","coordinates":[-5.56,34.07]},"properties":{"edcs_id":"EDCS-24700550","findspot":"Volubilis","raw_text":"D(is) M(anibus) s(acrum) / M(arco) Sa/bini[o 3]/bino fil[3]/ae Rufi[nae (?)","date_from":null,"date_to":null,"marker_gender":"mixed","is_individual":false,"edcs_url":"https://edcs.hist.uzh.ch/en/document?edcs-id=EDCS-24700550","persons":[{"nomen":"Sabinius","gender":"male","raw_name":"M. Sabinio 3]bino","praenomen":"Marcus","cognomen":"Sabinus"},{"nomen":"","gender":"female","raw_name":"filiae Rufinae","cognomen":"Rufina","status":"filia"}]}},{"type":"Feature","geometry":{"type":"Point","coordinates":[-5.56,34.07]},"properties":{"edcs_id":"EDCS-24700551","findspot":"Volubilis","raw_text":"D(is) M(anibus) s(acrum) / Sulpicio / Victorino / vixit an(nos) XIII / s(it) t(erra) l(evis)","date_from":null,"date_to":null,"marker_gender":"male","is_individual":false,"edcs_url":"https://edcs.hist.uzh.ch/en/document?edcs-id=EDCS-24700551","persons":[{"nomen":"Sulpicius","gender":"male","raw_name":"Sulpicio Victorino","cognomen":"Victorinus"}]}},{"type":"Feature","geometry":{"type":"Point","coordinates":[-5.56,34.07]},"properties":{"edcs_id":"EDCS-24700552","findspot":"Volubilis","raw_text":"D(is) M(anibus) s(acrum) / C(aius) V() Can() / a(nnorum) X cupa/m fecit sibi et su/is","date_from":null,"date_to":null,"marker_gender":"male","is_individual":false,"edcs_url":"https://edcs.hist.uzh.ch/en/document?edcs-id=EDCS-24700552","persons":[{"nomen":"","gender":"male","raw_name":"C. V() Can()","praenomen":"Gaius"}]}},{"type":"Feature","geometry":{"type":"Point","coordinates":[-5.56,34.07]},"properties":{"edcs_id":"EDCS-24700553","findspot":"Volubilis","raw_text":"D(is) M(anibus) s(acrum) / Valerio / Katello vixit / annis XXXX / sit tibi terra / levis","date_from":null,"date_to":null,"marker_gender":"male","is_individual":false,"edcs_url":"https://edcs.hist.uzh.ch/en/document?edcs-id=EDCS-24700553","persons":[{"nomen":"Valerius","gender":"male","raw_name":"Valerio Katello","cognomen":"Catellus"}]}},{"type":"Feature","geometry":{"type":"Point","coordinates":[-5.56,34.07]},"properties":{"edcs_id":"EDCS-24700554","findspot":"Volubilis","raw_text":"[L(ucio?) Va]lerio L(uci) fil(io) / Cl(audia) Liciniano Vol(ubilitano) / an(norum) III men(sis) I d(ierum) IXX / L(ucius) Val(erius) Caecilianus / Appiani pater et / Maria Liciniana / mater fil(io) indulg(entissimo) / posuerunt","date_from":null,"date_to":null,"marker_gender":"mixed","is_individual":false,"edcs_url":"https://edcs.hist.uzh.ch/en/document?edcs-id=EDCS-24700554","persons":[{"nomen":"Valerius","gender":"male","raw_name":"[L. Va]lerio L. filio Cl. Liciniano Vol(ubilitano)","praenomen":"Lucius","cognomen":"Licinianus Volubilitanus"},{"nomen":"Valerius","gender":"male","raw_name":"L. Val. Caecilianus","praenomen":"Lucius","cognomen":"Caecilianus","status":"pater","cluster_id":202,"cluster_size":6},{"nomen":"Maria","gender":"female","raw_name":"Maria Liciniana","cognomen":"Liciniana","status":"mater"}]}},{"type":"Feature","geometry":{"type":"Point","coordinates":[-5.56,34.07]},"properties":{"edcs_id":"EDCS-24700555","findspot":"Volubilis","raw_text":"D(is) M(anibus) s(acrum) / Val(erius) Vi(c)tor / Val(erii?) Sil(vani?) v(ixit) a(nnos) / [3]CES","date_from":null,"date_to":null,"marker_gender":"male","is_individual":false,"edcs_url":"https://edcs.hist.uzh.ch/en/document?edcs-id=EDCS-24700555","persons":[{"nomen":"Valerius","gender":"male","raw_name":"Val. Vi(c)tor","cognomen":"Victor"},{"nomen":"Valerius","gender":"male","raw_name":"Val(erii?) Sil(vani?)","cognomen":"Silvanus"}]}},{"type":"Feature","geometry":{"type":"Point","coordinates":[-5.56,34.07]},"properties":{"edcs_id":"EDCS-24700556","findspot":"Volubilis","raw_text":"D(is) M(anibus) s(acrum) / Valeria / Cogitata / an(n)orum / III [infelic]/issim(u)s(?) Cogi/[tat]us pate[r]","date_from":null,"date_to":null,"marker_gender":"mixed","is_individual":false,"edcs_url":"https://edcs.hist.uzh.ch/en/document?edcs-id=EDCS-24700556","persons":[{"nomen":"Valeria","gender":"female","raw_name":"Valeria Cogitata","cognomen":"Cogitata"},{"nomen":"","gender":"male","raw_name":"Cogi[tat]us","cognomen":"Cogitatus","status":"pater","cluster_id":569,"cluster_size":3,"cluster_confidence":"low"}]}},{"type":"Feature","geometry":{"type":"Point","coordinates":[-5.56,34.07]},"properties":{"edcs_id":"EDCS-24700557","findspot":"Volubilis","raw_text":"D(is) M(anibus) s(acrum) / Victor v(ixit) / annis VI s(emis)","date_from":null,"date_to":null,"marker_gender":"male","is_individual":false,"edcs_url":"https://edcs.hist.uzh.ch/en/document?edcs-id=EDCS-24700557","persons":[{"nomen":"","gender":"male","raw_name":"Victor","cognomen":"Victor"}]}},{"type":"Feature","geometry":{"type":"Point","coordinates":[-5.56,34.07]},"properties":{"edcs_id":"EDCS-24700558","findspot":"Volubilis","raw_text":"]AE[3]IIA / vix{s}it an/no[s 3] m(enses) V / [C]ae[cil(ius?)] Maur[us(?)] pater et / Ancana / pos(u)er(unt) s(it) t(erra) l(evis)","date_from":null,"date_to":null,"marker_gender":"mixed","is_individual":false,"edcs_url":"https://edcs.hist.uzh.ch/en/document?edcs-id=EDCS-24700558","persons":[{"nomen":"Caecilius","gender":"male","raw_name":"[C]ae[cil(ius?)] Maur[us(?)]","cognomen":"Maurus","status":"pater","cluster_id":207,"cluster_size":2},{"nomen":"","gender":"female","raw_name":"Ancana"}]}},{"type":"Feature","geometry":{"type":"Point","coordinates":[-5.56,34.07]},"properties":{"edcs_id":"EDCS-24700559","findspot":"Volubilis","raw_text":"]D[3] / T(itus) Pub[3]/ius [pa]/ter [3] / [3] Ant(onia) Amatia / mater Ant(onio) iunio/ri et [3]O[3] TR[","date_from":null,"date_to":null,"marker_gender":"mixed","is_individual":false,"edcs_url":"https://edcs.hist.uzh.ch/en/document?edcs-id=EDCS-24700559","persons":[{"nomen":"Publius","gender":"male","raw_name":"T. Pub[3]","praenomen":"Titus","status":"pater"},{"nomen":"Antonia","gender":"female","raw_name":"Ant(onia) Amatia","cognomen":"Amatia","status":"mater"},{"nomen":"","gender":"male","raw_name":"iunio","cognomen":"Iunior"}]}},{"type":"Feature","geometry":{"type":"Point","coordinates":[-5.56,34.07]},"properties":{"edcs_id":"EDCS-24700560","findspot":"Volubilis","raw_text":"]N[1]stium V M / D fil(i)us(?) O[3]O / [3]lus Sall/[ustian]us(?)","date_from":null,"date_to":null,"marker_gender":"male","is_individual":false,"edcs_url":"https://edcs.hist.uzh.ch/en/document?edcs-id=EDCS-24700560","persons":[{"nomen":"","gender":"male","raw_name":"D fil(i)us","status":"filius"},{"nomen":"","gender":"male","raw_name":"lus Sall [ustian]us","cognomen":"Sallustianus"}]}},{"type":"Feature","geometry":{"type":"Point","coordinates":[-5.56,34.07]},"properties":{"edcs_id":"EDCS-24700561","findspot":"Volubilis","raw_text":"D(is) M(anibus) s(acrum) / D(ecimus) Oratius / [3 vixit] / annos XX [","date_from":null,"date_to":null,"marker_gender":"male","is_individual":false,"edcs_url":"https://edcs.hist.uzh.ch/en/document?edcs-id=EDCS-24700561","persons":[{"nomen":"Horatius","gender":"male","raw_name":"D. Oratius","praenomen":"Decimus"}]}},{"type":"Feature","geometry":{"type":"Point","coordinates":[-5.56,34.07]},"properties":{"edcs_id":"EDCS-24700562","findspot":"Volubilis","raw_text":"D(is) M(anibus) / [E]mi[l]ia[na] / vixi[t an]/no[s] XV Ianu/aria mater po(suit)","date_from":null,"date_to":null,"marker_gender":"female","is_individual":false,"edcs_url":"https://edcs.hist.uzh.ch/en/document?edcs-id=EDCS-24700562","persons":[{"nomen":"Aemilia","gender":"female","raw_name":"Emiliana","cognomen":"Emiliana"},{"nomen":"","gender":"female","raw_name":"Ianuaria","status":"mater"}]}},{"type":"Feature","geometry":{"type":"Point","coordinates":[-5.56,34.07]},"properties":{"edcs_id":"EDCS-24700563","findspot":"Volubilis","raw_text":"[D(is)] M(anibus) s(acrum) / [3] vixit an/nos XXX po/[s]uit uxor","date_from":null,"date_to":null,"marker_gender":"female","is_individual":false,"edcs_url":"https://edcs.hist.uzh.ch/en/document?edcs-id=EDCS-24700563","persons":[{"nomen":"","gender":"female","raw_name":"uxor","status":"uxor"}]}},{"type":"Feature","geometry":{"type":"Point","coordinates":[-5.56,34.07]},"properties":{"edcs_id":"EDCS-24700564","findspot":"Volubilis","raw_text":"p]iissim(a)e matri / pos(uit) vix(it) annis LXX","date_from":null,"date_to":null,"marker_gender":"female","is_individual":false,"edcs_url":"https://edcs.hist.uzh.ch/en/document?edcs-id=EDCS-24700564","persons":[{"nomen":"Aurelius","gender":"female","raw_name":"piissim(a)e matri","status":"mater"}]}},{"type":"Feature","geometry":{"type":"Point","coordinates":[-4.68,34.42]},"properties":{"edcs_id":"EDCS-25001053","findspot":"Chellah / Sala","raw_text":"Simata","date_from":null,"date_to":null,"marker_gender":"female","is_individual":false,"edcs_url":"https://edcs.hist.uzh.ch/en/document?edcs-id=EDCS-25001053","persons":[{"nomen":"","gender":"female","raw_name":"Simata","cognomen":"Simata","cluster_id":467,"cluster_size":2,"cluster_confidence":"low"}]}},{"type":"Feature","geometry":{"type":"Point","coordinates":[-4.68,34.42]},"properties":{"edcs_id":"EDCS-25001055","findspot":"Chellah / Sala","raw_text":"D(is) M(anibus) s(acrum) / Venetus Aesuv[i m(iles?)] / coh(ortis) II Ast(urum) ex ex[plor(atoribus)] / Brit{t}annic[ianis] / [","date_from":null,"date_to":null,"marker_gender":"male","is_individual":false,"edcs_url":"https://edcs.hist.uzh.ch/en/document?edcs-id=EDCS-25001055","persons":[{"nomen":"","gender":"male","raw_name":"Venetus Aesuv[i m(iles?)] coh(ortis) II Ast(urum) ex ex[plor(atoribus)] Britannic[ianis","cognomen":"Venetus","status":"miles cohortis II Asturum ex exploratoribus Britannicianis","cluster_id":468,"cluster_size":2,"cluster_confidence":"low"}]}},{"type":"Feature","geometry":{"type":"Point","coordinates":[-5.81,35.79]},"properties":{"edcs_id":"EDCS-25600691","findspot":"Tanger / Tangier / Tingis","raw_text":"P(ublio) Besio P(ubli) f(ilio) Quir(ina) Betuiniano / C(aio) Mario Memmio Sabino / praef(ecto) coh(ortis) I Raetorum trib(uno) leg(ionis) X G(eminae) P(iae) F(idelis) / praef(ecto) alae Dardan(orum) procuratori / Imp(eratoris) Caesaris Nervae Traiani Aug(usti) Germ(anici) Dacici / monetae proc(uratori) provinc(iae) Baeticae proc(uratori) XX(vicesimae) hered(itatium) proc(uratori) pro / leg(ato) provinc(iae) Mauretaniae Tingitanae donis donato ab / Imp(eratore) Traiano Aug(usto) bello Dacico corona murali vallari hastis pur(is) vexillo argent(eo) / exacti exercitus","date_from":null,"date_to":null,"marker_gender":"male","is_individual":false,"edcs_url":"https://edcs.hist.uzh.ch/en/document?edcs-id=EDCS-25600691","persons":[{"nomen":"Besius","gender":"male","raw_name":"P(ublio) Besio P(ubli) f(ilio) Quir(ina) Betuiniano","praenomen":"Publius","cognomen":"Betuinianus","status":"tribus: Quirina"},{"nomen":"Marius","gender":"male","raw_name":"C(aio) Mario Memmio Sabino   praef(ecto) coh(ortis) I Raetorum trib(uno) leg(ionis) X G(eminae) P(iae) F(idelis)   praef(ecto) alae Dardan(orum) procuratori   Imp(eratoris) Caesaris Nervae Traiani Aug(usti) Germ(anici) Dacici   monetae proc(uratori) provinc(iae) Baeticae proc(uratori) XX(vicesimae) hered(itatium) proc(uratori) pro   leg(ato) provinc(iae) Mauretaniae Tingitanae donis donato ab   Imp(eratore) Traiano Aug(usto) bello Dacico corona murali vallari hastis pur(is) vexillo argent(eo)   exacti exercitus","praenomen":"Gaius","cognomen":"Memmius Sabinus","status":"praefecto cohortis I Raetorum, tribuno legionis X Geminae Piae Fideleis, praefecto alae Dardanorum, procuratori Imperatoris Caesaris Nervae Traiani Augusti Germanici Dacici monetae, procuratori provinciae Baeticae, procuratori XX heretitatium, procuratori pro legato provinciae Mauretaniae Tingitanae, donis donato ab Imperatore Traiano Augusto bello Dacico corona murali vallari hastis puris vexillo argenteo exacti exercitus"}]}},{"type":"Feature","geometry":{"type":"Point","coordinates":[-6.12,34.6]},"properties":{"edcs_id":"EDCS-25600693","findspot":"Sidi Ali bou Jenoun / Sidi Ali bou Djenoun / Banasa","raw_text":"Imp(eratori) Caes(ari) M(arco) / [A]urelio Antonin[o] / [Au]g(usto) Ger[m]anico S[ar]/[m]atico ponti[fici] / [ma]ximo tribuni[ciae] / [pot]estatis p(atri) p(atriae) co(n)s(uli) I[II] / [cu]rantibus C(aio) Castric[io] / [3]nio II et Q(uinto) Iunio Ga[3]/o [3] IIviris col(oniae) / [Aur]eliae Banasa[e] / [l(ocus)] d(atus) d(ecreto) d(ecurionum)","date_from":null,"date_to":null,"marker_gender":"male","is_individual":false,"edcs_url":"https://edcs.hist.uzh.ch/en/document?edcs-id=EDCS-25600693","persons":[{"nomen":"Aurelius","gender":"male","raw_name":"Imp(eratori) Caes(ari) M(arco) [A]urelio Antonin[o] [Au]g(usto) Ger[m]anico S[ar] [m]atico ponti[fici] [ma]ximo tribuni[ciae] [pot]estatis p(atri) p(atriae) co(n)s(uli) I[II]","praenomen":"Marcus","cognomen":"Antoninus","status":"Augustus Germanicus pontifex maximus tribuniciae potestatis pater patriae consul III","is_imperial":true,"cluster_id":94,"cluster_size":4},{"nomen":"Castricius","gender":"male","raw_name":"C(aio) Castric[io]","praenomen":"Gaius"},{"nomen":"Iunius","gender":"male","raw_name":"Q(uinto) Iunio Ga[3]o [3] IIviris","praenomen":"Quintus","cognomen":"Galo","status":"IIvir"}]}},{"type":"Feature","geometry":{"type":"Point","coordinates":[-5.56,34.07]},"properties":{"edcs_id":"EDCS-25600695","findspot":"Volubilis","raw_text":"Q(uinto) Caecilio Q(uinti) filio / Domitiano Claudia / Volubilitano decu/rioni municipii / Volubilitani an/norum XX Q(uintus) Cae/cilius Sen[e]ca Gra/cilis et Caec[ilia] / Antoniana [paren]/tes filio piis[simo] / posuerun[t]","date_from":null,"date_to":null,"marker_gender":"mixed","is_individual":false,"edcs_url":"https://edcs.hist.uzh.ch/en/document?edcs-id=EDCS-25600695","persons":[{"nomen":"Caecilius","gender":"male","raw_name":"Q. Caecilio Q. f. Domitiano Claudia Volubilitano decurioni municipii Volubilitani","praenomen":"Quintus","cognomen":"Domitianus","status":"tribus: Claudia, decurio municipii Volubitani","cluster_id":115,"cluster_size":2},{"nomen":"Caecilius","gender":"male","raw_name":"Q. Cae cilius Sen[e]ca Gra cilis","praenomen":"Quintus","cognomen":"Seneca Gracilis","status":"paren","cluster_id":116,"cluster_size":2},{"nomen":"Caecilia","gender":"female","raw_name":"Caec[ilia] Antoniana","cognomen":"Antoniana","status":"paren","cluster_id":117,"cluster_size":3}]}},{"type":"Feature","geometry":{"type":"Point","coordinates":[-5.56,34.07]},"properties":{"edcs_id":"EDCS-25600696","findspot":"Volubilis","raw_text":"M(arco) Fabio L(uci) fil(io) Cl(audia) / Rogato ann(orum) XVII / L(ucius) Fabius Crispus / pater / filio piissimo pos(uit)","date_from":null,"date_to":null,"marker_gender":"male","is_individual":false,"edcs_url":"https://edcs.hist.uzh.ch/en/document?edcs-id=EDCS-25600696","persons":[{"nomen":"Fabius","gender":"male","raw_name":"M. Fabio L. f. Cl. Rogato","praenomen":"Marcus","cognomen":"Rogatus","status":"tribus: Claudia"},{"nomen":"Fabius","gender":"male","raw_name":"L. Fabius Crispus","cognomen":"Crispus","status":"pater","cluster_id":119,"cluster_size":2}]}},{"type":"Feature","geometry":{"type":"Point","coordinates":[-5.8,35.78]},"properties":{"edcs_id":"EDCS-25601168","findspot":"Tanger / Tangier / Tingis","raw_text":"I(ovi) O(ptimo) M(aximo) Iunoni Minervae / c{a}eterisque di{i}s deabusque Immortalibus / pro s[alu]te dd(ominorum) nn(ostrorum) Augg(ustorum) / [Diocletiani et Maximiani et] / Constant[i] et Maxi/mian[i] / [nobil]issimor(um) Caesar(um) / Frontonianus sub[3] posuit / [Diocletiano Augusto VI] / et Constantio Caesar(e) iterum co(n)[s(ulibus)]","date_from":null,"date_to":null,"marker_gender":"male","is_individual":false,"edcs_url":"https://edcs.hist.uzh.ch/en/document?edcs-id=EDCS-25601168","persons":[{"nomen":"","gender":"unknown","raw_name":"Augg(ustorum)","status":"Augusti"},{"nomen":"","gender":"unknown","raw_name":"Constant[i]","status":"Caesar","is_imperial":true},{"nomen":"","gender":"unknown","raw_name":"Maximi[ani]","status":"Caesar","is_imperial":true},{"nomen":"","gender":"male","raw_name":"Frontonianus","cognomen":"Frontonianus"}]}},{"type":"Feature","geometry":{"type":"Point","coordinates":[-5.8,35.78]},"properties":{"edcs_id":"EDCS-25601169","findspot":"Tanger / Tangier / Tingis","raw_text":"[Imp(eratori) Ca]es(ari) G(aio!) Aurel(io) Val(erio) / [Diocletian]o Germanico / max(imo) Pio Felici invicto Aug(usto) / [p(ontifici)] m(aximo) tribuniciae potest(atis) VIII / [co(n)s(uli)] IIII patri patriae proc(onsuli) / [","date_from":null,"date_to":null,"marker_gender":"male","is_individual":false,"edcs_url":"https://edcs.hist.uzh.ch/en/document?edcs-id=EDCS-25601169","persons":[{"nomen":"Aurelius","gender":"male","raw_name":"Imp(eratori) Ca(esari) G(aio!) Aurel(io) Val(erio) Diocletian(o) Germanico   max(imo) Pio Felici invicto Aug(usto)   p(ontifici) m(aximo) tribuniciae potest(atis) VIII   co(n)s(uli) IIII patri patriae proc(onsuli)","cognomen":"Diocletianus","status":"Imperator Caesar Germanicus maximus Pius Felix invictus Augustus pontifex maximus tribuniciae potestatis VIII consuli IIII patri patriae proconsul","is_imperial":true}]}},{"type":"Feature","geometry":{"type":"Point","coordinates":[-5.81,35.79]},"properties":{"edcs_id":"EDCS-26800199","findspot":"Tanger / Tangier / Tingis","raw_text":"Imp(eratoris) Aug(usti)","date_from":null,"date_to":null,"marker_gender":"unknown","is_individual":false,"edcs_url":"https://edcs.hist.uzh.ch/en/document?edcs-id=EDCS-26800199","persons":[{"nomen":"","gender":"unknown","raw_name":"Imp(eratoris) Aug(usti)","status":"Imperatoris Augusti","is_imperial":true}]}},{"type":"Feature","geometry":{"type":"Point","coordinates":[-5.81,35.79]},"properties":{"edcs_id":"EDCS-26801206","findspot":"Tanger / Tangier / Tingis","raw_text":"M(arcus) Salinator / Quadratus / ann(orum) LXXXV / h(ic) s(itus) e(st) s(it) t(ibi) t(erra) l(evis)","date_from":null,"date_to":null,"marker_gender":"male","is_individual":false,"edcs_url":"https://edcs.hist.uzh.ch/en/document?edcs-id=EDCS-26801206","persons":[{"nomen":"Salinator","gender":"male","raw_name":"M. Salinator Quadratus","praenomen":"Marcus","cognomen":"Quadratus"}]}},{"type":"Feature","geometry":{"type":"Point","coordinates":[-6.82,34.01]},"properties":{"edcs_id":"EDCS-26801208","findspot":"Chellah / Sala","raw_text":"in]/nocentiae et / iustitiae sin/gularis Aulo / Caecinae Tacito co(n)s(uli) / praes(idi) prov(inciae) Baet(icae) / VIIvir(o) epulo<n=R>um / pr(aetori) candidato / [qu]aestori candidato / Sept(imius) Caruleianus / eq(ues) Romanus / patrono / incomparabili","date_from":null,"date_to":null,"marker_gender":"male","is_individual":true,"edcs_url":"https://edcs.hist.uzh.ch/en/document?edcs-id=EDCS-26801208","persons":[{"nomen":"Caecina","gender":"male","raw_name":"Aulo Caecinae Tacito","praenomen":"Aulus","cognomen":"Tacitus","status":"consul, praeses provinciae Baeticae, VIIvir epulonum, quaestor candidato"},{"nomen":"Septimius","gender":"male","raw_name":"Sept. Caruleianus","cognomen":"Caruleianus","status":"eques Romanus"}]}},{"type":"Feature","geometry":{"type":"Point","coordinates":[-5.56,34.07]},"properties":{"edcs_id":"EDCS-27000183","findspot":"Volubilis","raw_text":"[3] Aur(eli)","date_from":null,"date_to":null,"marker_gender":"unknown","is_individual":false,"edcs_url":"https://edcs.hist.uzh.ch/en/document?edcs-id=EDCS-27000183","persons":[{"nomen":"Aurelius","gender":"unknown","raw_name":"[3] Aur(eli)"}]}},{"type":"Feature","geometry":{"type":"Point","coordinates":[-5.81,35.79]},"properties":{"edcs_id":"EDCS-27100221","findspot":"Tanger / Tangier / Tingis","raw_text":"D(is) M(anibus) / Antonius Proclinus / eq(ues) ex vexi(l)latione / al(a)e Flaviae ex / sing(u)laribus vixit / an(n)is XXXX hic sit(us) est / sit tibi ter(r)a levis","date_from":null,"date_to":null,"marker_gender":"male","is_individual":false,"edcs_url":"https://edcs.hist.uzh.ch/en/document?edcs-id=EDCS-27100221","persons":[{"nomen":"Antonius","gender":"male","raw_name":"Antonius Proclinus","cognomen":"Proclinus","status":"eques ex vexillatione alae Flaviae ex singularibus"}]}},{"type":"Feature","geometry":{"type":"Point","coordinates":[-5.81,35.79]},"properties":{"edcs_id":"EDCS-27100224","findspot":"Tanger / Tangier / Tingis","raw_text":"Crementia anc/illae Chr(isti) vix(it) an(nos) / XXXVII men(ses) V d/ies XI requi(e)vit in pace Potentianus m<a=E>eri/tus","date_from":null,"date_to":null,"marker_gender":"mixed","is_individual":false,"edcs_url":"https://edcs.hist.uzh.ch/en/document?edcs-id=EDCS-27100224","persons":[{"nomen":"","gender":"female","raw_name":"Crementia","cognomen":"Crementia","status":"ancillae Christi"},{"nomen":"","gender":"male","raw_name":"Potentianus","cognomen":"Potentianus","status":"meritus"}]}},{"type":"Feature","geometry":{"type":"Point","coordinates":[-5.81,35.79]},"properties":{"edcs_id":"EDCS-27100225","findspot":"Tanger / Tangier / Tingis","raw_text":"Vixit an(nos) LI / Silius r(equiescit) i(n) h(oc) t(umulo) / Nasonis / Crispus","date_from":null,"date_to":null,"marker_gender":"male","is_individual":false,"edcs_url":"https://edcs.hist.uzh.ch/en/document?edcs-id=EDCS-27100225","persons":[{"nomen":"Silius","gender":"male","raw_name":"Silius Nasonis Crispus","cognomen":"Crispus"}]}},{"type":"Feature","geometry":{"type":"Point","coordinates":[-5.51,34.11]},"properties":{"edcs_id":"EDCS-27100228","findspot":"Ain Schkour / Ain Schkor / Volubilis","raw_text":"[Ge]nio loci / [3 F]l(avius?) Neon praef(ectus) / [c]oh(ortis) Astur(um) et Call(aecorum) / praetorium per m[a]/nus commil(itonum) a s[o]lo / composuit et fecit","date_from":null,"date_to":null,"marker_gender":"male","is_individual":false,"edcs_url":"https://edcs.hist.uzh.ch/en/document?edcs-id=EDCS-27100228","persons":[{"nomen":"","gender":"male","raw_name":"[Ge]nio loci [3 F]l(avius?) Neon praef(ectus) coh(ortis) Astur(um) et Call(aecorum)","cognomen":"Neon","status":"praefectus, cohortis Asturum et Callaecorum","is_deity":true,"cluster_confidence":"excluded"}]}},{"type":"Feature","geometry":null,"properties":{"edcs_id":"EDCS-27600687","findspot":"Dar Assilet","raw_text":"Saturninus","date_from":null,"date_to":null,"marker_gender":"male","is_individual":true,"edcs_url":"https://edcs.hist.uzh.ch/en/document?edcs-id=EDCS-27600687","persons":[{"nomen":"","gender":"male","raw_name":"Saturninus","cognomen":"Saturninus"}]}},{"type":"Feature","geometry":{"type":"Point","coordinates":[-5.56,34.07]},"properties":{"edcs_id":"EDCS-27600704","findspot":"Volubilis","raw_text":"Sex(ti) / Afri","date_from":null,"date_to":null,"marker_gender":"male","is_individual":false,"edcs_url":"https://edcs.hist.uzh.ch/en/document?edcs-id=EDCS-27600704","persons":[{"nomen":"","gender":"male","raw_name":"Sex(ti) Afri","praenomen":"Sextus","cognomen":"Afer"}]}},{"type":"Feature","geometry":{"type":"Point","coordinates":[-5.56,34.07]},"properties":{"edcs_id":"EDCS-27600705","findspot":"Volubilis","raw_text":"Apol(l)/oniu[s","date_from":null,"date_to":null,"marker_gender":"male","is_individual":false,"edcs_url":"https://edcs.hist.uzh.ch/en/document?edcs-id=EDCS-27600705","persons":[{"nomen":"","gender":"male","raw_name":"Apoll(oniu)[s","cognomen":"Apollonius"}]}},{"type":"Feature","geometry":{"type":"Point","coordinates":[-5.56,34.07]},"properties":{"edcs_id":"EDCS-27600706","findspot":"Volubilis","raw_text":"C(ai) Arv(i)","date_from":null,"date_to":null,"marker_gender":"unknown","is_individual":false,"edcs_url":"https://edcs.hist.uzh.ch/en/document?edcs-id=EDCS-27600706","persons":[{"nomen":"Arvius","gender":"unknown","raw_name":"C. Arv(i)","praenomen":"Gaius"}]}},{"type":"Feature","geometry":{"type":"Point","coordinates":[-5.56,34.07]},"properties":{"edcs_id":"EDCS-27600707","findspot":"Volubilis","raw_text":"Cn(aei) Ate(i)","date_from":null,"date_to":null,"marker_gender":"unknown","is_individual":false,"edcs_url":"https://edcs.hist.uzh.ch/en/document?edcs-id=EDCS-27600707","persons":[{"nomen":"Ateius","gender":"unknown","raw_name":"Cn. Ate(i)","praenomen":"Gnaeus"}]}},{"type":"Feature","geometry":{"type":"Point","coordinates":[-5.56,34.07]},"properties":{"edcs_id":"EDCS-27600708","findspot":"Volubilis","raw_text":"Attici","date_from":null,"date_to":null,"marker_gender":"male","is_individual":false,"edcs_url":"https://edcs.hist.uzh.ch/en/document?edcs-id=EDCS-27600708","persons":[{"nomen":"","gender":"male","raw_name":"Attici","cognomen":"Atticus"}]}},{"type":"Feature","geometry":{"type":"Point","coordinates":[-5.56,34.07]},"properties":{"edcs_id":"EDCS-27600709","findspot":"Volubilis","raw_text":"Avil(li)","date_from":null,"date_to":null,"marker_gender":"unknown","is_individual":false,"edcs_url":"https://edcs.hist.uzh.ch/en/document?edcs-id=EDCS-27600709","persons":[{"nomen":"Avilius","gender":"unknown","raw_name":"Avil(li)"}]}},{"type":"Feature","geometry":null,"properties":{"edcs_id":"EDCS-27800298","findspot":"Larache / Lixus","raw_text":"Rasini","date_from":null,"date_to":null,"marker_gender":"male","is_individual":true,"edcs_url":"https://edcs.hist.uzh.ch/en/document?edcs-id=EDCS-27800298","persons":[{"nomen":"","gender":"male","raw_name":"Rasin(i)","cognomen":"Rasinius"}]}},{"type":"Feature","geometry":{"type":"Point","coordinates":[-5.56,34.07]},"properties":{"edcs_id":"EDCS-27800303","findspot":"Volubilis","raw_text":"MAIBIOF","date_from":null,"date_to":null,"marker_gender":"male","is_individual":false,"edcs_url":"https://edcs.hist.uzh.ch/en/document?edcs-id=EDCS-27800303","persons":[{"nomen":"","gender":"male","raw_name":"MAIBIOF","cognomen":"Maibius"}]}},{"type":"Feature","geometry":{"type":"Point","coordinates":[-5.56,34.07]},"properties":{"edcs_id":"EDCS-27800304","findspot":"Volubilis","raw_text":"Of(ficina) Momu()","date_from":null,"date_to":null,"marker_gender":"male","is_individual":false,"edcs_url":"https://edcs.hist.uzh.ch/en/document?edcs-id=EDCS-27800304","persons":[{"nomen":"","gender":"male","raw_name":"Momu()","cognomen":"Momus","status":"officina"}]}},{"type":"Feature","geometry":{"type":"Point","coordinates":[-5.56,34.07]},"properties":{"edcs_id":"EDCS-27800305","findspot":"Volubilis","raw_text":"Murri","date_from":null,"date_to":null,"marker_gender":"male","is_individual":false,"edcs_url":"https://edcs.hist.uzh.ch/en/document?edcs-id=EDCS-27800305","persons":[{"nomen":"","gender":"male","raw_name":"Murri","cognomen":"Murrius"}]}},{"type":"Feature","geometry":{"type":"Point","coordinates":[-5.56,34.07]},"properties":{"edcs_id":"EDCS-27800306","findspot":"Volubilis","raw_text":"Nobilis","date_from":null,"date_to":null,"marker_gender":"male","is_individual":false,"edcs_url":"https://edcs.hist.uzh.ch/en/document?edcs-id=EDCS-27800306","persons":[{"nomen":"","gender":"male","raw_name":"Nobilis","cognomen":"Nobilis"}]}},{"type":"Feature","geometry":null,"properties":{"edcs_id":"EDCS-33500147","findspot":"Lixus, Ruines de","raw_text":"Cai Sen","date_from":null,"date_to":null,"marker_gender":"male","is_individual":true,"edcs_url":"https://edcs.hist.uzh.ch/en/document?edcs-id=EDCS-33500147","persons":[{"nomen":"Sennius","gender":"male","raw_name":"C(ai) Sen()","praenomen":"Gaius"}]}},{"type":"Feature","geometry":{"type":"Point","coordinates":[8.89,36.24]},"properties":{"edcs_id":"EDCS-33500235","findspot":"Ksar el-Kebir / Oppidum Novum","raw_text":"I(ovi) O(ptimo) M(aximo) / ceterisq(ue) di{i}s Im/mort(alibus) pro salute / atque incolumi/tate dd(ominorum) nn(ostrorum) Diocletia/ni [et] Maximiani / Augg(ustorum) M(arcus) Aurel(ius) Cletus / v(ir) p(erfectissimus) p(raeses) p(rovinciae) M(auretaniae) T(ingitanae) pro pace / provinci(a)e ded[it] / dedicavit die XIII / Kal(endas) Oct(obres) Tiberiano [II] / Dione co(n)ss(ulibus) // I(ovi) O(ptimo) M(aximo) ceterisq(ue) di{i}s Immort(alibus) / pro salute atque incolumitate / dd(ominorum) nn(ostrorum) Diocletiani et Maximiani Augg(ustorum) / M(arcus) Aurel(ius) Cletus v(ir) p(erfectissimus) p(raeses) p(rovinciae) M(auretaniae) T(ingitanae) / pro pace provinci(a)e ded[it] dedicavit / die XIII Kal(endas) Oct(obres) Tiberiano [II] Dione co(n)ss(ulibus)","date_from":null,"date_to":null,"marker_gender":"male","is_individual":false,"edcs_url":"https://edcs.hist.uzh.ch/en/document?edcs-id=EDCS-33500235","persons":[{"nomen":"Aurelius","gender":"male","raw_name":"M. Aurel. Cletus v. p. p. M. T. pro salute atque incolumitate dd. nn. Diocletiani et Maximiani Augg. dedit dedicavit die XIII Kal. Oct. Tiberiano II Dione co(n)ss(ulibus)","praenomen":"Marcus","cognomen":"Cletus","status":"vir perfectissimus praeses provinciae Mauretaniae Tingitanae, dominorum nostrorum Diocletiani et Maximiani Augustorum","is_imperial":true}]}},{"type":"Feature","geometry":{"type":"Point","coordinates":[-4.68,34.42]},"properties":{"edcs_id":"EDCS-33500239","findspot":"Chellah / Sala","raw_text":"Thrax(?) Aurelius Diza","date_from":null,"date_to":null,"marker_gender":"male","is_individual":false,"edcs_url":"https://edcs.hist.uzh.ch/en/document?edcs-id=EDCS-33500239","persons":[{"nomen":"Aurelius","gender":"male","raw_name":"Aurelius Diza","cognomen":"Diza"},{"nomen":"","gender":"male","raw_name":"Thrax","cognomen":"Thrax"}]}},{"type":"Feature","geometry":{"type":"Point","coordinates":[-4.68,34.42]},"properties":{"edcs_id":"EDCS-33500240","findspot":"Chellah / Sala","raw_text":"Simata","date_from":null,"date_to":null,"marker_gender":"female","is_individual":false,"edcs_url":"https://edcs.hist.uzh.ch/en/document?edcs-id=EDCS-33500240","persons":[{"nomen":"","gender":"female","raw_name":"Simata","cognomen":"Simata","cluster_id":467,"cluster_size":2,"cluster_confidence":"low"}]}},{"type":"Feature","geometry":{"type":"Point","coordinates":[-5.56,34.07]},"properties":{"edcs_id":"EDCS-33500255","findspot":"Volubilis","raw_text":"] / Aelianus vix(it) / annis XXXXVII","date_from":null,"date_to":null,"marker_gender":"male","is_individual":false,"edcs_url":"https://edcs.hist.uzh.ch/en/document?edcs-id=EDCS-33500255","persons":[{"nomen":"Aelianus","gender":"male","raw_name":"Aelianus"}]}},{"type":"Feature","geometry":{"type":"Point","coordinates":[-5.56,34.07]},"properties":{"edcs_id":"EDCS-33500262","findspot":"Volubilis","raw_text":"G]ydd[em(?)","date_from":null,"date_to":null,"marker_gender":"unknown","is_individual":false,"edcs_url":"https://edcs.hist.uzh.ch/en/document?edcs-id=EDCS-33500262","persons":[{"nomen":"","gender":"unknown","raw_name":"G]ydd[em(?)","cognomen":"Gyddem"}]}},{"type":"Feature","geometry":{"type":"Point","coordinates":[-5.56,34.07]},"properties":{"edcs_id":"EDCS-33500268","findspot":"Volubilis","raw_text":"]el(ius) / S[3]atius / [vi]<x=S>i[t] a(nnum) I me(n)ses / nove(m) posu/<i=E>t Sonniu[s] Se/[3]es pater / f(ilio) pi(o)","date_from":null,"date_to":null,"marker_gender":"male","is_individual":false,"edcs_url":"https://edcs.hist.uzh.ch/en/document?edcs-id=EDCS-33500268","persons":[{"nomen":"","gender":"male","raw_name":"S[3]atius","cognomen":"Satius","status":"pater"},{"nomen":"Sonnianu","gender":"male","raw_name":"Sonniu[3]es","status":"filius pius"}]}},{"type":"Feature","geometry":null,"properties":{"edcs_id":"EDCS-33600224","findspot":"Lixus, Ruines de","raw_text":"Cai Vibieni","date_from":null,"date_to":null,"marker_gender":"male","is_individual":true,"edcs_url":"https://edcs.hist.uzh.ch/en/document?edcs-id=EDCS-33600224","persons":[{"nomen":"Vibienus","gender":"male","raw_name":"C(ai) Vib(ieni)","praenomen":"Gaius"}]}},{"type":"Feature","geometry":null,"properties":{"edcs_id":"EDCS-33600225","findspot":"Lixus, Ruines de","raw_text":"Osius Va","date_from":null,"date_to":null,"marker_gender":"male","is_individual":true,"edcs_url":"https://edcs.hist.uzh.ch/en/document?edcs-id=EDCS-33600225","persons":[{"nomen":"Osius","gender":"male","raw_name":"Osius Va()","cognomen":"Valerius"}]}},{"type":"Feature","geometry":{"type":"Point","coordinates":[-5.56,34.07]},"properties":{"edcs_id":"EDCS-33600241","findspot":"Volubilis","raw_text":"Zoili","date_from":null,"date_to":null,"marker_gender":"male","is_individual":false,"edcs_url":"https://edcs.hist.uzh.ch/en/document?edcs-id=EDCS-33600241","persons":[{"nomen":"","gender":"male","raw_name":"Zoili","cognomen":"Zoilus","cluster_id":530,"cluster_size":2,"cluster_confidence":"low"}]}},{"type":"Feature","geometry":null,"properties":{"edcs_id":"EDCS-33600446","findspot":"Lixus, Ruines de","raw_text":"Severi","date_from":null,"date_to":null,"marker_gender":"male","is_individual":true,"edcs_url":"https://edcs.hist.uzh.ch/en/document?edcs-id=EDCS-33600446","persons":[{"nomen":"","gender":"male","raw_name":"Severi","cognomen":"Severus","cluster_id":495,"cluster_size":2,"cluster_confidence":"low"}]}},{"type":"Feature","geometry":null,"properties":{"edcs_id":"EDCS-33600447","findspot":"Lixus, Ruines de","raw_text":"Severus","date_from":null,"date_to":null,"marker_gender":"male","is_individual":true,"edcs_url":"https://edcs.hist.uzh.ch/en/document?edcs-id=EDCS-33600447","persons":[{"nomen":"","gender":"male","raw_name":"Seve rus","cognomen":"Severus","cluster_id":495,"cluster_size":2,"cluster_confidence":"low"}]}},{"type":"Feature","geometry":null,"properties":{"edcs_id":"EDCS-33600448","findspot":"Lixus, Ruines de","raw_text":"Lucius Tetius Samia","date_from":null,"date_to":null,"marker_gender":"female","is_individual":true,"edcs_url":"https://edcs.hist.uzh.ch/en/document?edcs-id=EDCS-33600448","persons":[{"nomen":"Titius","gender":"female","raw_name":"L(ucius) Teti(us)   Samia","praenomen":"Lucius","cognomen":"Samia"}]}},{"type":"Feature","geometry":{"type":"Point","coordinates":[-5.56,34.07]},"properties":{"edcs_id":"EDCS-33700109","findspot":"Volubilis","raw_text":"Of(ficina) Iucun(di)","date_from":null,"date_to":null,"marker_gender":"male","is_individual":false,"edcs_url":"https://edcs.hist.uzh.ch/en/document?edcs-id=EDCS-33700109","persons":[{"nomen":"","gender":"male","raw_name":"Of(ficina) Iucun(di)","cognomen":"Iucundus","status":"magister"}]}},{"type":"Feature","geometry":null,"properties":{"edcs_id":"EDCS-33700110","findspot":"Gharbiya","raw_text":"Iucundi Sexti Valeri","date_from":null,"date_to":null,"marker_gender":"male","is_individual":true,"edcs_url":"https://edcs.hist.uzh.ch/en/document?edcs-id=EDCS-33700110","persons":[{"nomen":"Valerius","gender":"male","raw_name":"Iucu(ndi) S. Vale(ri?)","praenomen":"Sextus","cognomen":"Iucundus"}]}},{"type":"Feature","geometry":{"type":"Point","coordinates":[-5.56,34.07]},"properties":{"edcs_id":"EDCS-33700484","findspot":"Volubilis","raw_text":"Firmo","date_from":null,"date_to":null,"marker_gender":"male","is_individual":false,"edcs_url":"https://edcs.hist.uzh.ch/en/document?edcs-id=EDCS-33700484","persons":[{"nomen":"","gender":"male","raw_name":"Firmo","cognomen":"Firmus"}]}},{"type":"Feature","geometry":{"type":"Point","coordinates":[-5.56,34.07]},"properties":{"edcs_id":"EDCS-33700487","findspot":"Volubilis","raw_text":"P(ubli) Corneli / [3]ivi","date_from":null,"date_to":null,"marker_gender":"unknown","is_individual":false,"edcs_url":"https://edcs.hist.uzh.ch/en/document?edcs-id=EDCS-33700487","persons":[{"nomen":"Cornelius","gender":"unknown","raw_name":"P. Corneli [3]ivi","praenomen":"Publius"}]}},{"type":"Feature","geometry":{"type":"Point","coordinates":[-5.56,34.07]},"properties":{"edcs_id":"EDCS-33700488","findspot":"Volubilis","raw_text":"Castus fe(cit)","date_from":null,"date_to":null,"marker_gender":"male","is_individual":false,"edcs_url":"https://edcs.hist.uzh.ch/en/document?edcs-id=EDCS-33700488","persons":[{"nomen":"","gender":"male","raw_name":"Castus","cognomen":"Castus"}]}},{"type":"Feature","geometry":{"type":"Point","coordinates":[-5.56,34.07]},"properties":{"edcs_id":"EDCS-33700489","findspot":"Volubilis","raw_text":"TOI[3] / Cal()","date_from":null,"date_to":null,"marker_gender":"unknown","is_individual":false,"edcs_url":"https://edcs.hist.uzh.ch/en/document?edcs-id=EDCS-33700489","persons":[{"nomen":"","gender":"unknown","raw_name":"TOI[3]"},{"nomen":"","gender":"unknown","raw_name":"Cal()"}]}},{"type":"Feature","geometry":{"type":"Point","coordinates":[-5.56,34.07]},"properties":{"edcs_id":"EDCS-33700490","findspot":"Volubilis","raw_text":"CACA / Iuca","date_from":null,"date_to":null,"marker_gender":"female","is_individual":false,"edcs_url":"https://edcs.hist.uzh.ch/en/document?edcs-id=EDCS-33700490","persons":[{"nomen":"","gender":"female","raw_name":"Iuca","cognomen":"Iuca"}]}},{"type":"Feature","geometry":{"type":"Point","coordinates":[-4.68,34.42]},"properties":{"edcs_id":"EDCS-33700620","findspot":"Chellah / Sala","raw_text":"D(is) M(anibus) s(acrum) / Venetus Aesuv[i mil(es?)] / coh(ortis) II Ast(urum) ex ex[peditione] / Britannic[a missus(?)","date_from":null,"date_to":null,"marker_gender":"male","is_individual":false,"edcs_url":"https://edcs.hist.uzh.ch/en/document?edcs-id=EDCS-33700620","persons":[{"nomen":"","gender":"male","raw_name":"Venetus Aesuv[i mil(es?)] coh(ortis) II Ast(urum) ex ex[peditione] Britannic[a","cognomen":"Venetus","status":"miles cohortis II Asturum ex expeditione Britannica","cluster_id":468,"cluster_size":2,"cluster_confidence":"low"}]}},{"type":"Feature","geometry":{"type":"Point","coordinates":[-5.56,34.07]},"properties":{"edcs_id":"EDCS-39200522","findspot":"Volubilis","raw_text":"Ὑπὲρ σωτηρίας / καὶ νείκης τοῦ / [κ]ράτους θεῷ Μ[α]/[ν]άφῳ καὶ θεῷ Θ[ε]/[α]νδρίῳ Μανα/[φ]ηνοὶ ἀνέ[θηκαν]","date_from":null,"date_to":null,"marker_gender":"male","is_individual":false,"edcs_url":"https://edcs.hist.uzh.ch/en/document?edcs-id=EDCS-39200522","persons":[{"nomen":"","gender":"male","raw_name":"[κ] [α]νάφῳ","cognomen":"Manafes","status":"deus","cluster_id":670,"cluster_size":2,"cluster_confidence":"low"},{"nomen":"","gender":"male","raw_name":"Θε] [α]νδρίῳ","cognomen":"Theandrius","status":"deus"},{"nomen":"","gender":"male","raw_name":"Mana [φ]ηνοὶ","cognomen":"Manafes","cluster_id":670,"cluster_size":2,"cluster_confidence":"low"}]}},{"type":"Feature","geometry":{"type":"Point","coordinates":[-5.56,34.07]},"properties":{"edcs_id":"EDCS-39200523","findspot":"Volubilis","raw_text":"D(is) M(anibus) [s(acrum)] / Αὐρ(ηλία) Σαβεῖνα / Σύρα ζήσασα / ἔτη νεʹ Κελεσ/τῖνα θυγάττηρ / [α]ἰωνίου μνή/[μ]ης χάριν","date_from":null,"date_to":null,"marker_gender":"mixed","is_individual":false,"edcs_url":"https://edcs.hist.uzh.ch/en/document?edcs-id=EDCS-39200523","persons":[{"nomen":"Aurelia","gender":"female","raw_name":"Αὐρ(ηλία) Σαβεῖνα Σύρα","cognomen":"Sabina","status":"Syra"},{"nomen":"","gender":"male","raw_name":"Κελεσ τῖνα","cognomen":"Caelestinus","status":"pater"}]}},{"type":"Feature","geometry":{"type":"Point","coordinates":[-5.56,34.07]},"properties":{"edcs_id":"EDCS-39200524","findspot":"Volubilis","raw_text":"D(is) M(anibus) s(acrum) / Μάγνι Αλα/πι τῶν Μαζα/βανα ἐτῶν λʹ / ἐνθάδε κεῖται","date_from":null,"date_to":null,"marker_gender":"male","is_individual":false,"edcs_url":"https://edcs.hist.uzh.ch/en/document?edcs-id=EDCS-39200524","persons":[{"nomen":"","gender":"male","raw_name":"Μάγνι","cognomen":"Magnus"},{"nomen":"","gender":"unknown","raw_name":"Αλαπι","cognomen":"Alapi"},{"nomen":"","gender":"unknown","raw_name":"Μαζα βανα","cognomen":"Mazabana"}]}},{"type":"Feature","geometry":null,"properties":{"edcs_id":"EDCS-45600123","findspot":"Oued Bou Hellou","raw_text":"dus","date_from":null,"date_to":null,"marker_gender":"unknown","is_individual":true,"edcs_url":"https://edcs.hist.uzh.ch/en/document?edcs-id=EDCS-45600123","persons":[{"nomen":"","gender":"unknown","raw_name":"dus ["}]}},{"type":"Feature","geometry":{"type":"Point","coordinates":[-5.56,34.07]},"properties":{"edcs_id":"EDCS-46300222","findspot":"Volubilis","raw_text":"C(ai) Ponticieni M(arci) f(ilii) Fab(ia)","date_from":null,"date_to":null,"marker_gender":"male","is_individual":false,"edcs_url":"https://edcs.hist.uzh.ch/en/document?edcs-id=EDCS-46300222","persons":[{"nomen":"Ponticienus","gender":"male","raw_name":"C. Ponticieni M. f. Fab(ia)","praenomen":"Gaius","status":"tribus: Fabia"}]}},{"type":"Feature","geometry":{"type":"Point","coordinates":[-5.56,34.07]},"properties":{"edcs_id":"EDCS-46700006","findspot":"Volubilis","raw_text":"C(ai) Pontilieni M(arci) f(ilii) Fab(ia)","date_from":null,"date_to":null,"marker_gender":"male","is_individual":false,"edcs_url":"https://edcs.hist.uzh.ch/en/document?edcs-id=EDCS-46700006","persons":[{"nomen":"Pontilienus","gender":"male","raw_name":"C. Pontilieni M. f. Fab(ia)","praenomen":"Caius","status":"tribus: Fabia"}]}},{"type":"Feature","geometry":{"type":"Point","coordinates":[-5.56,34.07]},"properties":{"edcs_id":"EDCS-46900032","findspot":"Volubilis","raw_text":"D(is) M(anibus) s(acrum) / Caecilius T(iti) f(ilius) / bene merent(i) / Caec(ilius) Clemens","date_from":null,"date_to":null,"marker_gender":"male","is_individual":false,"edcs_url":"https://edcs.hist.uzh.ch/en/document?edcs-id=EDCS-46900032","persons":[{"nomen":"Caecilius","gender":"male","raw_name":"Caecilius T(iti) f(ilius)"},{"nomen":"Caecilius","gender":"male","raw_name":"Caec(ilius) Clemens","cognomen":"Clemens","cluster_id":126,"cluster_size":5}]}},{"type":"Feature","geometry":{"type":"Point","coordinates":[-5.56,34.07]},"properties":{"edcs_id":"EDCS-47200390","findspot":"Volubilis","raw_text":"Ex of(ficina) Novit(i) / Lu() Sem()","date_from":null,"date_to":null,"marker_gender":"unknown","is_individual":false,"edcs_url":"https://edcs.hist.uzh.ch/en/document?edcs-id=EDCS-47200390","persons":[{"nomen":"","gender":"unknown","raw_name":"Lu() Sem()","status":"ex officina Noviti"}]}},{"type":"Feature","geometry":{"type":"Point","coordinates":[-5.51,34.11]},"properties":{"edcs_id":"EDCS-47200396","findspot":"Ain Schkour / Ain Schkor / Volubilis","raw_text":"Marcus Romulus Isce[3]","date_from":null,"date_to":null,"marker_gender":"male","is_individual":false,"edcs_url":"https://edcs.hist.uzh.ch/en/document?edcs-id=EDCS-47200396","persons":[{"nomen":"","gender":"male","raw_name":"Marcus Romulus Isce[3]","praenomen":"Marcus","cognomen":"Romulus"}]}},{"type":"Feature","geometry":{"type":"Point","coordinates":[-6.12,34.6]},"properties":{"edcs_id":"EDCS-47200410","findspot":"Sidi Ali bou Jenoun / Sidi Ali bou Djenoun / Banasa","raw_text":"Ael() Fo()","date_from":null,"date_to":null,"marker_gender":"male","is_individual":false,"edcs_url":"https://edcs.hist.uzh.ch/en/document?edcs-id=EDCS-47200410","persons":[{"nomen":"Aelius","gender":"male","raw_name":"Ael() Fo()","praenomen":"Gaius","cognomen":"؟"}]}},{"type":"Feature","geometry":{"type":"Point","coordinates":[-6.12,34.6]},"properties":{"edcs_id":"EDCS-47400259","findspot":"Sidi Ali bou Jenoun / Sidi Ali bou Djenoun / Banasa","raw_text":"Perrimi","date_from":null,"date_to":null,"marker_gender":"male","is_individual":false,"edcs_url":"https://edcs.hist.uzh.ch/en/document?edcs-id=EDCS-47400259","persons":[{"nomen":"","gender":"male","raw_name":"Perrimi","cognomen":"Perrimus"}]}},{"type":"Feature","geometry":{"type":"Point","coordinates":[-6.12,34.6]},"properties":{"edcs_id":"EDCS-47400263","findspot":"Sidi Ali bou Jenoun / Sidi Ali bou Djenoun / Banasa","raw_text":"Larus","date_from":null,"date_to":null,"marker_gender":"male","is_individual":false,"edcs_url":"https://edcs.hist.uzh.ch/en/document?edcs-id=EDCS-47400263","persons":[{"nomen":"","gender":"male","raw_name":"Larus","cognomen":"Larus"}]}},{"type":"Feature","geometry":{"type":"Point","coordinates":[-5.56,34.07]},"properties":{"edcs_id":"EDCS-47400362","findspot":"Volubilis","raw_text":"Uxama","date_from":null,"date_to":null,"marker_gender":"unknown","is_individual":false,"edcs_url":"https://edcs.hist.uzh.ch/en/document?edcs-id=EDCS-47400362","persons":[{"nomen":"","gender":"unknown","raw_name":"Uxama","cognomen":"Uxama"}]}},{"type":"Feature","geometry":{"type":"Point","coordinates":[-6.12,34.6]},"properties":{"edcs_id":"EDCS-47400378","findspot":"Sidi Ali bou Jenoun / Sidi Ali bou Djenoun / Banasa","raw_text":"Gaius","date_from":null,"date_to":null,"marker_gender":"male","is_individual":false,"edcs_url":"https://edcs.hist.uzh.ch/en/document?edcs-id=EDCS-47400378","persons":[{"nomen":"","gender":"male","raw_name":"Gaius","praenomen":"Gaius"}]}},{"type":"Feature","geometry":{"type":"Point","coordinates":[-6.12,34.6]},"properties":{"edcs_id":"EDCS-47400379","findspot":"Sidi Ali bou Jenoun / Sidi Ali bou Djenoun / Banasa","raw_text":"Ocellus","date_from":null,"date_to":null,"marker_gender":"male","is_individual":false,"edcs_url":"https://edcs.hist.uzh.ch/en/document?edcs-id=EDCS-47400379","persons":[{"nomen":"","gender":"male","raw_name":"Ocellus","cognomen":"Ocellus"}]}},{"type":"Feature","geometry":{"type":"Point","coordinates":[-6.49,34.34]},"properties":{"edcs_id":"EDCS-47400382","findspot":"Sidi Ali Ben Ahmed / Thamusida","raw_text":"Velis","date_from":null,"date_to":null,"marker_gender":"unknown","is_individual":false,"edcs_url":"https://edcs.hist.uzh.ch/en/document?edcs-id=EDCS-47400382","persons":[{"nomen":"","gender":"unknown","raw_name":"Velis","cognomen":"Velis"}]}},{"type":"Feature","geometry":null,"properties":{"edcs_id":"EDCS-47400384","findspot":"Chebabat","raw_text":"Victoriae Augustae sacrum Au A us C A","date_from":null,"date_to":null,"marker_gender":"unknown","is_individual":true,"edcs_url":"https://edcs.hist.uzh.ch/en/document?edcs-id=EDCS-47400384","persons":[{"nomen":"","gender":"unknown","raw_name":"Au[3]A[3]us [3]"}]}},{"type":"Feature","geometry":{"type":"Point","coordinates":[-5.56,34.07]},"properties":{"edcs_id":"EDCS-47400389","findspot":"Volubilis","raw_text":"Occa","date_from":null,"date_to":null,"marker_gender":"unknown","is_individual":false,"edcs_url":"https://edcs.hist.uzh.ch/en/document?edcs-id=EDCS-47400389","persons":[{"nomen":"","gender":"unknown","raw_name":"Occa","cognomen":"Occa"}]}},{"type":"Feature","geometry":{"type":"Point","coordinates":[-5.56,34.07]},"properties":{"edcs_id":"EDCS-47400390","findspot":"Volubilis","raw_text":"D(is) M(anibus) s(acrum) / L(ucius) Vivat(ius) Maximus / vixit annis XXXIII / m(ensibus) III d(iebus) X Iulia Maxi/ma fratri suo fecit","date_from":null,"date_to":null,"marker_gender":"mixed","is_individual":false,"edcs_url":"https://edcs.hist.uzh.ch/en/document?edcs-id=EDCS-47400390","persons":[{"nomen":"Vivatius","gender":"male","raw_name":"L. Vivat(ius) Maximus","praenomen":"Lucius","cognomen":"Maximus"},{"nomen":"Iulia","gender":"female","raw_name":"Iulia Maxi ma","cognomen":"Maxima","status":"fratri suo"}]}},{"type":"Feature","geometry":null,"properties":{"edcs_id":"EDCS-47500001","findspot":"Bled Takourart / Ain Takourart / Tocolosida","raw_text":"Domit amae XXXV pia in","date_from":null,"date_to":null,"marker_gender":"female","is_individual":true,"edcs_url":"https://edcs.hist.uzh.ch/en/document?edcs-id=EDCS-47500001","persons":[{"nomen":"Domitia","gender":"female","raw_name":"Domit[3] amae [3]","cognomen":"Ama","status":"pia"}]}},{"type":"Feature","geometry":{"type":"Point","coordinates":[-6.12,34.6]},"properties":{"edcs_id":"EDCS-47500653","findspot":"Sidi Ali bou Jenoun / Sidi Ali bou Djenoun / Banasa","raw_text":"Matuni","date_from":null,"date_to":null,"marker_gender":"male","is_individual":false,"edcs_url":"https://edcs.hist.uzh.ch/en/document?edcs-id=EDCS-47500653","persons":[{"nomen":"","gender":"male","raw_name":"Matuni","cognomen":"Matunus"}]}},{"type":"Feature","geometry":{"type":"Point","coordinates":[-6.12,34.6]},"properties":{"edcs_id":"EDCS-47500654","findspot":"Sidi Ali bou Jenoun / Sidi Ali bou Djenoun / Banasa","raw_text":"L(uci) Iuni Faus[ti]","date_from":null,"date_to":null,"marker_gender":"male","is_individual":false,"edcs_url":"https://edcs.hist.uzh.ch/en/document?edcs-id=EDCS-47500654","persons":[{"nomen":"Iunius","gender":"male","raw_name":"L. Iuni Faus[ti]","praenomen":"Lucius","cognomen":"Faustus"}]}},{"type":"Feature","geometry":{"type":"Point","coordinates":[-6.49,34.34]},"properties":{"edcs_id":"EDCS-55701662","findspot":"Sidi Ali Ben Ahmed / Thamusida","raw_text":"Neptuno Aug(usto) / sacrum / M(arcus) Iulius Silo / ve(teranus) ex decurione / [","date_from":null,"date_to":null,"marker_gender":"male","is_individual":false,"edcs_url":"https://edcs.hist.uzh.ch/en/document?edcs-id=EDCS-55701662","persons":[{"nomen":"Iulius","gender":"male","raw_name":"M. Iulius Silo ve. ex decurione","praenomen":"Marcus","cognomen":"Silo","status":"veteranus ex decurione"}]}},{"type":"Feature","geometry":{"type":"Point","coordinates":[-6.49,34.34]},"properties":{"edcs_id":"EDCS-55701665","findspot":"Sidi Ali Ben Ahmed / Thamusida","raw_text":"C(aius) Ann[ius(?) 3] / defun[ctus","date_from":null,"date_to":null,"marker_gender":"male","is_individual":false,"edcs_url":"https://edcs.hist.uzh.ch/en/document?edcs-id=EDCS-55701665","persons":[{"nomen":"Annius","gender":"male","raw_name":"C. Ann[ius(?) 3]","praenomen":"Gaius"}]}},{"type":"Feature","geometry":{"type":"Point","coordinates":[-4.68,34.42]},"properties":{"edcs_id":"EDCS-57900121","findspot":"Chellah / Sala","raw_text":"M(arco) Sulpicio M(arci) f(ilio) / Felici domo Roma trib(u) / Quir(ina) lib(eratori) et patr(ono) praef(ecto) coh(ortis) I / Germanor(um) trib(uno) mil(itum) leg(ionis) XVI / F(laviae) F(irmae) F(idelis) trib(uno) mil(itum) coh(ortis) III Ulp(iae) |(miliariae) / Petraeor(um) electo et retento / ad cens(us) excipiend(os) in partem / provinc(iae) Arm(eniae) item Capp(adociae) / praef(ecto) eq(uitum) al(ae) II Syrorum c(ivium) R(omanorum) / amici ob adfect(ionem) munic(ipii) Sal(ensis) / et innocentiam d(e)d(icaverunt) / decretumq(ue) ordinis subiecerunt // M(arcus) Valerius Fabullus / L(ucius) Fabius Vivatianus / M(arcus) Antonius Bassianus / C(aius) Valerius Saturninus / C(aius) Fabius Fidus / L(ucius) Fabius Fabianus / C(aius) Cassius Saturninus / L(ucius) Valerius Gallus / C(aius) Valerius Rogatus / P(ublius) Postumius [Her]mesander / C(aius) Antonius Priscus / C(aius) Fabius Modestus / C(aius) Valerius Avitus / M(arcus) Valerius Capito / Q(uintus) Pontius Capitolinus / L(ucius) Hortensius Maurus / Q(uintus) Fabius Pudens / M(arcus) Iunius Cassianus / Q(uintus) Herennius Tuscus // Q(uintus) Fabius Fabricianus / Q(uintus) Valerius Martialis / M(arcus) Fabius Virillio / C(aius) Annius Capito / C(aius) Iunius Cassianus / L(ucius) Val(erius) Cornelius Saturninus / M(arcus) Valerius Polio / Q(uintus) Iunius Rufinianus / Sex(tus) Antonius Bassinus / M(arcus) Cassius Cassianus q(uaestor) / T(itus) Cassius Bassianus / T(itus) Aelius Africanus / C(aius) Atilius Zubbaeus / L(ucius) Cornelius Victor / Cn(aeus) Cornelius Cornelianus / Cn(aeus) Valerius Primus / Q(uintus) Fabius Amandus // Q(uintus) Valerius Saturninus et T(itus) Aelius Zosimus // Lollio Avito et Statilio Maxsimo(!) co(n)s(ulibus) V K(alendas) Novembr(es) in curia Ulpia adhibito Salensium / ordine quo<d=T> C(aius) Val(erius) Rogatus et P(ublius) Postumius He[r]mesander IIvir(i) rettulerunt optimo rarissi/moq(ue) praef(ecto) Sulpicio Felici successorem nominatum cui pro ex{s}imi(i)s eius ex{s}emplis cum et ante / testi[mon]ium publice perhibitum sit nunc praecipu{a}e manifestiore iudicio quam studio esse perhi/bendum quoniam oporteret simul nova totiens et in r(em) p(ublicam) merita et in singulos officia novis honoribus to/tiens rependere simul spem parem ostentare pariter acturis qui<d=T> de ea re fieri placeret secundum sententi/am Q(uinti) Cor(neli) Capellae c(uncti) c(ensuerunt) omnia a Sulpicio Felice opt<i=U>mo rarissimoq(ue) praefecto Salenses habere quibus melio/ra expetenda non fuerint si is patriae isti eodem hoc splendore civis contigisset qui pro caelestibus iudici(i)s / quibus intra iuventam per tres militias exornatus sit proq(ue) discip{u}lina Uttedi Honorati c(larissimi) v(iri) cum militiae tum / civilium munerum veriss<i=U>mi auctoris quantum tamen tam arduum ex{s}emplum ex intervall{i}o consequi / posset nihil splendidius sibi a<d=T> dignitatem testimonio tanti praesidis nihil gratius ad memoriam amore nostro esse / crediderit seu nos ab solitis iniuri(i)s pecorumq(ue) iactura l{a}eniter quidem et sub imagine suae quietis vindicando seu in rati(onibus) p(ublicis) / et disceptatorem nec dissolute benignum et iustum s<i=E>ne acerbitate praebendo et quaestiones pari hominum ac r(ei) p(ublicae) iniuria / tenebris vetustatis obscuras sagaciter inlustrando pure diiudicando seu municipium infestioribus locis maximo / murorum opere minimo sum(p)tu ambiendo seu annonae avaris difficultatibus ex copi(i)s armaturae suae plurima ad nostram / utilitatem nihil a<d=T> militum damnum commodando [ia]m quae bona animi essent veriss<i=U>mi ultra praecedentium finem mo/deratum verecundum mitem pudicum ordinis reverentem populi amantem sui diligentem ita liberam copiam silvarum / et agrorum praebuisse ut pro tutela operantium frequens excubaret ita in cetera omni elegantia vitae (a)equabilem egisse / ut promis<c=Q>uo usu rerum omnium occasione benefaciendi non potestate praecederet atque ean[d]em comitatem praesenti dexte/ritate iucundam futuro post ex{s}emplo salubrem experiremur pro quibus rebus ac moribus et pridem nos Sulpicio Felici / decurionatum gradum IIviralem quo<d=T> tunc opt<i=U>mus praeses libenter audierit decrevisse et nunc nominato successore / cum pro<p=B>binqu<u=O>m ei{i}us discessum ita trepide cogitemus ut instantis desideri conscientiam plenissima spe processu(u)m / eius vix lenire possimus placere erga talem virum non v<u=O>lgata decernere cum i(i)s non v<u=O>lgata praestiterit deprecariq(ue) prae/sidem indulgentiss<i=U>mum et praefectorum suo[r]um quos ipse laudabiles faciat laude et laudatione laetiss<i=U>mum ut in quo / grati esse voluimus faveat nobis permittendo statuam ponere praefecto suo condecurioni n(ostro) civi egregio ne amittamus / h[ac eu]m cui{i}us beneficia tenemus ac ne ubi hunc ipsum (h)onestiss<i=U>mi quique ob curatam pulchre r(em) p(ublicam) statua ho/noraverint ibi praemium ipsius r(ei) p(ublicae) parum grat[a]e requiratur permittat praeterea per legatos apu<d=T> sacratissi/mum principem celebrare fuisse apu<d=T> nos Sulpicium Felicem eum praef(ectum) qui augustiss<i=U>mo saeculo sub sanc/tiss<i=U>ma Uttedi Honorati discip{u}lina esse debuerit quem publicum a<d=T>fectum a<d=T>sistente universo ordine / et populo perferrent a<d=T> amplissimum praesidem Fabius Fidus et Valerius Polio planumq(ue) imprimis / facerent nos non omnia quae deberemus honoribus Sulpici Felicis decrevisse se<d=T> quae secundum / verecundiam ipsius decernere sola possimus // Honoribus Sulpici Felicis decrevisse se<d=T> quae secundum verecundiam ipsius [decerne]re sola possim[us]","date_from":null,"date_to":null,"marker_gender":"male","is_individual":false,"edcs_url":"https://edcs.hist.uzh.ch/en/document?edcs-id=EDCS-57900121","persons":[{"nomen":"Sulpicius","gender":"male","raw_name":"M. Sulpicio M. f. Felici","praenomen":"Marcus","cognomen":"Felix","status":"domo Roma trib(u) Quir(ina), liberator et patronus, praefectus cohortis I Germanorum, tribunus militum, tribunus militum, electo et retento ad census excipiendos in partem provinciae Armeniae item Cappadociae, praefectus equitum alae II Syrorum civium Romanorum","cluster_id":27,"cluster_size":2},{"nomen":"Valerius","gender":"male","raw_name":"M. Valerius Fabullus","cognomen":"Fabullus"},{"nomen":"Fabius","gender":"male","raw_name":"L. Fabius Vivatianus","praenomen":"Lucius","cognomen":"Vivatianus"},{"nomen":"Antonius","gender":"male","raw_name":"M. Antonius Bassianus","praenomen":"Marcus","cognomen":"Bassianus"},{"nomen":"Valerius","gender":"male","raw_name":"C. Valerius Saturninus","praenomen":"Gaius","cognomen":"Saturninus"},{"nomen":"Fabius","gender":"male","raw_name":"C. Fabius Fidus","praenomen":"Gaius","cognomen":"Fidus"},{"nomen":"Fabius","gender":"male","raw_name":"L. Fabius Fabianus","praenomen":"Lucius","cognomen":"Fabianus"},{"nomen":"Cassius","gender":"male","raw_name":"C. Cassius Saturninus","praenomen":"Gaius","cognomen":"Saturninus"},{"nomen":"Valerius","gender":"male","raw_name":"L. Valerius Gallus","praenomen":"Lucius","cognomen":"Gallus"},{"nomen":"Valerius","gender":"male","raw_name":"C. Valerius Rogatus","praenomen":"Gaius","cognomen":"Rogatus","cluster_id":36,"cluster_size":2},{"nomen":"Postumius","gender":"male","raw_name":"P. Postumius [Her]mesander","praenomen":"Publius","cognomen":"Hermesander","cluster_id":37,"cluster_size":2},{"nomen":"Antonius","gender":"male","raw_name":"C. Antonius Priscus","praenomen":"Gaius","cognomen":"Priscus","cluster_id":38,"cluster_size":2},{"nomen":"Fabius","gender":"male","raw_name":"C. Fabius Modestus","praenomen":"Gaius","cognomen":"Modestus"},{"nomen":"Valerius","gender":"male","raw_name":"C. Valerius Avitus","praenomen":"Gaius","cognomen":"Avitus"},{"nomen":"Valerius","gender":"male","raw_name":"M. Valerius Capito","praenomen":"Marcus","cognomen":"Capito"},{"nomen":"Pontius","gender":"male","raw_name":"Q. Pontius Capitolinus","praenomen":"Quintus","cognomen":"Capitolinus"},{"nomen":"Hortensius","gender":"male","raw_name":"L. Hortensius Maurus","praenomen":"Lucius","cognomen":"Maurus"},{"nomen":"Fabius","gender":"male","raw_name":"Q. Fabius Pudens","praenomen":"Quintus","cognomen":"Pudens"},{"nomen":"Iunius","gender":"male","raw_name":"M. Iunius Cassianus","praenomen":"Marcus","cognomen":"Cassianus"},{"nomen":"Herennius","gender":"male","raw_name":"Q. Herennius Tuscus","praenomen":"Quintus","cognomen":"Tuscus"},{"nomen":"Fabius","gender":"male","raw_name":"Q. Fabius Fabricianus","praenomen":"Quintus","cognomen":"Fabricianus"},{"nomen":"Valerius","gender":"male","raw_name":"Q. Valerius Martialis","praenomen":"Quintus","cognomen":"Martialis"},{"nomen":"Fabius","gender":"male","raw_name":"M. Fabius Virillio","praenomen":"Marcus","cognomen":"Virillio"},{"nomen":"Annius","gender":"male","raw_name":"C. Annius Capito","praenomen":"Gaius","cognomen":"Capito"},{"nomen":"Iunius","gender":"male","raw_name":"C. Iunius Cassianus","praenomen":"Gaius","cognomen":"Cassianus"},{"nomen":"Valerius","gender":"male","raw_name":"L. Val. Cornelius Saturninus","praenomen":"Lucius","cognomen":"Cornelius Saturninus"},{"nomen":"Valerius","gender":"male","raw_name":"M. Valerius Polio","praenomen":"Marcus","cognomen":"Polio"},{"nomen":"Iunius","gender":"male","raw_name":"Q. Iunius Rufinianus","praenomen":"Quintus","cognomen":"Rufinianus"},{"nomen":"Antonius","gender":"male","raw_name":"Sex. Antonius Bassinus","praenomen":"Sextus","cognomen":"Bassinus"},{"nomen":"Cassius","gender":"male","raw_name":"M. Cassius Cassianus q.","praenomen":"Marcus","cognomen":"Cassianus","status":"quaestor"},{"nomen":"Cassius","gender":"male","raw_name":"T. Cassius Bassianus","praenomen":"Titus","cognomen":"Bassianus"},{"nomen":"Aelius","gender":"male","raw_name":"T. Aelius Africanus","praenomen":"Titus","cognomen":"Africanus"},{"nomen":"Atilius","gender":"male","raw_name":"C. Atilius Zubbaeus","praenomen":"Gaius","cognomen":"Zubbaeus"},{"nomen":"Cornelius","gender":"male","raw_name":"L. Cornelius Victor","praenomen":"Lucius","cognomen":"Victor"},{"nomen":"Cornelius","gender":"male","raw_name":"Cn. Cornelius Cornelianus","praenomen":"Gnaeus","cognomen":"Cornelianus"},{"nomen":"Valerius","gender":"male","raw_name":"Cn. Valerius Primus","praenomen":"Gnaeus","cognomen":"Primus"},{"nomen":"Fabius","gender":"male","raw_name":"Q. Fabius Amandus","praenomen":"Quintus","cognomen":"Amandus"},{"nomen":"Valerius","gender":"male","raw_name":"Q. Valerius Saturninus","praenomen":"Quintus","cognomen":"Saturninus"},{"nomen":"Aelius","gender":"male","raw_name":"T. Aelius Zosimus","praenomen":"Titus","cognomen":"Zosimus"},{"nomen":"","gender":"unknown","raw_name":"Lollio Avito et Statilio Maxsimo(!) co(n)s(ulibus)","status":"consul"},{"nomen":"Sulpicius","gender":"male","raw_name":"Sulpicio Felici","cognomen":"Felix","status":"praefectus","cluster_id":27,"cluster_size":2},{"nomen":"Valerius","gender":"male","raw_name":"C. Val. Rogatus","praenomen":"Gaius","cognomen":"Rogatus","status":"duumvir","cluster_id":36,"cluster_size":2},{"nomen":"Postumius","gender":"male","raw_name":"P. Postumius He[r]mesander","praenomen":"Publius","cognomen":"Hermesander","status":"duumvir","cluster_id":37,"cluster_size":2},{"nomen":"Cornelius","gender":"male","raw_name":"Q. Corneli Capellae","cognomen":"Capella"}]}},{"type":"Feature","geometry":{"type":"Point","coordinates":[-5.3,35.89]},"properties":{"edcs_id":"EDCS-74400538","findspot":"Ceuta / Septem Fratres","raw_text":"Samni(a)e","date_from":null,"date_to":null,"marker_gender":"female","is_individual":false,"edcs_url":"https://edcs.hist.uzh.ch/en/document?edcs-id=EDCS-74400538","persons":[{"nomen":"","gender":"female","raw_name":"Samni(a)e","cognomen":"Samnia"}]}},{"type":"Feature","geometry":{"type":"Point","coordinates":[-5.4,35.55]},"properties":{"edcs_id":"EDCS-74700029","findspot":"Tamouda / Tamuda","raw_text":"Hadri(anus) Aug(ustus)","date_from":null,"date_to":null,"marker_gender":"male","is_individual":false,"edcs_url":"https://edcs.hist.uzh.ch/en/document?edcs-id=EDCS-74700029","persons":[{"nomen":"","gender":"male","raw_name":"Hadri(anus) Aug(ustus)","cognomen":"Hadrianus","status":"Augustus","is_imperial":true}]}},{"type":"Feature","geometry":{"type":"Point","coordinates":[-5.4,35.55]},"properties":{"edcs_id":"EDCS-74700030","findspot":"Tamouda / Tamuda","raw_text":"Anto(ninus) Aug(ustus)","date_from":null,"date_to":null,"marker_gender":"male","is_individual":false,"edcs_url":"https://edcs.hist.uzh.ch/en/document?edcs-id=EDCS-74700030","persons":[{"nomen":"","gender":"male","raw_name":"Anto(ninus) Aug(ustus)","cognomen":"Antoninus","status":"Augustus","is_imperial":true}]}},{"type":"Feature","geometry":{"type":"Point","coordinates":[-5.56,34.07]},"properties":{"edcs_id":"EDCS-77400021","findspot":"Volubilis","raw_text":"D(is) M(anibus) s(acrum) / Ant(oni) Sabba/tr[a]i vix(it) an/nis III menses(!) V et die/bus IIII pater / pi(i)ssimus fe/c(i)t","date_from":null,"date_to":null,"marker_gender":"female","is_individual":false,"edcs_url":"https://edcs.hist.uzh.ch/en/document?edcs-id=EDCS-77400021","persons":[{"nomen":"Antonia","gender":"female","raw_name":"Ant(oni) Sabba trai","cognomen":"Sabbattra","status":"pater piissimus"}]}},{"type":"Feature","geometry":{"type":"Point","coordinates":[-5.51,34.11]},"properties":{"edcs_id":"EDCS-78800176","findspot":"Ain Schkour / Ain Schkor / Volubilis","raw_text":"ὑπὲρ σωτηρίας / καὶ νείκης τοῦ / [κ]ράτους θεῷ Μ[α]/[ν]άφῳ καὶ θεῷ Θ[ε]/[α]νδρίῳ Μανα/[φ]ηνοὶ ἀνέ[θηκαν]","date_from":null,"date_to":null,"marker_gender":"unknown","is_individual":false,"edcs_url":"https://edcs.hist.uzh.ch/en/document?edcs-id=EDCS-78800176","persons":[{"nomen":"","gender":"unknown","raw_name":"[κ]ράτους θεῷ Μ[α] [ν]άφῳ καὶ θεῷ Θ[ε] [α]νδρίῳ Μανα [φ]ηνοὶ","status":"θεῷ [κ]ράτους, θεῷ"}]}}]}